#
# There is insufficient memory for the Java Runtime Environment to continue.
# Native memory allocation (malloc) failed to allocate 1461136 bytes. Error detail: Chunk::new
# Possible reasons:
#   The system is out of physical RAM or swap space
#   This process is running with CompressedOops enabled, and the Java Heap may be blocking the growth of the native heap
# Possible solutions:
#   Reduce memory load on the system
#   Increase physical memory or swap space
#   Check if swap backing store is full
#   Decrease Java heap size (-Xmx/-Xms)
#   Decrease number of Java threads
#   Decrease Java thread stack sizes (-Xss)
#   Set larger code cache with -XX:ReservedCodeCacheSize=
#   JVM is running with Unscaled Compressed Oops mode in which the Java heap is
#     placed in the first 4GB address space. The Java Heap base address is the
#     maximum limit for the native heap growth. Please use -XX:HeapBaseMinAddress
#     to set the Java Heap base and to place the Java Heap above 4GB virtual address.
# This output file may be truncated or incomplete.
#
#  Out of Memory Error (arena.cpp:168), pid=9628, tid=8996
#
# JRE version: OpenJDK Runtime Environment Temurin-21.0.5+11 (21.0.5+11) (build 21.0.5+11-LTS)
# Java VM: OpenJDK 64-Bit Server VM Temurin-21.0.5+11 (21.0.5+11-LTS, mixed mode, tiered, compressed oops, compressed class ptrs, g1 gc, windows-amd64)
# No core dump will be written. Minidumps are not enabled by default on client versions of Windows
#

---------------  S U M M A R Y ------------

Command Line: -Dballerina.home=C:\Program Files\Ballerina\distributions\ballerina-2201.12.7 org.ballerinalang.langserver.launchers.stdio.Main

Host: AMD Ryzen 7 3700U with Radeon Vega Mobile Gfx  , 8 cores, 5G,  Windows 11 , 64 bit Build 26100 (10.0.26100.6725)
Time: Sun Oct  5 09:59:48 2025 Namibia Standard Time elapsed time: 50.430890 seconds (0d 0h 0m 50s)

---------------  T H R E A D  ---------------

Current thread (0x000001b895b59e40):  JavaThread "C2 CompilerThread0" daemon [_thread_in_native, id=8996, stack(0x00000019b6300000,0x00000019b6400000) (1024K)]


Current CompileTask:
C2:50431 9048       4       io.ballerina.types.typeops.MappingOps::mappingFormulaIsEmpty (133 bytes)

Stack: [0x00000019b6300000,0x00000019b6400000]
Native frames: (J=compiled Java code, j=interpreted, Vv=VM code, C=native code)
V  [jvm.dll+0x6cd4e9]
V  [jvm.dll+0x8a7941]
V  [jvm.dll+0x8a9e6e]
V  [jvm.dll+0x8aa543]
V  [jvm.dll+0x27f6d6]
V  [jvm.dll+0xc500d]
V  [jvm.dll+0xc5543]
V  [jvm.dll+0x3b65d2]
V  [jvm.dll+0x382835]
V  [jvm.dll+0x381c9a]
V  [jvm.dll+0x2479d0]
V  [jvm.dll+0x246faf]
V  [jvm.dll+0x1c75ce]
V  [jvm.dll+0x25682a]
V  [jvm.dll+0x254dca]
V  [jvm.dll+0x3f00d6]
V  [jvm.dll+0x8514fb]
V  [jvm.dll+0x6cbbed]
C  [ucrtbase.dll+0x37b0]
C  [KERNEL32.DLL+0x2e8d7]
C  [ntdll.dll+0x8c53c]


---------------  P R O C E S S  ---------------

Threads class SMR info:
_java_thread_list=0x000001b89cc7e1c0, length=22, elements={
0x000001b8f8cfcfe0, 0x000001b895b2ca00, 0x000001b895b6a300, 0x000001b895b6ad50,
0x000001b895b6b7a0, 0x000001b895b58670, 0x000001b895b590c0, 0x000001b895b59e40,
0x000001b895b5b170, 0x000001b895de4320, 0x000001b895de9f20, 0x000001b89af38030,
0x000001b89c7a5050, 0x000001b89c677610, 0x000001b89cb08100, 0x000001b89cc61790,
0x000001b89cc5f1f0, 0x000001b89d1c77b0, 0x000001b89af074a0, 0x000001b89af060f0,
0x000001b89af06780, 0x000001b89b16e210
}

Java Threads: ( => current thread )
  0x000001b8f8cfcfe0 JavaThread "main"                              [_thread_blocked, id=17900, stack(0x00000019b5500000,0x00000019b5600000) (1024K)]
  0x000001b895b2ca00 JavaThread "Reference Handler"          daemon [_thread_blocked, id=8668, stack(0x00000019b5d00000,0x00000019b5e00000) (1024K)]
  0x000001b895b6a300 JavaThread "Finalizer"                  daemon [_thread_blocked, id=6072, stack(0x00000019b5e00000,0x00000019b5f00000) (1024K)]
  0x000001b895b6ad50 JavaThread "Signal Dispatcher"          daemon [_thread_blocked, id=11428, stack(0x00000019b5f00000,0x00000019b6000000) (1024K)]
  0x000001b895b6b7a0 JavaThread "Attach Listener"            daemon [_thread_blocked, id=21456, stack(0x00000019b6000000,0x00000019b6100000) (1024K)]
  0x000001b895b58670 JavaThread "Service Thread"             daemon [_thread_blocked, id=9844, stack(0x00000019b6100000,0x00000019b6200000) (1024K)]
  0x000001b895b590c0 JavaThread "Monitor Deflation Thread"   daemon [_thread_blocked, id=11364, stack(0x00000019b6200000,0x00000019b6300000) (1024K)]
=>0x000001b895b59e40 JavaThread "C2 CompilerThread0"         daemon [_thread_in_native, id=8996, stack(0x00000019b6300000,0x00000019b6400000) (1024K)]
  0x000001b895b5b170 JavaThread "C1 CompilerThread0"         daemon [_thread_blocked, id=2208, stack(0x00000019b6400000,0x00000019b6500000) (1024K)]
  0x000001b895de4320 JavaThread "Notification Thread"        daemon [_thread_blocked, id=17716, stack(0x00000019b6500000,0x00000019b6600000) (1024K)]
  0x000001b895de9f20 JavaThread "Common-Cleaner"             daemon [_thread_blocked, id=14880, stack(0x00000019b6600000,0x00000019b6700000) (1024K)]
  0x000001b89af38030 JavaThread "pool-1-thread-1"                   [_thread_in_native, id=20116, stack(0x00000019b6f00000,0x00000019b7000000) (1024K)]
  0x000001b89c7a5050 JavaThread "ForkJoinPool.commonPool-worker-1" daemon [_thread_in_Java, id=7760, stack(0x00000019b7000000,0x00000019b7100000) (1024K)]
  0x000001b89c677610 JavaThread "ForkJoinPool.commonPool-worker-2" daemon [_thread_blocked, id=1512, stack(0x00000019b7100000,0x00000019b7200000) (1024K)]
  0x000001b89cb08100 JavaThread "CompletableFutureDelayScheduler" daemon [_thread_blocked, id=11580, stack(0x00000019b7300000,0x00000019b7400000) (1024K)]
  0x000001b89cc61790 JavaThread "ForkJoinPool.commonPool-worker-3" daemon [_thread_blocked, id=11148, stack(0x00000019b7400000,0x00000019b7500000) (1024K)]
  0x000001b89cc5f1f0 JavaThread "ForkJoinPool.commonPool-worker-4" daemon [_thread_blocked, id=7932, stack(0x00000019b7500000,0x00000019b7600000) (1024K)]
  0x000001b89d1c77b0 JavaThread "ForkJoinPool.commonPool-worker-5" daemon [_thread_blocked, id=8660, stack(0x00000019b7600000,0x00000019b7700000) (1024K)]
  0x000001b89af074a0 JavaThread "pool-2-thread-1"                   [_thread_blocked, id=2676, stack(0x00000019b7700000,0x00000019b7800000) (1024K)]
  0x000001b89af060f0 JavaThread "ForkJoinPool.commonPool-worker-6" daemon [_thread_blocked, id=8644, stack(0x00000019b7800000,0x00000019b7900000) (1024K)]
  0x000001b89af06780 JavaThread "ForkJoinPool.commonPool-worker-7" daemon [_thread_blocked, id=17884, stack(0x00000019b7900000,0x00000019b7a00000) (1024K)]
  0x000001b89b16e210 JavaThread "C2 CompilerThread1"         daemon [_thread_in_native, id=16920, stack(0x00000019b7200000,0x00000019b7300000) (1024K)]
Total: 22

Other Threads:
  0x000001b8ff94fbf0 VMThread "VM Thread"                           [id=11588, stack(0x00000019b5c00000,0x00000019b5d00000) (1024K)]
  0x000001b8ff8c6a60 WatcherThread "VM Periodic Task Thread"        [id=19172, stack(0x00000019b5b00000,0x00000019b5c00000) (1024K)]
  0x000001b8f8e285d0 WorkerThread "GC Thread#0"                     [id=18060, stack(0x00000019b5600000,0x00000019b5700000) (1024K)]
  0x000001b89a9e37c0 WorkerThread "GC Thread#1"                     [id=800, stack(0x00000019b6700000,0x00000019b6800000) (1024K)]
  0x000001b89aa3bf30 WorkerThread "GC Thread#2"                     [id=19576, stack(0x00000019b6800000,0x00000019b6900000) (1024K)]
  0x000001b89aa76200 WorkerThread "GC Thread#3"                     [id=6788, stack(0x00000019b6900000,0x00000019b6a00000) (1024K)]
  0x000001b89aa765a0 WorkerThread "GC Thread#4"                     [id=7864, stack(0x00000019b6a00000,0x00000019b6b00000) (1024K)]
  0x000001b89aa76d40 WorkerThread "GC Thread#5"                     [id=21548, stack(0x00000019b6b00000,0x00000019b6c00000) (1024K)]
  0x000001b89aa776f0 WorkerThread "GC Thread#6"                     [id=19328, stack(0x00000019b6c00000,0x00000019b6d00000) (1024K)]
  0x000001b89aa77a90 WorkerThread "GC Thread#7"                     [id=7980, stack(0x00000019b6d00000,0x00000019b6e00000) (1024K)]
  0x000001b8f8e369d0 ConcurrentGCThread "G1 Main Marker"            [id=6696, stack(0x00000019b5700000,0x00000019b5800000) (1024K)]
  0x000001b8f8e373e0 WorkerThread "G1 Conc#0"                       [id=2636, stack(0x00000019b5800000,0x00000019b5900000) (1024K)]
  0x000001b89af352b0 WorkerThread "G1 Conc#1"                       [id=21920, stack(0x00000019b6e00000,0x00000019b6f00000) (1024K)]
  0x000001b8f8e8e220 ConcurrentGCThread "G1 Refine#0"               [id=14024, stack(0x00000019b5900000,0x00000019b5a00000) (1024K)]
  0x000001b8ff79b110 ConcurrentGCThread "G1 Service"                [id=15348, stack(0x00000019b5a00000,0x00000019b5b00000) (1024K)]
Total: 15

Threads with active compile tasks:
C2 CompilerThread0  51558 9048       4       io.ballerina.types.typeops.MappingOps::mappingFormulaIsEmpty (133 bytes)
C2 CompilerThread1  51559 9075       4       org.wso2.ballerinalang.compiler.semantics.model.types.BRecordType::semType (296 bytes)
Total: 2

VM state: not at safepoint (normal execution)

VM Mutex/Monitor currently owned by a thread: None

Heap address: 0x00000000a0c00000, size: 1524 MB, Compressed Oops mode: 32-bit

CDS archive(s) not mapped
Compressed class space mapped at: 0x0000000100000000-0x0000000140000000, reserved size: 1073741824
Narrow klass base: 0x0000000000000000, Narrow klass shift: 3, Narrow klass range: 0x140000000

GC Precious Log:
 CardTable entry size: 512
 Card Set container configuration: InlinePtr #cards 5 size 8 Array Of Cards #cards 12 size 40 Howl #buckets 4 coarsen threshold 1843 Howl Bitmap #cards 512 size 80 coarsen threshold 460 Card regions per heap region 1 cards per card region 2048
 CPUs: 8 total, 8 available
 Memory: 6090M
 Large Page Support: Disabled
 NUMA Support: Disabled
 Compressed Oops: Enabled (32-bit)
 Heap Region Size: 1M
 Heap Min Capacity: 8M
 Heap Initial Capacity: 96M
 Heap Max Capacity: 1524M
 Pre-touch: Disabled
 Parallel Workers: 8
 Concurrent Workers: 2
 Concurrent Refinement Workers: 8
 Periodic GC: Disabled

Heap:
 garbage-first heap   total 321536K, used 195358K [0x00000000a0c00000, 0x0000000100000000)
  region size 1024K, 12 young (12288K), 1 survivors (1024K)
 Metaspace       used 41733K, committed 42240K, reserved 1114112K
  class space    used 4107K, committed 4352K, reserved 1048576K

Heap Regions: E=young(eden), S=young(survivor), O=old, HS=humongous(starts), HC=humongous(continues), CS=collection set, F=free, TAMS=top-at-mark-start, PB=parsable bottom
|   0|0x00000000a0c00000, 0x00000000a0d00000, 0x00000000a0d00000|100%|HS|  |TAMS 0x00000000a0d00000| PB 0x00000000a0c00000| Complete 
|   1|0x00000000a0d00000, 0x00000000a0e00000, 0x00000000a0e00000|100%|HS|  |TAMS 0x00000000a0e00000| PB 0x00000000a0d00000| Complete 
|   2|0x00000000a0e00000, 0x00000000a0f00000, 0x00000000a0f00000|100%|HS|  |TAMS 0x00000000a0f00000| PB 0x00000000a0e00000| Complete 
|   3|0x00000000a0f00000, 0x00000000a1000000, 0x00000000a1000000|100%|HS|  |TAMS 0x00000000a1000000| PB 0x00000000a0f00000| Complete 
|   4|0x00000000a1000000, 0x00000000a1100000, 0x00000000a1100000|100%| O|  |TAMS 0x00000000a1100000| PB 0x00000000a1000000| Untracked 
|   5|0x00000000a1100000, 0x00000000a1200000, 0x00000000a1200000|100%| O|  |TAMS 0x00000000a1200000| PB 0x00000000a1100000| Untracked 
|   6|0x00000000a1200000, 0x00000000a1300000, 0x00000000a1300000|100%| O|  |TAMS 0x00000000a1300000| PB 0x00000000a1200000| Untracked 
|   7|0x00000000a1300000, 0x00000000a1400000, 0x00000000a1400000|100%| O|  |TAMS 0x00000000a1400000| PB 0x00000000a1300000| Untracked 
|   8|0x00000000a1400000, 0x00000000a1500000, 0x00000000a1500000|100%| O|  |TAMS 0x00000000a1500000| PB 0x00000000a1400000| Untracked 
|   9|0x00000000a1500000, 0x00000000a1600000, 0x00000000a1600000|100%| O|  |TAMS 0x00000000a1600000| PB 0x00000000a1500000| Untracked 
|  10|0x00000000a1600000, 0x00000000a1700000, 0x00000000a1700000|100%| O|  |TAMS 0x00000000a1700000| PB 0x00000000a1600000| Untracked 
|  11|0x00000000a1700000, 0x00000000a1800000, 0x00000000a1800000|100%| O|  |TAMS 0x00000000a1800000| PB 0x00000000a1700000| Updating 
|  12|0x00000000a1800000, 0x00000000a1900000, 0x00000000a1900000|100%| O|  |TAMS 0x00000000a1900000| PB 0x00000000a1800000| Untracked 
|  13|0x00000000a1900000, 0x00000000a1a00000, 0x00000000a1a00000|100%| O|  |TAMS 0x00000000a1a00000| PB 0x00000000a1900000| Untracked 
|  14|0x00000000a1a00000, 0x00000000a1b00000, 0x00000000a1b00000|100%| O|  |TAMS 0x00000000a1b00000| PB 0x00000000a1a00000| Untracked 
|  15|0x00000000a1b00000, 0x00000000a1c00000, 0x00000000a1c00000|100%| O|  |TAMS 0x00000000a1c00000| PB 0x00000000a1b00000| Untracked 
|  16|0x00000000a1c00000, 0x00000000a1d00000, 0x00000000a1d00000|100%| O|  |TAMS 0x00000000a1d00000| PB 0x00000000a1c00000| Untracked 
|  17|0x00000000a1d00000, 0x00000000a1e00000, 0x00000000a1e00000|100%| O|  |TAMS 0x00000000a1e00000| PB 0x00000000a1d00000| Untracked 
|  18|0x00000000a1e00000, 0x00000000a1f00000, 0x00000000a1f00000|100%| O|  |TAMS 0x00000000a1f00000| PB 0x00000000a1e00000| Untracked 
|  19|0x00000000a1f00000, 0x00000000a2000000, 0x00000000a2000000|100%| O|  |TAMS 0x00000000a2000000| PB 0x00000000a1f00000| Untracked 
|  20|0x00000000a2000000, 0x00000000a2100000, 0x00000000a2100000|100%| O|  |TAMS 0x00000000a2100000| PB 0x00000000a2000000| Untracked 
|  21|0x00000000a2100000, 0x00000000a2200000, 0x00000000a2200000|100%| O|  |TAMS 0x00000000a2200000| PB 0x00000000a2100000| Updating 
|  22|0x00000000a2200000, 0x00000000a2300000, 0x00000000a2300000|100%| O|  |TAMS 0x00000000a2300000| PB 0x00000000a2200000| Updating 
|  23|0x00000000a2300000, 0x00000000a2400000, 0x00000000a2400000|100%| O|  |TAMS 0x00000000a2400000| PB 0x00000000a2300000| Updating 
|  24|0x00000000a2400000, 0x00000000a2500000, 0x00000000a2500000|100%| O|  |TAMS 0x00000000a2500000| PB 0x00000000a2400000| Untracked 
|  25|0x00000000a2500000, 0x00000000a2600000, 0x00000000a2600000|100%| O|  |TAMS 0x00000000a2600000| PB 0x00000000a2500000| Untracked 
|  26|0x00000000a2600000, 0x00000000a2700000, 0x00000000a2700000|100%| O|  |TAMS 0x00000000a2700000| PB 0x00000000a2600000| Untracked 
|  27|0x00000000a2700000, 0x00000000a2800000, 0x00000000a2800000|100%| O|  |TAMS 0x00000000a2800000| PB 0x00000000a2700000| Updating 
|  28|0x00000000a2800000, 0x00000000a2900000, 0x00000000a2900000|100%| O|  |TAMS 0x00000000a2900000| PB 0x00000000a2800000| Untracked 
|  29|0x00000000a2900000, 0x00000000a2a00000, 0x00000000a2a00000|100%| O|  |TAMS 0x00000000a2a00000| PB 0x00000000a2900000| Updating 
|  30|0x00000000a2a00000, 0x00000000a2b00000, 0x00000000a2b00000|100%| O|  |TAMS 0x00000000a2b00000| PB 0x00000000a2a00000| Untracked 
|  31|0x00000000a2b00000, 0x00000000a2c00000, 0x00000000a2c00000|100%| O|  |TAMS 0x00000000a2c00000| PB 0x00000000a2b00000| Updating 
|  32|0x00000000a2c00000, 0x00000000a2d00000, 0x00000000a2d00000|100%| O|  |TAMS 0x00000000a2d00000| PB 0x00000000a2c00000| Updating 
|  33|0x00000000a2d00000, 0x00000000a2e00000, 0x00000000a2e00000|100%| O|  |TAMS 0x00000000a2e00000| PB 0x00000000a2d00000| Untracked 
|  34|0x00000000a2e00000, 0x00000000a2f00000, 0x00000000a2f00000|100%| O|  |TAMS 0x00000000a2f00000| PB 0x00000000a2e00000| Untracked 
|  35|0x00000000a2f00000, 0x00000000a3000000, 0x00000000a3000000|100%| O|  |TAMS 0x00000000a3000000| PB 0x00000000a2f00000| Updating 
|  36|0x00000000a3000000, 0x00000000a3100000, 0x00000000a3100000|100%| O|  |TAMS 0x00000000a3100000| PB 0x00000000a3000000| Untracked 
|  37|0x00000000a3100000, 0x00000000a3200000, 0x00000000a3200000|100%| O|  |TAMS 0x00000000a3200000| PB 0x00000000a3100000| Untracked 
|  38|0x00000000a3200000, 0x00000000a3300000, 0x00000000a3300000|100%| O|  |TAMS 0x00000000a3300000| PB 0x00000000a3200000| Updating 
|  39|0x00000000a3300000, 0x00000000a3400000, 0x00000000a3400000|100%| O|  |TAMS 0x00000000a3400000| PB 0x00000000a3300000| Untracked 
|  40|0x00000000a3400000, 0x00000000a3500000, 0x00000000a3500000|100%| O|  |TAMS 0x00000000a3500000| PB 0x00000000a3400000| Untracked 
|  41|0x00000000a3500000, 0x00000000a3600000, 0x00000000a3600000|100%| O|  |TAMS 0x00000000a3600000| PB 0x00000000a3500000| Untracked 
|  42|0x00000000a3600000, 0x00000000a3700000, 0x00000000a3700000|100%| O|  |TAMS 0x00000000a3600000| PB 0x00000000a3600000| Untracked 
|  43|0x00000000a3700000, 0x00000000a3800000, 0x00000000a3800000|100%| O|  |TAMS 0x00000000a3800000| PB 0x00000000a3700000| Untracked 
|  44|0x00000000a3800000, 0x00000000a3900000, 0x00000000a3900000|100%| O|  |TAMS 0x00000000a3900000| PB 0x00000000a3800000| Updating 
|  45|0x00000000a3900000, 0x00000000a3a00000, 0x00000000a3a00000|100%| O|  |TAMS 0x00000000a3a00000| PB 0x00000000a3900000| Untracked 
|  46|0x00000000a3a00000, 0x00000000a3b00000, 0x00000000a3b00000|100%| O|  |TAMS 0x00000000a3b00000| PB 0x00000000a3a00000| Untracked 
|  47|0x00000000a3b00000, 0x00000000a3c00000, 0x00000000a3c00000|100%| O|  |TAMS 0x00000000a3c00000| PB 0x00000000a3b00000| Untracked 
|  48|0x00000000a3c00000, 0x00000000a3d00000, 0x00000000a3d00000|100%| O|  |TAMS 0x00000000a3d00000| PB 0x00000000a3c00000| Untracked 
|  49|0x00000000a3d00000, 0x00000000a3e00000, 0x00000000a3e00000|100%| O|  |TAMS 0x00000000a3e00000| PB 0x00000000a3d00000| Untracked 
|  50|0x00000000a3e00000, 0x00000000a3f00000, 0x00000000a3f00000|100%| O|  |TAMS 0x00000000a3f00000| PB 0x00000000a3e00000| Updating 
|  51|0x00000000a3f00000, 0x00000000a4000000, 0x00000000a4000000|100%| O|  |TAMS 0x00000000a4000000| PB 0x00000000a3f00000| Updating 
|  52|0x00000000a4000000, 0x00000000a4100000, 0x00000000a4100000|100%| O|  |TAMS 0x00000000a4100000| PB 0x00000000a4000000| Updating 
|  53|0x00000000a4100000, 0x00000000a4200000, 0x00000000a4200000|100%| O|  |TAMS 0x00000000a4200000| PB 0x00000000a4100000| Untracked 
|  54|0x00000000a4200000, 0x00000000a4300000, 0x00000000a4300000|100%| O|  |TAMS 0x00000000a4200000| PB 0x00000000a4200000| Untracked 
|  55|0x00000000a4300000, 0x00000000a4400000, 0x00000000a4400000|100%| O|  |TAMS 0x00000000a4400000| PB 0x00000000a4300000| Updating 
|  56|0x00000000a4400000, 0x00000000a4500000, 0x00000000a4500000|100%| O|  |TAMS 0x00000000a4500000| PB 0x00000000a4400000| Updating 
|  57|0x00000000a4500000, 0x00000000a4600000, 0x00000000a4600000|100%| O|  |TAMS 0x00000000a4600000| PB 0x00000000a4500000| Updating 
|  58|0x00000000a4600000, 0x00000000a4700000, 0x00000000a4700000|100%| O|  |TAMS 0x00000000a4700000| PB 0x00000000a4600000| Untracked 
|  59|0x00000000a4700000, 0x00000000a4800000, 0x00000000a4800000|100%| O|  |TAMS 0x00000000a4800000| PB 0x00000000a4800000| Untracked 
|  60|0x00000000a4800000, 0x00000000a4900000, 0x00000000a4900000|100%| O|  |TAMS 0x00000000a4900000| PB 0x00000000a4900000| Updating 
|  61|0x00000000a4900000, 0x00000000a4a00000, 0x00000000a4a00000|100%| O|  |TAMS 0x00000000a4a00000| PB 0x00000000a4a00000| Untracked 
|  62|0x00000000a4a00000, 0x00000000a4b00000, 0x00000000a4b00000|100%| O|  |TAMS 0x00000000a4b00000| PB 0x00000000a4b00000| Updating 
|  63|0x00000000a4b00000, 0x00000000a4c00000, 0x00000000a4c00000|100%| O|  |TAMS 0x00000000a4c00000| PB 0x00000000a4c00000| Untracked 
|  64|0x00000000a4c00000, 0x00000000a4d00000, 0x00000000a4d00000|100%| O|  |TAMS 0x00000000a4d00000| PB 0x00000000a4d00000| Updating 
|  65|0x00000000a4d00000, 0x00000000a4e00000, 0x00000000a4e00000|100%| O|  |TAMS 0x00000000a4e00000| PB 0x00000000a4e00000| Updating 
|  66|0x00000000a4e00000, 0x00000000a4f00000, 0x00000000a4f00000|100%| O|  |TAMS 0x00000000a4e00000| PB 0x00000000a4e00000| Untracked 
|  67|0x00000000a4f00000, 0x00000000a5000000, 0x00000000a5000000|100%| O|  |TAMS 0x00000000a5000000| PB 0x00000000a5000000| Updating 
|  68|0x00000000a5000000, 0x00000000a5100000, 0x00000000a5100000|100%| O|  |TAMS 0x00000000a5100000| PB 0x00000000a5100000| Updating 
|  69|0x00000000a5100000, 0x00000000a5200000, 0x00000000a5200000|100%| O|  |TAMS 0x00000000a5200000| PB 0x00000000a5200000| Untracked 
|  70|0x00000000a5200000, 0x00000000a5300000, 0x00000000a5300000|100%| O|  |TAMS 0x00000000a5300000| PB 0x00000000a5300000| Untracked 
|  71|0x00000000a5300000, 0x00000000a5400000, 0x00000000a5400000|100%| O|  |TAMS 0x00000000a5400000| PB 0x00000000a5400000| Untracked 
|  72|0x00000000a5400000, 0x00000000a5500000, 0x00000000a5500000|100%| O|  |TAMS 0x00000000a5500000| PB 0x00000000a5500000| Updating 
|  73|0x00000000a5500000, 0x00000000a5600000, 0x00000000a5600000|100%| O|  |TAMS 0x00000000a5600000| PB 0x00000000a5600000| Untracked 
|  74|0x00000000a5600000, 0x00000000a5700000, 0x00000000a5700000|100%| O|  |TAMS 0x00000000a5700000| PB 0x00000000a5700000| Updating 
|  75|0x00000000a5700000, 0x00000000a5800000, 0x00000000a5800000|100%| O|  |TAMS 0x00000000a5800000| PB 0x00000000a5800000| Untracked 
|  76|0x00000000a5800000, 0x00000000a5900000, 0x00000000a5900000|100%| O|  |TAMS 0x00000000a5900000| PB 0x00000000a5900000| Updating 
|  77|0x00000000a5900000, 0x00000000a5a00000, 0x00000000a5a00000|100%| O|  |TAMS 0x00000000a5a00000| PB 0x00000000a5a00000| Updating 
|  78|0x00000000a5a00000, 0x00000000a5b00000, 0x00000000a5b00000|100%| O|  |TAMS 0x00000000a5b00000| PB 0x00000000a5b00000| Untracked 
|  79|0x00000000a5b00000, 0x00000000a5c00000, 0x00000000a5c00000|100%| O|  |TAMS 0x00000000a5c00000| PB 0x00000000a5c00000| Untracked 
|  80|0x00000000a5c00000, 0x00000000a5d00000, 0x00000000a5d00000|100%| O|  |TAMS 0x00000000a5d00000| PB 0x00000000a5d00000| Updating 
|  81|0x00000000a5d00000, 0x00000000a5e00000, 0x00000000a5e00000|100%| O|  |TAMS 0x00000000a5e00000| PB 0x00000000a5e00000| Updating 
|  82|0x00000000a5e00000, 0x00000000a5f00000, 0x00000000a5f00000|100%| O|  |TAMS 0x00000000a5f00000| PB 0x00000000a5f00000| Updating 
|  83|0x00000000a5f00000, 0x00000000a6000000, 0x00000000a6000000|100%| O|  |TAMS 0x00000000a6000000| PB 0x00000000a6000000| Untracked 
|  84|0x00000000a6000000, 0x00000000a6100000, 0x00000000a6100000|100%| O|  |TAMS 0x00000000a6100000| PB 0x00000000a6100000| Updating 
|  85|0x00000000a6100000, 0x00000000a6200000, 0x00000000a6200000|100%| O|  |TAMS 0x00000000a6200000| PB 0x00000000a6200000| Untracked 
|  86|0x00000000a6200000, 0x00000000a6300000, 0x00000000a6300000|100%| O|  |TAMS 0x00000000a6300000| PB 0x00000000a6300000| Updating 
|  87|0x00000000a6300000, 0x00000000a6400000, 0x00000000a6400000|100%| O|  |TAMS 0x00000000a6400000| PB 0x00000000a6400000| Untracked 
|  88|0x00000000a6400000, 0x00000000a6500000, 0x00000000a6500000|100%| O|  |TAMS 0x00000000a6500000| PB 0x00000000a6500000| Untracked 
|  89|0x00000000a6500000, 0x00000000a6600000, 0x00000000a6600000|100%| O|  |TAMS 0x00000000a6600000| PB 0x00000000a6600000| Untracked 
|  90|0x00000000a6600000, 0x00000000a6700000, 0x00000000a6700000|100%| O|  |TAMS 0x00000000a6700000| PB 0x00000000a6700000| Untracked 
|  91|0x00000000a6700000, 0x00000000a6800000, 0x00000000a6800000|100%| O|  |TAMS 0x00000000a6800000| PB 0x00000000a6800000| Updating 
|  92|0x00000000a6800000, 0x00000000a6900000, 0x00000000a6900000|100%| O|  |TAMS 0x00000000a6900000| PB 0x00000000a6900000| Untracked 
|  93|0x00000000a6900000, 0x00000000a6a00000, 0x00000000a6a00000|100%| O|  |TAMS 0x00000000a6a00000| PB 0x00000000a6a00000| Untracked 
|  94|0x00000000a6a00000, 0x00000000a6b00000, 0x00000000a6b00000|100%|HS|  |TAMS 0x00000000a6b00000| PB 0x00000000a6a00000| Complete 
|  95|0x00000000a6b00000, 0x00000000a6c00000, 0x00000000a6c00000|100%|HC|  |TAMS 0x00000000a6c00000| PB 0x00000000a6b00000| Complete 
|  96|0x00000000a6c00000, 0x00000000a6d00000, 0x00000000a6d00000|100%|HC|  |TAMS 0x00000000a6d00000| PB 0x00000000a6c00000| Complete 
|  97|0x00000000a6d00000, 0x00000000a6e00000, 0x00000000a6e00000|100%|HS|  |TAMS 0x00000000a6e00000| PB 0x00000000a6d00000| Complete 
|  98|0x00000000a6e00000, 0x00000000a6f00000, 0x00000000a6f00000|100%|HC|  |TAMS 0x00000000a6f00000| PB 0x00000000a6e00000| Complete 
|  99|0x00000000a6f00000, 0x00000000a7000000, 0x00000000a7000000|100%|HC|  |TAMS 0x00000000a7000000| PB 0x00000000a6f00000| Complete 
| 100|0x00000000a7000000, 0x00000000a7100000, 0x00000000a7100000|100%| O|  |TAMS 0x00000000a7100000| PB 0x00000000a7100000| Untracked 
| 101|0x00000000a7100000, 0x00000000a7200000, 0x00000000a7200000|100%| O|  |TAMS 0x00000000a7200000| PB 0x00000000a7200000| Untracked 
| 102|0x00000000a7200000, 0x00000000a7300000, 0x00000000a7300000|100%| O|  |TAMS 0x00000000a7300000| PB 0x00000000a7300000| Untracked 
| 103|0x00000000a7300000, 0x00000000a7400000, 0x00000000a7400000|100%| O|  |TAMS 0x00000000a7400000| PB 0x00000000a7400000| Untracked 
| 104|0x00000000a7400000, 0x00000000a7500000, 0x00000000a7500000|100%| O|  |TAMS 0x00000000a7500000| PB 0x00000000a7500000| Untracked 
| 105|0x00000000a7500000, 0x00000000a7600000, 0x00000000a7600000|100%| O|  |TAMS 0x00000000a7600000| PB 0x00000000a7600000| Untracked 
| 106|0x00000000a7600000, 0x00000000a7700000, 0x00000000a7700000|100%| O|  |TAMS 0x00000000a7700000| PB 0x00000000a7700000| Updating 
| 107|0x00000000a7700000, 0x00000000a7800000, 0x00000000a7800000|100%| O|  |TAMS 0x00000000a7800000| PB 0x00000000a7800000| Updating 
| 108|0x00000000a7800000, 0x00000000a7900000, 0x00000000a7900000|100%| O|  |TAMS 0x00000000a7900000| PB 0x00000000a7900000| Untracked 
| 109|0x00000000a7900000, 0x00000000a7a00000, 0x00000000a7a00000|100%| O|  |TAMS 0x00000000a7a00000| PB 0x00000000a7a00000| Updating 
| 110|0x00000000a7a00000, 0x00000000a7b00000, 0x00000000a7b00000|100%| O|  |TAMS 0x00000000a7b00000| PB 0x00000000a7b00000| Updating 
| 111|0x00000000a7b00000, 0x00000000a7c00000, 0x00000000a7c00000|100%| O|  |TAMS 0x00000000a7c00000| PB 0x00000000a7c00000| Untracked 
| 112|0x00000000a7c00000, 0x00000000a7d00000, 0x00000000a7d00000|100%| O|  |TAMS 0x00000000a7d00000| PB 0x00000000a7d00000| Untracked 
| 113|0x00000000a7d00000, 0x00000000a7e00000, 0x00000000a7e00000|100%| O|  |TAMS 0x00000000a7e00000| PB 0x00000000a7e00000| Untracked 
| 114|0x00000000a7e00000, 0x00000000a7f00000, 0x00000000a7f00000|100%| O|  |TAMS 0x00000000a7f00000| PB 0x00000000a7f00000| Untracked 
| 115|0x00000000a7f00000, 0x00000000a7ff72f0, 0x00000000a8000000| 96%| O|  |TAMS 0x00000000a7f00000| PB 0x00000000a7f00000| Untracked 
| 116|0x00000000a8000000, 0x00000000a8100000, 0x00000000a8100000|100%| O|  |TAMS 0x00000000a8100000| PB 0x00000000a8100000| Untracked 
| 117|0x00000000a8100000, 0x00000000a8200000, 0x00000000a8200000|100%| O|  |TAMS 0x00000000a8200000| PB 0x00000000a8200000| Untracked 
| 118|0x00000000a8200000, 0x00000000a8300000, 0x00000000a8300000|100%| O|  |TAMS 0x00000000a8300000| PB 0x00000000a8300000| Untracked 
| 119|0x00000000a8300000, 0x00000000a8400000, 0x00000000a8400000|100%| O|  |TAMS 0x00000000a8400000| PB 0x00000000a8400000| Untracked 
| 120|0x00000000a8400000, 0x00000000a8500000, 0x00000000a8500000|100%| O|  |TAMS 0x00000000a8500000| PB 0x00000000a8500000| Untracked 
| 121|0x00000000a8500000, 0x00000000a8600000, 0x00000000a8600000|100%| O|  |TAMS 0x00000000a8600000| PB 0x00000000a8600000| Untracked 
| 122|0x00000000a8600000, 0x00000000a8700000, 0x00000000a8700000|100%| O|  |TAMS 0x00000000a8700000| PB 0x00000000a8700000| Updating 
| 123|0x00000000a8700000, 0x00000000a8800000, 0x00000000a8800000|100%| O|  |TAMS 0x00000000a8800000| PB 0x00000000a8800000| Updating 
| 124|0x00000000a8800000, 0x00000000a8900000, 0x00000000a8900000|100%| O|  |TAMS 0x00000000a8900000| PB 0x00000000a8900000| Updating 
| 125|0x00000000a8900000, 0x00000000a8a00000, 0x00000000a8a00000|100%| O|  |TAMS 0x00000000a8a00000| PB 0x00000000a8a00000| Untracked 
| 126|0x00000000a8a00000, 0x00000000a8b00000, 0x00000000a8b00000|100%| O|  |TAMS 0x00000000a8b00000| PB 0x00000000a8b00000| Untracked 
| 127|0x00000000a8b00000, 0x00000000a8c00000, 0x00000000a8c00000|100%| O|  |TAMS 0x00000000a8c00000| PB 0x00000000a8c00000| Untracked 
| 128|0x00000000a8c00000, 0x00000000a8d00000, 0x00000000a8d00000|100%| O|  |TAMS 0x00000000a8d00000| PB 0x00000000a8d00000| Untracked 
| 129|0x00000000a8d00000, 0x00000000a8d00000, 0x00000000a8e00000|  0%| F|  |TAMS 0x00000000a8d00000| PB 0x00000000a8d00000| Untracked 
| 130|0x00000000a8e00000, 0x00000000a8e00000, 0x00000000a8f00000|  0%| F|  |TAMS 0x00000000a8e00000| PB 0x00000000a8e00000| Untracked 
| 131|0x00000000a8f00000, 0x00000000a9000000, 0x00000000a9000000|100%| O|  |TAMS 0x00000000a9000000| PB 0x00000000a9000000| Untracked 
| 132|0x00000000a9000000, 0x00000000a9100000, 0x00000000a9100000|100%| O|  |TAMS 0x00000000a9100000| PB 0x00000000a9100000| Updating 
| 133|0x00000000a9100000, 0x00000000a9100000, 0x00000000a9200000|  0%| F|  |TAMS 0x00000000a9100000| PB 0x00000000a9100000| Untracked 
| 134|0x00000000a9200000, 0x00000000a9300000, 0x00000000a9300000|100%| O|  |TAMS 0x00000000a9300000| PB 0x00000000a9300000| Untracked 
| 135|0x00000000a9300000, 0x00000000a9300000, 0x00000000a9400000|  0%| F|  |TAMS 0x00000000a9300000| PB 0x00000000a9300000| Untracked 
| 136|0x00000000a9400000, 0x00000000a9500000, 0x00000000a9500000|100%| O|  |TAMS 0x00000000a9500000| PB 0x00000000a9500000| Updating 
| 137|0x00000000a9500000, 0x00000000a9600000, 0x00000000a9600000|100%| O|  |TAMS 0x00000000a9600000| PB 0x00000000a9600000| Untracked 
| 138|0x00000000a9600000, 0x00000000a9600000, 0x00000000a9700000|  0%| F|  |TAMS 0x00000000a9600000| PB 0x00000000a9600000| Untracked 
| 139|0x00000000a9700000, 0x00000000a9800000, 0x00000000a9800000|100%| O|  |TAMS 0x00000000a9800000| PB 0x00000000a9800000| Updating 
| 140|0x00000000a9800000, 0x00000000a9900000, 0x00000000a9900000|100%| O|  |TAMS 0x00000000a9900000| PB 0x00000000a9900000| Updating 
| 141|0x00000000a9900000, 0x00000000a9900000, 0x00000000a9a00000|  0%| F|  |TAMS 0x00000000a9900000| PB 0x00000000a9900000| Untracked 
| 142|0x00000000a9a00000, 0x00000000a9a00000, 0x00000000a9b00000|  0%| F|  |TAMS 0x00000000a9a00000| PB 0x00000000a9a00000| Untracked 
| 143|0x00000000a9b00000, 0x00000000a9c00000, 0x00000000a9c00000|100%| O|  |TAMS 0x00000000a9c00000| PB 0x00000000a9c00000| Updating 
| 144|0x00000000a9c00000, 0x00000000a9d00000, 0x00000000a9d00000|100%|HS|  |TAMS 0x00000000a9d00000| PB 0x00000000a9c00000| Complete 
| 145|0x00000000a9d00000, 0x00000000a9e00000, 0x00000000a9e00000|100%|HC|  |TAMS 0x00000000a9e00000| PB 0x00000000a9d00000| Complete 
| 146|0x00000000a9e00000, 0x00000000a9f00000, 0x00000000a9f00000|100%|HC|  |TAMS 0x00000000a9f00000| PB 0x00000000a9e00000| Complete 
| 147|0x00000000a9f00000, 0x00000000a9f00000, 0x00000000aa000000|  0%| F|  |TAMS 0x00000000a9f00000| PB 0x00000000a9f00000| Untracked 
| 148|0x00000000aa000000, 0x00000000aa000000, 0x00000000aa100000|  0%| F|  |TAMS 0x00000000aa000000| PB 0x00000000aa000000| Untracked 
| 149|0x00000000aa100000, 0x00000000aa100000, 0x00000000aa200000|  0%| F|  |TAMS 0x00000000aa100000| PB 0x00000000aa100000| Untracked 
| 150|0x00000000aa200000, 0x00000000aa300000, 0x00000000aa300000|100%| O|  |TAMS 0x00000000aa300000| PB 0x00000000aa300000| Untracked 
| 151|0x00000000aa300000, 0x00000000aa400000, 0x00000000aa400000|100%| O|  |TAMS 0x00000000aa400000| PB 0x00000000aa400000| Updating 
| 152|0x00000000aa400000, 0x00000000aa500000, 0x00000000aa500000|100%|HS|  |TAMS 0x00000000aa500000| PB 0x00000000aa400000| Complete 
| 153|0x00000000aa500000, 0x00000000aa600000, 0x00000000aa600000|100%|HC|  |TAMS 0x00000000aa600000| PB 0x00000000aa500000| Complete 
| 154|0x00000000aa600000, 0x00000000aa700000, 0x00000000aa700000|100%|HC|  |TAMS 0x00000000aa700000| PB 0x00000000aa600000| Complete 
| 155|0x00000000aa700000, 0x00000000aa700000, 0x00000000aa800000|  0%| F|  |TAMS 0x00000000aa700000| PB 0x00000000aa700000| Untracked 
| 156|0x00000000aa800000, 0x00000000aa900000, 0x00000000aa900000|100%| O|  |TAMS 0x00000000aa900000| PB 0x00000000aa900000| Updating 
| 157|0x00000000aa900000, 0x00000000aa900000, 0x00000000aaa00000|  0%| F|  |TAMS 0x00000000aa900000| PB 0x00000000aa900000| Untracked 
| 158|0x00000000aaa00000, 0x00000000aab00000, 0x00000000aab00000|100%| O|  |TAMS 0x00000000aab00000| PB 0x00000000aab00000| Updating 
| 159|0x00000000aab00000, 0x00000000aac00000, 0x00000000aac00000|100%| O|  |TAMS 0x00000000aac00000| PB 0x00000000aac00000| Untracked 
| 160|0x00000000aac00000, 0x00000000aad00000, 0x00000000aad00000|100%| O|  |TAMS 0x00000000aad00000| PB 0x00000000aad00000| Untracked 
| 161|0x00000000aad00000, 0x00000000aae00000, 0x00000000aae00000|100%| O|  |TAMS 0x00000000aae00000| PB 0x00000000aae00000| Untracked 
| 162|0x00000000aae00000, 0x00000000aaf00000, 0x00000000aaf00000|100%| O|  |TAMS 0x00000000aaf00000| PB 0x00000000aaf00000| Untracked 
| 163|0x00000000aaf00000, 0x00000000ab000000, 0x00000000ab000000|100%| O|  |TAMS 0x00000000ab000000| PB 0x00000000ab000000| Untracked 
| 164|0x00000000ab000000, 0x00000000ab100000, 0x00000000ab100000|100%| O|  |TAMS 0x00000000ab100000| PB 0x00000000ab100000| Untracked 
| 165|0x00000000ab100000, 0x00000000ab200000, 0x00000000ab200000|100%| O|  |TAMS 0x00000000ab200000| PB 0x00000000ab200000| Updating 
| 166|0x00000000ab200000, 0x00000000ab300000, 0x00000000ab300000|100%| O|  |TAMS 0x00000000ab300000| PB 0x00000000ab300000| Untracked 
| 167|0x00000000ab300000, 0x00000000ab400000, 0x00000000ab400000|100%| O|  |TAMS 0x00000000ab400000| PB 0x00000000ab400000| Untracked 
| 168|0x00000000ab400000, 0x00000000ab500000, 0x00000000ab500000|100%| O|  |TAMS 0x00000000ab500000| PB 0x00000000ab500000| Untracked 
| 169|0x00000000ab500000, 0x00000000ab500000, 0x00000000ab600000|  0%| F|  |TAMS 0x00000000ab500000| PB 0x00000000ab500000| Untracked 
| 170|0x00000000ab600000, 0x00000000ab600000, 0x00000000ab700000|  0%| F|  |TAMS 0x00000000ab600000| PB 0x00000000ab600000| Untracked 
| 171|0x00000000ab700000, 0x00000000ab800000, 0x00000000ab800000|100%| O|  |TAMS 0x00000000ab800000| PB 0x00000000ab800000| Updating 
| 172|0x00000000ab800000, 0x00000000ab900000, 0x00000000ab900000|100%| O|  |TAMS 0x00000000ab900000| PB 0x00000000ab900000| Updating 
| 173|0x00000000ab900000, 0x00000000aba00000, 0x00000000aba00000|100%| O|  |TAMS 0x00000000aba00000| PB 0x00000000aba00000| Updating 
| 174|0x00000000aba00000, 0x00000000abb00000, 0x00000000abb00000|100%| O|  |TAMS 0x00000000abb00000| PB 0x00000000abb00000| Untracked 
| 175|0x00000000abb00000, 0x00000000abc00000, 0x00000000abc00000|100%| O|  |TAMS 0x00000000abc00000| PB 0x00000000abc00000| Updating 
| 176|0x00000000abc00000, 0x00000000abd00000, 0x00000000abd00000|100%| O|  |TAMS 0x00000000abd00000| PB 0x00000000abd00000| Updating 
| 177|0x00000000abd00000, 0x00000000abe00000, 0x00000000abe00000|100%| O|  |TAMS 0x00000000abe00000| PB 0x00000000abe00000| Untracked 
| 178|0x00000000abe00000, 0x00000000abf00000, 0x00000000abf00000|100%| O|  |TAMS 0x00000000abf00000| PB 0x00000000abf00000| Untracked 
| 179|0x00000000abf00000, 0x00000000ac000000, 0x00000000ac000000|100%| O|  |TAMS 0x00000000ac000000| PB 0x00000000ac000000| Untracked 
| 180|0x00000000ac000000, 0x00000000ac100000, 0x00000000ac100000|100%| O|  |TAMS 0x00000000ac100000| PB 0x00000000ac100000| Untracked 
| 181|0x00000000ac100000, 0x00000000ac200000, 0x00000000ac200000|100%| O|  |TAMS 0x00000000ac200000| PB 0x00000000ac200000| Untracked 
| 182|0x00000000ac200000, 0x00000000ac300000, 0x00000000ac300000|100%| O|  |TAMS 0x00000000ac300000| PB 0x00000000ac300000| Updating 
| 183|0x00000000ac300000, 0x00000000ac400000, 0x00000000ac400000|100%| O|  |TAMS 0x00000000ac400000| PB 0x00000000ac400000| Updating 
| 184|0x00000000ac400000, 0x00000000ac500000, 0x00000000ac500000|100%| O|  |TAMS 0x00000000ac500000| PB 0x00000000ac500000| Untracked 
| 185|0x00000000ac500000, 0x00000000ac600000, 0x00000000ac600000|100%| O|  |TAMS 0x00000000ac600000| PB 0x00000000ac600000| Untracked 
| 186|0x00000000ac600000, 0x00000000ac700000, 0x00000000ac700000|100%| O|  |TAMS 0x00000000ac700000| PB 0x00000000ac700000| Updating 
| 187|0x00000000ac700000, 0x00000000ac800000, 0x00000000ac800000|100%| O|  |TAMS 0x00000000ac800000| PB 0x00000000ac800000| Untracked 
| 188|0x00000000ac800000, 0x00000000ac900000, 0x00000000ac900000|100%| O|  |TAMS 0x00000000ac900000| PB 0x00000000ac900000| Updating 
| 189|0x00000000ac900000, 0x00000000aca00000, 0x00000000aca00000|100%| O|  |TAMS 0x00000000aca00000| PB 0x00000000aca00000| Updating 
| 190|0x00000000aca00000, 0x00000000aca00000, 0x00000000acb00000|  0%| F|  |TAMS 0x00000000aca00000| PB 0x00000000aca00000| Untracked 
| 191|0x00000000acb00000, 0x00000000acb00000, 0x00000000acc00000|  0%| F|  |TAMS 0x00000000acb00000| PB 0x00000000acb00000| Untracked 
| 192|0x00000000acc00000, 0x00000000acc00000, 0x00000000acd00000|  0%| F|  |TAMS 0x00000000acc00000| PB 0x00000000acc00000| Untracked 
| 193|0x00000000acd00000, 0x00000000acd00000, 0x00000000ace00000|  0%| F|  |TAMS 0x00000000acd00000| PB 0x00000000acd00000| Untracked 
| 194|0x00000000ace00000, 0x00000000ace00000, 0x00000000acf00000|  0%| F|  |TAMS 0x00000000ace00000| PB 0x00000000ace00000| Untracked 
| 195|0x00000000acf00000, 0x00000000acf00000, 0x00000000ad000000|  0%| F|  |TAMS 0x00000000acf00000| PB 0x00000000acf00000| Untracked 
| 196|0x00000000ad000000, 0x00000000ad000000, 0x00000000ad100000|  0%| F|  |TAMS 0x00000000ad000000| PB 0x00000000ad000000| Untracked 
| 197|0x00000000ad100000, 0x00000000ad100000, 0x00000000ad200000|  0%| F|  |TAMS 0x00000000ad100000| PB 0x00000000ad100000| Untracked 
| 198|0x00000000ad200000, 0x00000000ad200000, 0x00000000ad300000|  0%| F|  |TAMS 0x00000000ad200000| PB 0x00000000ad200000| Untracked 
| 199|0x00000000ad300000, 0x00000000ad300000, 0x00000000ad400000|  0%| F|  |TAMS 0x00000000ad300000| PB 0x00000000ad300000| Untracked 
| 200|0x00000000ad400000, 0x00000000ad400000, 0x00000000ad500000|  0%| F|  |TAMS 0x00000000ad400000| PB 0x00000000ad400000| Untracked 
| 201|0x00000000ad500000, 0x00000000ad500000, 0x00000000ad600000|  0%| F|  |TAMS 0x00000000ad500000| PB 0x00000000ad500000| Untracked 
| 202|0x00000000ad600000, 0x00000000ad600000, 0x00000000ad700000|  0%| F|  |TAMS 0x00000000ad600000| PB 0x00000000ad600000| Untracked 
| 203|0x00000000ad700000, 0x00000000ad700000, 0x00000000ad800000|  0%| F|  |TAMS 0x00000000ad700000| PB 0x00000000ad700000| Untracked 
| 204|0x00000000ad800000, 0x00000000ad800000, 0x00000000ad900000|  0%| F|  |TAMS 0x00000000ad800000| PB 0x00000000ad800000| Untracked 
| 205|0x00000000ad900000, 0x00000000ad900000, 0x00000000ada00000|  0%| F|  |TAMS 0x00000000ad900000| PB 0x00000000ad900000| Untracked 
| 206|0x00000000ada00000, 0x00000000ada00000, 0x00000000adb00000|  0%| F|  |TAMS 0x00000000ada00000| PB 0x00000000ada00000| Untracked 
| 207|0x00000000adb00000, 0x00000000adb00000, 0x00000000adc00000|  0%| F|  |TAMS 0x00000000adb00000| PB 0x00000000adb00000| Untracked 
| 208|0x00000000adc00000, 0x00000000adc00000, 0x00000000add00000|  0%| F|  |TAMS 0x00000000adc00000| PB 0x00000000adc00000| Untracked 
| 209|0x00000000add00000, 0x00000000add00000, 0x00000000ade00000|  0%| F|  |TAMS 0x00000000add00000| PB 0x00000000add00000| Untracked 
| 210|0x00000000ade00000, 0x00000000ade00000, 0x00000000adf00000|  0%| F|  |TAMS 0x00000000ade00000| PB 0x00000000ade00000| Untracked 
| 211|0x00000000adf00000, 0x00000000adf00000, 0x00000000ae000000|  0%| F|  |TAMS 0x00000000adf00000| PB 0x00000000adf00000| Untracked 
| 212|0x00000000ae000000, 0x00000000ae000000, 0x00000000ae100000|  0%| F|  |TAMS 0x00000000ae000000| PB 0x00000000ae000000| Untracked 
| 213|0x00000000ae100000, 0x00000000ae100000, 0x00000000ae200000|  0%| F|  |TAMS 0x00000000ae100000| PB 0x00000000ae100000| Untracked 
| 214|0x00000000ae200000, 0x00000000ae200000, 0x00000000ae300000|  0%| F|  |TAMS 0x00000000ae200000| PB 0x00000000ae200000| Untracked 
| 215|0x00000000ae300000, 0x00000000ae300000, 0x00000000ae400000|  0%| F|  |TAMS 0x00000000ae300000| PB 0x00000000ae300000| Untracked 
| 216|0x00000000ae400000, 0x00000000ae400000, 0x00000000ae500000|  0%| F|  |TAMS 0x00000000ae400000| PB 0x00000000ae400000| Untracked 
| 217|0x00000000ae500000, 0x00000000ae500000, 0x00000000ae600000|  0%| F|  |TAMS 0x00000000ae500000| PB 0x00000000ae500000| Untracked 
| 218|0x00000000ae600000, 0x00000000ae600000, 0x00000000ae700000|  0%| F|  |TAMS 0x00000000ae600000| PB 0x00000000ae600000| Untracked 
| 219|0x00000000ae700000, 0x00000000ae700000, 0x00000000ae800000|  0%| F|  |TAMS 0x00000000ae700000| PB 0x00000000ae700000| Untracked 
| 220|0x00000000ae800000, 0x00000000ae800000, 0x00000000ae900000|  0%| F|  |TAMS 0x00000000ae800000| PB 0x00000000ae800000| Untracked 
| 221|0x00000000ae900000, 0x00000000ae900000, 0x00000000aea00000|  0%| F|  |TAMS 0x00000000ae900000| PB 0x00000000ae900000| Untracked 
| 222|0x00000000aea00000, 0x00000000aea00000, 0x00000000aeb00000|  0%| F|  |TAMS 0x00000000aea00000| PB 0x00000000aea00000| Untracked 
| 223|0x00000000aeb00000, 0x00000000aeb00000, 0x00000000aec00000|  0%| F|  |TAMS 0x00000000aeb00000| PB 0x00000000aeb00000| Untracked 
| 224|0x00000000aec00000, 0x00000000aec00000, 0x00000000aed00000|  0%| F|  |TAMS 0x00000000aec00000| PB 0x00000000aec00000| Untracked 
| 225|0x00000000aed00000, 0x00000000aed00000, 0x00000000aee00000|  0%| F|  |TAMS 0x00000000aed00000| PB 0x00000000aed00000| Untracked 
| 226|0x00000000aee00000, 0x00000000aee00000, 0x00000000aef00000|  0%| F|  |TAMS 0x00000000aee00000| PB 0x00000000aee00000| Untracked 
| 227|0x00000000aef00000, 0x00000000aef00000, 0x00000000af000000|  0%| F|  |TAMS 0x00000000aef00000| PB 0x00000000aef00000| Untracked 
| 228|0x00000000af000000, 0x00000000af000000, 0x00000000af100000|  0%| F|  |TAMS 0x00000000af000000| PB 0x00000000af000000| Untracked 
| 229|0x00000000af100000, 0x00000000af100000, 0x00000000af200000|  0%| F|  |TAMS 0x00000000af100000| PB 0x00000000af100000| Untracked 
| 230|0x00000000af200000, 0x00000000af200000, 0x00000000af300000|  0%| F|  |TAMS 0x00000000af200000| PB 0x00000000af200000| Untracked 
| 231|0x00000000af300000, 0x00000000af300000, 0x00000000af400000|  0%| F|  |TAMS 0x00000000af300000| PB 0x00000000af300000| Untracked 
| 232|0x00000000af400000, 0x00000000af400000, 0x00000000af500000|  0%| F|  |TAMS 0x00000000af400000| PB 0x00000000af400000| Untracked 
| 233|0x00000000af500000, 0x00000000af500000, 0x00000000af600000|  0%| F|  |TAMS 0x00000000af500000| PB 0x00000000af500000| Untracked 
| 234|0x00000000af600000, 0x00000000af600000, 0x00000000af700000|  0%| F|  |TAMS 0x00000000af600000| PB 0x00000000af600000| Untracked 
| 235|0x00000000af700000, 0x00000000af700000, 0x00000000af800000|  0%| F|  |TAMS 0x00000000af700000| PB 0x00000000af700000| Untracked 
| 236|0x00000000af800000, 0x00000000af800000, 0x00000000af900000|  0%| F|  |TAMS 0x00000000af800000| PB 0x00000000af800000| Untracked 
| 237|0x00000000af900000, 0x00000000af900000, 0x00000000afa00000|  0%| F|  |TAMS 0x00000000af900000| PB 0x00000000af900000| Untracked 
| 238|0x00000000afa00000, 0x00000000afa00000, 0x00000000afb00000|  0%| F|  |TAMS 0x00000000afa00000| PB 0x00000000afa00000| Untracked 
| 239|0x00000000afb00000, 0x00000000afb00000, 0x00000000afc00000|  0%| F|  |TAMS 0x00000000afb00000| PB 0x00000000afb00000| Untracked 
| 240|0x00000000afc00000, 0x00000000afc00000, 0x00000000afd00000|  0%| F|  |TAMS 0x00000000afc00000| PB 0x00000000afc00000| Untracked 
| 241|0x00000000afd00000, 0x00000000afd00000, 0x00000000afe00000|  0%| F|  |TAMS 0x00000000afd00000| PB 0x00000000afd00000| Untracked 
| 242|0x00000000afe00000, 0x00000000afe00000, 0x00000000aff00000|  0%| F|  |TAMS 0x00000000afe00000| PB 0x00000000afe00000| Untracked 
| 243|0x00000000aff00000, 0x00000000aff00000, 0x00000000b0000000|  0%| F|  |TAMS 0x00000000aff00000| PB 0x00000000aff00000| Untracked 
| 244|0x00000000b0000000, 0x00000000b0000000, 0x00000000b0100000|  0%| F|  |TAMS 0x00000000b0000000| PB 0x00000000b0000000| Untracked 
| 245|0x00000000b0100000, 0x00000000b0100000, 0x00000000b0200000|  0%| F|  |TAMS 0x00000000b0100000| PB 0x00000000b0100000| Untracked 
| 246|0x00000000b0200000, 0x00000000b0200000, 0x00000000b0300000|  0%| F|  |TAMS 0x00000000b0200000| PB 0x00000000b0200000| Untracked 
| 247|0x00000000b0300000, 0x00000000b0300000, 0x00000000b0400000|  0%| F|  |TAMS 0x00000000b0300000| PB 0x00000000b0300000| Untracked 
| 248|0x00000000b0400000, 0x00000000b0400000, 0x00000000b0500000|  0%| F|  |TAMS 0x00000000b0400000| PB 0x00000000b0400000| Untracked 
| 249|0x00000000b0500000, 0x00000000b0500000, 0x00000000b0600000|  0%| F|  |TAMS 0x00000000b0500000| PB 0x00000000b0500000| Untracked 
| 250|0x00000000b0600000, 0x00000000b0600000, 0x00000000b0700000|  0%| F|  |TAMS 0x00000000b0600000| PB 0x00000000b0600000| Untracked 
| 251|0x00000000b0700000, 0x00000000b0700000, 0x00000000b0800000|  0%| F|  |TAMS 0x00000000b0700000| PB 0x00000000b0700000| Untracked 
| 252|0x00000000b0800000, 0x00000000b0800000, 0x00000000b0900000|  0%| F|  |TAMS 0x00000000b0800000| PB 0x00000000b0800000| Untracked 
| 253|0x00000000b0900000, 0x00000000b0900000, 0x00000000b0a00000|  0%| F|  |TAMS 0x00000000b0900000| PB 0x00000000b0900000| Untracked 
| 254|0x00000000b0a00000, 0x00000000b0a00000, 0x00000000b0b00000|  0%| F|  |TAMS 0x00000000b0a00000| PB 0x00000000b0a00000| Untracked 
| 255|0x00000000b0b00000, 0x00000000b0b00000, 0x00000000b0c00000|  0%| F|  |TAMS 0x00000000b0b00000| PB 0x00000000b0b00000| Untracked 
| 256|0x00000000b0c00000, 0x00000000b0c00000, 0x00000000b0d00000|  0%| F|  |TAMS 0x00000000b0c00000| PB 0x00000000b0c00000| Untracked 
| 257|0x00000000b0d00000, 0x00000000b0d00000, 0x00000000b0e00000|  0%| F|  |TAMS 0x00000000b0d00000| PB 0x00000000b0d00000| Untracked 
| 258|0x00000000b0e00000, 0x00000000b0e00000, 0x00000000b0f00000|  0%| F|  |TAMS 0x00000000b0e00000| PB 0x00000000b0e00000| Untracked 
| 259|0x00000000b0f00000, 0x00000000b0f00000, 0x00000000b1000000|  0%| F|  |TAMS 0x00000000b0f00000| PB 0x00000000b0f00000| Untracked 
| 260|0x00000000b1000000, 0x00000000b1000000, 0x00000000b1100000|  0%| F|  |TAMS 0x00000000b1000000| PB 0x00000000b1000000| Untracked 
| 261|0x00000000b1100000, 0x00000000b1100000, 0x00000000b1200000|  0%| F|  |TAMS 0x00000000b1100000| PB 0x00000000b1100000| Untracked 
| 262|0x00000000b1200000, 0x00000000b1200000, 0x00000000b1300000|  0%| F|  |TAMS 0x00000000b1200000| PB 0x00000000b1200000| Untracked 
| 263|0x00000000b1300000, 0x00000000b1300000, 0x00000000b1400000|  0%| F|  |TAMS 0x00000000b1300000| PB 0x00000000b1300000| Untracked 
| 264|0x00000000b1400000, 0x00000000b1400000, 0x00000000b1500000|  0%| F|  |TAMS 0x00000000b1400000| PB 0x00000000b1400000| Untracked 
| 265|0x00000000b1500000, 0x00000000b1500000, 0x00000000b1600000|  0%| F|  |TAMS 0x00000000b1500000| PB 0x00000000b1500000| Untracked 
| 266|0x00000000b1600000, 0x00000000b1600000, 0x00000000b1700000|  0%| F|  |TAMS 0x00000000b1600000| PB 0x00000000b1600000| Untracked 
| 267|0x00000000b1700000, 0x00000000b1700000, 0x00000000b1800000|  0%| F|  |TAMS 0x00000000b1700000| PB 0x00000000b1700000| Untracked 
| 268|0x00000000b1800000, 0x00000000b1800000, 0x00000000b1900000|  0%| F|  |TAMS 0x00000000b1800000| PB 0x00000000b1800000| Untracked 
| 269|0x00000000b1900000, 0x00000000b1900000, 0x00000000b1a00000|  0%| F|  |TAMS 0x00000000b1900000| PB 0x00000000b1900000| Untracked 
| 270|0x00000000b1a00000, 0x00000000b1a00000, 0x00000000b1b00000|  0%| F|  |TAMS 0x00000000b1a00000| PB 0x00000000b1a00000| Untracked 
| 271|0x00000000b1b00000, 0x00000000b1b00000, 0x00000000b1c00000|  0%| F|  |TAMS 0x00000000b1b00000| PB 0x00000000b1b00000| Untracked 
| 272|0x00000000b1c00000, 0x00000000b1c00000, 0x00000000b1d00000|  0%| F|  |TAMS 0x00000000b1c00000| PB 0x00000000b1c00000| Untracked 
| 273|0x00000000b1d00000, 0x00000000b1d00000, 0x00000000b1e00000|  0%| F|  |TAMS 0x00000000b1d00000| PB 0x00000000b1d00000| Untracked 
| 274|0x00000000b1e00000, 0x00000000b1e00000, 0x00000000b1f00000|  0%| F|  |TAMS 0x00000000b1e00000| PB 0x00000000b1e00000| Untracked 
| 275|0x00000000b1f00000, 0x00000000b1f00000, 0x00000000b2000000|  0%| F|  |TAMS 0x00000000b1f00000| PB 0x00000000b1f00000| Untracked 
| 276|0x00000000b2000000, 0x00000000b2000000, 0x00000000b2100000|  0%| F|  |TAMS 0x00000000b2000000| PB 0x00000000b2000000| Untracked 
| 277|0x00000000b2100000, 0x00000000b2100000, 0x00000000b2200000|  0%| F|  |TAMS 0x00000000b2100000| PB 0x00000000b2100000| Untracked 
| 278|0x00000000b2200000, 0x00000000b2200000, 0x00000000b2300000|  0%| F|  |TAMS 0x00000000b2200000| PB 0x00000000b2200000| Untracked 
| 279|0x00000000b2300000, 0x00000000b2300000, 0x00000000b2400000|  0%| F|  |TAMS 0x00000000b2300000| PB 0x00000000b2300000| Untracked 
| 280|0x00000000b2400000, 0x00000000b2400000, 0x00000000b2500000|  0%| F|  |TAMS 0x00000000b2400000| PB 0x00000000b2400000| Untracked 
| 281|0x00000000b2500000, 0x00000000b2500000, 0x00000000b2600000|  0%| F|  |TAMS 0x00000000b2500000| PB 0x00000000b2500000| Untracked 
| 282|0x00000000b2600000, 0x00000000b2600000, 0x00000000b2700000|  0%| F|  |TAMS 0x00000000b2600000| PB 0x00000000b2600000| Untracked 
| 283|0x00000000b2700000, 0x00000000b2700000, 0x00000000b2800000|  0%| F|  |TAMS 0x00000000b2700000| PB 0x00000000b2700000| Untracked 
| 284|0x00000000b2800000, 0x00000000b2800000, 0x00000000b2900000|  0%| F|  |TAMS 0x00000000b2800000| PB 0x00000000b2800000| Untracked 
| 285|0x00000000b2900000, 0x00000000b2900000, 0x00000000b2a00000|  0%| F|  |TAMS 0x00000000b2900000| PB 0x00000000b2900000| Untracked 
| 286|0x00000000b2a00000, 0x00000000b2a00000, 0x00000000b2b00000|  0%| F|  |TAMS 0x00000000b2a00000| PB 0x00000000b2a00000| Untracked 
| 287|0x00000000b2b00000, 0x00000000b2b00000, 0x00000000b2c00000|  0%| F|  |TAMS 0x00000000b2b00000| PB 0x00000000b2b00000| Untracked 
| 288|0x00000000b2c00000, 0x00000000b2c00000, 0x00000000b2d00000|  0%| F|  |TAMS 0x00000000b2c00000| PB 0x00000000b2c00000| Untracked 
| 289|0x00000000b2d00000, 0x00000000b2d00000, 0x00000000b2e00000|  0%| F|  |TAMS 0x00000000b2d00000| PB 0x00000000b2d00000| Untracked 
| 290|0x00000000b2e00000, 0x00000000b2e00000, 0x00000000b2f00000|  0%| F|  |TAMS 0x00000000b2e00000| PB 0x00000000b2e00000| Untracked 
| 291|0x00000000b2f00000, 0x00000000b2f00000, 0x00000000b3000000|  0%| F|  |TAMS 0x00000000b2f00000| PB 0x00000000b2f00000| Untracked 
| 292|0x00000000b3000000, 0x00000000b3000000, 0x00000000b3100000|  0%| F|  |TAMS 0x00000000b3000000| PB 0x00000000b3000000| Untracked 
| 293|0x00000000b3100000, 0x00000000b3100000, 0x00000000b3200000|  0%| F|  |TAMS 0x00000000b3100000| PB 0x00000000b3100000| Untracked 
| 294|0x00000000b3200000, 0x00000000b3263840, 0x00000000b3300000| 38%| S|CS|TAMS 0x00000000b3200000| PB 0x00000000b3200000| Complete 
| 295|0x00000000b3300000, 0x00000000b3300000, 0x00000000b3400000|  0%| F|  |TAMS 0x00000000b3300000| PB 0x00000000b3300000| Untracked 
| 296|0x00000000b3400000, 0x00000000b3400000, 0x00000000b3500000|  0%| F|  |TAMS 0x00000000b3400000| PB 0x00000000b3400000| Untracked 
| 297|0x00000000b3500000, 0x00000000b3500000, 0x00000000b3600000|  0%| F|  |TAMS 0x00000000b3500000| PB 0x00000000b3500000| Untracked 
| 298|0x00000000b3600000, 0x00000000b3600000, 0x00000000b3700000|  0%| F|  |TAMS 0x00000000b3600000| PB 0x00000000b3600000| Untracked 
| 299|0x00000000b3700000, 0x00000000b3700000, 0x00000000b3800000|  0%| F|  |TAMS 0x00000000b3700000| PB 0x00000000b3700000| Untracked 
| 300|0x00000000b3800000, 0x00000000b3800000, 0x00000000b3900000|  0%| F|  |TAMS 0x00000000b3800000| PB 0x00000000b3800000| Untracked 
| 301|0x00000000b3900000, 0x00000000b3900000, 0x00000000b3a00000|  0%| F|  |TAMS 0x00000000b3900000| PB 0x00000000b3900000| Untracked 
| 302|0x00000000b3a00000, 0x00000000b3a00000, 0x00000000b3b00000|  0%| F|  |TAMS 0x00000000b3a00000| PB 0x00000000b3a00000| Untracked 
|1513|0x00000000ff500000, 0x00000000ff500000, 0x00000000ff600000|  0%| F|  |TAMS 0x00000000ff500000| PB 0x00000000ff500000| Untracked 
|1514|0x00000000ff600000, 0x00000000ff600000, 0x00000000ff700000|  0%| F|  |TAMS 0x00000000ff600000| PB 0x00000000ff600000| Untracked 
|1515|0x00000000ff700000, 0x00000000ff700000, 0x00000000ff800000|  0%| F|  |TAMS 0x00000000ff700000| PB 0x00000000ff700000| Untracked 
|1516|0x00000000ff800000, 0x00000000ff900000, 0x00000000ff900000|100%| O|  |TAMS 0x00000000ff900000| PB 0x00000000ff800000| Untracked 
|1517|0x00000000ff900000, 0x00000000ffa00000, 0x00000000ffa00000|100%| O|  |TAMS 0x00000000ffa00000| PB 0x00000000ff900000| Untracked 
|1518|0x00000000ffa00000, 0x00000000ffb00000, 0x00000000ffb00000|100%| O|  |TAMS 0x00000000ffb00000| PB 0x00000000ffa00000| Untracked 
|1519|0x00000000ffb00000, 0x00000000ffb00000, 0x00000000ffc00000|  0%| F|  |TAMS 0x00000000ffb00000| PB 0x00000000ffb00000| Untracked 
|1520|0x00000000ffc00000, 0x00000000ffc00000, 0x00000000ffd00000|  0%| F|  |TAMS 0x00000000ffc00000| PB 0x00000000ffc00000| Untracked 
|1521|0x00000000ffd00000, 0x00000000ffd00000, 0x00000000ffe00000|  0%| F|  |TAMS 0x00000000ffd00000| PB 0x00000000ffd00000| Untracked 
|1522|0x00000000ffe00000, 0x00000000fff00000, 0x00000000fff00000|100%| O|  |TAMS 0x00000000fff00000| PB 0x00000000ffe00000| Updating 
|1523|0x00000000fff00000, 0x00000000fff00000, 0x0000000100000000|  0%| F|  |TAMS 0x00000000fff00000| PB 0x00000000fff00000| Untracked 

Card table byte_map: [0x000001b8fb3b0000,0x000001b8fb6b0000] _byte_map_base: 0x000001b8faeaa000

Marking Bits: (CMBitMap*) 0x000001b8f8e28be0
 Bits: [0x000001b8fb6b0000, 0x000001b8fce80000)

Polling page: 0x000001b8f8d60000

Metaspace:

Usage:
  Non-class:     36.75 MB used.
      Class:      4.01 MB used.
       Both:     40.76 MB used.

Virtual space:
  Non-class space:       64.00 MB reserved,      37.00 MB ( 58%) committed,  1 nodes.
      Class space:        1.00 GB reserved,       4.25 MB ( <1%) committed,  1 nodes.
             Both:        1.06 GB reserved,      41.25 MB (  4%) committed. 

Chunk freelists:
   Non-Class:  10.75 MB
       Class:  11.57 MB
        Both:  22.32 MB

MaxMetaspaceSize: unlimited
CompressedClassSpaceSize: 1.00 GB
Initial GC threshold: 21.00 MB
Current GC threshold: 68.75 MB
CDS: off
 - commit_granule_bytes: 65536.
 - commit_granule_words: 8192.
 - virtual_space_node_default_size: 8388608.
 - enlarge_chunks_in_place: 1.
 - use_allocation_guard: 0.


Internal statistics:

num_allocs_failed_limit: 3.
num_arena_births: 664.
num_arena_deaths: 80.
num_vsnodes_births: 2.
num_vsnodes_deaths: 0.
num_space_committed: 657.
num_space_uncommitted: 0.
num_chunks_returned_to_freelist: 112.
num_chunks_taken_from_freelist: 2021.
num_chunk_merges: 14.
num_chunk_splits: 1289.
num_chunks_enlarged: 859.
num_inconsistent_stats: 0.

CodeHeap 'non-profiled nmethods': size=120000Kb used=4957Kb max_used=4998Kb free=115042Kb
 bounds [0x000001b88e5d0000, 0x000001b88eac0000, 0x000001b895b00000]
CodeHeap 'profiled nmethods': size=120000Kb used=16002Kb max_used=16647Kb free=103997Kb
 bounds [0x000001b886b00000, 0x000001b887b50000, 0x000001b88e030000]
CodeHeap 'non-nmethods': size=5760Kb used=1491Kb max_used=1569Kb free=4268Kb
 bounds [0x000001b88e030000, 0x000001b88e2a0000, 0x000001b88e5d0000]
 total_blobs=7995 nmethods=7427 adapters=472
 compilation: enabled
              stopped_count=0, restarted_count=0
 full_count=0

Compilation events (20 events):
Event: 49.119 Thread 0x000001b895b5b170 9186       2       org.ballerinalang.langserver.semantictokens.SemanticTokensVisitor$$Lambda/0x0000000100456a58::accept (24 bytes)
Event: 49.120 Thread 0x000001b895b5b170 nmethod 9186 0x000001b887b41f90 code [0x000001b887b42140, 0x000001b887b422d8]
Event: 49.120 Thread 0x000001b895b5b170 9187       2       org.ballerinalang.langserver.semantictokens.SemanticTokensVisitor::lambda$handleReferences$15 (80 bytes)
Event: 49.121 Thread 0x000001b895b5b170 nmethod 9187 0x000001b887b42410 code [0x000001b887b42600, 0x000001b887b428a0]
Event: 49.121 Thread 0x000001b895b5b170 9189       3       io.ballerina.compiler.api.impl.ReferenceFinder::visit (25 bytes)
Event: 49.122 Thread 0x000001b895b5b170 nmethod 9189 0x000001b887b42a90 code [0x000001b887b42c80, 0x000001b887b43188]
Event: 49.122 Thread 0x000001b895b5b170 9190       2       org.ballerinalang.langserver.semantictokens.SemanticTokensVisitor$SemanticToken::processSemanticToken (123 bytes)
Event: 49.125 Thread 0x000001b895b5b170 nmethod 9190 0x000001b887b43390 code [0x000001b887b435a0, 0x000001b887b43b88]
Event: 49.125 Thread 0x000001b895b5b170 9191       2       org.eclipse.lsp4j.jsonrpc.json.adapters.CollectionTypeAdapter::write (123 bytes)
Event: 49.127 Thread 0x000001b895b5b170 nmethod 9191 0x000001b887b43e90 code [0x000001b887b440e0, 0x000001b887b445c0]
Event: 49.134 Thread 0x000001b89b16e210 nmethod 9083 0x000001b88eaa8a10 code [0x000001b88eaa8c20, 0x000001b88eaa9a58]
Event: 49.135 Thread 0x000001b89b16e210 9074       4       io.ballerina.types.Common::memoSubtypeIsEmpty (408 bytes)
Event: 49.284 Thread 0x000001b89b16e210 nmethod 9074 0x000001b88eaa9d90 code [0x000001b88eaaa100, 0x000001b88eaabe78]
Event: 49.290 Thread 0x000001b89b16e210 9076       4       java.util.HashMap::getNode (150 bytes)
Event: 49.301 Thread 0x000001b89b16e210 nmethod 9076 0x000001b88eaad010 code [0x000001b88eaad1c0, 0x000001b88eaad460]
Event: 49.302 Thread 0x000001b89b16e210 9077       4       java.util.HashMap::get (19 bytes)
Event: 49.316 Thread 0x000001b89b16e210 nmethod 9077 0x000001b88eaad690 code [0x000001b88eaad840, 0x000001b88eaadaf0]
Event: 49.317 Thread 0x000001b89b16e210 9148       4       io.ballerina.compiler.api.impl.ReferenceFinder::addIfSameSymbol (102 bytes)
Event: 49.330 Thread 0x000001b89b16e210 nmethod 9148 0x000001b88eaadd10 code [0x000001b88eaadf20, 0x000001b88eaae3d8]
Event: 49.331 Thread 0x000001b89b16e210 9062       4       io.ballerina.types.typeops.MappingPairIterator::internalNext (252 bytes)

GC Heap History (20 events):
Event: 37.776 GC heap after
{Heap after GC invocations=39 (full 0):
 garbage-first heap   total 248832K, used 165888K [0x00000000a0c00000, 0x0000000100000000)
  region size 1024K, 10 young (10240K), 10 survivors (10240K)
 Metaspace       used 39504K, committed 39872K, reserved 1114112K
  class space    used 3938K, committed 4096K, reserved 1048576K
}
Event: 38.074 GC heap before
{Heap before GC invocations=39 (full 0):
 garbage-first heap   total 248832K, used 221184K [0x00000000a0c00000, 0x0000000100000000)
  region size 1024K, 55 young (56320K), 10 survivors (10240K)
 Metaspace       used 39646K, committed 40192K, reserved 1114112K
  class space    used 3953K, committed 4224K, reserved 1048576K
}
Event: 38.106 GC heap after
{Heap after GC invocations=40 (full 0):
 garbage-first heap   total 249856K, used 184803K [0x00000000a0c00000, 0x0000000100000000)
  region size 1024K, 7 young (7168K), 7 survivors (7168K)
 Metaspace       used 39646K, committed 40192K, reserved 1114112K
  class space    used 3953K, committed 4224K, reserved 1048576K
}
Event: 38.743 GC heap before
{Heap before GC invocations=40 (full 0):
 garbage-first heap   total 249856K, used 218595K [0x00000000a0c00000, 0x0000000100000000)
  region size 1024K, 41 young (41984K), 7 survivors (7168K)
 Metaspace       used 40400K, committed 40896K, reserved 1114112K
  class space    used 4027K, committed 4288K, reserved 1048576K
}
Event: 38.757 GC heap after
{Heap after GC invocations=41 (full 0):
 garbage-first heap   total 249856K, used 188727K [0x00000000a0c00000, 0x0000000100000000)
  region size 1024K, 3 young (3072K), 3 survivors (3072K)
 Metaspace       used 40400K, committed 40896K, reserved 1114112K
  class space    used 4027K, committed 4288K, reserved 1048576K
}
Event: 41.028 GC heap before
{Heap before GC invocations=42 (full 0):
 garbage-first heap   total 293888K, used 209207K [0x00000000a0c00000, 0x0000000100000000)
  region size 1024K, 37 young (37888K), 3 survivors (3072K)
 Metaspace       used 41002K, committed 41536K, reserved 1114112K
  class space    used 4078K, committed 4352K, reserved 1048576K
}
Event: 41.047 GC heap after
{Heap after GC invocations=43 (full 0):
 garbage-first heap   total 293888K, used 185653K [0x00000000a0c00000, 0x0000000100000000)
  region size 1024K, 5 young (5120K), 5 survivors (5120K)
 Metaspace       used 41002K, committed 41536K, reserved 1114112K
  class space    used 4078K, committed 4352K, reserved 1048576K
}
Event: 41.989 GC heap before
{Heap before GC invocations=43 (full 0):
 garbage-first heap   total 293888K, used 254261K [0x00000000a0c00000, 0x0000000100000000)
  region size 1024K, 73 young (74752K), 5 survivors (5120K)
 Metaspace       used 41080K, committed 41600K, reserved 1114112K
  class space    used 4079K, committed 4352K, reserved 1048576K
}
Event: 42.010 GC heap after
{Heap after GC invocations=44 (full 0):
 garbage-first heap   total 293888K, used 167165K [0x00000000a0c00000, 0x0000000100000000)
  region size 1024K, 10 young (10240K), 10 survivors (10240K)
 Metaspace       used 41080K, committed 41600K, reserved 1114112K
  class space    used 4079K, committed 4352K, reserved 1048576K
}
Event: 42.764 GC heap before
{Heap before GC invocations=44 (full 0):
 garbage-first heap   total 293888K, used 251133K [0x00000000a0c00000, 0x0000000100000000)
  region size 1024K, 92 young (94208K), 10 survivors (10240K)
 Metaspace       used 41231K, committed 41728K, reserved 1114112K
  class space    used 4081K, committed 4352K, reserved 1048576K
}
Event: 42.803 GC heap after
{Heap after GC invocations=45 (full 0):
 garbage-first heap   total 293888K, used 179136K [0x00000000a0c00000, 0x0000000100000000)
  region size 1024K, 12 young (12288K), 12 survivors (12288K)
 Metaspace       used 41231K, committed 41728K, reserved 1114112K
  class space    used 4081K, committed 4352K, reserved 1048576K
}
Event: 43.545 GC heap before
{Heap before GC invocations=45 (full 0):
 garbage-first heap   total 293888K, used 250816K [0x00000000a0c00000, 0x0000000100000000)
  region size 1024K, 82 young (83968K), 12 survivors (12288K)
 Metaspace       used 41339K, committed 41856K, reserved 1114112K
  class space    used 4081K, committed 4352K, reserved 1048576K
}
Event: 43.590 GC heap after
{Heap after GC invocations=46 (full 0):
 garbage-first heap   total 293888K, used 193488K [0x00000000a0c00000, 0x0000000100000000)
  region size 1024K, 11 young (11264K), 11 survivors (11264K)
 Metaspace       used 41339K, committed 41856K, reserved 1114112K
  class space    used 4081K, committed 4352K, reserved 1048576K
}
Event: 45.651 GC heap before
{Heap before GC invocations=47 (full 0):
 garbage-first heap   total 321536K, used 255952K [0x00000000a0c00000, 0x0000000100000000)
  region size 1024K, 73 young (74752K), 11 survivors (11264K)
 Metaspace       used 41543K, committed 42048K, reserved 1114112K
  class space    used 4093K, committed 4352K, reserved 1048576K
}
Event: 45.667 GC heap after
{Heap after GC invocations=48 (full 0):
 garbage-first heap   total 321536K, used 197689K [0x00000000a0c00000, 0x0000000100000000)
  region size 1024K, 5 young (5120K), 5 survivors (5120K)
 Metaspace       used 41543K, committed 42048K, reserved 1114112K
  class space    used 4093K, committed 4352K, reserved 1048576K
}
Event: 48.929 GC heap before
{Heap before GC invocations=48 (full 0):
 garbage-first heap   total 321536K, used 282681K [0x00000000a0c00000, 0x0000000100000000)
  region size 1024K, 88 young (90112K), 5 survivors (5120K)
 Metaspace       used 41622K, committed 42112K, reserved 1114112K
  class space    used 4099K, committed 4352K, reserved 1048576K
}
Event: 48.948 GC heap after
{Heap after GC invocations=49 (full 0):
 garbage-first heap   total 321536K, used 185307K [0x00000000a0c00000, 0x0000000100000000)
  region size 1024K, 5 young (5120K), 5 survivors (5120K)
 Metaspace       used 41622K, committed 42112K, reserved 1114112K
  class space    used 4099K, committed 4352K, reserved 1048576K
}
Event: 49.239 GC heap before
{Heap before GC invocations=49 (full 0):
 garbage-first heap   total 321536K, used 284635K [0x00000000a0c00000, 0x0000000100000000)
  region size 1024K, 102 young (104448K), 5 survivors (5120K)
 Metaspace       used 41733K, committed 42240K, reserved 1114112K
  class space    used 4107K, committed 4352K, reserved 1048576K
}
Event: 49.249 GC heap after
{Heap after GC invocations=50 (full 0):
 garbage-first heap   total 321536K, used 185109K [0x00000000a0c00000, 0x0000000100000000)
  region size 1024K, 5 young (5120K), 5 survivors (5120K)
 Metaspace       used 41733K, committed 42240K, reserved 1114112K
  class space    used 4107K, committed 4352K, reserved 1048576K
}
Event: 49.533 GC heap before
{Heap before GC invocations=50 (full 0):
 garbage-first heap   total 321536K, used 296725K [0x00000000a0c00000, 0x0000000100000000)
  region size 1024K, 114 young (116736K), 5 survivors (5120K)
 Metaspace       used 41733K, committed 42240K, reserved 1114112K
  class space    used 4107K, committed 4352K, reserved 1048576K
}

Dll operation events (5 events):
Event: 0.097 Loaded shared library C:\Program Files\Ballerina\dependencies\jdk-21.0.5+11-jre\bin\java.dll
Event: 1.214 Loaded shared library C:\Program Files\Ballerina\dependencies\jdk-21.0.5+11-jre\bin\net.dll
Event: 1.233 Loaded shared library C:\Program Files\Ballerina\dependencies\jdk-21.0.5+11-jre\bin\nio.dll
Event: 1.314 Loaded shared library C:\Program Files\Ballerina\dependencies\jdk-21.0.5+11-jre\bin\zip.dll
Event: 3.460 Loaded shared library C:\Program Files\Ballerina\dependencies\jdk-21.0.5+11-jre\bin\jimage.dll

Deoptimization events (20 events):
Event: 45.784 Thread 0x000001b89c7a5050 DEOPT PACKING pc=0x000001b88e75ef2c sp=0x00000019b70fbbd0
Event: 45.784 Thread 0x000001b89c7a5050 DEOPT UNPACKING pc=0x000001b88e0846a2 sp=0x00000019b70fbb50 mode 2
Event: 45.828 Thread 0x000001b89c7a5050 Uncommon trap: trap_request=0xffffff45 fr.pc=0x000001b88e84129c relative=0x000000000000037c
Event: 45.828 Thread 0x000001b89c7a5050 Uncommon trap: reason=unstable_if action=reinterpret pc=0x000001b88e84129c method=java.util.HashMap.putVal(ILjava/lang/Object;Ljava/lang/Object;ZZ)Ljava/lang/Object; @ 162 c2
Event: 45.828 Thread 0x000001b89c7a5050 DEOPT PACKING pc=0x000001b88e84129c sp=0x00000019b70fbd10
Event: 45.828 Thread 0x000001b89c7a5050 DEOPT UNPACKING pc=0x000001b88e0846a2 sp=0x00000019b70fbc20 mode 2
Event: 45.893 Thread 0x000001b89c7a5050 DEOPT PACKING pc=0x000001b887a8871a sp=0x00000019b70fb6d0
Event: 45.893 Thread 0x000001b89c7a5050 DEOPT UNPACKING pc=0x000001b88e084e42 sp=0x00000019b70faba8 mode 0
Event: 45.911 Thread 0x000001b89c7a5050 Uncommon trap: trap_request=0xffffff45 fr.pc=0x000001b88e6bb330 relative=0x0000000000000a10
Event: 45.912 Thread 0x000001b89c7a5050 Uncommon trap: reason=unstable_if action=reinterpret pc=0x000001b88e6bb330 method=java.util.HashMap.resize()[Ljava/util/HashMap$Node; @ 203 c2
Event: 45.912 Thread 0x000001b89c7a5050 DEOPT PACKING pc=0x000001b88e6bb330 sp=0x00000019b70fbbb0
Event: 45.912 Thread 0x000001b89c7a5050 DEOPT UNPACKING pc=0x000001b88e0846a2 sp=0x00000019b70fbb50 mode 2
Event: 48.981 Thread 0x000001b89c7a5050 Uncommon trap: trap_request=0xffffffde fr.pc=0x000001b88e801624 relative=0x0000000000000504
Event: 48.982 Thread 0x000001b89c7a5050 Uncommon trap: reason=class_check action=maybe_recompile pc=0x000001b88e801624 method=java.util.WeakHashMap.matchesKey(Ljava/util/WeakHashMap$Entry;Ljava/lang/Object;)Z @ 21 c2
Event: 48.982 Thread 0x000001b89c7a5050 DEOPT PACKING pc=0x000001b88e801624 sp=0x00000019b70fbda0
Event: 48.982 Thread 0x000001b89c7a5050 DEOPT UNPACKING pc=0x000001b88e0846a2 sp=0x00000019b70fbcd8 mode 2
Event: 49.016 Thread 0x000001b89af060f0 Uncommon trap: trap_request=0xffffff45 fr.pc=0x000001b88e9d1734 relative=0x0000000000000314
Event: 49.016 Thread 0x000001b89af060f0 Uncommon trap: reason=unstable_if action=reinterpret pc=0x000001b88e9d1734 method=io.ballerina.compiler.api.impl.ReferenceFinder.addIfSameSymbol(Lorg/wso2/ballerinalang/compiler/semantics/model/symbols/BSymbol;Lio/ballerina/tools/diagnostics/Location;)Z @
Event: 49.016 Thread 0x000001b89af060f0 DEOPT PACKING pc=0x000001b88e9d1734 sp=0x00000019b78fde40
Event: 49.016 Thread 0x000001b89af060f0 DEOPT UNPACKING pc=0x000001b88e0846a2 sp=0x00000019b78fddd8 mode 2

Classes loaded (20 events):
Event: 37.141 Loading class java/util/logging/LogRecord
Event: 37.143 Loading class java/util/logging/LogRecord done
Event: 37.144 Loading class java/time/Instant
Event: 37.145 Loading class java/time/temporal/Temporal
Event: 37.147 Loading class java/time/temporal/TemporalAccessor
Event: 37.149 Loading class java/time/temporal/TemporalAccessor done
Event: 37.149 Loading class java/time/temporal/Temporal done
Event: 37.149 Loading class java/time/temporal/TemporalAdjuster
Event: 37.149 Loading class java/time/temporal/TemporalAdjuster done
Event: 37.150 Loading class java/time/Instant done
Event: 37.151 Loading class java/time/Clock
Event: 37.154 Loading class java/time/InstantSource
Event: 37.154 Loading class java/time/InstantSource done
Event: 37.154 Loading class java/time/Clock done
Event: 37.865 Loading class java/util/concurrent/CompletableFuture$UniRelay
Event: 37.867 Loading class java/util/concurrent/CompletableFuture$UniRelay done
Event: 37.893 Loading class java/lang/StackTraceElement$HashedModules
Event: 37.895 Loading class java/lang/StackTraceElement$HashedModules done
Event: 48.966 Loading class java/util/stream/SortedOps$RefSortingSink
Event: 48.967 Loading class java/util/stream/SortedOps$RefSortingSink done

Classes unloaded (20 events):
Event: 26.986 Thread 0x000001b8ff94fbf0 Unloading class 0x00000001003a0680 'io/ballerina/stdlib/constraint/compiler/ConstraintCompilerPluginUtils'
Event: 26.986 Thread 0x000001b8ff94fbf0 Unloading class 0x00000001003a0440 'io/ballerina/stdlib/constraint/compiler/TypeConstraintValidator$$Lambda+0x00000001003a0440'
Event: 26.986 Thread 0x000001b8ff94fbf0 Unloading class 0x00000001003a0220 'io/ballerina/stdlib/constraint/compiler/TypeConstraintValidator'
Event: 26.986 Thread 0x000001b8ff94fbf0 Unloading class 0x00000001003a0000 'io/ballerina/stdlib/constraint/compiler/RecordFieldConstraintValidator'
Event: 26.986 Thread 0x000001b8ff94fbf0 Unloading class 0x000000010039ce00 'io/ballerina/stdlib/constraint/compiler/ConstraintCodeAnalyzer'
Event: 26.986 Thread 0x000001b8ff94fbf0 Unloading class 0x000000010039cc00 'io/ballerina/stdlib/constraint/compiler/ConstraintCompilerPlugin'
Event: 38.986 Thread 0x000001b8ff94fbf0 Unloading class 0x00000001003e0a00 'io/ballerina/stdlib/os/compiler/staticcodeanalyzer/OSStaticCodeAnalyzer'
Event: 38.986 Thread 0x000001b8ff94fbf0 Unloading class 0x00000001003e0800 'io/ballerina/stdlib/os/compiler/OSCompilerPlugin'
Event: 38.986 Thread 0x000001b8ff94fbf0 Unloading class 0x00000001003e0000 'io/ballerina/stdlib/io/compiler/staticcodeanalyzer/IOCodeAnalyzer'
Event: 38.986 Thread 0x000001b8ff94fbf0 Unloading class 0x00000001003df400 'io/ballerina/stdlib/io/compiler/IOCompilerPlugin'
Event: 38.986 Thread 0x000001b8ff94fbf0 Unloading class 0x00000001003dc200 'io/ballerina/stdlib/log/compiler/staticcodeanalyzer/StaticCodeAnalyzer'
Event: 38.986 Thread 0x000001b8ff94fbf0 Unloading class 0x00000001003dc000 'io/ballerina/stdlib/log/compiler/LogCompilerPlugin'
Event: 38.986 Thread 0x000001b8ff94fbf0 Unloading class 0x00000001003d4a00 'io/ballerina/stdlib/log/compiler/staticcodeanalyzer/StaticCodeAnalyzer'
Event: 38.986 Thread 0x000001b8ff94fbf0 Unloading class 0x00000001003d4800 'io/ballerina/stdlib/log/compiler/LogCompilerPlugin'
Event: 38.986 Thread 0x000001b8ff94fbf0 Unloading class 0x00000001003d4200 'io/ballerina/stdlib/io/compiler/staticcodeanalyzer/IOCodeAnalyzer'
Event: 38.986 Thread 0x000001b8ff94fbf0 Unloading class 0x00000001003d4000 'io/ballerina/stdlib/io/compiler/IOCompilerPlugin'
Event: 43.923 Thread 0x000001b8ff94fbf0 Unloading class 0x0000000100444a00 'io/ballerina/stdlib/io/compiler/staticcodeanalyzer/IOCodeAnalyzer'
Event: 43.923 Thread 0x000001b8ff94fbf0 Unloading class 0x0000000100444800 'io/ballerina/stdlib/io/compiler/IOCompilerPlugin'
Event: 43.923 Thread 0x000001b8ff94fbf0 Unloading class 0x0000000100444200 'io/ballerina/stdlib/log/compiler/staticcodeanalyzer/StaticCodeAnalyzer'
Event: 43.923 Thread 0x000001b8ff94fbf0 Unloading class 0x0000000100444000 'io/ballerina/stdlib/log/compiler/LogCompilerPlugin'

Classes redefined (0 events):
No events

Internal exceptions (20 events):
Event: 40.822 Thread 0x000001b89c7a5050 Exception <a 'sun/nio/fs/WindowsException'{0x00000000b09d0e08}> (0x00000000b09d0e08) 
thrown [s\src\hotspot\share\prims\jni.cpp, line 520]
Event: 40.822 Thread 0x000001b89c7a5050 Exception <a 'sun/nio/fs/WindowsException'{0x00000000b09d17c0}> (0x00000000b09d17c0) 
thrown [s\src\hotspot\share\prims\jni.cpp, line 520]
Event: 40.822 Thread 0x000001b89c7a5050 Exception <a 'sun/nio/fs/WindowsException'{0x00000000b09d2008}> (0x00000000b09d2008) 
thrown [s\src\hotspot\share\prims\jni.cpp, line 520]
Event: 40.845 Thread 0x000001b89c7a5050 Exception <a 'sun/nio/fs/WindowsException'{0x00000000b09ecf60}> (0x00000000b09ecf60) 
thrown [s\src\hotspot\share\prims\jni.cpp, line 520]
Event: 40.846 Thread 0x000001b89c7a5050 Exception <a 'sun/nio/fs/WindowsException'{0x00000000b09eda98}> (0x00000000b09eda98) 
thrown [s\src\hotspot\share\prims\jni.cpp, line 520]
Event: 40.877 Thread 0x000001b89c7a5050 Exception <a 'sun/nio/fs/WindowsException'{0x00000000b080d908}> (0x00000000b080d908) 
thrown [s\src\hotspot\share\prims\jni.cpp, line 520]
Event: 40.900 Thread 0x000001b89c7a5050 Exception <a 'sun/nio/fs/WindowsException'{0x00000000b08202d8}> (0x00000000b08202d8) 
thrown [s\src\hotspot\share\prims\jni.cpp, line 520]
Event: 40.901 Thread 0x000001b89c7a5050 Exception <a 'sun/nio/fs/WindowsException'{0x00000000b0820b40}> (0x00000000b0820b40) 
thrown [s\src\hotspot\share\prims\jni.cpp, line 520]
Event: 40.961 Thread 0x000001b89c7a5050 Exception <a 'sun/nio/fs/WindowsException'{0x00000000b086e438}> (0x00000000b086e438) 
thrown [s\src\hotspot\share\prims\jni.cpp, line 520]
Event: 40.962 Thread 0x000001b89c7a5050 Exception <a 'sun/nio/fs/WindowsException'{0x00000000b086efc8}> (0x00000000b086efc8) 
thrown [s\src\hotspot\share\prims\jni.cpp, line 520]
Event: 40.980 Thread 0x000001b89c7a5050 Exception <a 'sun/nio/fs/WindowsException'{0x00000000b08c22b0}> (0x00000000b08c22b0) 
thrown [s\src\hotspot\share\prims\jni.cpp, line 520]
Event: 40.985 Thread 0x000001b89c7a5050 Exception <a 'sun/nio/fs/WindowsException'{0x00000000b08cbd80}> (0x00000000b08cbd80) 
thrown [s\src\hotspot\share\prims\jni.cpp, line 520]
Event: 40.986 Thread 0x000001b89c7a5050 Exception <a 'sun/nio/fs/WindowsException'{0x00000000b08cc748}> (0x00000000b08cc748) 
thrown [s\src\hotspot\share\prims\jni.cpp, line 520]
Event: 40.986 Thread 0x000001b89c7a5050 Exception <a 'sun/nio/fs/WindowsException'{0x00000000b08ccf98}> (0x00000000b08ccf98) 
thrown [s\src\hotspot\share\prims\jni.cpp, line 520]
Event: 40.995 Thread 0x000001b89c7a5050 Exception <a 'sun/nio/fs/WindowsException'{0x00000000b08e4c88}> (0x00000000b08e4c88) 
thrown [s\src\hotspot\share\prims\jni.cpp, line 520]
Event: 40.995 Thread 0x000001b89c7a5050 Exception <a 'sun/nio/fs/WindowsException'{0x00000000b08e57d0}> (0x00000000b08e57d0) 
thrown [s\src\hotspot\share\prims\jni.cpp, line 520]
Event: 41.186 Thread 0x000001b89c7a5050 Exception <a 'sun/nio/fs/WindowsException'{0x00000000b1656ac0}> (0x00000000b1656ac0) 
thrown [s\src\hotspot\share\prims\jni.cpp, line 520]
Event: 41.240 Thread 0x000001b89c7a5050 Exception <a 'sun/nio/fs/WindowsException'{0x00000000b144e6b8}> (0x00000000b144e6b8) 
thrown [s\src\hotspot\share\prims\jni.cpp, line 520]
Event: 48.965 Thread 0x000001b89cc5f1f0 Exception <a 'java/lang/NoSuchMethodError'{0x00000000fff903d0}: 'int java.lang.invoke.DirectMethodHandle$Holder.invokeInterface(java.lang.Object, java.lang.Object)'> (0x00000000fff903d0) 
thrown [s\src\hotspot\share\interpreter\linkResolver.cpp, line 773]
Event: 48.965 Thread 0x000001b89cc5f1f0 Exception <a 'java/lang/IncompatibleClassChangeError'{0x00000000fff933f0}: Found class java.lang.Object, but interface was expected> (0x00000000fff933f0) 
thrown [s\src\hotspot\share\interpreter\linkResolver.cpp, line 840]

ZGC Phase Switch (0 events):
No events

VM Operations (20 events):
Event: 42.010 Executing VM operation: G1CollectForAllocation (G1 Evacuation Pause) done
Event: 42.763 Executing VM operation: G1CollectForAllocation (G1 Evacuation Pause)
Event: 42.803 Executing VM operation: G1CollectForAllocation (G1 Evacuation Pause) done
Event: 43.544 Executing VM operation: G1CollectForAllocation (G1 Evacuation Pause)
Event: 43.590 Executing VM operation: G1CollectForAllocation (G1 Evacuation Pause) done
Event: 43.921 Executing VM operation: G1PauseRemark
Event: 43.959 Executing VM operation: G1PauseRemark done
Event: 44.096 Executing VM operation: G1PauseCleanup
Event: 44.098 Executing VM operation: G1PauseCleanup done
Event: 45.107 Executing VM operation: Cleanup
Event: 45.108 Executing VM operation: Cleanup done
Event: 45.651 Executing VM operation: G1CollectForAllocation (G1 Evacuation Pause)
Event: 45.667 Executing VM operation: G1CollectForAllocation (G1 Evacuation Pause) done
Event: 46.669 Executing VM operation: Cleanup
Event: 46.890 Executing VM operation: Cleanup done
Event: 47.141 Executing VM operation: G1CollectForAllocation (G1 Evacuation Pause)
Event: 48.948 Executing VM operation: G1CollectForAllocation (G1 Evacuation Pause) done
Event: 49.239 Executing VM operation: G1CollectForAllocation (G1 Evacuation Pause)
Event: 49.249 Executing VM operation: G1CollectForAllocation (G1 Evacuation Pause) done
Event: 49.532 Executing VM operation: G1CollectForAllocation (G1 Evacuation Pause)

Memory protections (0 events):
No events

Nmethod flushes (20 events):
Event: 43.956 Thread 0x000001b8ff94fbf0 flushing  nmethod 0x000001b887513390
Event: 43.956 Thread 0x000001b8ff94fbf0 flushing  nmethod 0x000001b887567610
Event: 43.956 Thread 0x000001b8ff94fbf0 flushing  nmethod 0x000001b88e6fd690
Event: 43.956 Thread 0x000001b8ff94fbf0 flushing  nmethod 0x000001b88e7fb110
Event: 43.956 Thread 0x000001b8ff94fbf0 flushing  nmethod 0x000001b886d00b10
Event: 43.956 Thread 0x000001b8ff94fbf0 flushing  nmethod 0x000001b886f1c310
Event: 43.956 Thread 0x000001b8ff94fbf0 flushing  nmethod 0x000001b8870abc10
Event: 43.956 Thread 0x000001b8ff94fbf0 flushing  nmethod 0x000001b8870dd790
Event: 43.956 Thread 0x000001b8ff94fbf0 flushing  nmethod 0x000001b8870dfa10
Event: 43.956 Thread 0x000001b8ff94fbf0 flushing  nmethod 0x000001b8872e1210
Event: 43.956 Thread 0x000001b8ff94fbf0 flushing  nmethod 0x000001b8872e7110
Event: 43.956 Thread 0x000001b8ff94fbf0 flushing  nmethod 0x000001b887395f10
Event: 43.956 Thread 0x000001b8ff94fbf0 flushing  nmethod 0x000001b887399090
Event: 43.956 Thread 0x000001b8ff94fbf0 flushing  nmethod 0x000001b88739ae90
Event: 43.956 Thread 0x000001b8ff94fbf0 flushing  nmethod 0x000001b8873d7a10
Event: 43.956 Thread 0x000001b8ff94fbf0 flushing  nmethod 0x000001b887444590
Event: 43.956 Thread 0x000001b8ff94fbf0 flushing  nmethod 0x000001b887444910
Event: 43.956 Thread 0x000001b8ff94fbf0 flushing  nmethod 0x000001b887530710
Event: 43.956 Thread 0x000001b8ff94fbf0 flushing  nmethod 0x000001b88754df10
Event: 43.956 Thread 0x000001b8ff94fbf0 flushing  nmethod 0x000001b88763c910

Events (20 events):
Event: 1.145 Thread 0x000001b8f8cfcfe0 Thread added: 0x000001b895de9f20
Event: 5.677 Thread 0x000001b895b5b170 Thread added: 0x000001b89a9db2c0
Event: 6.064 Thread 0x000001b8f8cfcfe0 Thread added: 0x000001b89af38030
Event: 6.829 Thread 0x000001b89af38030 Thread added: 0x000001b89c7a5050
Event: 7.109 Thread 0x000001b89c7a5050 Thread added: 0x000001b89c677610
Event: 7.926 Thread 0x000001b89a9db2c0 Thread exited: 0x000001b89a9db2c0
Event: 9.531 Thread 0x000001b895b5b170 Thread added: 0x000001b89c009bb0
Event: 22.992 Thread 0x000001b89c009bb0 Thread exited: 0x000001b89c009bb0
Event: 23.869 Thread 0x000001b895b5b170 Thread added: 0x000001b89c009bb0
Event: 24.365 Thread 0x000001b89af38030 Thread added: 0x000001b89cb08100
Event: 25.375 Thread 0x000001b89c677610 Thread added: 0x000001b89cc61790
Event: 25.439 Thread 0x000001b89cc61790 Thread added: 0x000001b89cc5f1f0
Event: 25.440 Thread 0x000001b89cc61790 Thread added: 0x000001b89d1c77b0
Event: 25.586 Thread 0x000001b89cc5f1f0 Thread added: 0x000001b89af074a0
Event: 29.705 Thread 0x000001b89c009bb0 Thread exited: 0x000001b89c009bb0
Event: 30.289 Thread 0x000001b895b5b170 Thread added: 0x000001b89b4ae380
Event: 37.063 Thread 0x000001b89af38030 Thread added: 0x000001b89af060f0
Event: 37.077 Thread 0x000001b89c677610 Thread added: 0x000001b89af06780
Event: 40.586 Thread 0x000001b89b4ae380 Thread exited: 0x000001b89b4ae380
Event: 41.257 Thread 0x000001b895b5b170 Thread added: 0x000001b89b16e210


Dynamic libraries:
0x00007ff7e1f50000 - 0x00007ff7e1f5e000 	C:\Program Files\Ballerina\dependencies\jdk-21.0.5+11-jre\bin\java.exe
0x00007ff8a8e40000 - 0x00007ff8a90a8000 	C:\WINDOWS\SYSTEM32\ntdll.dll
0x00007ff8a7520000 - 0x00007ff8a75e9000 	C:\WINDOWS\System32\KERNEL32.DLL
0x00007ff8a5fd0000 - 0x00007ff8a63c2000 	C:\WINDOWS\System32\KERNELBASE.dll
0x00007ff8a6630000 - 0x00007ff8a677b000 	C:\WINDOWS\System32\ucrtbase.dll
0x00007ff896fc0000 - 0x00007ff896fde000 	C:\Program Files\Ballerina\dependencies\jdk-21.0.5+11-jre\bin\VCRUNTIME140.dll
0x00007ff897460000 - 0x00007ff897478000 	C:\Program Files\Ballerina\dependencies\jdk-21.0.5+11-jre\bin\jli.dll
0x00007ff8a7710000 - 0x00007ff8a78d5000 	C:\WINDOWS\System32\USER32.dll
0x00007ff8a6600000 - 0x00007ff8a6627000 	C:\WINDOWS\System32\win32u.dll
0x00007ff894fe0000 - 0x00007ff895273000 	C:\WINDOWS\WinSxS\amd64_microsoft.windows.common-controls_6595b64144ccf1df_6.0.26100.6725_none_3e085828e334708b\COMCTL32.dll
0x00007ff8a8030000 - 0x00007ff8a805b000 	C:\WINDOWS\System32\GDI32.dll
0x00007ff8a6c10000 - 0x00007ff8a6cb9000 	C:\WINDOWS\System32\msvcrt.dll
0x00007ff8a6970000 - 0x00007ff8a6a9d000 	C:\WINDOWS\System32\gdi32full.dll
0x00007ff8a6550000 - 0x00007ff8a65f3000 	C:\WINDOWS\System32\msvcp_win.dll
0x00007ff8a8d00000 - 0x00007ff8a8d2f000 	C:\WINDOWS\System32\IMM32.DLL
0x00007ff8a0f20000 - 0x00007ff8a0f2c000 	C:\Program Files\Ballerina\dependencies\jdk-21.0.5+11-jre\bin\vcruntime140_1.dll
0x00007ff896be0000 - 0x00007ff896c6d000 	C:\Program Files\Ballerina\dependencies\jdk-21.0.5+11-jre\bin\msvcp140.dll
0x00007ff8456d0000 - 0x00007ff84645f000 	C:\Program Files\Ballerina\dependencies\jdk-21.0.5+11-jre\bin\server\jvm.dll
0x00007ff8a6cc0000 - 0x00007ff8a6d74000 	C:\WINDOWS\System32\ADVAPI32.dll
0x00007ff8a8060000 - 0x00007ff8a8106000 	C:\WINDOWS\System32\sechost.dll
0x00007ff8a75f0000 - 0x00007ff8a7708000 	C:\WINDOWS\System32\RPCRT4.dll
0x00007ff8a7190000 - 0x00007ff8a7204000 	C:\WINDOWS\System32\WS2_32.dll
0x00007ff89f690000 - 0x00007ff89f6c5000 	C:\WINDOWS\SYSTEM32\WINMM.dll
0x00007ff89f6d0000 - 0x00007ff89f6db000 	C:\WINDOWS\SYSTEM32\VERSION.dll
0x00007ff8a5e30000 - 0x00007ff8a5e8e000 	C:\WINDOWS\SYSTEM32\POWRPROF.dll
0x00007ff8a5e10000 - 0x00007ff8a5e24000 	C:\WINDOWS\SYSTEM32\UMPDC.dll
0x00007ff8a4da0000 - 0x00007ff8a4dbb000 	C:\WINDOWS\SYSTEM32\kernel.appcore.dll
0x00007ff89cb50000 - 0x00007ff89cb5a000 	C:\Program Files\Ballerina\dependencies\jdk-21.0.5+11-jre\bin\jimage.dll
0x00007ff89b700000 - 0x00007ff89b942000 	C:\WINDOWS\SYSTEM32\DBGHELP.DLL
0x00007ff8a6d80000 - 0x00007ff8a70fb000 	C:\WINDOWS\System32\combase.dll
0x00007ff8a85c0000 - 0x00007ff8a8697000 	C:\WINDOWS\System32\OLEAUT32.dll
0x00007ff88f8c0000 - 0x00007ff88f8fc000 	C:\WINDOWS\SYSTEM32\dbgcore.DLL
0x00007ff8a6810000 - 0x00007ff8a68a8000 	C:\WINDOWS\System32\bcryptPrimitives.dll
0x00007ff896bc0000 - 0x00007ff896bdf000 	C:\Program Files\Ballerina\dependencies\jdk-21.0.5+11-jre\bin\java.dll
0x00007ff8a78e0000 - 0x00007ff8a802c000 	C:\WINDOWS\System32\SHELL32.dll
0x00007ff8a6aa0000 - 0x00007ff8a6c0b000 	C:\WINDOWS\System32\wintypes.dll
0x00007ff8a3c10000 - 0x00007ff8a446d000 	C:\WINDOWS\SYSTEM32\windows.storage.dll
0x00007ff8a86f0000 - 0x00007ff8a87e2000 	C:\WINDOWS\System32\SHCORE.dll
0x00007ff8a7210000 - 0x00007ff8a7272000 	C:\WINDOWS\System32\shlwapi.dll
0x00007ff8a5ef0000 - 0x00007ff8a5f19000 	C:\WINDOWS\SYSTEM32\profapi.dll
0x00007ff89ca30000 - 0x00007ff89ca40000 	C:\Program Files\Ballerina\dependencies\jdk-21.0.5+11-jre\bin\net.dll
0x00007ff89cc60000 - 0x00007ff89cd7f000 	C:\WINDOWS\SYSTEM32\WINHTTP.dll
0x00007ff8a5310000 - 0x00007ff8a537b000 	C:\WINDOWS\system32\mswsock.dll
0x00007ff896b30000 - 0x00007ff896b46000 	C:\Program Files\Ballerina\dependencies\jdk-21.0.5+11-jre\bin\nio.dll
0x00007ff893bb0000 - 0x00007ff893bc8000 	C:\Program Files\Ballerina\dependencies\jdk-21.0.5+11-jre\bin\zip.dll
0x00007ff8a55d0000 - 0x00007ff8a55eb000 	C:\WINDOWS\SYSTEM32\CRYPTSP.dll
0x00007ff8a4d00000 - 0x00007ff8a4d3b000 	C:\WINDOWS\system32\rsaenh.dll
0x00007ff8a53b0000 - 0x00007ff8a53db000 	C:\WINDOWS\SYSTEM32\USERENV.dll
0x00007ff8a5ec0000 - 0x00007ff8a5ee6000 	C:\WINDOWS\SYSTEM32\bcrypt.dll
0x00007ff8a55c0000 - 0x00007ff8a55cc000 	C:\WINDOWS\SYSTEM32\CRYPTBASE.dll
0x00007ff8a47c0000 - 0x00007ff8a47f4000 	C:\WINDOWS\SYSTEM32\IPHLPAPI.DLL
0x00007ff8a8d70000 - 0x00007ff8a8d7a000 	C:\WINDOWS\System32\NSI.dll

dbghelp: loaded successfully - version: 4.0.5 - missing functions: none
symbol engine: initialized successfully - sym options: 0x614 - pdb path: .;C:\Program Files\Ballerina\dependencies\jdk-21.0.5+11-jre\bin;C:\WINDOWS\SYSTEM32;C:\WINDOWS\WinSxS\amd64_microsoft.windows.common-controls_6595b64144ccf1df_6.0.26100.6725_none_3e085828e334708b;C:\Program Files\Ballerina\dependencies\jdk-21.0.5+11-jre\bin\server

VM Arguments:
jvm_args: -Dballerina.home=C:\Program Files\Ballerina\distributions\ballerina-2201.12.7 
java_command: org.ballerinalang.langserver.launchers.stdio.Main
java_class_path (initial): C:\Program Files\Ballerina\distributions\ballerina-2201.12.7\bre\lib\annotations-2201.12.7.jar;C:\Program Files\Ballerina\distributions\ballerina-2201.12.7\bre\lib\array-2201.12.7.jar;C:\Program Files\Ballerina\distributions\ballerina-2201.12.7\bre\lib\asm-9.7.jar;C:\Program Files\Ballerina\distributions\ballerina-2201.12.7\bre\lib\asm-analysis-9.7.jar;C:\Program Files\Ballerina\distributions\ballerina-2201.12.7\bre\lib\asm-commons-9.7.jar;C:\Program Files\Ballerina\distributions\ballerina-2201.12.7\bre\lib\asm-tree-9.7.jar;C:\Program Files\Ballerina\distributions\ballerina-2201.12.7\bre\lib\asm-util-9.7.jar;C:\Program Files\Ballerina\distributions\ballerina-2201.12.7\bre\lib\asyncapi-cli-0.11.0.jar;C:\Program Files\Ballerina\distributions\ballerina-2201.12.7\bre\lib\atomikos-util-5.0.8.jar;C:\Program Files\Ballerina\distributions\ballerina-2201.12.7\bre\lib\axiom-api-1.4.0.jar;C:\Program Files\Ballerina\distributions\ballerina-2201.12.7\bre\lib\axiom-impl-1.4.0.jar;C:\Program Files\Ballerina\distributions\ballerina-2201.12.7\bre\lib\ballerina-bindgen-2201.12.7.jar;C:\Program Files\Ballerina\distributions\ballerina-2201.12.7\bre\lib\ballerina-cli-2201.12.7.jar;C:\Program Files\Ballerina\distributions\ballerina-2201.12.7\bre\lib\ballerina-io-internal-2201.12.7.jar;C:\Program Files\Ballerina\distributions\ballerina-2201.12.7\bre\lib\ballerina-lang-2201.12.7.jar;C:\Program Files\Ballerina\distributions\ballerina-2201.12.7\bre\lib\ballerina-linter-2201.12.7.jar;C:\Program Files\Ballerina\distributions\ballerina-2201.12.7\bre\lib\ballerina-metrics-extension-2201.12.7.jar;C:\Program Files\Ballerina\distributions\ballerina-2201.12.7\bre\lib\ballerina-parser-2201.12.7.jar;C:\Program Files\Ballerina\distributions\ballerina-2201.12.7\bre\lib\ballerina-profiler-1.0.jar;C:\Program Files\Ballerina\distributions\ballerina-2201.12.7\bre\lib\ballerina-rt-2201.12.7.jar;C:\Program Files\Ballerina\distributions\ballerina-2201.12.7\bre\lib\ballerina-to-openapi-2.3.2.jar;C:\Program Files\Ballerina\distributions\ballerina-2201.12.7\bre\lib\ballerina-tools-api-2201.12.7.jar;C:\Program Files\Ballerina\distributions\ballerina-2201.12.7\bre\lib\bool-2201.12.7.jar;C:\Program Files\Ballerina\distributions\ballerina-2201.12.7\bre\lib\central-client-2201.12.7.jar;C:\Program Files\Ballerina\distributions\ballerina-2201.12.7\bre\lib\commons-beanutils-1.9.4.jar;C:\Program Files\Ballerina\distributions\ballerina-2201.12.7\bre\lib\commons-codec-1.14.jar;C:\Program Files\Ballerina\distributions\ballerina-2201.12.7\bre\lib\commons-collections-3.2.2.jar;C:\Program Files\Ballerina\distributions\ballerina-2201.12.7\bre\lib\commons-compress-1.26.2.jar;C:\Program Files\Ballerina\distributions\ballerina-2201.12.7\bre\lib\commons-text-1.10.0.jar;C:\Program Files\Ballerina\distributions\ballerina-2201.12.7\bre\lib\compiler-0.8.9.jar;C:\Program Files\Ballerina\distributions\ballerina-2201.12.7\bre\lib\configurable-schema-generator-2201.12.7.jar;C:\Program Files\Ballerina\distributions\ballerina-2201.12.7\bre\lib\decimal-2201.12.7.jar;C:\Program Files\Ballerina\distributions\ballerina-2201.12.7\bre\lib\docerina-2201.12.7.jar;C:\Program Files\Ballerina\distributions\ballerina-2201.12.7\bre\lib\error-2201.12.7.jar;C:\Program Files\Ballerina\distributions\ballerina-2201.12.7\bre\lib\floatingpoint-2201.12.7.jar;C:\Program Files\Ballerina\distributions\ballerina-2201.12.7\bre\lib\formatter-cli-2201.12.7.jar;C:\Program Files\Ballerina\distributions\ballerina-2201.12.7\bre\lib\formatter-core-2201.12.7.jar;C:\Program Files\Ballerina\distributions\ballerina-2201.12.7\bre\lib\function-2201.12.7.jar;C:\Program Files\Ballerina\distributions\ballerina-2201.12.7\bre\lib\future-2201.12.7.jar;C:\Program Files\Ballerina\distributions\ballerina-2201.12.7\bre\lib\geronimo-stax-api_1.0_spec-1.0.1.jar;C:\Program Files\Ballerina\distributions\ballerina-2201.12.7\bre\lib\graphql-cli-0.13.0.jar;C:\Program Files\Ballerina\distributions\ballerina-2201.12.7\bre\lib\graphql-code-generator-0.13.0.jar;C:\Program Files\Ballerina\distributions\ballerina-2201.12.7\bre\lib\graphql-schema-file-generator-0.13.0.jar;C:\Program Files\Ballerina\distributions\ballerina-2201.12.7\bre\lib\gson-2.10.1.jar;C:\Program Files\Ballerina\distributions\ballerina-2201.12.7\bre\lib\identifier-util-2201.12.7.jar;C:\Program Files\Ballerina\distributions\ballerina-2201.12.7\bre\lib\integer-2201.12.7.jar;C:\Program Files\Ballerina\distributions\ballerina-2201.12.7\bre\lib\internal-2201.12.7.jar;C:\Program Files\Ballerina\distributions\ballerina-2201.12.7\bre\lib\jackson-annotations-2.15.3.jar;C:\Program Files\Ballerina\distributions\ballerina-2201.12.7\bre\lib\jackson-core-2.15.3.jar;C:\Program Files\Ballerina\distributions\ballerina-2201.12.7\bre\lib\jackson-databind-2.15.3.jar;C:\Program Files\Ballerina\distributions\ballerina-2201.12.7\bre\lib\jackson-dataformat-yaml-2.15.3.jar;C:\Program Files\Ballerina\distributions\ballerina-2201.12.7\bre\lib\jackson-datatype-jsr310-2.15.3.jar;C:\Program Files\Ballerina\distributions\ballerina-2201.12.7\bre\lib\jacocoagent.jar;C:\Program Files\Ballerina\distributions\ballerina-2201.12.7\bre\lib\jaeger-core-0.31.0.jar;C:\Program Files\Ballerina\distributions\ballerina-2201.12.7\bre\lib\jaeger-thrift-0.31.0.jar;C:\Program Files\Ballerina\distributions\ballerina-2201.12.7\bre\lib\java-diff-utils-4.5.jar;C:\Program Files\Ballerina\distributions\ballerina-2201.12.7\bre\lib\javax.mail-1.6.2.jar;C:\Program Files\Ballerina\distributions\ballerina-2201.12.7\bre\lib\javax.transaction-api-1.3.jar;C:\Program Files\Ballerina\distributions\ballerina-2201.12.7\bre\lib\jballerina.java-2201.12.7.jar;C:\Program Files\Ballerina\distributions\ballerina-2201.12.7\bre\lib\jline-3.25.0.jar;C:\Program Files\Ballerina\distributions\ballerina-2201.12.7\bre\lib\kotlin-stdlib-1.6.0.jar;C:\Program Files\Ballerina\distributions\ballerina-2201.12.7\bre\lib\kotlin-stdlib-common-1.6.0.jar;C:\Program Files\Ballerina\distributions\ballerina-2201.12.7\bre\lib\map-2201.12.7.jar;C:\Program Files\Ballerina\distributions\ballerina-2201.12.7\bre\lib\maven-resolver-2201.12.7.jar;C:\Program Files\Ballerina\distributions\ballerina-2201.12.7\bre\lib\netty-buffer-4.1.118.Final.jar;C:\Program Files\Ballerina\distributions\ballerina-2201.12.7\bre\lib\netty-common-4.1.118.Final.jar;C:\Program Files\Ballerina\distributions\ballerina-2201.12.7\bre\lib\netty-resolver-4.1.118.Final.jar;C:\Program Files\Ballerina\distributions\ballerina-2201.12.7\bre\lib\netty-transport-4.1.118.Final.jar;C:\Program Files\Ballerina\distributions\ballerina-2201.12.7\bre\lib\netty-transport-native-epoll-4.1.118.Final.jar;C:\Program Files\Ballerina\distributions\ballerina-2201.12.7\bre\lib\netty-transport-native-kqueue-4.1.118.Final.jar;C:\Program Files\Ballerina\distributions\ballerina-2201.12.7\bre\lib\object-2201.12.7.jar;C:\Program Files\Ballerina\distributions\ballerina-2201.12.7\bre\lib\okhttp-3.14.0.jar;C:\Program Files\Ballerina\distributions\ballerina-2201.12.7\bre\lib\okio-jvm-3.4.0.jar;C:\Program Files\Ballerina\distributions\ballerina-2201.12.7\bre\lib\openapi-bal-task-plugin-2.3.2.jar;C:\Program Files\Ballerina\distributions\ballerina-2201.12.7\bre\lib\openapi-build-extension-2.3.2.jar;C:\Program Files\Ballerina\distributions\ballerina-2201.12.7\bre\lib\openapi-cli-2.3.2.jar;C:\Program Files\Ballerina\distributions\ballerina-2201.12.7\bre\lib\openapi-core-2.3.2.jar;C:\Program Files\Ballerina\distributions\ballerina-2201.12.7\bre\lib\openapi-validator-2.3.2.jar;C:\Program Files\Ballerina\distributions\ballerina-2201.12.7\bre\lib\org.jacoco.core-0.8.12.jar;C:\Program Files\Ballerina\distributions\ballerina-2201.12.7\bre\lib\org.jacoco.report-0.8.12.jar;C:\Program Files\Ballerina\distributions\ballerina-2201.12.7\bre\lib\org.wso2.carbon.core-5.1.0.jar;C:\Program Files\Ballerina\distributions\ballerina-2201.12.7\bre\lib\org.wso2.carbon.messaging-2.3.7.jar;C:\Program Files\Ballerina\distributions\ballerina-2201.12.7\bre\lib\org.wso2.carbon.metrics.core-2.3.7.jar;C:\Program Files\Ballerina\distributions\ballerina-2201.12.7\bre\lib\org.wso2.securevault-1.0.0-wso2v2.jar;C:\Program Files\Ballerina\distributions\ballerina-2201.12.7\bre\lib\org.wso2.transport.http.netty-6.3.11.jar;C:\Program Files\Ballerina\distributions\ballerina-2201.12.7\bre\lib\org.wso2.transport.local-file-system-6.0.55.jar;C:\Program Files\Ballerina\distributions\ballerina-2201.12.7\bre\lib\package-semantic-analyzer-1.0.0.jar;C:\Program Files\Ballerina\distributions\ballerina-2201.12.7\bre\lib\persist-cli-1.6.0.jar;C:\Program Files\Ballerina\distributions\ballerina-2201.12.7\bre\lib\picocli-4.0.1.jar;C:\Program Files\Ballerina\distributions\ballerina-2201.12.7\bre\lib\progressbar-0.7.4.jar;C:\Program Files\Ballerina\distributions\ballerina-2201.12.7\bre\lib\protoc-cli-0.5.0.jar;C:\Program Files\Ballerina\distributions\ballerina-2201.12.7\bre\lib\query-2201.12.7.jar;C:\Program Files\Ballerina\distributions\ballerina-2201.12.7\bre\lib\regexp-2201.12.7.jar;C:\Program Files\Ballerina\distributions\ballerina-2201.12.7\bre\lib\runtime-2201.12.7.jar;C:\Program Files\Ballerina\distributions\ballerina-2201.12.7\bre\lib\semver-checker-cli-2201.12.7.jar;C:\Program Files\Ballerina\distributions\ballerina-2201.12.7\bre\lib\semver-checker-core-2201.12.7.jar;C:\Program Files\Ballerina\distributions\ballerina-2201.12.7\bre\lib\shell-cli-2201.12.7.jar;C:\Program Files\Ballerina\distributions\ballerina-2201.12.7\bre\lib\shell-core-2201.12.7.jar;C:\Program Files\Ballerina\distributions\ballerina-2201.12.7\bre\lib\snakeyaml-2.0.jar;C:\Program Files\Ballerina\distributions\ballerina-2201.12.7\bre\lib\sqlite-jdbc-3.47.0.0.jar;C:\Program Files\Ballerina\distributions\ballerina-2201.12.7\bre\lib\stax2-api-4.2.1.jar;C:\Program Files\Ballerina\distributions\ballerina-2201.12.7\bre\lib\staxon-core-1.2.0.wso2v2.jar;C:\Program Files\Ballerina\distributions\ballerina-2201.12.7\bre\lib\stream-2201.12.7.jar;C:\Program Files\Ballerina\distributions\ballerina-2201.12.7\bre\lib\string-2201.12.7.jar;C:\Program Files\Ballerina\distributions\ballerina-2201.12.7\bre\lib\syntax-api-calls-gen-2201.12.7.jar;C:\Program Files\Ballerina\distributions\ballerina-2201.12.7\bre\lib\table-2201.12.7.jar;C:\Program Files\Ballerina\distributions\ballerina-2201.12.7\bre\lib\testerina-core-2201.12.7.jar;C:\Program Files\Ballerina\distributions\ballerina-2201.12.7\bre\lib\testerina-runtime-2201.12.7.jar;C:\Program Files\Ballerina\distributions\ballerina-2201.12.7\bre\lib\toml-parser-2201.12.7.jar;C:\Program Files\Ballerina\distributions\ballerina-2201.12.7\bre\lib\transaction-2201.12.7.jar;C:\Program Files\Ballerina\distributions\ballerina-2201.12.7\bre\lib\transactions-5.0.8.jar;C:\Program Files\Ballerina\distributions\ballerina-2201.12.7\bre\lib\transactions-api-5.0.8.jar;C:\Program Files\Ballerina\distributions\ballerina-2201.12.7\bre\lib\transactions-jta-5.0.8.jar;C:\Program Files\Ballerina\distributions\ballerina-2201.12.7\bre\lib\typedesc-2201.12.7.jar;C:\Program Files\Ballerina\distributions\ballerina-2201.12.7\bre\lib\value-2201.12.7.jar;C:\Program Files\Ballerina\distributions\ballerina-2201.12.7\bre\lib\woodstox-core-6.5.0.jar;C:\Program Files\Ballerina\distributions\ballerina-2201.12.7\bre\lib\xml-2201.12.7.jar;C:\Program Files\Ballerina\distributions\ballerina-2201.12.7\lib\tools\lang-server\lib\ballerinalang-data-mapper-2201.12.7.jar;C:\Program Files\Ballerina\distributions\ballerina-2201.12.7\lib\tools\lang-server\lib\cloud-tooling-3.3.2.jar;C:\Program Files\Ballerina\distributions\ballerina-2201.12.7\lib\tools\lang-server\lib\commons-io-2.15.1.jar;C:\Program Files\Ballerina\distributions\ballerina-2201.12.7\lib\tools\lang-server\lib\guava-32.0.1-jre.jar;C:\Program Files\Ballerina\distributions\ballerina-2201.12.7\lib\tools\lang-server\lib\json-to-record-converter-2201.12.7.jar;C:\Program Files\Ballerina\distributions\ballerina-2201.12.7\lib\tools\lang-server\lib\openapi-ls-extension-2.3.2.jar;C:\Program Files\Ballerina\distributions\ballerina-2201.12.7\lib\tools\lang-server\lib\partial-parser-2201.12.7.jar;C:\Program Files\Ballerina\distributions\ballerina-2201.12.7\lib\tools\lang-server\lib\performance-analyzer-services-2201.12.7.jar;C:\Program Files\Ballerina\distributions\ballerina-2201.12.7\lib\tools\lang-server\lib\trigger-service-2201.12.7.jar;C:\Program Files\Ballerina\distributions\ballerina-2201.12.7\lib\tools\lang-server\lib\xml-to-record-converter-2201.12.7.jar;C:\Program Files\Ballerina\distributions\ballerina-2201.12.7\lib\tools\debug-adapter\lib\commons-io-2.15.1.jar;C:\Program Files\Ballerina\distributions\ballerina-2201.12.7\lib\tools\debug-adapter\lib\debug-adapter-cli-2201.12.7.jar;C:\Program Files\Ballerina\distributions\ballerina-2201.12.7\lib\tools\debug-adapter\lib\debug-adapter-core-2201.12.7.jar;C:\Program Files\Ballerina\distributions\ballerina-2201.12.7\lib\tools\debug-adapter\lib\java-semver-0.9.0.jar;c:\Users\harak\.vscode\extensions\wso2.ballerina-5.4.0\ls\ballerina-language-server-1.2.0.jar
Launcher Type: SUN_STANDARD

[Global flags]
     intx CICompilerCount                          = 4                                         {product} {ergonomic}
     uint ConcGCThreads                            = 2                                         {product} {ergonomic}
     uint G1ConcRefinementThreads                  = 8                                         {product} {ergonomic}
   size_t G1HeapRegionSize                         = 1048576                                   {product} {ergonomic}
    uintx GCDrainStackTargetSize                   = 64                                        {product} {ergonomic}
   size_t InitialHeapSize                          = 100663296                                 {product} {ergonomic}
   size_t MarkStackSize                            = 4194304                                   {product} {ergonomic}
   size_t MaxHeapSize                              = 1598029824                                {product} {ergonomic}
   size_t MaxNewSize                               = 958398464                                 {product} {ergonomic}
   size_t MinHeapDeltaBytes                        = 1048576                                   {product} {ergonomic}
   size_t MinHeapSize                              = 8388608                                   {product} {ergonomic}
    uintx NonNMethodCodeHeapSize                   = 5839372                                {pd product} {ergonomic}
    uintx NonProfiledCodeHeapSize                  = 122909434                              {pd product} {ergonomic}
    uintx ProfiledCodeHeapSize                     = 122909434                              {pd product} {ergonomic}
    uintx ReservedCodeCacheSize                    = 251658240                              {pd product} {ergonomic}
     bool SegmentedCodeCache                       = true                                      {product} {ergonomic}
   size_t SoftMaxHeapSize                          = 1598029824                             {manageable} {ergonomic}
     bool UseCompressedOops                        = true                           {product lp64_product} {ergonomic}
     bool UseG1GC                                  = true                                      {product} {ergonomic}
     bool UseLargePagesIndividualAllocation        = false                                  {pd product} {ergonomic}

Logging:
Log output configuration:
 #0: stdout all=warning uptime,level,tags foldmultilines=false
 #1: stderr all=off uptime,level,tags foldmultilines=false

Environment Variables:
JAVA_HOME=C:\Program Files\Common Files\Oracle\Java\javapath
PATH=C:\Python313\Scripts\;C:\Python313\;C:\Program Files (x86)\VMware\VMware Workstation\bin\;C:\Program Files\Common Files\Oracle\Java\javapath;C:\WINDOWS\system32;C:\WINDOWS;C:\WINDOWS\System32\Wbem;C:\WINDOWS\System32\WindowsPowerShell\v1.0\;C:\WINDOWS\System32\OpenSSH\;C:\Program Files (x86)\Microsoft SQL Server\160\DTS\Binn\;C:\Program Files (x86)\Microsoft SQL Server\160\Tools\Binn\;C:\Program Files\Microsoft SQL Server\160\Tools\Binn\;C:\Program Files\Microsoft SQL Server\Client SDK\ODBC\170\Tools\Binn\;C:\Program Files\Microsoft SQL Server\160\DTS\Binn\;C:\Users\harak\OneDrive\Desktop\Randos\Films\jdk-22_windows-x64_bin.zip\jdk-22.0.1\bin;C:\Program Files\dotnet\;C:\Program Files\Ballerina\\bin;C:\Program Files\Git\cmd;C:\Program Files\nodejs\;C:\ProgramData\chocolatey\bin;C:\kafka\bin\windows;;C:\Program Files\Docker\Docker\resources\bin;C:\Users\harak\AppData\Local\Programs\Python\Launcher\;C:\Users\harak\AppData\Local\Microsoft\WindowsApps;C:\Program Files\Azure Data Studio\bin;C:\Users\harak\Downloads\Microsoft VS Code\bin;C:\Users\harak\.dotnet\tools;C:\Users\harak\OneDrive\Desktop\Randos\IntelliJ IDEA 2024.2.3\bin;;C:\Users\harak\AppData\Local\GitHubDesktop\bin;C:\Users\harak\AppData\Roaming\npm;C:\kafka\bin\windows;
USERNAME=harak
OS=Windows_NT
PROCESSOR_IDENTIFIER=AMD64 Family 23 Model 24 Stepping 1, AuthenticAMD
TMP=C:\Users\harak\AppData\Local\Temp
TEMP=C:\Users\harak\AppData\Local\Temp




Periodic native trim disabled

---------------  S Y S T E M  ---------------

OS:
 Windows 11 , 64 bit Build 26100 (10.0.26100.6725)
OS uptime: 0 days 7:14 hours
Hyper-V role detected

CPU: total 8 (initial active 8) (8 cores per cpu, 2 threads per core) family 23 model 24 stepping 1 microcode 0x8108109, cx8, cmov, fxsr, ht, mmx, 3dnowpref, sse, sse2, sse3, ssse3, sse4a, sse4.1, sse4.2, popcnt, lzcnt, tsc, tscinvbit, avx, avx2, aes, clmul, bmi1, bmi2, adx, sha, fma, vzeroupper, clflush, clflushopt, hv, rdtscp, f16c
Processor Information for all 8 processors :
  Max Mhz: 2300, Current Mhz: 2300, Mhz Limit: 2300

Memory: 4k page, system-wide physical 6090M (453M free)
TotalPageFile size 14282M (AvailPageFile size 5M)
current process WorkingSet (physical memory assigned to process): 445M, peak: 452M
current process commit charge ("private bytes"): 867M, peak: 867M

vm_info: OpenJDK 64-Bit Server VM (21.0.5+11-LTS) for windows-amd64 JRE (21.0.5+11-LTS), built on 2024-10-15T00:00:00Z by "admin" with MS VC++ 17.7 (VS2022)

END.
