#
# There is insufficient memory for the Java Runtime Environment to continue.
# Native memory allocation (malloc) failed to allocate 1896816 bytes. Error detail: Chunk::new
# Possible reasons:
#   The system is out of physical RAM or swap space
#   This process is running with CompressedOops enabled, and the Java Heap may be blocking the growth of the native heap
# Possible solutions:
#   Reduce memory load on the system
#   Increase physical memory or swap space
#   Check if swap backing store is full
#   Decrease Java heap size (-Xmx/-Xms)
#   Decrease number of Java threads
#   Decrease Java thread stack sizes (-Xss)
#   Set larger code cache with -XX:ReservedCodeCacheSize=
#   JVM is running with Unscaled Compressed Oops mode in which the Java heap is
#     placed in the first 4GB address space. The Java Heap base address is the
#     maximum limit for the native heap growth. Please use -XX:HeapBaseMinAddress
#     to set the Java Heap base and to place the Java Heap above 4GB virtual address.
# This output file may be truncated or incomplete.
#
#  Out of Memory Error (arena.cpp:168), pid=2260, tid=13324
#
# JRE version: OpenJDK Runtime Environment Temurin-21.0.5+11 (21.0.5+11) (build 21.0.5+11-LTS)
# Java VM: OpenJDK 64-Bit Server VM Temurin-21.0.5+11 (21.0.5+11-LTS, mixed mode, tiered, compressed oops, compressed class ptrs, g1 gc, windows-amd64)
# No core dump will be written. Minidumps are not enabled by default on client versions of Windows
#

---------------  S U M M A R Y ------------

Command Line: -Dballerina.home=C:\Program Files\Ballerina\distributions\ballerina-2201.12.7 org.ballerinalang.langserver.launchers.stdio.Main

Host: AMD Ryzen 7 3700U with Radeon Vega Mobile Gfx  , 8 cores, 5G,  Windows 11 , 64 bit Build 26100 (10.0.26100.6725)
Time: Sun Oct  5 02:15:10 2025 Namibia Standard Time elapsed time: 106.467299 seconds (0d 0h 1m 46s)

---------------  T H R E A D  ---------------

Current thread (0x000001a7f12aa7f0):  JavaThread "C2 CompilerThread0" daemon [_thread_in_native, id=13324, stack(0x0000009c32f00000,0x0000009c33000000) (1024K)]


Current CompileTask:
C2:106468 11764       4       io.ballerina.compiler.internal.parser.BallerinaParser::parseRecordField (28 bytes)

Stack: [0x0000009c32f00000,0x0000009c33000000]
Native frames: (J=compiled Java code, j=interpreted, Vv=VM code, C=native code)
V  [jvm.dll+0x6cd4e9]
V  [jvm.dll+0x8a7941]
V  [jvm.dll+0x8a9e6e]
V  [jvm.dll+0x8aa543]
V  [jvm.dll+0x27f6d6]
V  [jvm.dll+0xc500d]
V  [jvm.dll+0xc5543]
V  [jvm.dll+0x3b65d2]
V  [jvm.dll+0x382835]
V  [jvm.dll+0x381c9a]
V  [jvm.dll+0x2479d0]
V  [jvm.dll+0x246faf]
V  [jvm.dll+0x1c75ce]
V  [jvm.dll+0x25682a]
V  [jvm.dll+0x254dca]
V  [jvm.dll+0x3f00d6]
V  [jvm.dll+0x8514fb]
V  [jvm.dll+0x6cbbed]
C  [ucrtbase.dll+0x37b0]
C  [KERNEL32.DLL+0x2e8d7]
C  [ntdll.dll+0x8c53c]


---------------  P R O C E S S  ---------------

Threads class SMR info:
_java_thread_list=0x000001a7fa0e9160, length=21, elements={
0x000001a7d6b20080, 0x000001a7f12b2f60, 0x000001a7f12b4130, 0x000001a7f12a7e20,
0x000001a7f12a8480, 0x000001a7f12a8ae0, 0x000001a7f12a9e60, 0x000001a7f12aa7f0,
0x000001a7f12a7110, 0x000001a7f144d5c0, 0x000001a7f14609e0, 0x000001a7f6c8e080,
0x000001a7f7f8a590, 0x000001a7f67e8ae0, 0x000001a7f7b52990, 0x000001a7f71bf4d0,
0x000001a7f7c393a0, 0x000001a7f8fc13a0, 0x000001a7f7d078c0, 0x000001a7f9745700,
0x000001a7f9742280
}

Java Threads: ( => current thread )
  0x000001a7d6b20080 JavaThread "main"                              [_thread_blocked, id=9008, stack(0x0000009c32100000,0x0000009c32200000) (1024K)]
  0x000001a7f12b2f60 JavaThread "Reference Handler"          daemon [_thread_blocked, id=5396, stack(0x0000009c32900000,0x0000009c32a00000) (1024K)]
  0x000001a7f12b4130 JavaThread "Finalizer"                  daemon [_thread_blocked, id=7228, stack(0x0000009c32a00000,0x0000009c32b00000) (1024K)]
  0x000001a7f12a7e20 JavaThread "Signal Dispatcher"          daemon [_thread_blocked, id=14652, stack(0x0000009c32b00000,0x0000009c32c00000) (1024K)]
  0x000001a7f12a8480 JavaThread "Attach Listener"            daemon [_thread_blocked, id=8644, stack(0x0000009c32c00000,0x0000009c32d00000) (1024K)]
  0x000001a7f12a8ae0 JavaThread "Service Thread"             daemon [_thread_blocked, id=9936, stack(0x0000009c32d00000,0x0000009c32e00000) (1024K)]
  0x000001a7f12a9e60 JavaThread "Monitor Deflation Thread"   daemon [_thread_blocked, id=6932, stack(0x0000009c32e00000,0x0000009c32f00000) (1024K)]
=>0x000001a7f12aa7f0 JavaThread "C2 CompilerThread0"         daemon [_thread_in_native, id=13324, stack(0x0000009c32f00000,0x0000009c33000000) (1024K)]
  0x000001a7f12a7110 JavaThread "C1 CompilerThread0"         daemon [_thread_blocked, id=10780, stack(0x0000009c33000000,0x0000009c33100000) (1024K)]
  0x000001a7f144d5c0 JavaThread "Notification Thread"        daemon [_thread_blocked, id=5564, stack(0x0000009c33100000,0x0000009c33200000) (1024K)]
  0x000001a7f14609e0 JavaThread "Common-Cleaner"             daemon [_thread_blocked, id=14040, stack(0x0000009c33200000,0x0000009c33300000) (1024K)]
  0x000001a7f6c8e080 JavaThread "pool-1-thread-1"                   [_thread_in_native, id=17536, stack(0x0000009c33b00000,0x0000009c33c00000) (1024K)]
  0x000001a7f7f8a590 JavaThread "ForkJoinPool.commonPool-worker-1" daemon [_thread_in_vm, id=10348, stack(0x0000009c33d00000,0x0000009c33e00000) (1024K)]
  0x000001a7f67e8ae0 JavaThread "ForkJoinPool.commonPool-worker-2" daemon [_thread_blocked, id=13568, stack(0x0000009c33e00000,0x0000009c33f00000) (1024K)]
  0x000001a7f7b52990 JavaThread "CompletableFutureDelayScheduler" daemon [_thread_blocked, id=10608, stack(0x0000009c34000000,0x0000009c34100000) (1024K)]
  0x000001a7f71bf4d0 JavaThread "ForkJoinPool.commonPool-worker-3" daemon [_thread_blocked, id=10212, stack(0x0000009c34100000,0x0000009c34200000) (1024K)]
  0x000001a7f7c393a0 JavaThread "ForkJoinPool.commonPool-worker-4" daemon [_thread_blocked, id=12936, stack(0x0000009c34200000,0x0000009c34300000) (1024K)]
  0x000001a7f8fc13a0 JavaThread "ForkJoinPool.commonPool-worker-5" daemon [_thread_blocked, id=10924, stack(0x0000009c34300000,0x0000009c34400000) (1024K)]
  0x000001a7f7d078c0 JavaThread "ForkJoinPool.commonPool-worker-6" daemon [_thread_blocked, id=7144, stack(0x0000009c34400000,0x0000009c34500000) (1024K)]
  0x000001a7f9745700 JavaThread "pool-2-thread-1"                   [_thread_blocked, id=17184, stack(0x0000009c34500000,0x0000009c34600000) (1024K)]
  0x000001a7f9742280 JavaThread "ForkJoinPool.commonPool-worker-7" daemon [_thread_blocked, id=20372, stack(0x0000009c34600000,0x0000009c34700000) (1024K)]
Total: 21

Other Threads:
  0x000001a7f122a550 VMThread "VM Thread"                           [id=13168, stack(0x0000009c32800000,0x0000009c32900000) (1024K)]
  0x000001a7f11a7c00 WatcherThread "VM Periodic Task Thread"        [id=3504, stack(0x0000009c32700000,0x0000009c32800000) (1024K)]
  0x000001a7d6b676f0 WorkerThread "GC Thread#0"                     [id=4936, stack(0x0000009c32200000,0x0000009c32300000) (1024K)]
  0x000001a7f1db9880 WorkerThread "GC Thread#1"                     [id=3044, stack(0x0000009c33300000,0x0000009c33400000) (1024K)]
  0x000001a7f1db7f20 WorkerThread "GC Thread#2"                     [id=2508, stack(0x0000009c33400000,0x0000009c33500000) (1024K)]
  0x000001a7f1db9140 WorkerThread "GC Thread#3"                     [id=2312, stack(0x0000009c33500000,0x0000009c33600000) (1024K)]
  0x000001a7f1db82c0 WorkerThread "GC Thread#4"                     [id=20044, stack(0x0000009c33600000,0x0000009c33700000) (1024K)]
  0x000001a7f1db8660 WorkerThread "GC Thread#5"                     [id=18448, stack(0x0000009c33700000,0x0000009c33800000) (1024K)]
  0x000001a7f1db8a00 WorkerThread "GC Thread#6"                     [id=13892, stack(0x0000009c33800000,0x0000009c33900000) (1024K)]
  0x000001a7f1db8da0 WorkerThread "GC Thread#7"                     [id=13108, stack(0x0000009c33900000,0x0000009c33a00000) (1024K)]
  0x000001a7d6b74d60 ConcurrentGCThread "G1 Main Marker"            [id=18528, stack(0x0000009c32300000,0x0000009c32400000) (1024K)]
  0x000001a7d6b75860 WorkerThread "G1 Conc#0"                       [id=18428, stack(0x0000009c32400000,0x0000009c32500000) (1024K)]
  0x000001a7f6254840 WorkerThread "G1 Conc#1"                       [id=11504, stack(0x0000009c33c00000,0x0000009c33d00000) (1024K)]
  0x000001a7f10780f0 ConcurrentGCThread "G1 Refine#0"               [id=14776, stack(0x0000009c32500000,0x0000009c32600000) (1024K)]
  0x000001a7f107a530 ConcurrentGCThread "G1 Service"                [id=5508, stack(0x0000009c32600000,0x0000009c32700000) (1024K)]
Total: 15

Threads with active compile tasks:
C2 CompilerThread0  106569 11764       4       io.ballerina.compiler.internal.parser.BallerinaParser::parseRecordField (28 bytes)
Total: 1

VM state: not at safepoint (normal execution)

VM Mutex/Monitor currently owned by a thread: None

Heap address: 0x00000000a0c00000, size: 1524 MB, Compressed Oops mode: 32-bit

CDS archive(s) not mapped
Compressed class space mapped at: 0x0000000100000000-0x0000000140000000, reserved size: 1073741824
Narrow klass base: 0x0000000000000000, Narrow klass shift: 3, Narrow klass range: 0x140000000

GC Precious Log:
 CardTable entry size: 512
 Card Set container configuration: InlinePtr #cards 5 size 8 Array Of Cards #cards 12 size 40 Howl #buckets 4 coarsen threshold 1843 Howl Bitmap #cards 512 size 80 coarsen threshold 460 Card regions per heap region 1 cards per card region 2048
 CPUs: 8 total, 8 available
 Memory: 6090M
 Large Page Support: Disabled
 NUMA Support: Disabled
 Compressed Oops: Enabled (32-bit)
 Heap Region Size: 1M
 Heap Min Capacity: 8M
 Heap Initial Capacity: 96M
 Heap Max Capacity: 1524M
 Pre-touch: Disabled
 Parallel Workers: 8
 Concurrent Workers: 2
 Concurrent Refinement Workers: 8
 Periodic GC: Disabled

Heap:
 garbage-first heap   total 630784K, used 390942K [0x00000000a0c00000, 0x0000000100000000)
  region size 1024K, 179 young (183296K), 22 survivors (22528K)
 Metaspace       used 41481K, committed 41984K, reserved 1114112K
  class space    used 3967K, committed 4224K, reserved 1048576K

Heap Regions: E=young(eden), S=young(survivor), O=old, HS=humongous(starts), HC=humongous(continues), CS=collection set, F=free, TAMS=top-at-mark-start, PB=parsable bottom
|   0|0x00000000a0c00000, 0x00000000a0d00000, 0x00000000a0d00000|100%|HS|  |TAMS 0x00000000a0c00000| PB 0x00000000a0c00000| Complete 
|   1|0x00000000a0d00000, 0x00000000a0e00000, 0x00000000a0e00000|100%|HS|  |TAMS 0x00000000a0d00000| PB 0x00000000a0d00000| Complete 
|   2|0x00000000a0e00000, 0x00000000a0f00000, 0x00000000a0f00000|100%|HS|  |TAMS 0x00000000a0e00000| PB 0x00000000a0e00000| Complete 
|   3|0x00000000a0f00000, 0x00000000a1000000, 0x00000000a1000000|100%|HS|  |TAMS 0x00000000a0f00000| PB 0x00000000a0f00000| Complete 
|   4|0x00000000a1000000, 0x00000000a1100000, 0x00000000a1100000|100%| O|  |TAMS 0x00000000a1000000| PB 0x00000000a1000000| Untracked 
|   5|0x00000000a1100000, 0x00000000a1200000, 0x00000000a1200000|100%| O|  |TAMS 0x00000000a1100000| PB 0x00000000a1100000| Untracked 
|   6|0x00000000a1200000, 0x00000000a1300000, 0x00000000a1300000|100%| O|  |TAMS 0x00000000a1200000| PB 0x00000000a1200000| Untracked 
|   7|0x00000000a1300000, 0x00000000a1400000, 0x00000000a1400000|100%| O|  |TAMS 0x00000000a1300000| PB 0x00000000a1300000| Untracked 
|   8|0x00000000a1400000, 0x00000000a1500000, 0x00000000a1500000|100%| O|  |TAMS 0x00000000a1400000| PB 0x00000000a1400000| Untracked 
|   9|0x00000000a1500000, 0x00000000a1600000, 0x00000000a1600000|100%| O|  |TAMS 0x00000000a1500000| PB 0x00000000a1500000| Untracked 
|  10|0x00000000a1600000, 0x00000000a1700000, 0x00000000a1700000|100%| O|  |TAMS 0x00000000a1600000| PB 0x00000000a1600000| Untracked 
|  11|0x00000000a1700000, 0x00000000a1800000, 0x00000000a1800000|100%| O|  |TAMS 0x00000000a1700000| PB 0x00000000a1700000| Untracked 
|  12|0x00000000a1800000, 0x00000000a1900000, 0x00000000a1900000|100%| O|  |TAMS 0x00000000a1800000| PB 0x00000000a1800000| Untracked 
|  13|0x00000000a1900000, 0x00000000a1a00000, 0x00000000a1a00000|100%| O|  |TAMS 0x00000000a1900000| PB 0x00000000a1900000| Untracked 
|  14|0x00000000a1a00000, 0x00000000a1b00000, 0x00000000a1b00000|100%| O|  |TAMS 0x00000000a1a00000| PB 0x00000000a1a00000| Untracked 
|  15|0x00000000a1b00000, 0x00000000a1c00000, 0x00000000a1c00000|100%| O|  |TAMS 0x00000000a1b00000| PB 0x00000000a1b00000| Untracked 
|  16|0x00000000a1c00000, 0x00000000a1d00000, 0x00000000a1d00000|100%| O|  |TAMS 0x00000000a1c00000| PB 0x00000000a1c00000| Untracked 
|  17|0x00000000a1d00000, 0x00000000a1e00000, 0x00000000a1e00000|100%| O|  |TAMS 0x00000000a1d00000| PB 0x00000000a1d00000| Untracked 
|  18|0x00000000a1e00000, 0x00000000a1f00000, 0x00000000a1f00000|100%| O|  |TAMS 0x00000000a1e00000| PB 0x00000000a1e00000| Untracked 
|  19|0x00000000a1f00000, 0x00000000a2000000, 0x00000000a2000000|100%| O|  |TAMS 0x00000000a1f00000| PB 0x00000000a1f00000| Untracked 
|  20|0x00000000a2000000, 0x00000000a2100000, 0x00000000a2100000|100%| O|  |TAMS 0x00000000a2000000| PB 0x00000000a2000000| Untracked 
|  21|0x00000000a2100000, 0x00000000a2200000, 0x00000000a2200000|100%| O|Cm|TAMS 0x00000000a2100000| PB 0x00000000a2100000| Complete 
|  22|0x00000000a2200000, 0x00000000a2300000, 0x00000000a2300000|100%| O|  |TAMS 0x00000000a2200000| PB 0x00000000a2200000| Untracked 
|  23|0x00000000a2300000, 0x00000000a2400000, 0x00000000a2400000|100%| O|  |TAMS 0x00000000a2300000| PB 0x00000000a2300000| Untracked 
|  24|0x00000000a2400000, 0x00000000a2500000, 0x00000000a2500000|100%| O|  |TAMS 0x00000000a2400000| PB 0x00000000a2400000| Untracked 
|  25|0x00000000a2500000, 0x00000000a2600000, 0x00000000a2600000|100%| O|  |TAMS 0x00000000a2500000| PB 0x00000000a2500000| Untracked 
|  26|0x00000000a2600000, 0x00000000a2700000, 0x00000000a2700000|100%| O|  |TAMS 0x00000000a2600000| PB 0x00000000a2600000| Untracked 
|  27|0x00000000a2700000, 0x00000000a2800000, 0x00000000a2800000|100%| O|  |TAMS 0x00000000a2700000| PB 0x00000000a2700000| Untracked 
|  28|0x00000000a2800000, 0x00000000a2900000, 0x00000000a2900000|100%| O|  |TAMS 0x00000000a2800000| PB 0x00000000a2800000| Untracked 
|  29|0x00000000a2900000, 0x00000000a2a00000, 0x00000000a2a00000|100%| O|  |TAMS 0x00000000a2900000| PB 0x00000000a2900000| Untracked 
|  30|0x00000000a2a00000, 0x00000000a2b00000, 0x00000000a2b00000|100%| O|  |TAMS 0x00000000a2a00000| PB 0x00000000a2a00000| Untracked 
|  31|0x00000000a2b00000, 0x00000000a2c00000, 0x00000000a2c00000|100%| O|  |TAMS 0x00000000a2b00000| PB 0x00000000a2b00000| Untracked 
|  32|0x00000000a2c00000, 0x00000000a2d00000, 0x00000000a2d00000|100%| O|  |TAMS 0x00000000a2c00000| PB 0x00000000a2c00000| Untracked 
|  33|0x00000000a2d00000, 0x00000000a2e00000, 0x00000000a2e00000|100%| O|  |TAMS 0x00000000a2d00000| PB 0x00000000a2d00000| Untracked 
|  34|0x00000000a2e00000, 0x00000000a2f00000, 0x00000000a2f00000|100%| O|  |TAMS 0x00000000a2e00000| PB 0x00000000a2e00000| Untracked 
|  35|0x00000000a2f00000, 0x00000000a3000000, 0x00000000a3000000|100%| O|  |TAMS 0x00000000a2f00000| PB 0x00000000a2f00000| Untracked 
|  36|0x00000000a3000000, 0x00000000a3100000, 0x00000000a3100000|100%| O|  |TAMS 0x00000000a3000000| PB 0x00000000a3000000| Untracked 
|  37|0x00000000a3100000, 0x00000000a3200000, 0x00000000a3200000|100%| O|  |TAMS 0x00000000a3100000| PB 0x00000000a3100000| Untracked 
|  38|0x00000000a3200000, 0x00000000a3300000, 0x00000000a3300000|100%| O|  |TAMS 0x00000000a3200000| PB 0x00000000a3200000| Untracked 
|  39|0x00000000a3300000, 0x00000000a3400000, 0x00000000a3400000|100%| O|  |TAMS 0x00000000a3300000| PB 0x00000000a3300000| Untracked 
|  40|0x00000000a3400000, 0x00000000a3500000, 0x00000000a3500000|100%| O|  |TAMS 0x00000000a3400000| PB 0x00000000a3400000| Untracked 
|  41|0x00000000a3500000, 0x00000000a3600000, 0x00000000a3600000|100%| O|  |TAMS 0x00000000a3500000| PB 0x00000000a3500000| Untracked 
|  42|0x00000000a3600000, 0x00000000a3700000, 0x00000000a3700000|100%| O|  |TAMS 0x00000000a3600000| PB 0x00000000a3600000| Untracked 
|  43|0x00000000a3700000, 0x00000000a3800000, 0x00000000a3800000|100%| O|  |TAMS 0x00000000a3700000| PB 0x00000000a3700000| Untracked 
|  44|0x00000000a3800000, 0x00000000a3900000, 0x00000000a3900000|100%| O|  |TAMS 0x00000000a3800000| PB 0x00000000a3800000| Untracked 
|  45|0x00000000a3900000, 0x00000000a3a00000, 0x00000000a3a00000|100%| O|Cm|TAMS 0x00000000a3900000| PB 0x00000000a3900000| Complete 
|  46|0x00000000a3a00000, 0x00000000a3b00000, 0x00000000a3b00000|100%| O|  |TAMS 0x00000000a3a00000| PB 0x00000000a3a00000| Untracked 
|  47|0x00000000a3b00000, 0x00000000a3c00000, 0x00000000a3c00000|100%| O|  |TAMS 0x00000000a3b00000| PB 0x00000000a3b00000| Untracked 
|  48|0x00000000a3c00000, 0x00000000a3d00000, 0x00000000a3d00000|100%| O|  |TAMS 0x00000000a3c00000| PB 0x00000000a3c00000| Untracked 
|  49|0x00000000a3d00000, 0x00000000a3e00000, 0x00000000a3e00000|100%| O|  |TAMS 0x00000000a3d00000| PB 0x00000000a3d00000| Untracked 
|  50|0x00000000a3e00000, 0x00000000a3f00000, 0x00000000a3f00000|100%| O|  |TAMS 0x00000000a3e00000| PB 0x00000000a3e00000| Untracked 
|  51|0x00000000a3f00000, 0x00000000a4000000, 0x00000000a4000000|100%| O|  |TAMS 0x00000000a3f00000| PB 0x00000000a3f00000| Untracked 
|  52|0x00000000a4000000, 0x00000000a4100000, 0x00000000a4100000|100%|HS|  |TAMS 0x00000000a4000000| PB 0x00000000a4000000| Complete 
|  53|0x00000000a4100000, 0x00000000a4200000, 0x00000000a4200000|100%|HC|  |TAMS 0x00000000a4100000| PB 0x00000000a4100000| Complete 
|  54|0x00000000a4200000, 0x00000000a4300000, 0x00000000a4300000|100%|HC|  |TAMS 0x00000000a4200000| PB 0x00000000a4200000| Complete 
|  55|0x00000000a4300000, 0x00000000a4400000, 0x00000000a4400000|100%| O|  |TAMS 0x00000000a4300000| PB 0x00000000a4300000| Untracked 
|  56|0x00000000a4400000, 0x00000000a4500000, 0x00000000a4500000|100%|HS|  |TAMS 0x00000000a4400000| PB 0x00000000a4400000| Complete 
|  57|0x00000000a4500000, 0x00000000a4600000, 0x00000000a4600000|100%|HC|  |TAMS 0x00000000a4500000| PB 0x00000000a4500000| Complete 
|  58|0x00000000a4600000, 0x00000000a4700000, 0x00000000a4700000|100%|HC|  |TAMS 0x00000000a4600000| PB 0x00000000a4600000| Complete 
|  59|0x00000000a4700000, 0x00000000a4800000, 0x00000000a4800000|100%| O|  |TAMS 0x00000000a4700000| PB 0x00000000a4700000| Untracked 
|  60|0x00000000a4800000, 0x00000000a4900000, 0x00000000a4900000|100%| O|  |TAMS 0x00000000a4800000| PB 0x00000000a4800000| Untracked 
|  61|0x00000000a4900000, 0x00000000a4a00000, 0x00000000a4a00000|100%| O|  |TAMS 0x00000000a4900000| PB 0x00000000a4900000| Untracked 
|  62|0x00000000a4a00000, 0x00000000a4b00000, 0x00000000a4b00000|100%| O|  |TAMS 0x00000000a4a00000| PB 0x00000000a4a00000| Untracked 
|  63|0x00000000a4b00000, 0x00000000a4c00000, 0x00000000a4c00000|100%| O|  |TAMS 0x00000000a4b00000| PB 0x00000000a4b00000| Untracked 
|  64|0x00000000a4c00000, 0x00000000a4d00000, 0x00000000a4d00000|100%| O|  |TAMS 0x00000000a4c00000| PB 0x00000000a4c00000| Untracked 
|  65|0x00000000a4d00000, 0x00000000a4e00000, 0x00000000a4e00000|100%| O|  |TAMS 0x00000000a4d00000| PB 0x00000000a4d00000| Untracked 
|  66|0x00000000a4e00000, 0x00000000a4f00000, 0x00000000a4f00000|100%| O|  |TAMS 0x00000000a4e00000| PB 0x00000000a4e00000| Untracked 
|  67|0x00000000a4f00000, 0x00000000a5000000, 0x00000000a5000000|100%| O|  |TAMS 0x00000000a4f00000| PB 0x00000000a4f00000| Untracked 
|  68|0x00000000a5000000, 0x00000000a5100000, 0x00000000a5100000|100%| O|  |TAMS 0x00000000a5000000| PB 0x00000000a5000000| Untracked 
|  69|0x00000000a5100000, 0x00000000a5200000, 0x00000000a5200000|100%| O|  |TAMS 0x00000000a5100000| PB 0x00000000a5100000| Untracked 
|  70|0x00000000a5200000, 0x00000000a5300000, 0x00000000a5300000|100%| O|  |TAMS 0x00000000a5200000| PB 0x00000000a5200000| Untracked 
|  71|0x00000000a5300000, 0x00000000a5400000, 0x00000000a5400000|100%| O|  |TAMS 0x00000000a5300000| PB 0x00000000a5300000| Untracked 
|  72|0x00000000a5400000, 0x00000000a5500000, 0x00000000a5500000|100%| O|  |TAMS 0x00000000a5400000| PB 0x00000000a5400000| Untracked 
|  73|0x00000000a5500000, 0x00000000a5600000, 0x00000000a5600000|100%| O|  |TAMS 0x00000000a5500000| PB 0x00000000a5500000| Untracked 
|  74|0x00000000a5600000, 0x00000000a5700000, 0x00000000a5700000|100%| O|  |TAMS 0x00000000a5600000| PB 0x00000000a5600000| Untracked 
|  75|0x00000000a5700000, 0x00000000a5800000, 0x00000000a5800000|100%| O|  |TAMS 0x00000000a5700000| PB 0x00000000a5700000| Untracked 
|  76|0x00000000a5800000, 0x00000000a5900000, 0x00000000a5900000|100%| O|  |TAMS 0x00000000a5800000| PB 0x00000000a5800000| Untracked 
|  77|0x00000000a5900000, 0x00000000a5a00000, 0x00000000a5a00000|100%| O|  |TAMS 0x00000000a5900000| PB 0x00000000a5900000| Untracked 
|  78|0x00000000a5a00000, 0x00000000a5b00000, 0x00000000a5b00000|100%| O|  |TAMS 0x00000000a5a00000| PB 0x00000000a5a00000| Untracked 
|  79|0x00000000a5b00000, 0x00000000a5c00000, 0x00000000a5c00000|100%| O|  |TAMS 0x00000000a5b00000| PB 0x00000000a5b00000| Untracked 
|  80|0x00000000a5c00000, 0x00000000a5d00000, 0x00000000a5d00000|100%| O|  |TAMS 0x00000000a5c00000| PB 0x00000000a5c00000| Untracked 
|  81|0x00000000a5d00000, 0x00000000a5e00000, 0x00000000a5e00000|100%| O|  |TAMS 0x00000000a5d00000| PB 0x00000000a5d00000| Untracked 
|  82|0x00000000a5e00000, 0x00000000a5f00000, 0x00000000a5f00000|100%| O|  |TAMS 0x00000000a5e00000| PB 0x00000000a5e00000| Untracked 
|  83|0x00000000a5f00000, 0x00000000a6000000, 0x00000000a6000000|100%| O|  |TAMS 0x00000000a5f00000| PB 0x00000000a5f00000| Untracked 
|  84|0x00000000a6000000, 0x00000000a6100000, 0x00000000a6100000|100%| O|  |TAMS 0x00000000a6000000| PB 0x00000000a6000000| Untracked 
|  85|0x00000000a6100000, 0x00000000a6200000, 0x00000000a6200000|100%| O|  |TAMS 0x00000000a6100000| PB 0x00000000a6100000| Untracked 
|  86|0x00000000a6200000, 0x00000000a6300000, 0x00000000a6300000|100%| O|  |TAMS 0x00000000a6200000| PB 0x00000000a6200000| Untracked 
|  87|0x00000000a6300000, 0x00000000a6400000, 0x00000000a6400000|100%| O|  |TAMS 0x00000000a6300000| PB 0x00000000a6300000| Untracked 
|  88|0x00000000a6400000, 0x00000000a6500000, 0x00000000a6500000|100%| O|  |TAMS 0x00000000a6400000| PB 0x00000000a6400000| Untracked 
|  89|0x00000000a6500000, 0x00000000a6600000, 0x00000000a6600000|100%| O|  |TAMS 0x00000000a6500000| PB 0x00000000a6500000| Untracked 
|  90|0x00000000a6600000, 0x00000000a6700000, 0x00000000a6700000|100%| O|  |TAMS 0x00000000a6600000| PB 0x00000000a6600000| Untracked 
|  91|0x00000000a6700000, 0x00000000a6800000, 0x00000000a6800000|100%| O|  |TAMS 0x00000000a6700000| PB 0x00000000a6700000| Untracked 
|  92|0x00000000a6800000, 0x00000000a6900000, 0x00000000a6900000|100%| O|  |TAMS 0x00000000a6800000| PB 0x00000000a6800000| Untracked 
|  93|0x00000000a6900000, 0x00000000a6a00000, 0x00000000a6a00000|100%| O|  |TAMS 0x00000000a6900000| PB 0x00000000a6900000| Untracked 
|  94|0x00000000a6a00000, 0x00000000a6b00000, 0x00000000a6b00000|100%| O|  |TAMS 0x00000000a6a00000| PB 0x00000000a6a00000| Untracked 
|  95|0x00000000a6b00000, 0x00000000a6c00000, 0x00000000a6c00000|100%| O|  |TAMS 0x00000000a6b00000| PB 0x00000000a6b00000| Untracked 
|  96|0x00000000a6c00000, 0x00000000a6d00000, 0x00000000a6d00000|100%| O|  |TAMS 0x00000000a6c00000| PB 0x00000000a6c00000| Untracked 
|  97|0x00000000a6d00000, 0x00000000a6e00000, 0x00000000a6e00000|100%| O|Cm|TAMS 0x00000000a6d00000| PB 0x00000000a6d00000| Complete 
|  98|0x00000000a6e00000, 0x00000000a6f00000, 0x00000000a6f00000|100%| O|  |TAMS 0x00000000a6e00000| PB 0x00000000a6e00000| Untracked 
|  99|0x00000000a6f00000, 0x00000000a7000000, 0x00000000a7000000|100%| O|  |TAMS 0x00000000a6f00000| PB 0x00000000a6f00000| Untracked 
| 100|0x00000000a7000000, 0x00000000a7100000, 0x00000000a7100000|100%| O|  |TAMS 0x00000000a7000000| PB 0x00000000a7000000| Untracked 
| 101|0x00000000a7100000, 0x00000000a7200000, 0x00000000a7200000|100%| O|  |TAMS 0x00000000a7100000| PB 0x00000000a7100000| Untracked 
| 102|0x00000000a7200000, 0x00000000a7300000, 0x00000000a7300000|100%| O|  |TAMS 0x00000000a7200000| PB 0x00000000a7200000| Untracked 
| 103|0x00000000a7300000, 0x00000000a7400000, 0x00000000a7400000|100%| O|  |TAMS 0x00000000a7300000| PB 0x00000000a7300000| Untracked 
| 104|0x00000000a7400000, 0x00000000a7500000, 0x00000000a7500000|100%| O|  |TAMS 0x00000000a7400000| PB 0x00000000a7400000| Untracked 
| 105|0x00000000a7500000, 0x00000000a7600000, 0x00000000a7600000|100%| O|  |TAMS 0x00000000a7500000| PB 0x00000000a7500000| Untracked 
| 106|0x00000000a7600000, 0x00000000a7700000, 0x00000000a7700000|100%| O|  |TAMS 0x00000000a7600000| PB 0x00000000a7600000| Untracked 
| 107|0x00000000a7700000, 0x00000000a7800000, 0x00000000a7800000|100%| O|  |TAMS 0x00000000a7700000| PB 0x00000000a7700000| Untracked 
| 108|0x00000000a7800000, 0x00000000a7900000, 0x00000000a7900000|100%| O|  |TAMS 0x00000000a7800000| PB 0x00000000a7800000| Untracked 
| 109|0x00000000a7900000, 0x00000000a7a00000, 0x00000000a7a00000|100%| O|  |TAMS 0x00000000a7900000| PB 0x00000000a7900000| Untracked 
| 110|0x00000000a7a00000, 0x00000000a7b00000, 0x00000000a7b00000|100%| O|  |TAMS 0x00000000a7a00000| PB 0x00000000a7a00000| Untracked 
| 111|0x00000000a7b00000, 0x00000000a7c00000, 0x00000000a7c00000|100%| O|  |TAMS 0x00000000a7b00000| PB 0x00000000a7b00000| Untracked 
| 112|0x00000000a7c00000, 0x00000000a7d00000, 0x00000000a7d00000|100%| O|  |TAMS 0x00000000a7c00000| PB 0x00000000a7c00000| Untracked 
| 113|0x00000000a7d00000, 0x00000000a7e00000, 0x00000000a7e00000|100%| O|  |TAMS 0x00000000a7d00000| PB 0x00000000a7d00000| Untracked 
| 114|0x00000000a7e00000, 0x00000000a7e00000, 0x00000000a7f00000|  0%| F|  |TAMS 0x00000000a7e00000| PB 0x00000000a7e00000| Untracked 
| 115|0x00000000a7f00000, 0x00000000a8000000, 0x00000000a8000000|100%|HS|  |TAMS 0x00000000a7f00000| PB 0x00000000a7f00000| Complete 
| 116|0x00000000a8000000, 0x00000000a8100000, 0x00000000a8100000|100%|HS|  |TAMS 0x00000000a8000000| PB 0x00000000a8000000| Complete 
| 117|0x00000000a8100000, 0x00000000a8100000, 0x00000000a8200000|  0%| F|  |TAMS 0x00000000a8100000| PB 0x00000000a8100000| Untracked 
| 118|0x00000000a8200000, 0x00000000a8300000, 0x00000000a8300000|100%| O|  |TAMS 0x00000000a8200000| PB 0x00000000a8200000| Untracked 
| 119|0x00000000a8300000, 0x00000000a8300000, 0x00000000a8400000|  0%| F|  |TAMS 0x00000000a8300000| PB 0x00000000a8300000| Untracked 
| 120|0x00000000a8400000, 0x00000000a8400000, 0x00000000a8500000|  0%| F|  |TAMS 0x00000000a8400000| PB 0x00000000a8400000| Untracked 
| 121|0x00000000a8500000, 0x00000000a8500000, 0x00000000a8600000|  0%| F|  |TAMS 0x00000000a8500000| PB 0x00000000a8500000| Untracked 
| 122|0x00000000a8600000, 0x00000000a8600000, 0x00000000a8700000|  0%| F|  |TAMS 0x00000000a8600000| PB 0x00000000a8600000| Untracked 
| 123|0x00000000a8700000, 0x00000000a8800000, 0x00000000a8800000|100%| O|  |TAMS 0x00000000a8700000| PB 0x00000000a8700000| Untracked 
| 124|0x00000000a8800000, 0x00000000a8900000, 0x00000000a8900000|100%|HS|  |TAMS 0x00000000a8800000| PB 0x00000000a8800000| Complete 
| 125|0x00000000a8900000, 0x00000000a8a00000, 0x00000000a8a00000|100%|HC|  |TAMS 0x00000000a8900000| PB 0x00000000a8900000| Complete 
| 126|0x00000000a8a00000, 0x00000000a8b00000, 0x00000000a8b00000|100%|HC|  |TAMS 0x00000000a8a00000| PB 0x00000000a8a00000| Complete 
| 127|0x00000000a8b00000, 0x00000000a8c00000, 0x00000000a8c00000|100%|HS|  |TAMS 0x00000000a8b00000| PB 0x00000000a8b00000| Complete 
| 128|0x00000000a8c00000, 0x00000000a8d00000, 0x00000000a8d00000|100%|HC|  |TAMS 0x00000000a8c00000| PB 0x00000000a8c00000| Complete 
| 129|0x00000000a8d00000, 0x00000000a8e00000, 0x00000000a8e00000|100%|HC|  |TAMS 0x00000000a8d00000| PB 0x00000000a8d00000| Complete 
| 130|0x00000000a8e00000, 0x00000000a8f00000, 0x00000000a8f00000|100%| O|  |TAMS 0x00000000a8e00000| PB 0x00000000a8e00000| Untracked 
| 131|0x00000000a8f00000, 0x00000000a9000000, 0x00000000a9000000|100%| O|  |TAMS 0x00000000a8f00000| PB 0x00000000a8f00000| Untracked 
| 132|0x00000000a9000000, 0x00000000a9100000, 0x00000000a9100000|100%| O|  |TAMS 0x00000000a9000000| PB 0x00000000a9000000| Untracked 
| 133|0x00000000a9100000, 0x00000000a9200000, 0x00000000a9200000|100%| O|  |TAMS 0x00000000a9100000| PB 0x00000000a9100000| Untracked 
| 134|0x00000000a9200000, 0x00000000a9300000, 0x00000000a9300000|100%| O|  |TAMS 0x00000000a9200000| PB 0x00000000a9200000| Untracked 
| 135|0x00000000a9300000, 0x00000000a9400000, 0x00000000a9400000|100%| O|  |TAMS 0x00000000a9300000| PB 0x00000000a9300000| Untracked 
| 136|0x00000000a9400000, 0x00000000a9500000, 0x00000000a9500000|100%| O|  |TAMS 0x00000000a9400000| PB 0x00000000a9400000| Untracked 
| 137|0x00000000a9500000, 0x00000000a9600000, 0x00000000a9600000|100%| O|  |TAMS 0x00000000a9500000| PB 0x00000000a9500000| Untracked 
| 138|0x00000000a9600000, 0x00000000a9700000, 0x00000000a9700000|100%| O|Cm|TAMS 0x00000000a9600000| PB 0x00000000a9600000| Complete 
| 139|0x00000000a9700000, 0x00000000a9800000, 0x00000000a9800000|100%| O|  |TAMS 0x00000000a9700000| PB 0x00000000a9700000| Untracked 
| 140|0x00000000a9800000, 0x00000000a9800000, 0x00000000a9900000|  0%| F|  |TAMS 0x00000000a9800000| PB 0x00000000a9800000| Untracked 
| 141|0x00000000a9900000, 0x00000000a9900000, 0x00000000a9a00000|  0%| F|  |TAMS 0x00000000a9900000| PB 0x00000000a9900000| Untracked 
| 142|0x00000000a9a00000, 0x00000000a9a00000, 0x00000000a9b00000|  0%| F|  |TAMS 0x00000000a9a00000| PB 0x00000000a9a00000| Untracked 
| 143|0x00000000a9b00000, 0x00000000a9b00000, 0x00000000a9c00000|  0%| F|  |TAMS 0x00000000a9b00000| PB 0x00000000a9b00000| Untracked 
| 144|0x00000000a9c00000, 0x00000000a9c00000, 0x00000000a9d00000|  0%| F|  |TAMS 0x00000000a9c00000| PB 0x00000000a9c00000| Untracked 
| 145|0x00000000a9d00000, 0x00000000a9d00000, 0x00000000a9e00000|  0%| F|  |TAMS 0x00000000a9d00000| PB 0x00000000a9d00000| Untracked 
| 146|0x00000000a9e00000, 0x00000000a9e00000, 0x00000000a9f00000|  0%| F|  |TAMS 0x00000000a9e00000| PB 0x00000000a9e00000| Untracked 
| 147|0x00000000a9f00000, 0x00000000a9f00000, 0x00000000aa000000|  0%| F|  |TAMS 0x00000000a9f00000| PB 0x00000000a9f00000| Untracked 
| 148|0x00000000aa000000, 0x00000000aa000000, 0x00000000aa100000|  0%| F|  |TAMS 0x00000000aa000000| PB 0x00000000aa000000| Untracked 
| 149|0x00000000aa100000, 0x00000000aa100000, 0x00000000aa200000|  0%| F|  |TAMS 0x00000000aa100000| PB 0x00000000aa100000| Untracked 
| 150|0x00000000aa200000, 0x00000000aa200000, 0x00000000aa300000|  0%| F|  |TAMS 0x00000000aa200000| PB 0x00000000aa200000| Untracked 
| 151|0x00000000aa300000, 0x00000000aa300000, 0x00000000aa400000|  0%| F|  |TAMS 0x00000000aa300000| PB 0x00000000aa300000| Untracked 
| 152|0x00000000aa400000, 0x00000000aa400000, 0x00000000aa500000|  0%| F|  |TAMS 0x00000000aa400000| PB 0x00000000aa400000| Untracked 
| 153|0x00000000aa500000, 0x00000000aa600000, 0x00000000aa600000|100%| O|  |TAMS 0x00000000aa500000| PB 0x00000000aa500000| Untracked 
| 154|0x00000000aa600000, 0x00000000aa700000, 0x00000000aa700000|100%| O|  |TAMS 0x00000000aa600000| PB 0x00000000aa600000| Untracked 
| 155|0x00000000aa700000, 0x00000000aa700000, 0x00000000aa800000|  0%| F|  |TAMS 0x00000000aa700000| PB 0x00000000aa700000| Untracked 
| 156|0x00000000aa800000, 0x00000000aa900000, 0x00000000aa900000|100%| O|  |TAMS 0x00000000aa800000| PB 0x00000000aa800000| Untracked 
| 157|0x00000000aa900000, 0x00000000aaa00000, 0x00000000aaa00000|100%| O|  |TAMS 0x00000000aa900000| PB 0x00000000aa900000| Untracked 
| 158|0x00000000aaa00000, 0x00000000aab00000, 0x00000000aab00000|100%| O|  |TAMS 0x00000000aaa00000| PB 0x00000000aaa00000| Untracked 
| 159|0x00000000aab00000, 0x00000000aac00000, 0x00000000aac00000|100%| O|  |TAMS 0x00000000aab00000| PB 0x00000000aab00000| Untracked 
| 160|0x00000000aac00000, 0x00000000aad00000, 0x00000000aad00000|100%| O|  |TAMS 0x00000000aac00000| PB 0x00000000aac00000| Untracked 
| 161|0x00000000aad00000, 0x00000000aae00000, 0x00000000aae00000|100%| O|  |TAMS 0x00000000aad00000| PB 0x00000000aad00000| Untracked 
| 162|0x00000000aae00000, 0x00000000aaf00000, 0x00000000aaf00000|100%| O|  |TAMS 0x00000000aae00000| PB 0x00000000aae00000| Untracked 
| 163|0x00000000aaf00000, 0x00000000ab000000, 0x00000000ab000000|100%| O|  |TAMS 0x00000000aaf00000| PB 0x00000000aaf00000| Untracked 
| 164|0x00000000ab000000, 0x00000000ab100000, 0x00000000ab100000|100%| O|  |TAMS 0x00000000ab000000| PB 0x00000000ab000000| Untracked 
| 165|0x00000000ab100000, 0x00000000ab200000, 0x00000000ab200000|100%| O|  |TAMS 0x00000000ab100000| PB 0x00000000ab100000| Untracked 
| 166|0x00000000ab200000, 0x00000000ab300000, 0x00000000ab300000|100%| O|  |TAMS 0x00000000ab200000| PB 0x00000000ab200000| Untracked 
| 167|0x00000000ab300000, 0x00000000ab400000, 0x00000000ab400000|100%| O|  |TAMS 0x00000000ab300000| PB 0x00000000ab300000| Untracked 
| 168|0x00000000ab400000, 0x00000000ab500000, 0x00000000ab500000|100%| O|  |TAMS 0x00000000ab400000| PB 0x00000000ab400000| Untracked 
| 169|0x00000000ab500000, 0x00000000ab600000, 0x00000000ab600000|100%| O|  |TAMS 0x00000000ab500000| PB 0x00000000ab500000| Untracked 
| 170|0x00000000ab600000, 0x00000000ab600000, 0x00000000ab700000|  0%| F|  |TAMS 0x00000000ab600000| PB 0x00000000ab600000| Untracked 
| 171|0x00000000ab700000, 0x00000000ab800000, 0x00000000ab800000|100%| O|  |TAMS 0x00000000ab700000| PB 0x00000000ab700000| Untracked 
| 172|0x00000000ab800000, 0x00000000ab800000, 0x00000000ab900000|  0%| F|  |TAMS 0x00000000ab800000| PB 0x00000000ab800000| Untracked 
| 173|0x00000000ab900000, 0x00000000aba00000, 0x00000000aba00000|100%| O|  |TAMS 0x00000000ab900000| PB 0x00000000ab900000| Untracked 
| 174|0x00000000aba00000, 0x00000000abb00000, 0x00000000abb00000|100%| O|Cm|TAMS 0x00000000aba00000| PB 0x00000000aba00000| Complete 
| 175|0x00000000abb00000, 0x00000000abc00000, 0x00000000abc00000|100%| O|Cm|TAMS 0x00000000abb00000| PB 0x00000000abb00000| Complete 
| 176|0x00000000abc00000, 0x00000000abd00000, 0x00000000abd00000|100%| O|  |TAMS 0x00000000abc00000| PB 0x00000000abc00000| Untracked 
| 177|0x00000000abd00000, 0x00000000abd00000, 0x00000000abe00000|  0%| F|  |TAMS 0x00000000abd00000| PB 0x00000000abd00000| Untracked 
| 178|0x00000000abe00000, 0x00000000abf00000, 0x00000000abf00000|100%| O|  |TAMS 0x00000000abe00000| PB 0x00000000abe00000| Untracked 
| 179|0x00000000abf00000, 0x00000000ac000000, 0x00000000ac000000|100%| O|  |TAMS 0x00000000abf00000| PB 0x00000000abf00000| Untracked 
| 180|0x00000000ac000000, 0x00000000ac100000, 0x00000000ac100000|100%| O|  |TAMS 0x00000000ac000000| PB 0x00000000ac000000| Untracked 
| 181|0x00000000ac100000, 0x00000000ac200000, 0x00000000ac200000|100%| O|  |TAMS 0x00000000ac100000| PB 0x00000000ac100000| Untracked 
| 182|0x00000000ac200000, 0x00000000ac300000, 0x00000000ac300000|100%| O|  |TAMS 0x00000000ac200000| PB 0x00000000ac200000| Untracked 
| 183|0x00000000ac300000, 0x00000000ac400000, 0x00000000ac400000|100%| O|  |TAMS 0x00000000ac300000| PB 0x00000000ac300000| Untracked 
| 184|0x00000000ac400000, 0x00000000ac500000, 0x00000000ac500000|100%| O|  |TAMS 0x00000000ac400000| PB 0x00000000ac400000| Untracked 
| 185|0x00000000ac500000, 0x00000000ac600000, 0x00000000ac600000|100%| O|  |TAMS 0x00000000ac500000| PB 0x00000000ac500000| Untracked 
| 186|0x00000000ac600000, 0x00000000ac700000, 0x00000000ac700000|100%| O|  |TAMS 0x00000000ac600000| PB 0x00000000ac600000| Untracked 
| 187|0x00000000ac700000, 0x00000000ac800000, 0x00000000ac800000|100%| O|  |TAMS 0x00000000ac700000| PB 0x00000000ac700000| Untracked 
| 188|0x00000000ac800000, 0x00000000ac900000, 0x00000000ac900000|100%| O|  |TAMS 0x00000000ac800000| PB 0x00000000ac800000| Untracked 
| 189|0x00000000ac900000, 0x00000000aca00000, 0x00000000aca00000|100%| O|  |TAMS 0x00000000ac900000| PB 0x00000000ac900000| Untracked 
| 190|0x00000000aca00000, 0x00000000acb00000, 0x00000000acb00000|100%| O|  |TAMS 0x00000000aca00000| PB 0x00000000aca00000| Untracked 
| 191|0x00000000acb00000, 0x00000000acb00000, 0x00000000acc00000|  0%| F|  |TAMS 0x00000000acb00000| PB 0x00000000acb00000| Untracked 
| 192|0x00000000acc00000, 0x00000000acd00000, 0x00000000acd00000|100%| O|Cm|TAMS 0x00000000acc00000| PB 0x00000000acc00000| Complete 
| 193|0x00000000acd00000, 0x00000000acd00000, 0x00000000ace00000|  0%| F|  |TAMS 0x00000000acd00000| PB 0x00000000acd00000| Untracked 
| 194|0x00000000ace00000, 0x00000000acf00000, 0x00000000acf00000|100%| O|Cm|TAMS 0x00000000ace00000| PB 0x00000000ace00000| Complete 
| 195|0x00000000acf00000, 0x00000000acf00000, 0x00000000ad000000|  0%| F|  |TAMS 0x00000000acf00000| PB 0x00000000acf00000| Untracked 
| 196|0x00000000ad000000, 0x00000000ad100000, 0x00000000ad100000|100%| O|Cm|TAMS 0x00000000ad000000| PB 0x00000000ad000000| Complete 
| 197|0x00000000ad100000, 0x00000000ad200000, 0x00000000ad200000|100%| O|  |TAMS 0x00000000ad100000| PB 0x00000000ad100000| Untracked 
| 198|0x00000000ad200000, 0x00000000ad300000, 0x00000000ad300000|100%| O|  |TAMS 0x00000000ad200000| PB 0x00000000ad200000| Untracked 
| 199|0x00000000ad300000, 0x00000000ad300000, 0x00000000ad400000|  0%| F|  |TAMS 0x00000000ad300000| PB 0x00000000ad300000| Untracked 
| 200|0x00000000ad400000, 0x00000000ad400000, 0x00000000ad500000|  0%| F|  |TAMS 0x00000000ad400000| PB 0x00000000ad400000| Untracked 
| 201|0x00000000ad500000, 0x00000000ad500000, 0x00000000ad600000|  0%| F|  |TAMS 0x00000000ad500000| PB 0x00000000ad500000| Untracked 
| 202|0x00000000ad600000, 0x00000000ad600000, 0x00000000ad700000|  0%| F|  |TAMS 0x00000000ad600000| PB 0x00000000ad600000| Untracked 
| 203|0x00000000ad700000, 0x00000000ad800000, 0x00000000ad800000|100%| O|Cm|TAMS 0x00000000ad700000| PB 0x00000000ad700000| Complete 
| 204|0x00000000ad800000, 0x00000000ad900000, 0x00000000ad900000|100%| O|Cm|TAMS 0x00000000ad800000| PB 0x00000000ad800000| Complete 
| 205|0x00000000ad900000, 0x00000000ada00000, 0x00000000ada00000|100%| O|Cm|TAMS 0x00000000ad900000| PB 0x00000000ad900000| Complete 
| 206|0x00000000ada00000, 0x00000000adb00000, 0x00000000adb00000|100%| O|Cm|TAMS 0x00000000ada00000| PB 0x00000000ada00000| Complete 
| 207|0x00000000adb00000, 0x00000000adc00000, 0x00000000adc00000|100%| O|Cm|TAMS 0x00000000adb00000| PB 0x00000000adb00000| Complete 
| 208|0x00000000adc00000, 0x00000000add00000, 0x00000000add00000|100%| O|Cm|TAMS 0x00000000adc00000| PB 0x00000000adc00000| Complete 
| 209|0x00000000add00000, 0x00000000ade00000, 0x00000000ade00000|100%| O|Cm|TAMS 0x00000000add00000| PB 0x00000000add00000| Complete 
| 210|0x00000000ade00000, 0x00000000adf00000, 0x00000000adf00000|100%| O|  |TAMS 0x00000000ade00000| PB 0x00000000ade00000| Untracked 
| 211|0x00000000adf00000, 0x00000000ae000000, 0x00000000ae000000|100%| O|Cm|TAMS 0x00000000adf00000| PB 0x00000000adf00000| Complete 
| 212|0x00000000ae000000, 0x00000000ae047880, 0x00000000ae100000| 27%| S|CS|TAMS 0x00000000ae000000| PB 0x00000000ae000000| Complete 
| 213|0x00000000ae100000, 0x00000000ae200000, 0x00000000ae200000|100%| S|CS|TAMS 0x00000000ae100000| PB 0x00000000ae100000| Complete 
| 214|0x00000000ae200000, 0x00000000ae300000, 0x00000000ae300000|100%| S|CS|TAMS 0x00000000ae200000| PB 0x00000000ae200000| Complete 
| 215|0x00000000ae300000, 0x00000000ae400000, 0x00000000ae400000|100%| S|CS|TAMS 0x00000000ae300000| PB 0x00000000ae300000| Complete 
| 216|0x00000000ae400000, 0x00000000ae500000, 0x00000000ae500000|100%| S|CS|TAMS 0x00000000ae400000| PB 0x00000000ae400000| Complete 
| 217|0x00000000ae500000, 0x00000000ae600000, 0x00000000ae600000|100%| S|CS|TAMS 0x00000000ae500000| PB 0x00000000ae500000| Complete 
| 218|0x00000000ae600000, 0x00000000ae700000, 0x00000000ae700000|100%| S|CS|TAMS 0x00000000ae600000| PB 0x00000000ae600000| Complete 
| 219|0x00000000ae700000, 0x00000000ae800000, 0x00000000ae800000|100%| O|Cm|TAMS 0x00000000ae700000| PB 0x00000000ae700000| Complete 
| 220|0x00000000ae800000, 0x00000000ae900000, 0x00000000ae900000|100%| O|Cm|TAMS 0x00000000ae800000| PB 0x00000000ae800000| Complete 
| 221|0x00000000ae900000, 0x00000000aea00000, 0x00000000aea00000|100%| O|Cm|TAMS 0x00000000ae900000| PB 0x00000000ae900000| Complete 
| 222|0x00000000aea00000, 0x00000000aeb00000, 0x00000000aeb00000|100%| O|Cm|TAMS 0x00000000aea00000| PB 0x00000000aea00000| Complete 
| 223|0x00000000aeb00000, 0x00000000aec00000, 0x00000000aec00000|100%| S|CS|TAMS 0x00000000aeb00000| PB 0x00000000aeb00000| Complete 
| 224|0x00000000aec00000, 0x00000000aed00000, 0x00000000aed00000|100%| O|Cm|TAMS 0x00000000aec00000| PB 0x00000000aec00000| Complete 
| 225|0x00000000aed00000, 0x00000000aee00000, 0x00000000aee00000|100%| S|CS|TAMS 0x00000000aed00000| PB 0x00000000aed00000| Complete 
| 226|0x00000000aee00000, 0x00000000aef00000, 0x00000000aef00000|100%| S|CS|TAMS 0x00000000aee00000| PB 0x00000000aee00000| Complete 
| 227|0x00000000aef00000, 0x00000000af000000, 0x00000000af000000|100%| S|CS|TAMS 0x00000000aef00000| PB 0x00000000aef00000| Complete 
| 228|0x00000000af000000, 0x00000000af100000, 0x00000000af100000|100%| S|CS|TAMS 0x00000000af000000| PB 0x00000000af000000| Complete 
| 229|0x00000000af100000, 0x00000000af200000, 0x00000000af200000|100%| S|CS|TAMS 0x00000000af100000| PB 0x00000000af100000| Complete 
| 230|0x00000000af200000, 0x00000000af300000, 0x00000000af300000|100%| S|CS|TAMS 0x00000000af200000| PB 0x00000000af200000| Complete 
| 231|0x00000000af300000, 0x00000000af400000, 0x00000000af400000|100%| O|  |TAMS 0x00000000af300000| PB 0x00000000af300000| Untracked 
| 232|0x00000000af400000, 0x00000000af500000, 0x00000000af500000|100%| S|CS|TAMS 0x00000000af400000| PB 0x00000000af400000| Complete 
| 233|0x00000000af500000, 0x00000000af600000, 0x00000000af600000|100%| S|CS|TAMS 0x00000000af500000| PB 0x00000000af500000| Complete 
| 234|0x00000000af600000, 0x00000000af700000, 0x00000000af700000|100%| S|CS|TAMS 0x00000000af600000| PB 0x00000000af600000| Complete 
| 235|0x00000000af700000, 0x00000000af800000, 0x00000000af800000|100%| O|  |TAMS 0x00000000af700000| PB 0x00000000af700000| Untracked 
| 236|0x00000000af800000, 0x00000000af900000, 0x00000000af900000|100%| O|  |TAMS 0x00000000af800000| PB 0x00000000af800000| Untracked 
| 237|0x00000000af900000, 0x00000000afa00000, 0x00000000afa00000|100%| S|CS|TAMS 0x00000000af900000| PB 0x00000000af900000| Complete 
| 238|0x00000000afa00000, 0x00000000afb00000, 0x00000000afb00000|100%| S|CS|TAMS 0x00000000afa00000| PB 0x00000000afa00000| Complete 
| 239|0x00000000afb00000, 0x00000000afc00000, 0x00000000afc00000|100%| S|CS|TAMS 0x00000000afb00000| PB 0x00000000afb00000| Complete 
| 240|0x00000000afc00000, 0x00000000afd00000, 0x00000000afd00000|100%| S|CS|TAMS 0x00000000afc00000| PB 0x00000000afc00000| Complete 
| 241|0x00000000afd00000, 0x00000000afe00000, 0x00000000afe00000|100%| S|CS|TAMS 0x00000000afd00000| PB 0x00000000afd00000| Complete 
| 242|0x00000000afe00000, 0x00000000afe00000, 0x00000000aff00000|  0%| F|  |TAMS 0x00000000afe00000| PB 0x00000000afe00000| Untracked 
| 243|0x00000000aff00000, 0x00000000aff00000, 0x00000000b0000000|  0%| F|  |TAMS 0x00000000aff00000| PB 0x00000000aff00000| Untracked 
| 244|0x00000000b0000000, 0x00000000b0000000, 0x00000000b0100000|  0%| F|  |TAMS 0x00000000b0000000| PB 0x00000000b0000000| Untracked 
| 245|0x00000000b0100000, 0x00000000b0100000, 0x00000000b0200000|  0%| F|  |TAMS 0x00000000b0100000| PB 0x00000000b0100000| Untracked 
| 246|0x00000000b0200000, 0x00000000b0200000, 0x00000000b0300000|  0%| F|  |TAMS 0x00000000b0200000| PB 0x00000000b0200000| Untracked 
| 247|0x00000000b0300000, 0x00000000b0300000, 0x00000000b0400000|  0%| F|  |TAMS 0x00000000b0300000| PB 0x00000000b0300000| Untracked 
| 248|0x00000000b0400000, 0x00000000b0400000, 0x00000000b0500000|  0%| F|  |TAMS 0x00000000b0400000| PB 0x00000000b0400000| Untracked 
| 249|0x00000000b0500000, 0x00000000b0500000, 0x00000000b0600000|  0%| F|  |TAMS 0x00000000b0500000| PB 0x00000000b0500000| Untracked 
| 250|0x00000000b0600000, 0x00000000b0600000, 0x00000000b0700000|  0%| F|  |TAMS 0x00000000b0600000| PB 0x00000000b0600000| Untracked 
| 251|0x00000000b0700000, 0x00000000b0700000, 0x00000000b0800000|  0%| F|  |TAMS 0x00000000b0700000| PB 0x00000000b0700000| Untracked 
| 252|0x00000000b0800000, 0x00000000b0800000, 0x00000000b0900000|  0%| F|  |TAMS 0x00000000b0800000| PB 0x00000000b0800000| Untracked 
| 253|0x00000000b0900000, 0x00000000b0900000, 0x00000000b0a00000|  0%| F|  |TAMS 0x00000000b0900000| PB 0x00000000b0900000| Untracked 
| 254|0x00000000b0a00000, 0x00000000b0a00000, 0x00000000b0b00000|  0%| F|  |TAMS 0x00000000b0a00000| PB 0x00000000b0a00000| Untracked 
| 255|0x00000000b0b00000, 0x00000000b0b00000, 0x00000000b0c00000|  0%| F|  |TAMS 0x00000000b0b00000| PB 0x00000000b0b00000| Untracked 
| 256|0x00000000b0c00000, 0x00000000b0c00000, 0x00000000b0d00000|  0%| F|  |TAMS 0x00000000b0c00000| PB 0x00000000b0c00000| Untracked 
| 257|0x00000000b0d00000, 0x00000000b0d00000, 0x00000000b0e00000|  0%| F|  |TAMS 0x00000000b0d00000| PB 0x00000000b0d00000| Untracked 
| 258|0x00000000b0e00000, 0x00000000b0e80000, 0x00000000b0f00000| 50%| O|  |TAMS 0x00000000b0e00000| PB 0x00000000b0e00000| Untracked 
| 259|0x00000000b0f00000, 0x00000000b0f00000, 0x00000000b1000000|  0%| F|  |TAMS 0x00000000b0f00000| PB 0x00000000b0f00000| Untracked 
| 260|0x00000000b1000000, 0x00000000b1000000, 0x00000000b1100000|  0%| F|  |TAMS 0x00000000b1000000| PB 0x00000000b1000000| Untracked 
| 261|0x00000000b1100000, 0x00000000b1100000, 0x00000000b1200000|  0%| F|  |TAMS 0x00000000b1100000| PB 0x00000000b1100000| Untracked 
| 262|0x00000000b1200000, 0x00000000b1200000, 0x00000000b1300000|  0%| F|  |TAMS 0x00000000b1200000| PB 0x00000000b1200000| Untracked 
| 263|0x00000000b1300000, 0x00000000b1300000, 0x00000000b1400000|  0%| F|  |TAMS 0x00000000b1300000| PB 0x00000000b1300000| Untracked 
| 264|0x00000000b1400000, 0x00000000b1400000, 0x00000000b1500000|  0%| F|  |TAMS 0x00000000b1400000| PB 0x00000000b1400000| Untracked 
| 265|0x00000000b1500000, 0x00000000b1500000, 0x00000000b1600000|  0%| F|  |TAMS 0x00000000b1500000| PB 0x00000000b1500000| Untracked 
| 266|0x00000000b1600000, 0x00000000b1600000, 0x00000000b1700000|  0%| F|  |TAMS 0x00000000b1600000| PB 0x00000000b1600000| Untracked 
| 267|0x00000000b1700000, 0x00000000b1700000, 0x00000000b1800000|  0%| F|  |TAMS 0x00000000b1700000| PB 0x00000000b1700000| Untracked 
| 268|0x00000000b1800000, 0x00000000b1800000, 0x00000000b1900000|  0%| F|  |TAMS 0x00000000b1800000| PB 0x00000000b1800000| Untracked 
| 269|0x00000000b1900000, 0x00000000b1900000, 0x00000000b1a00000|  0%| F|  |TAMS 0x00000000b1900000| PB 0x00000000b1900000| Untracked 
| 270|0x00000000b1a00000, 0x00000000b1a00000, 0x00000000b1b00000|  0%| F|  |TAMS 0x00000000b1a00000| PB 0x00000000b1a00000| Untracked 
| 271|0x00000000b1b00000, 0x00000000b1b00000, 0x00000000b1c00000|  0%| F|  |TAMS 0x00000000b1b00000| PB 0x00000000b1b00000| Untracked 
| 272|0x00000000b1c00000, 0x00000000b1c00000, 0x00000000b1d00000|  0%| F|  |TAMS 0x00000000b1c00000| PB 0x00000000b1c00000| Untracked 
| 273|0x00000000b1d00000, 0x00000000b1d00000, 0x00000000b1e00000|  0%| F|  |TAMS 0x00000000b1d00000| PB 0x00000000b1d00000| Untracked 
| 274|0x00000000b1e00000, 0x00000000b1e00000, 0x00000000b1f00000|  0%| F|  |TAMS 0x00000000b1e00000| PB 0x00000000b1e00000| Untracked 
| 275|0x00000000b1f00000, 0x00000000b1f00000, 0x00000000b2000000|  0%| F|  |TAMS 0x00000000b1f00000| PB 0x00000000b1f00000| Untracked 
| 276|0x00000000b2000000, 0x00000000b2000000, 0x00000000b2100000|  0%| F|  |TAMS 0x00000000b2000000| PB 0x00000000b2000000| Untracked 
| 277|0x00000000b2100000, 0x00000000b2100000, 0x00000000b2200000|  0%| F|  |TAMS 0x00000000b2100000| PB 0x00000000b2100000| Untracked 
| 278|0x00000000b2200000, 0x00000000b2200000, 0x00000000b2300000|  0%| F|  |TAMS 0x00000000b2200000| PB 0x00000000b2200000| Untracked 
| 279|0x00000000b2300000, 0x00000000b2300000, 0x00000000b2400000|  0%| F|  |TAMS 0x00000000b2300000| PB 0x00000000b2300000| Untracked 
| 280|0x00000000b2400000, 0x00000000b2400000, 0x00000000b2500000|  0%| F|  |TAMS 0x00000000b2400000| PB 0x00000000b2400000| Untracked 
| 281|0x00000000b2500000, 0x00000000b2500000, 0x00000000b2600000|  0%| F|  |TAMS 0x00000000b2500000| PB 0x00000000b2500000| Untracked 
| 282|0x00000000b2600000, 0x00000000b2600000, 0x00000000b2700000|  0%| F|  |TAMS 0x00000000b2600000| PB 0x00000000b2600000| Untracked 
| 283|0x00000000b2700000, 0x00000000b2700000, 0x00000000b2800000|  0%| F|  |TAMS 0x00000000b2700000| PB 0x00000000b2700000| Untracked 
| 284|0x00000000b2800000, 0x00000000b2800000, 0x00000000b2900000|  0%| F|  |TAMS 0x00000000b2800000| PB 0x00000000b2800000| Untracked 
| 285|0x00000000b2900000, 0x00000000b2900000, 0x00000000b2a00000|  0%| F|  |TAMS 0x00000000b2900000| PB 0x00000000b2900000| Untracked 
| 286|0x00000000b2a00000, 0x00000000b2a00000, 0x00000000b2b00000|  0%| F|  |TAMS 0x00000000b2a00000| PB 0x00000000b2a00000| Untracked 
| 287|0x00000000b2b00000, 0x00000000b2b00000, 0x00000000b2c00000|  0%| F|  |TAMS 0x00000000b2b00000| PB 0x00000000b2b00000| Untracked 
| 288|0x00000000b2c00000, 0x00000000b2c00000, 0x00000000b2d00000|  0%| F|  |TAMS 0x00000000b2c00000| PB 0x00000000b2c00000| Untracked 
| 289|0x00000000b2d00000, 0x00000000b2d00000, 0x00000000b2e00000|  0%| F|  |TAMS 0x00000000b2d00000| PB 0x00000000b2d00000| Untracked 
| 290|0x00000000b2e00000, 0x00000000b2e00000, 0x00000000b2f00000|  0%| F|  |TAMS 0x00000000b2e00000| PB 0x00000000b2e00000| Untracked 
| 291|0x00000000b2f00000, 0x00000000b2f00000, 0x00000000b3000000|  0%| F|  |TAMS 0x00000000b2f00000| PB 0x00000000b2f00000| Untracked 
| 292|0x00000000b3000000, 0x00000000b3000000, 0x00000000b3100000|  0%| F|  |TAMS 0x00000000b3000000| PB 0x00000000b3000000| Untracked 
| 293|0x00000000b3100000, 0x00000000b3100000, 0x00000000b3200000|  0%| F|  |TAMS 0x00000000b3100000| PB 0x00000000b3100000| Untracked 
| 294|0x00000000b3200000, 0x00000000b3200000, 0x00000000b3300000|  0%| F|  |TAMS 0x00000000b3200000| PB 0x00000000b3200000| Untracked 
| 295|0x00000000b3300000, 0x00000000b3300000, 0x00000000b3400000|  0%| F|  |TAMS 0x00000000b3300000| PB 0x00000000b3300000| Untracked 
| 296|0x00000000b3400000, 0x00000000b3400000, 0x00000000b3500000|  0%| F|  |TAMS 0x00000000b3400000| PB 0x00000000b3400000| Untracked 
| 297|0x00000000b3500000, 0x00000000b3500000, 0x00000000b3600000|  0%| F|  |TAMS 0x00000000b3500000| PB 0x00000000b3500000| Untracked 
| 298|0x00000000b3600000, 0x00000000b3600000, 0x00000000b3700000|  0%| F|  |TAMS 0x00000000b3600000| PB 0x00000000b3600000| Untracked 
| 299|0x00000000b3700000, 0x00000000b3700000, 0x00000000b3800000|  0%| F|  |TAMS 0x00000000b3700000| PB 0x00000000b3700000| Untracked 
| 300|0x00000000b3800000, 0x00000000b3800000, 0x00000000b3900000|  0%| F|  |TAMS 0x00000000b3800000| PB 0x00000000b3800000| Untracked 
| 301|0x00000000b3900000, 0x00000000b3900000, 0x00000000b3a00000|  0%| F|  |TAMS 0x00000000b3900000| PB 0x00000000b3900000| Untracked 
| 302|0x00000000b3a00000, 0x00000000b3a00000, 0x00000000b3b00000|  0%| F|  |TAMS 0x00000000b3a00000| PB 0x00000000b3a00000| Untracked 
| 303|0x00000000b3b00000, 0x00000000b3b00000, 0x00000000b3c00000|  0%| F|  |TAMS 0x00000000b3b00000| PB 0x00000000b3b00000| Untracked 
| 304|0x00000000b3c00000, 0x00000000b3c00000, 0x00000000b3d00000|  0%| F|  |TAMS 0x00000000b3c00000| PB 0x00000000b3c00000| Untracked 
| 305|0x00000000b3d00000, 0x00000000b3d00000, 0x00000000b3e00000|  0%| F|  |TAMS 0x00000000b3d00000| PB 0x00000000b3d00000| Untracked 
| 306|0x00000000b3e00000, 0x00000000b3e00000, 0x00000000b3f00000|  0%| F|  |TAMS 0x00000000b3e00000| PB 0x00000000b3e00000| Untracked 
| 307|0x00000000b3f00000, 0x00000000b3f00000, 0x00000000b4000000|  0%| F|  |TAMS 0x00000000b3f00000| PB 0x00000000b3f00000| Untracked 
| 308|0x00000000b4000000, 0x00000000b4000000, 0x00000000b4100000|  0%| F|  |TAMS 0x00000000b4000000| PB 0x00000000b4000000| Untracked 
| 309|0x00000000b4100000, 0x00000000b4100000, 0x00000000b4200000|  0%| F|  |TAMS 0x00000000b4100000| PB 0x00000000b4100000| Untracked 
| 310|0x00000000b4200000, 0x00000000b4200000, 0x00000000b4300000|  0%| F|  |TAMS 0x00000000b4200000| PB 0x00000000b4200000| Untracked 
| 311|0x00000000b4300000, 0x00000000b4300000, 0x00000000b4400000|  0%| F|  |TAMS 0x00000000b4300000| PB 0x00000000b4300000| Untracked 
| 312|0x00000000b4400000, 0x00000000b4400000, 0x00000000b4500000|  0%| F|  |TAMS 0x00000000b4400000| PB 0x00000000b4400000| Untracked 
| 313|0x00000000b4500000, 0x00000000b4500000, 0x00000000b4600000|  0%| F|  |TAMS 0x00000000b4500000| PB 0x00000000b4500000| Untracked 
| 314|0x00000000b4600000, 0x00000000b4600000, 0x00000000b4700000|  0%| F|  |TAMS 0x00000000b4600000| PB 0x00000000b4600000| Untracked 
| 315|0x00000000b4700000, 0x00000000b4700000, 0x00000000b4800000|  0%| F|  |TAMS 0x00000000b4700000| PB 0x00000000b4700000| Untracked 
| 316|0x00000000b4800000, 0x00000000b4800000, 0x00000000b4900000|  0%| F|  |TAMS 0x00000000b4800000| PB 0x00000000b4800000| Untracked 
| 317|0x00000000b4900000, 0x00000000b4900000, 0x00000000b4a00000|  0%| F|  |TAMS 0x00000000b4900000| PB 0x00000000b4900000| Untracked 
| 318|0x00000000b4a00000, 0x00000000b4a00000, 0x00000000b4b00000|  0%| F|  |TAMS 0x00000000b4a00000| PB 0x00000000b4a00000| Untracked 
| 319|0x00000000b4b00000, 0x00000000b4b00000, 0x00000000b4c00000|  0%| F|  |TAMS 0x00000000b4b00000| PB 0x00000000b4b00000| Untracked 
| 320|0x00000000b4c00000, 0x00000000b4c00000, 0x00000000b4d00000|  0%| F|  |TAMS 0x00000000b4c00000| PB 0x00000000b4c00000| Untracked 
| 321|0x00000000b4d00000, 0x00000000b4d00000, 0x00000000b4e00000|  0%| F|  |TAMS 0x00000000b4d00000| PB 0x00000000b4d00000| Untracked 
| 322|0x00000000b4e00000, 0x00000000b4e00000, 0x00000000b4f00000|  0%| F|  |TAMS 0x00000000b4e00000| PB 0x00000000b4e00000| Untracked 
| 323|0x00000000b4f00000, 0x00000000b4f00000, 0x00000000b5000000|  0%| F|  |TAMS 0x00000000b4f00000| PB 0x00000000b4f00000| Untracked 
| 324|0x00000000b5000000, 0x00000000b5000000, 0x00000000b5100000|  0%| F|  |TAMS 0x00000000b5000000| PB 0x00000000b5000000| Untracked 
| 325|0x00000000b5100000, 0x00000000b5100000, 0x00000000b5200000|  0%| F|  |TAMS 0x00000000b5100000| PB 0x00000000b5100000| Untracked 
| 326|0x00000000b5200000, 0x00000000b5200000, 0x00000000b5300000|  0%| F|  |TAMS 0x00000000b5200000| PB 0x00000000b5200000| Untracked 
| 327|0x00000000b5300000, 0x00000000b5300000, 0x00000000b5400000|  0%| F|  |TAMS 0x00000000b5300000| PB 0x00000000b5300000| Untracked 
| 328|0x00000000b5400000, 0x00000000b5400000, 0x00000000b5500000|  0%| F|  |TAMS 0x00000000b5400000| PB 0x00000000b5400000| Untracked 
| 329|0x00000000b5500000, 0x00000000b5500000, 0x00000000b5600000|  0%| F|  |TAMS 0x00000000b5500000| PB 0x00000000b5500000| Untracked 
| 330|0x00000000b5600000, 0x00000000b5600000, 0x00000000b5700000|  0%| F|  |TAMS 0x00000000b5600000| PB 0x00000000b5600000| Untracked 
| 331|0x00000000b5700000, 0x00000000b5700000, 0x00000000b5800000|  0%| F|  |TAMS 0x00000000b5700000| PB 0x00000000b5700000| Untracked 
| 332|0x00000000b5800000, 0x00000000b5800000, 0x00000000b5900000|  0%| F|  |TAMS 0x00000000b5800000| PB 0x00000000b5800000| Untracked 
| 333|0x00000000b5900000, 0x00000000b5900000, 0x00000000b5a00000|  0%| F|  |TAMS 0x00000000b5900000| PB 0x00000000b5900000| Untracked 
| 334|0x00000000b5a00000, 0x00000000b5a00000, 0x00000000b5b00000|  0%| F|  |TAMS 0x00000000b5a00000| PB 0x00000000b5a00000| Untracked 
| 335|0x00000000b5b00000, 0x00000000b5b00000, 0x00000000b5c00000|  0%| F|  |TAMS 0x00000000b5b00000| PB 0x00000000b5b00000| Untracked 
| 336|0x00000000b5c00000, 0x00000000b5c00000, 0x00000000b5d00000|  0%| F|  |TAMS 0x00000000b5c00000| PB 0x00000000b5c00000| Untracked 
| 337|0x00000000b5d00000, 0x00000000b5d00000, 0x00000000b5e00000|  0%| F|  |TAMS 0x00000000b5d00000| PB 0x00000000b5d00000| Untracked 
| 338|0x00000000b5e00000, 0x00000000b5e00000, 0x00000000b5f00000|  0%| F|  |TAMS 0x00000000b5e00000| PB 0x00000000b5e00000| Untracked 
| 339|0x00000000b5f00000, 0x00000000b5f00000, 0x00000000b6000000|  0%| F|  |TAMS 0x00000000b5f00000| PB 0x00000000b5f00000| Untracked 
| 340|0x00000000b6000000, 0x00000000b6000000, 0x00000000b6100000|  0%| F|  |TAMS 0x00000000b6000000| PB 0x00000000b6000000| Untracked 
| 341|0x00000000b6100000, 0x00000000b6100000, 0x00000000b6200000|  0%| F|  |TAMS 0x00000000b6100000| PB 0x00000000b6100000| Untracked 
| 342|0x00000000b6200000, 0x00000000b6200000, 0x00000000b6300000|  0%| F|  |TAMS 0x00000000b6200000| PB 0x00000000b6200000| Untracked 
| 343|0x00000000b6300000, 0x00000000b6300000, 0x00000000b6400000|  0%| F|  |TAMS 0x00000000b6300000| PB 0x00000000b6300000| Untracked 
| 344|0x00000000b6400000, 0x00000000b6400000, 0x00000000b6500000|  0%| F|  |TAMS 0x00000000b6400000| PB 0x00000000b6400000| Untracked 
| 345|0x00000000b6500000, 0x00000000b6500000, 0x00000000b6600000|  0%| F|  |TAMS 0x00000000b6500000| PB 0x00000000b6500000| Untracked 
| 346|0x00000000b6600000, 0x00000000b6600000, 0x00000000b6700000|  0%| F|  |TAMS 0x00000000b6600000| PB 0x00000000b6600000| Untracked 
| 347|0x00000000b6700000, 0x00000000b6700000, 0x00000000b6800000|  0%| F|  |TAMS 0x00000000b6700000| PB 0x00000000b6700000| Untracked 
| 348|0x00000000b6800000, 0x00000000b6800000, 0x00000000b6900000|  0%| F|  |TAMS 0x00000000b6800000| PB 0x00000000b6800000| Untracked 
| 349|0x00000000b6900000, 0x00000000b6900000, 0x00000000b6a00000|  0%| F|  |TAMS 0x00000000b6900000| PB 0x00000000b6900000| Untracked 
| 350|0x00000000b6a00000, 0x00000000b6a00000, 0x00000000b6b00000|  0%| F|  |TAMS 0x00000000b6a00000| PB 0x00000000b6a00000| Untracked 
| 351|0x00000000b6b00000, 0x00000000b6b00000, 0x00000000b6c00000|  0%| F|  |TAMS 0x00000000b6b00000| PB 0x00000000b6b00000| Untracked 
| 352|0x00000000b6c00000, 0x00000000b6c00000, 0x00000000b6d00000|  0%| F|  |TAMS 0x00000000b6c00000| PB 0x00000000b6c00000| Untracked 
| 353|0x00000000b6d00000, 0x00000000b6d00000, 0x00000000b6e00000|  0%| F|  |TAMS 0x00000000b6d00000| PB 0x00000000b6d00000| Untracked 
| 354|0x00000000b6e00000, 0x00000000b6e00000, 0x00000000b6f00000|  0%| F|  |TAMS 0x00000000b6e00000| PB 0x00000000b6e00000| Untracked 
| 355|0x00000000b6f00000, 0x00000000b6f00000, 0x00000000b7000000|  0%| F|  |TAMS 0x00000000b6f00000| PB 0x00000000b6f00000| Untracked 
| 356|0x00000000b7000000, 0x00000000b7000000, 0x00000000b7100000|  0%| F|  |TAMS 0x00000000b7000000| PB 0x00000000b7000000| Untracked 
| 357|0x00000000b7100000, 0x00000000b7100000, 0x00000000b7200000|  0%| F|  |TAMS 0x00000000b7100000| PB 0x00000000b7100000| Untracked 
| 358|0x00000000b7200000, 0x00000000b7200000, 0x00000000b7300000|  0%| F|  |TAMS 0x00000000b7200000| PB 0x00000000b7200000| Untracked 
| 359|0x00000000b7300000, 0x00000000b7300000, 0x00000000b7400000|  0%| F|  |TAMS 0x00000000b7300000| PB 0x00000000b7300000| Untracked 
| 360|0x00000000b7400000, 0x00000000b7400000, 0x00000000b7500000|  0%| F|  |TAMS 0x00000000b7400000| PB 0x00000000b7400000| Untracked 
| 361|0x00000000b7500000, 0x00000000b7500000, 0x00000000b7600000|  0%| F|  |TAMS 0x00000000b7500000| PB 0x00000000b7500000| Untracked 
| 362|0x00000000b7600000, 0x00000000b7600000, 0x00000000b7700000|  0%| F|  |TAMS 0x00000000b7600000| PB 0x00000000b7600000| Untracked 
| 363|0x00000000b7700000, 0x00000000b7700000, 0x00000000b7800000|  0%| F|  |TAMS 0x00000000b7700000| PB 0x00000000b7700000| Untracked 
| 364|0x00000000b7800000, 0x00000000b7800000, 0x00000000b7900000|  0%| F|  |TAMS 0x00000000b7800000| PB 0x00000000b7800000| Untracked 
| 365|0x00000000b7900000, 0x00000000b7900000, 0x00000000b7a00000|  0%| F|  |TAMS 0x00000000b7900000| PB 0x00000000b7900000| Untracked 
| 366|0x00000000b7a00000, 0x00000000b7a00000, 0x00000000b7b00000|  0%| F|  |TAMS 0x00000000b7a00000| PB 0x00000000b7a00000| Untracked 
| 367|0x00000000b7b00000, 0x00000000b7b00000, 0x00000000b7c00000|  0%| F|  |TAMS 0x00000000b7b00000| PB 0x00000000b7b00000| Untracked 
| 368|0x00000000b7c00000, 0x00000000b7c00000, 0x00000000b7d00000|  0%| F|  |TAMS 0x00000000b7c00000| PB 0x00000000b7c00000| Untracked 
| 369|0x00000000b7d00000, 0x00000000b7d00000, 0x00000000b7e00000|  0%| F|  |TAMS 0x00000000b7d00000| PB 0x00000000b7d00000| Untracked 
| 370|0x00000000b7e00000, 0x00000000b7e00000, 0x00000000b7f00000|  0%| F|  |TAMS 0x00000000b7e00000| PB 0x00000000b7e00000| Untracked 
| 371|0x00000000b7f00000, 0x00000000b7f00000, 0x00000000b8000000|  0%| F|  |TAMS 0x00000000b7f00000| PB 0x00000000b7f00000| Untracked 
| 372|0x00000000b8000000, 0x00000000b8000000, 0x00000000b8100000|  0%| F|  |TAMS 0x00000000b8000000| PB 0x00000000b8000000| Untracked 
| 373|0x00000000b8100000, 0x00000000b8100000, 0x00000000b8200000|  0%| F|  |TAMS 0x00000000b8100000| PB 0x00000000b8100000| Untracked 
| 374|0x00000000b8200000, 0x00000000b8200000, 0x00000000b8300000|  0%| F|  |TAMS 0x00000000b8200000| PB 0x00000000b8200000| Untracked 
| 375|0x00000000b8300000, 0x00000000b8300000, 0x00000000b8400000|  0%| F|  |TAMS 0x00000000b8300000| PB 0x00000000b8300000| Untracked 
| 376|0x00000000b8400000, 0x00000000b8400000, 0x00000000b8500000|  0%| F|  |TAMS 0x00000000b8400000| PB 0x00000000b8400000| Untracked 
| 377|0x00000000b8500000, 0x00000000b8500000, 0x00000000b8600000|  0%| F|  |TAMS 0x00000000b8500000| PB 0x00000000b8500000| Untracked 
| 378|0x00000000b8600000, 0x00000000b8600000, 0x00000000b8700000|  0%| F|  |TAMS 0x00000000b8600000| PB 0x00000000b8600000| Untracked 
| 379|0x00000000b8700000, 0x00000000b8700000, 0x00000000b8800000|  0%| F|  |TAMS 0x00000000b8700000| PB 0x00000000b8700000| Untracked 
| 380|0x00000000b8800000, 0x00000000b8800000, 0x00000000b8900000|  0%| F|  |TAMS 0x00000000b8800000| PB 0x00000000b8800000| Untracked 
| 381|0x00000000b8900000, 0x00000000b8900000, 0x00000000b8a00000|  0%| F|  |TAMS 0x00000000b8900000| PB 0x00000000b8900000| Untracked 
| 382|0x00000000b8a00000, 0x00000000b8a00000, 0x00000000b8b00000|  0%| F|  |TAMS 0x00000000b8a00000| PB 0x00000000b8a00000| Untracked 
| 383|0x00000000b8b00000, 0x00000000b8b00000, 0x00000000b8c00000|  0%| F|  |TAMS 0x00000000b8b00000| PB 0x00000000b8b00000| Untracked 
| 384|0x00000000b8c00000, 0x00000000b8c00000, 0x00000000b8d00000|  0%| F|  |TAMS 0x00000000b8c00000| PB 0x00000000b8c00000| Untracked 
| 385|0x00000000b8d00000, 0x00000000b8d00000, 0x00000000b8e00000|  0%| F|  |TAMS 0x00000000b8d00000| PB 0x00000000b8d00000| Untracked 
| 386|0x00000000b8e00000, 0x00000000b8e00000, 0x00000000b8f00000|  0%| F|  |TAMS 0x00000000b8e00000| PB 0x00000000b8e00000| Untracked 
| 387|0x00000000b8f00000, 0x00000000b8f00000, 0x00000000b9000000|  0%| F|  |TAMS 0x00000000b8f00000| PB 0x00000000b8f00000| Untracked 
| 388|0x00000000b9000000, 0x00000000b9000000, 0x00000000b9100000|  0%| F|  |TAMS 0x00000000b9000000| PB 0x00000000b9000000| Untracked 
| 389|0x00000000b9100000, 0x00000000b9100000, 0x00000000b9200000|  0%| F|  |TAMS 0x00000000b9100000| PB 0x00000000b9100000| Untracked 
| 390|0x00000000b9200000, 0x00000000b9200000, 0x00000000b9300000|  0%| F|  |TAMS 0x00000000b9200000| PB 0x00000000b9200000| Untracked 
| 391|0x00000000b9300000, 0x00000000b9300000, 0x00000000b9400000|  0%| F|  |TAMS 0x00000000b9300000| PB 0x00000000b9300000| Untracked 
| 392|0x00000000b9400000, 0x00000000b9400000, 0x00000000b9500000|  0%| F|  |TAMS 0x00000000b9400000| PB 0x00000000b9400000| Untracked 
| 393|0x00000000b9500000, 0x00000000b9500000, 0x00000000b9600000|  0%| F|  |TAMS 0x00000000b9500000| PB 0x00000000b9500000| Untracked 
| 394|0x00000000b9600000, 0x00000000b9600000, 0x00000000b9700000|  0%| F|  |TAMS 0x00000000b9600000| PB 0x00000000b9600000| Untracked 
| 395|0x00000000b9700000, 0x00000000b9700000, 0x00000000b9800000|  0%| F|  |TAMS 0x00000000b9700000| PB 0x00000000b9700000| Untracked 
| 396|0x00000000b9800000, 0x00000000b9800000, 0x00000000b9900000|  0%| F|  |TAMS 0x00000000b9800000| PB 0x00000000b9800000| Untracked 
| 397|0x00000000b9900000, 0x00000000b9900000, 0x00000000b9a00000|  0%| F|  |TAMS 0x00000000b9900000| PB 0x00000000b9900000| Untracked 
| 398|0x00000000b9a00000, 0x00000000b9a00000, 0x00000000b9b00000|  0%| F|  |TAMS 0x00000000b9a00000| PB 0x00000000b9a00000| Untracked 
| 399|0x00000000b9b00000, 0x00000000b9b00000, 0x00000000b9c00000|  0%| F|  |TAMS 0x00000000b9b00000| PB 0x00000000b9b00000| Untracked 
| 400|0x00000000b9c00000, 0x00000000b9c00000, 0x00000000b9d00000|  0%| F|  |TAMS 0x00000000b9c00000| PB 0x00000000b9c00000| Untracked 
| 401|0x00000000b9d00000, 0x00000000b9d00000, 0x00000000b9e00000|  0%| F|  |TAMS 0x00000000b9d00000| PB 0x00000000b9d00000| Untracked 
| 402|0x00000000b9e00000, 0x00000000b9e00000, 0x00000000b9f00000|  0%| F|  |TAMS 0x00000000b9e00000| PB 0x00000000b9e00000| Untracked 
| 403|0x00000000b9f00000, 0x00000000b9f00000, 0x00000000ba000000|  0%| F|  |TAMS 0x00000000b9f00000| PB 0x00000000b9f00000| Untracked 
| 404|0x00000000ba000000, 0x00000000ba000000, 0x00000000ba100000|  0%| F|  |TAMS 0x00000000ba000000| PB 0x00000000ba000000| Untracked 
| 405|0x00000000ba100000, 0x00000000ba100000, 0x00000000ba200000|  0%| F|  |TAMS 0x00000000ba100000| PB 0x00000000ba100000| Untracked 
| 406|0x00000000ba200000, 0x00000000ba200000, 0x00000000ba300000|  0%| F|  |TAMS 0x00000000ba200000| PB 0x00000000ba200000| Untracked 
| 407|0x00000000ba300000, 0x00000000ba300000, 0x00000000ba400000|  0%| F|  |TAMS 0x00000000ba300000| PB 0x00000000ba300000| Untracked 
| 408|0x00000000ba400000, 0x00000000ba400000, 0x00000000ba500000|  0%| F|  |TAMS 0x00000000ba400000| PB 0x00000000ba400000| Untracked 
| 409|0x00000000ba500000, 0x00000000ba500000, 0x00000000ba600000|  0%| F|  |TAMS 0x00000000ba500000| PB 0x00000000ba500000| Untracked 
| 410|0x00000000ba600000, 0x00000000ba600000, 0x00000000ba700000|  0%| F|  |TAMS 0x00000000ba600000| PB 0x00000000ba600000| Untracked 
| 411|0x00000000ba700000, 0x00000000ba700000, 0x00000000ba800000|  0%| F|  |TAMS 0x00000000ba700000| PB 0x00000000ba700000| Untracked 
| 412|0x00000000ba800000, 0x00000000ba800000, 0x00000000ba900000|  0%| F|  |TAMS 0x00000000ba800000| PB 0x00000000ba800000| Untracked 
| 413|0x00000000ba900000, 0x00000000ba900000, 0x00000000baa00000|  0%| F|  |TAMS 0x00000000ba900000| PB 0x00000000ba900000| Untracked 
| 414|0x00000000baa00000, 0x00000000baa00000, 0x00000000bab00000|  0%| F|  |TAMS 0x00000000baa00000| PB 0x00000000baa00000| Untracked 
| 415|0x00000000bab00000, 0x00000000bab00000, 0x00000000bac00000|  0%| F|  |TAMS 0x00000000bab00000| PB 0x00000000bab00000| Untracked 
| 416|0x00000000bac00000, 0x00000000bac00000, 0x00000000bad00000|  0%| F|  |TAMS 0x00000000bac00000| PB 0x00000000bac00000| Untracked 
| 417|0x00000000bad00000, 0x00000000bad00000, 0x00000000bae00000|  0%| F|  |TAMS 0x00000000bad00000| PB 0x00000000bad00000| Untracked 
| 418|0x00000000bae00000, 0x00000000bae00000, 0x00000000baf00000|  0%| F|  |TAMS 0x00000000bae00000| PB 0x00000000bae00000| Untracked 
| 419|0x00000000baf00000, 0x00000000baf00000, 0x00000000bb000000|  0%| F|  |TAMS 0x00000000baf00000| PB 0x00000000baf00000| Untracked 
| 420|0x00000000bb000000, 0x00000000bb000000, 0x00000000bb100000|  0%| F|  |TAMS 0x00000000bb000000| PB 0x00000000bb000000| Untracked 
| 421|0x00000000bb100000, 0x00000000bb100000, 0x00000000bb200000|  0%| F|  |TAMS 0x00000000bb100000| PB 0x00000000bb100000| Untracked 
| 422|0x00000000bb200000, 0x00000000bb200000, 0x00000000bb300000|  0%| F|  |TAMS 0x00000000bb200000| PB 0x00000000bb200000| Untracked 
| 423|0x00000000bb300000, 0x00000000bb300000, 0x00000000bb400000|  0%| F|  |TAMS 0x00000000bb300000| PB 0x00000000bb300000| Untracked 
| 424|0x00000000bb400000, 0x00000000bb400000, 0x00000000bb500000|  0%| F|  |TAMS 0x00000000bb400000| PB 0x00000000bb400000| Untracked 
| 425|0x00000000bb500000, 0x00000000bb500000, 0x00000000bb600000|  0%| F|  |TAMS 0x00000000bb500000| PB 0x00000000bb500000| Untracked 
| 426|0x00000000bb600000, 0x00000000bb600000, 0x00000000bb700000|  0%| F|  |TAMS 0x00000000bb600000| PB 0x00000000bb600000| Untracked 
| 427|0x00000000bb700000, 0x00000000bb700000, 0x00000000bb800000|  0%| F|  |TAMS 0x00000000bb700000| PB 0x00000000bb700000| Untracked 
| 428|0x00000000bb800000, 0x00000000bb800000, 0x00000000bb900000|  0%| F|  |TAMS 0x00000000bb800000| PB 0x00000000bb800000| Untracked 
| 429|0x00000000bb900000, 0x00000000bb900000, 0x00000000bba00000|  0%| F|  |TAMS 0x00000000bb900000| PB 0x00000000bb900000| Untracked 
| 430|0x00000000bba00000, 0x00000000bba00000, 0x00000000bbb00000|  0%| F|  |TAMS 0x00000000bba00000| PB 0x00000000bba00000| Untracked 
| 431|0x00000000bbb00000, 0x00000000bbb00000, 0x00000000bbc00000|  0%| F|  |TAMS 0x00000000bbb00000| PB 0x00000000bbb00000| Untracked 
| 432|0x00000000bbc00000, 0x00000000bbc00000, 0x00000000bbd00000|  0%| F|  |TAMS 0x00000000bbc00000| PB 0x00000000bbc00000| Untracked 
| 433|0x00000000bbd00000, 0x00000000bbd00000, 0x00000000bbe00000|  0%| F|  |TAMS 0x00000000bbd00000| PB 0x00000000bbd00000| Untracked 
| 434|0x00000000bbe00000, 0x00000000bbe00000, 0x00000000bbf00000|  0%| F|  |TAMS 0x00000000bbe00000| PB 0x00000000bbe00000| Untracked 
| 435|0x00000000bbf00000, 0x00000000bbf00000, 0x00000000bc000000|  0%| F|  |TAMS 0x00000000bbf00000| PB 0x00000000bbf00000| Untracked 
| 436|0x00000000bc000000, 0x00000000bc000000, 0x00000000bc100000|  0%| F|  |TAMS 0x00000000bc000000| PB 0x00000000bc000000| Untracked 
| 437|0x00000000bc100000, 0x00000000bc100000, 0x00000000bc200000|  0%| F|  |TAMS 0x00000000bc100000| PB 0x00000000bc100000| Untracked 
| 438|0x00000000bc200000, 0x00000000bc200000, 0x00000000bc300000|  0%| F|  |TAMS 0x00000000bc200000| PB 0x00000000bc200000| Untracked 
| 439|0x00000000bc300000, 0x00000000bc300000, 0x00000000bc400000|  0%| F|  |TAMS 0x00000000bc300000| PB 0x00000000bc300000| Untracked 
| 440|0x00000000bc400000, 0x00000000bc400000, 0x00000000bc500000|  0%| F|  |TAMS 0x00000000bc400000| PB 0x00000000bc400000| Untracked 
| 441|0x00000000bc500000, 0x00000000bc580000, 0x00000000bc600000| 50%| E|  |TAMS 0x00000000bc500000| PB 0x00000000bc500000| Complete 
| 442|0x00000000bc600000, 0x00000000bc700000, 0x00000000bc700000|100%| E|CS|TAMS 0x00000000bc600000| PB 0x00000000bc600000| Complete 
| 443|0x00000000bc700000, 0x00000000bc800000, 0x00000000bc800000|100%| E|CS|TAMS 0x00000000bc700000| PB 0x00000000bc700000| Complete 
| 444|0x00000000bc800000, 0x00000000bc900000, 0x00000000bc900000|100%| E|CS|TAMS 0x00000000bc800000| PB 0x00000000bc800000| Complete 
| 445|0x00000000bc900000, 0x00000000bca00000, 0x00000000bca00000|100%| E|CS|TAMS 0x00000000bc900000| PB 0x00000000bc900000| Complete 
| 446|0x00000000bca00000, 0x00000000bcb00000, 0x00000000bcb00000|100%| E|CS|TAMS 0x00000000bca00000| PB 0x00000000bca00000| Complete 
| 447|0x00000000bcb00000, 0x00000000bcc00000, 0x00000000bcc00000|100%| E|CS|TAMS 0x00000000bcb00000| PB 0x00000000bcb00000| Complete 
| 448|0x00000000bcc00000, 0x00000000bcd00000, 0x00000000bcd00000|100%| E|CS|TAMS 0x00000000bcc00000| PB 0x00000000bcc00000| Complete 
| 449|0x00000000bcd00000, 0x00000000bce00000, 0x00000000bce00000|100%| E|CS|TAMS 0x00000000bcd00000| PB 0x00000000bcd00000| Complete 
| 450|0x00000000bce00000, 0x00000000bcf00000, 0x00000000bcf00000|100%| E|CS|TAMS 0x00000000bce00000| PB 0x00000000bce00000| Complete 
| 451|0x00000000bcf00000, 0x00000000bd000000, 0x00000000bd000000|100%| E|CS|TAMS 0x00000000bcf00000| PB 0x00000000bcf00000| Complete 
| 452|0x00000000bd000000, 0x00000000bd100000, 0x00000000bd100000|100%| E|CS|TAMS 0x00000000bd000000| PB 0x00000000bd000000| Complete 
| 453|0x00000000bd100000, 0x00000000bd200000, 0x00000000bd200000|100%| E|CS|TAMS 0x00000000bd100000| PB 0x00000000bd100000| Complete 
| 454|0x00000000bd200000, 0x00000000bd300000, 0x00000000bd300000|100%| E|CS|TAMS 0x00000000bd200000| PB 0x00000000bd200000| Complete 
| 455|0x00000000bd300000, 0x00000000bd400000, 0x00000000bd400000|100%| E|CS|TAMS 0x00000000bd300000| PB 0x00000000bd300000| Complete 
| 456|0x00000000bd400000, 0x00000000bd500000, 0x00000000bd500000|100%| E|CS|TAMS 0x00000000bd400000| PB 0x00000000bd400000| Complete 
| 457|0x00000000bd500000, 0x00000000bd600000, 0x00000000bd600000|100%| E|CS|TAMS 0x00000000bd500000| PB 0x00000000bd500000| Complete 
| 458|0x00000000bd600000, 0x00000000bd700000, 0x00000000bd700000|100%| E|CS|TAMS 0x00000000bd600000| PB 0x00000000bd600000| Complete 
| 459|0x00000000bd700000, 0x00000000bd800000, 0x00000000bd800000|100%| E|CS|TAMS 0x00000000bd700000| PB 0x00000000bd700000| Complete 
| 460|0x00000000bd800000, 0x00000000bd900000, 0x00000000bd900000|100%| E|CS|TAMS 0x00000000bd800000| PB 0x00000000bd800000| Complete 
| 461|0x00000000bd900000, 0x00000000bda00000, 0x00000000bda00000|100%| E|CS|TAMS 0x00000000bd900000| PB 0x00000000bd900000| Complete 
| 462|0x00000000bda00000, 0x00000000bdb00000, 0x00000000bdb00000|100%| E|CS|TAMS 0x00000000bda00000| PB 0x00000000bda00000| Complete 
| 463|0x00000000bdb00000, 0x00000000bdc00000, 0x00000000bdc00000|100%| E|CS|TAMS 0x00000000bdb00000| PB 0x00000000bdb00000| Complete 
| 464|0x00000000bdc00000, 0x00000000bdd00000, 0x00000000bdd00000|100%| E|CS|TAMS 0x00000000bdc00000| PB 0x00000000bdc00000| Complete 
| 465|0x00000000bdd00000, 0x00000000bde00000, 0x00000000bde00000|100%| E|CS|TAMS 0x00000000bdd00000| PB 0x00000000bdd00000| Complete 
| 466|0x00000000bde00000, 0x00000000bdf00000, 0x00000000bdf00000|100%| E|CS|TAMS 0x00000000bde00000| PB 0x00000000bde00000| Complete 
| 467|0x00000000bdf00000, 0x00000000be000000, 0x00000000be000000|100%| E|CS|TAMS 0x00000000bdf00000| PB 0x00000000bdf00000| Complete 
| 468|0x00000000be000000, 0x00000000be100000, 0x00000000be100000|100%| E|CS|TAMS 0x00000000be000000| PB 0x00000000be000000| Complete 
| 469|0x00000000be100000, 0x00000000be200000, 0x00000000be200000|100%| E|CS|TAMS 0x00000000be100000| PB 0x00000000be100000| Complete 
| 470|0x00000000be200000, 0x00000000be300000, 0x00000000be300000|100%| E|CS|TAMS 0x00000000be200000| PB 0x00000000be200000| Complete 
| 471|0x00000000be300000, 0x00000000be400000, 0x00000000be400000|100%| E|CS|TAMS 0x00000000be300000| PB 0x00000000be300000| Complete 
| 472|0x00000000be400000, 0x00000000be500000, 0x00000000be500000|100%| E|CS|TAMS 0x00000000be400000| PB 0x00000000be400000| Complete 
| 473|0x00000000be500000, 0x00000000be600000, 0x00000000be600000|100%| E|CS|TAMS 0x00000000be500000| PB 0x00000000be500000| Complete 
| 474|0x00000000be600000, 0x00000000be700000, 0x00000000be700000|100%| E|CS|TAMS 0x00000000be600000| PB 0x00000000be600000| Complete 
| 475|0x00000000be700000, 0x00000000be800000, 0x00000000be800000|100%| E|CS|TAMS 0x00000000be700000| PB 0x00000000be700000| Complete 
| 476|0x00000000be800000, 0x00000000be900000, 0x00000000be900000|100%| E|CS|TAMS 0x00000000be800000| PB 0x00000000be800000| Complete 
| 477|0x00000000be900000, 0x00000000bea00000, 0x00000000bea00000|100%| E|CS|TAMS 0x00000000be900000| PB 0x00000000be900000| Complete 
| 478|0x00000000bea00000, 0x00000000beb00000, 0x00000000beb00000|100%| E|CS|TAMS 0x00000000bea00000| PB 0x00000000bea00000| Complete 
| 479|0x00000000beb00000, 0x00000000bec00000, 0x00000000bec00000|100%| E|CS|TAMS 0x00000000beb00000| PB 0x00000000beb00000| Complete 
| 480|0x00000000bec00000, 0x00000000bed00000, 0x00000000bed00000|100%| E|CS|TAMS 0x00000000bec00000| PB 0x00000000bec00000| Complete 
| 481|0x00000000bed00000, 0x00000000bee00000, 0x00000000bee00000|100%| E|CS|TAMS 0x00000000bed00000| PB 0x00000000bed00000| Complete 
| 482|0x00000000bee00000, 0x00000000bef00000, 0x00000000bef00000|100%| E|CS|TAMS 0x00000000bee00000| PB 0x00000000bee00000| Complete 
| 483|0x00000000bef00000, 0x00000000bf000000, 0x00000000bf000000|100%| E|CS|TAMS 0x00000000bef00000| PB 0x00000000bef00000| Complete 
| 484|0x00000000bf000000, 0x00000000bf100000, 0x00000000bf100000|100%| E|CS|TAMS 0x00000000bf000000| PB 0x00000000bf000000| Complete 
| 485|0x00000000bf100000, 0x00000000bf200000, 0x00000000bf200000|100%| E|CS|TAMS 0x00000000bf100000| PB 0x00000000bf100000| Complete 
| 486|0x00000000bf200000, 0x00000000bf300000, 0x00000000bf300000|100%| E|CS|TAMS 0x00000000bf200000| PB 0x00000000bf200000| Complete 
| 487|0x00000000bf300000, 0x00000000bf400000, 0x00000000bf400000|100%| E|CS|TAMS 0x00000000bf300000| PB 0x00000000bf300000| Complete 
| 488|0x00000000bf400000, 0x00000000bf500000, 0x00000000bf500000|100%| E|CS|TAMS 0x00000000bf400000| PB 0x00000000bf400000| Complete 
| 489|0x00000000bf500000, 0x00000000bf600000, 0x00000000bf600000|100%| E|CS|TAMS 0x00000000bf500000| PB 0x00000000bf500000| Complete 
| 490|0x00000000bf600000, 0x00000000bf700000, 0x00000000bf700000|100%| E|CS|TAMS 0x00000000bf600000| PB 0x00000000bf600000| Complete 
| 491|0x00000000bf700000, 0x00000000bf800000, 0x00000000bf800000|100%| E|CS|TAMS 0x00000000bf700000| PB 0x00000000bf700000| Complete 
| 492|0x00000000bf800000, 0x00000000bf900000, 0x00000000bf900000|100%| E|CS|TAMS 0x00000000bf800000| PB 0x00000000bf800000| Complete 
| 493|0x00000000bf900000, 0x00000000bfa00000, 0x00000000bfa00000|100%| E|CS|TAMS 0x00000000bf900000| PB 0x00000000bf900000| Complete 
| 494|0x00000000bfa00000, 0x00000000bfb00000, 0x00000000bfb00000|100%| E|CS|TAMS 0x00000000bfa00000| PB 0x00000000bfa00000| Complete 
| 495|0x00000000bfb00000, 0x00000000bfc00000, 0x00000000bfc00000|100%| E|CS|TAMS 0x00000000bfb00000| PB 0x00000000bfb00000| Complete 
| 496|0x00000000bfc00000, 0x00000000bfd00000, 0x00000000bfd00000|100%| E|CS|TAMS 0x00000000bfc00000| PB 0x00000000bfc00000| Complete 
| 497|0x00000000bfd00000, 0x00000000bfe00000, 0x00000000bfe00000|100%| E|CS|TAMS 0x00000000bfd00000| PB 0x00000000bfd00000| Complete 
| 498|0x00000000bfe00000, 0x00000000bff00000, 0x00000000bff00000|100%| E|CS|TAMS 0x00000000bfe00000| PB 0x00000000bfe00000| Complete 
| 499|0x00000000bff00000, 0x00000000c0000000, 0x00000000c0000000|100%| E|CS|TAMS 0x00000000bff00000| PB 0x00000000bff00000| Complete 
| 500|0x00000000c0000000, 0x00000000c0100000, 0x00000000c0100000|100%| E|CS|TAMS 0x00000000c0000000| PB 0x00000000c0000000| Complete 
| 501|0x00000000c0100000, 0x00000000c0200000, 0x00000000c0200000|100%| E|CS|TAMS 0x00000000c0100000| PB 0x00000000c0100000| Complete 
| 502|0x00000000c0200000, 0x00000000c0300000, 0x00000000c0300000|100%| E|CS|TAMS 0x00000000c0200000| PB 0x00000000c0200000| Complete 
| 503|0x00000000c0300000, 0x00000000c0400000, 0x00000000c0400000|100%| E|CS|TAMS 0x00000000c0300000| PB 0x00000000c0300000| Complete 
| 504|0x00000000c0400000, 0x00000000c0500000, 0x00000000c0500000|100%| E|CS|TAMS 0x00000000c0400000| PB 0x00000000c0400000| Complete 
| 505|0x00000000c0500000, 0x00000000c0600000, 0x00000000c0600000|100%| E|CS|TAMS 0x00000000c0500000| PB 0x00000000c0500000| Complete 
| 506|0x00000000c0600000, 0x00000000c0700000, 0x00000000c0700000|100%| E|CS|TAMS 0x00000000c0600000| PB 0x00000000c0600000| Complete 
| 507|0x00000000c0700000, 0x00000000c0800000, 0x00000000c0800000|100%| E|CS|TAMS 0x00000000c0700000| PB 0x00000000c0700000| Complete 
| 508|0x00000000c0800000, 0x00000000c0900000, 0x00000000c0900000|100%| E|CS|TAMS 0x00000000c0800000| PB 0x00000000c0800000| Complete 
| 509|0x00000000c0900000, 0x00000000c0a00000, 0x00000000c0a00000|100%| E|CS|TAMS 0x00000000c0900000| PB 0x00000000c0900000| Complete 
| 510|0x00000000c0a00000, 0x00000000c0b00000, 0x00000000c0b00000|100%| E|CS|TAMS 0x00000000c0a00000| PB 0x00000000c0a00000| Complete 
| 511|0x00000000c0b00000, 0x00000000c0c00000, 0x00000000c0c00000|100%| E|CS|TAMS 0x00000000c0b00000| PB 0x00000000c0b00000| Complete 
| 512|0x00000000c0c00000, 0x00000000c0d00000, 0x00000000c0d00000|100%| E|CS|TAMS 0x00000000c0c00000| PB 0x00000000c0c00000| Complete 
| 513|0x00000000c0d00000, 0x00000000c0e00000, 0x00000000c0e00000|100%| E|CS|TAMS 0x00000000c0d00000| PB 0x00000000c0d00000| Complete 
| 514|0x00000000c0e00000, 0x00000000c0f00000, 0x00000000c0f00000|100%| E|CS|TAMS 0x00000000c0e00000| PB 0x00000000c0e00000| Complete 
| 515|0x00000000c0f00000, 0x00000000c1000000, 0x00000000c1000000|100%| E|CS|TAMS 0x00000000c0f00000| PB 0x00000000c0f00000| Complete 
| 516|0x00000000c1000000, 0x00000000c1100000, 0x00000000c1100000|100%| E|CS|TAMS 0x00000000c1000000| PB 0x00000000c1000000| Complete 
| 517|0x00000000c1100000, 0x00000000c1200000, 0x00000000c1200000|100%| E|CS|TAMS 0x00000000c1100000| PB 0x00000000c1100000| Complete 
| 518|0x00000000c1200000, 0x00000000c1300000, 0x00000000c1300000|100%| E|CS|TAMS 0x00000000c1200000| PB 0x00000000c1200000| Complete 
| 519|0x00000000c1300000, 0x00000000c1400000, 0x00000000c1400000|100%| E|CS|TAMS 0x00000000c1300000| PB 0x00000000c1300000| Complete 
| 520|0x00000000c1400000, 0x00000000c1500000, 0x00000000c1500000|100%| E|CS|TAMS 0x00000000c1400000| PB 0x00000000c1400000| Complete 
| 521|0x00000000c1500000, 0x00000000c1600000, 0x00000000c1600000|100%| E|CS|TAMS 0x00000000c1500000| PB 0x00000000c1500000| Complete 
| 522|0x00000000c1600000, 0x00000000c1700000, 0x00000000c1700000|100%| E|CS|TAMS 0x00000000c1600000| PB 0x00000000c1600000| Complete 
| 523|0x00000000c1700000, 0x00000000c1800000, 0x00000000c1800000|100%| E|CS|TAMS 0x00000000c1700000| PB 0x00000000c1700000| Complete 
| 524|0x00000000c1800000, 0x00000000c1900000, 0x00000000c1900000|100%| E|CS|TAMS 0x00000000c1800000| PB 0x00000000c1800000| Complete 
| 525|0x00000000c1900000, 0x00000000c1a00000, 0x00000000c1a00000|100%| E|CS|TAMS 0x00000000c1900000| PB 0x00000000c1900000| Complete 
| 526|0x00000000c1a00000, 0x00000000c1b00000, 0x00000000c1b00000|100%| E|CS|TAMS 0x00000000c1a00000| PB 0x00000000c1a00000| Complete 
| 527|0x00000000c1b00000, 0x00000000c1c00000, 0x00000000c1c00000|100%| E|CS|TAMS 0x00000000c1b00000| PB 0x00000000c1b00000| Complete 
| 528|0x00000000c1c00000, 0x00000000c1d00000, 0x00000000c1d00000|100%| E|CS|TAMS 0x00000000c1c00000| PB 0x00000000c1c00000| Complete 
| 529|0x00000000c1d00000, 0x00000000c1e00000, 0x00000000c1e00000|100%| E|CS|TAMS 0x00000000c1d00000| PB 0x00000000c1d00000| Complete 
| 530|0x00000000c1e00000, 0x00000000c1f00000, 0x00000000c1f00000|100%| E|CS|TAMS 0x00000000c1e00000| PB 0x00000000c1e00000| Complete 
| 531|0x00000000c1f00000, 0x00000000c2000000, 0x00000000c2000000|100%| E|CS|TAMS 0x00000000c1f00000| PB 0x00000000c1f00000| Complete 
| 532|0x00000000c2000000, 0x00000000c2100000, 0x00000000c2100000|100%| E|CS|TAMS 0x00000000c2000000| PB 0x00000000c2000000| Complete 
| 533|0x00000000c2100000, 0x00000000c2200000, 0x00000000c2200000|100%| E|CS|TAMS 0x00000000c2100000| PB 0x00000000c2100000| Complete 
| 534|0x00000000c2200000, 0x00000000c2300000, 0x00000000c2300000|100%| E|CS|TAMS 0x00000000c2200000| PB 0x00000000c2200000| Complete 
| 535|0x00000000c2300000, 0x00000000c2400000, 0x00000000c2400000|100%| E|CS|TAMS 0x00000000c2300000| PB 0x00000000c2300000| Complete 
| 536|0x00000000c2400000, 0x00000000c2500000, 0x00000000c2500000|100%| E|CS|TAMS 0x00000000c2400000| PB 0x00000000c2400000| Complete 
| 537|0x00000000c2500000, 0x00000000c2600000, 0x00000000c2600000|100%| E|CS|TAMS 0x00000000c2500000| PB 0x00000000c2500000| Complete 
| 538|0x00000000c2600000, 0x00000000c2700000, 0x00000000c2700000|100%| E|CS|TAMS 0x00000000c2600000| PB 0x00000000c2600000| Complete 
| 539|0x00000000c2700000, 0x00000000c2800000, 0x00000000c2800000|100%| E|CS|TAMS 0x00000000c2700000| PB 0x00000000c2700000| Complete 
| 540|0x00000000c2800000, 0x00000000c2900000, 0x00000000c2900000|100%| E|CS|TAMS 0x00000000c2800000| PB 0x00000000c2800000| Complete 
| 541|0x00000000c2900000, 0x00000000c2a00000, 0x00000000c2a00000|100%| E|CS|TAMS 0x00000000c2900000| PB 0x00000000c2900000| Complete 
| 542|0x00000000c2a00000, 0x00000000c2b00000, 0x00000000c2b00000|100%| E|CS|TAMS 0x00000000c2a00000| PB 0x00000000c2a00000| Complete 
| 543|0x00000000c2b00000, 0x00000000c2c00000, 0x00000000c2c00000|100%| E|CS|TAMS 0x00000000c2b00000| PB 0x00000000c2b00000| Complete 
| 544|0x00000000c2c00000, 0x00000000c2d00000, 0x00000000c2d00000|100%| E|CS|TAMS 0x00000000c2c00000| PB 0x00000000c2c00000| Complete 
| 545|0x00000000c2d00000, 0x00000000c2e00000, 0x00000000c2e00000|100%| E|CS|TAMS 0x00000000c2d00000| PB 0x00000000c2d00000| Complete 
| 546|0x00000000c2e00000, 0x00000000c2f00000, 0x00000000c2f00000|100%| E|CS|TAMS 0x00000000c2e00000| PB 0x00000000c2e00000| Complete 
| 547|0x00000000c2f00000, 0x00000000c3000000, 0x00000000c3000000|100%| E|CS|TAMS 0x00000000c2f00000| PB 0x00000000c2f00000| Complete 
| 548|0x00000000c3000000, 0x00000000c3100000, 0x00000000c3100000|100%| E|CS|TAMS 0x00000000c3000000| PB 0x00000000c3000000| Complete 
| 549|0x00000000c3100000, 0x00000000c3200000, 0x00000000c3200000|100%| E|CS|TAMS 0x00000000c3100000| PB 0x00000000c3100000| Complete 
| 550|0x00000000c3200000, 0x00000000c3300000, 0x00000000c3300000|100%| E|CS|TAMS 0x00000000c3200000| PB 0x00000000c3200000| Complete 
| 551|0x00000000c3300000, 0x00000000c3400000, 0x00000000c3400000|100%| E|CS|TAMS 0x00000000c3300000| PB 0x00000000c3300000| Complete 
| 552|0x00000000c3400000, 0x00000000c3500000, 0x00000000c3500000|100%| E|CS|TAMS 0x00000000c3400000| PB 0x00000000c3400000| Complete 
| 553|0x00000000c3500000, 0x00000000c3600000, 0x00000000c3600000|100%| E|CS|TAMS 0x00000000c3500000| PB 0x00000000c3500000| Complete 
| 554|0x00000000c3600000, 0x00000000c3700000, 0x00000000c3700000|100%| E|CS|TAMS 0x00000000c3600000| PB 0x00000000c3600000| Complete 
| 555|0x00000000c3700000, 0x00000000c3800000, 0x00000000c3800000|100%| E|CS|TAMS 0x00000000c3700000| PB 0x00000000c3700000| Complete 
| 556|0x00000000c3800000, 0x00000000c3900000, 0x00000000c3900000|100%| E|CS|TAMS 0x00000000c3800000| PB 0x00000000c3800000| Complete 
| 557|0x00000000c3900000, 0x00000000c3a00000, 0x00000000c3a00000|100%| E|CS|TAMS 0x00000000c3900000| PB 0x00000000c3900000| Complete 
| 558|0x00000000c3a00000, 0x00000000c3b00000, 0x00000000c3b00000|100%| E|CS|TAMS 0x00000000c3a00000| PB 0x00000000c3a00000| Complete 
| 559|0x00000000c3b00000, 0x00000000c3c00000, 0x00000000c3c00000|100%| E|CS|TAMS 0x00000000c3b00000| PB 0x00000000c3b00000| Complete 
| 560|0x00000000c3c00000, 0x00000000c3d00000, 0x00000000c3d00000|100%| E|CS|TAMS 0x00000000c3c00000| PB 0x00000000c3c00000| Complete 
| 561|0x00000000c3d00000, 0x00000000c3e00000, 0x00000000c3e00000|100%| E|CS|TAMS 0x00000000c3d00000| PB 0x00000000c3d00000| Complete 
| 562|0x00000000c3e00000, 0x00000000c3f00000, 0x00000000c3f00000|100%| E|CS|TAMS 0x00000000c3e00000| PB 0x00000000c3e00000| Complete 
| 563|0x00000000c3f00000, 0x00000000c4000000, 0x00000000c4000000|100%| E|CS|TAMS 0x00000000c3f00000| PB 0x00000000c3f00000| Complete 
| 564|0x00000000c4000000, 0x00000000c4100000, 0x00000000c4100000|100%| E|CS|TAMS 0x00000000c4000000| PB 0x00000000c4000000| Complete 
| 565|0x00000000c4100000, 0x00000000c4200000, 0x00000000c4200000|100%| E|CS|TAMS 0x00000000c4100000| PB 0x00000000c4100000| Complete 
| 566|0x00000000c4200000, 0x00000000c4300000, 0x00000000c4300000|100%| E|CS|TAMS 0x00000000c4200000| PB 0x00000000c4200000| Complete 
| 567|0x00000000c4300000, 0x00000000c4400000, 0x00000000c4400000|100%| E|CS|TAMS 0x00000000c4300000| PB 0x00000000c4300000| Complete 
| 568|0x00000000c4400000, 0x00000000c4500000, 0x00000000c4500000|100%| E|CS|TAMS 0x00000000c4400000| PB 0x00000000c4400000| Complete 
| 569|0x00000000c4500000, 0x00000000c4600000, 0x00000000c4600000|100%| E|CS|TAMS 0x00000000c4500000| PB 0x00000000c4500000| Complete 
| 570|0x00000000c4600000, 0x00000000c4700000, 0x00000000c4700000|100%| E|CS|TAMS 0x00000000c4600000| PB 0x00000000c4600000| Complete 
| 571|0x00000000c4700000, 0x00000000c4800000, 0x00000000c4800000|100%| E|CS|TAMS 0x00000000c4700000| PB 0x00000000c4700000| Complete 
| 572|0x00000000c4800000, 0x00000000c4900000, 0x00000000c4900000|100%| E|CS|TAMS 0x00000000c4800000| PB 0x00000000c4800000| Complete 
| 573|0x00000000c4900000, 0x00000000c4a00000, 0x00000000c4a00000|100%| E|CS|TAMS 0x00000000c4900000| PB 0x00000000c4900000| Complete 
| 574|0x00000000c4a00000, 0x00000000c4b00000, 0x00000000c4b00000|100%| E|CS|TAMS 0x00000000c4a00000| PB 0x00000000c4a00000| Complete 
| 575|0x00000000c4b00000, 0x00000000c4c00000, 0x00000000c4c00000|100%| E|CS|TAMS 0x00000000c4b00000| PB 0x00000000c4b00000| Complete 
| 576|0x00000000c4c00000, 0x00000000c4d00000, 0x00000000c4d00000|100%| E|CS|TAMS 0x00000000c4c00000| PB 0x00000000c4c00000| Complete 
| 577|0x00000000c4d00000, 0x00000000c4e00000, 0x00000000c4e00000|100%| E|CS|TAMS 0x00000000c4d00000| PB 0x00000000c4d00000| Complete 
| 578|0x00000000c4e00000, 0x00000000c4f00000, 0x00000000c4f00000|100%| E|CS|TAMS 0x00000000c4e00000| PB 0x00000000c4e00000| Complete 
| 579|0x00000000c4f00000, 0x00000000c5000000, 0x00000000c5000000|100%| E|CS|TAMS 0x00000000c4f00000| PB 0x00000000c4f00000| Complete 
| 580|0x00000000c5000000, 0x00000000c5100000, 0x00000000c5100000|100%| E|CS|TAMS 0x00000000c5000000| PB 0x00000000c5000000| Complete 
| 581|0x00000000c5100000, 0x00000000c5200000, 0x00000000c5200000|100%| E|CS|TAMS 0x00000000c5100000| PB 0x00000000c5100000| Complete 
| 582|0x00000000c5200000, 0x00000000c5300000, 0x00000000c5300000|100%| E|CS|TAMS 0x00000000c5200000| PB 0x00000000c5200000| Complete 
| 583|0x00000000c5300000, 0x00000000c5400000, 0x00000000c5400000|100%| E|CS|TAMS 0x00000000c5300000| PB 0x00000000c5300000| Complete 
| 584|0x00000000c5400000, 0x00000000c5500000, 0x00000000c5500000|100%| E|CS|TAMS 0x00000000c5400000| PB 0x00000000c5400000| Complete 
| 585|0x00000000c5500000, 0x00000000c5600000, 0x00000000c5600000|100%| E|CS|TAMS 0x00000000c5500000| PB 0x00000000c5500000| Complete 
| 586|0x00000000c5600000, 0x00000000c5700000, 0x00000000c5700000|100%| E|CS|TAMS 0x00000000c5600000| PB 0x00000000c5600000| Complete 
| 587|0x00000000c5700000, 0x00000000c5800000, 0x00000000c5800000|100%| E|CS|TAMS 0x00000000c5700000| PB 0x00000000c5700000| Complete 
| 588|0x00000000c5800000, 0x00000000c5900000, 0x00000000c5900000|100%| E|CS|TAMS 0x00000000c5800000| PB 0x00000000c5800000| Complete 
| 589|0x00000000c5900000, 0x00000000c5a00000, 0x00000000c5a00000|100%| E|CS|TAMS 0x00000000c5900000| PB 0x00000000c5900000| Complete 
| 590|0x00000000c5a00000, 0x00000000c5b00000, 0x00000000c5b00000|100%| E|CS|TAMS 0x00000000c5a00000| PB 0x00000000c5a00000| Complete 
| 591|0x00000000c5b00000, 0x00000000c5c00000, 0x00000000c5c00000|100%| E|CS|TAMS 0x00000000c5b00000| PB 0x00000000c5b00000| Complete 
| 592|0x00000000c5c00000, 0x00000000c5d00000, 0x00000000c5d00000|100%| E|CS|TAMS 0x00000000c5c00000| PB 0x00000000c5c00000| Complete 
| 593|0x00000000c5d00000, 0x00000000c5e00000, 0x00000000c5e00000|100%| E|CS|TAMS 0x00000000c5d00000| PB 0x00000000c5d00000| Complete 
|1502|0x00000000fea00000, 0x00000000feb00000, 0x00000000feb00000|100%| O|  |TAMS 0x00000000fea00000| PB 0x00000000fea00000| Untracked 
|1503|0x00000000feb00000, 0x00000000fec00000, 0x00000000fec00000|100%| E|CS|TAMS 0x00000000feb00000| PB 0x00000000feb00000| Complete 
|1504|0x00000000fec00000, 0x00000000fed00000, 0x00000000fed00000|100%| E|CS|TAMS 0x00000000fec00000| PB 0x00000000fec00000| Complete 
|1505|0x00000000fed00000, 0x00000000fee00000, 0x00000000fee00000|100%| O|Cm|TAMS 0x00000000fed00000| PB 0x00000000fed00000| Complete 
|1506|0x00000000fee00000, 0x00000000fef00000, 0x00000000fef00000|100%| E|CS|TAMS 0x00000000fee00000| PB 0x00000000fee00000| Complete 
|1507|0x00000000fef00000, 0x00000000ff000000, 0x00000000ff000000|100%| E|CS|TAMS 0x00000000fef00000| PB 0x00000000fef00000| Complete 
|1508|0x00000000ff000000, 0x00000000ff100000, 0x00000000ff100000|100%| E|CS|TAMS 0x00000000ff000000| PB 0x00000000ff000000| Complete 
|1509|0x00000000ff100000, 0x00000000ff200000, 0x00000000ff200000|100%| O|  |TAMS 0x00000000ff100000| PB 0x00000000ff100000| Untracked 
|1510|0x00000000ff200000, 0x00000000ff300000, 0x00000000ff300000|100%| O|  |TAMS 0x00000000ff200000| PB 0x00000000ff200000| Untracked 
|1511|0x00000000ff300000, 0x00000000ff400000, 0x00000000ff400000|100%| O|  |TAMS 0x00000000ff300000| PB 0x00000000ff300000| Untracked 
|1512|0x00000000ff400000, 0x00000000ff500000, 0x00000000ff500000|100%| O|  |TAMS 0x00000000ff400000| PB 0x00000000ff400000| Untracked 
|1513|0x00000000ff500000, 0x00000000ff600000, 0x00000000ff600000|100%| O|  |TAMS 0x00000000ff500000| PB 0x00000000ff500000| Untracked 
|1514|0x00000000ff600000, 0x00000000ff700000, 0x00000000ff700000|100%| O|  |TAMS 0x00000000ff600000| PB 0x00000000ff600000| Untracked 
|1515|0x00000000ff700000, 0x00000000ff800000, 0x00000000ff800000|100%| O|  |TAMS 0x00000000ff700000| PB 0x00000000ff700000| Untracked 
|1516|0x00000000ff800000, 0x00000000ff900000, 0x00000000ff900000|100%| O|  |TAMS 0x00000000ff800000| PB 0x00000000ff800000| Untracked 
|1517|0x00000000ff900000, 0x00000000ffa00000, 0x00000000ffa00000|100%| O|  |TAMS 0x00000000ff900000| PB 0x00000000ff900000| Untracked 
|1518|0x00000000ffa00000, 0x00000000ffb00000, 0x00000000ffb00000|100%| E|CS|TAMS 0x00000000ffa00000| PB 0x00000000ffa00000| Complete 
|1519|0x00000000ffb00000, 0x00000000ffc00000, 0x00000000ffc00000|100%| E|CS|TAMS 0x00000000ffb00000| PB 0x00000000ffb00000| Complete 
|1520|0x00000000ffc00000, 0x00000000ffd00000, 0x00000000ffd00000|100%| E|CS|TAMS 0x00000000ffc00000| PB 0x00000000ffc00000| Complete 
|1521|0x00000000ffd00000, 0x00000000ffe00000, 0x00000000ffe00000|100%| O|  |TAMS 0x00000000ffd00000| PB 0x00000000ffd00000| Untracked 
|1522|0x00000000ffe00000, 0x00000000fff00000, 0x00000000fff00000|100%| O|  |TAMS 0x00000000ffe00000| PB 0x00000000ffe00000| Untracked 
|1523|0x00000000fff00000, 0x0000000100000000, 0x0000000100000000|100%| O|  |TAMS 0x00000000fff00000| PB 0x00000000fff00000| Untracked 

Card table byte_map: [0x000001a7ecd00000,0x000001a7ed000000] _byte_map_base: 0x000001a7ec7fa000

Marking Bits: (CMBitMap*) 0x000001a7d6b67df0
 Bits: [0x000001a7ed000000, 0x000001a7ee7d0000)

Polling page: 0x000001a7d4a60000

Metaspace:

Usage:
  Non-class:     36.63 MB used.
      Class:      3.87 MB used.
       Both:     40.51 MB used.

Virtual space:
  Non-class space:       64.00 MB reserved,      36.88 MB ( 58%) committed,  1 nodes.
      Class space:        1.00 GB reserved,       4.12 MB ( <1%) committed,  1 nodes.
             Both:        1.06 GB reserved,      41.00 MB (  4%) committed. 

Chunk freelists:
   Non-Class:  10.47 MB
       Class:  11.83 MB
        Both:  22.30 MB

MaxMetaspaceSize: unlimited
CompressedClassSpaceSize: 1.00 GB
Initial GC threshold: 21.00 MB
Current GC threshold: 68.12 MB
CDS: off
 - commit_granule_bytes: 65536.
 - commit_granule_words: 8192.
 - virtual_space_node_default_size: 8388608.
 - enlarge_chunks_in_place: 1.
 - use_allocation_guard: 0.


Internal statistics:

num_allocs_failed_limit: 3.
num_arena_births: 720.
num_arena_deaths: 124.
num_vsnodes_births: 2.
num_vsnodes_deaths: 0.
num_space_committed: 657.
num_space_uncommitted: 4.
num_chunks_returned_to_freelist: 220.
num_chunks_taken_from_freelist: 2202.
num_chunk_merges: 48.
num_chunk_splits: 1344.
num_chunks_enlarged: 842.
num_inconsistent_stats: 0.

CodeHeap 'non-profiled nmethods': size=120000Kb used=9006Kb max_used=9419Kb free=110993Kb
 bounds [0x000001a7e51a0000, 0x000001a7e5ae0000, 0x000001a7ec6d0000]
CodeHeap 'profiled nmethods': size=120000Kb used=19461Kb max_used=20739Kb free=100538Kb
 bounds [0x000001a7dd6d0000, 0x000001a7deb20000, 0x000001a7e4c00000]
CodeHeap 'non-nmethods': size=5760Kb used=1502Kb max_used=1569Kb free=4257Kb
 bounds [0x000001a7e4c00000, 0x000001a7e4e70000, 0x000001a7e51a0000]
 total_blobs=9463 nmethods=8888 adapters=478
 compilation: enabled
              stopped_count=0, restarted_count=0
 full_count=0

Compilation events (20 events):
Event: 104.146 Thread 0x000001a7f12a7110 nmethod 11758 0x000001a7ddf7a810 code [0x000001a7ddf7a9c0, 0x000001a7ddf7abe8]
Event: 104.429 Thread 0x000001a7f12aa7f0 11759       4       java.util.Collections$2::characteristics (33 bytes)
Event: 104.431 Thread 0x000001a7f12aa7f0 nmethod 11759 0x000001a7e5709090 code [0x000001a7e5709220, 0x000001a7e57092c8]
Event: 104.497 Thread 0x000001a7f12aa7f0 11760       4       org.wso2.ballerinalang.compiler.semantics.model.types.BTableType::<init> (31 bytes)
Event: 104.517 Thread 0x000001a7f12aa7f0 nmethod 11760 0x000001a7e5a32610 code [0x000001a7e5a327c0, 0x000001a7e5a32dd0]
Event: 104.712 Thread 0x000001a7f12aa7f0 11761       4       io.ballerina.projects.DependencyGraph$DependencyGraphBuilder::getBuilder (16 bytes)
Event: 104.718 Thread 0x000001a7f12aa7f0 nmethod 11761 0x000001a7e5758d10 code [0x000001a7e5758ea0, 0x000001a7e5759068]
Event: 104.901 Thread 0x000001a7f12a7110 11762       3       io.ballerina.compiler.internal.parser.BallerinaParser::createObjectTypeQualNodeList (231 bytes)
Event: 104.901 Thread 0x000001a7f12aa7f0 11763       4       io.ballerina.compiler.internal.parser.BallerinaLexer::processDocumentationString (192 bytes)
Event: 104.907 Thread 0x000001a7f12a7110 nmethod 11762 0x000001a7ddaf6510 code [0x000001a7ddaf6940, 0x000001a7ddaf8ff8]
Event: 104.930 Thread 0x000001a7f12a7110 11766   !   3       io.ballerina.types.Env::recListAtom (40 bytes)
Event: 104.931 Thread 0x000001a7f12a7110 nmethod 11766 0x000001a7ddd3d490 code [0x000001a7ddd3d680, 0x000001a7ddd3dbd8]
Event: 104.994 Thread 0x000001a7f12aa7f0 nmethod 11763 0x000001a7e5635810 code [0x000001a7e5635a80, 0x000001a7e56369c0]
Event: 104.996 Thread 0x000001a7f12aa7f0 11765       4       org.wso2.ballerinalang.compiler.parser.BLangNodeBuilder$$Lambda/0x0000000100360a60::accept (12 bytes)
Event: 105.004 Thread 0x000001a7f12aa7f0 nmethod 11765 0x000001a7e57c4990 code [0x000001a7e57c4b60, 0x000001a7e57c4ee0]
Event: 105.005 Thread 0x000001a7f12aa7f0 11764       4       io.ballerina.compiler.internal.parser.BallerinaParser::parseRecordField (28 bytes)
Event: 105.281 Thread 0x000001a7f12a7110 11768       3       io.ballerina.types.EnumerableFloat::from (9 bytes)
Event: 105.282 Thread 0x000001a7f12a7110 nmethod 11768 0x000001a7de0a6b90 code [0x000001a7de0a6d40, 0x000001a7de0a6f40]
Event: 105.282 Thread 0x000001a7f12a7110 11769       3       io.ballerina.types.EnumerableFloat::<init> (10 bytes)
Event: 105.282 Thread 0x000001a7f12a7110 nmethod 11769 0x000001a7ddc11290 code [0x000001a7ddc11440, 0x000001a7ddc115a8]

GC Heap History (20 events):
Event: 55.070 GC heap before
{Heap before GC invocations=62 (full 0):
 garbage-first heap   total 419840K, used 363155K [0x00000000a0c00000, 0x0000000100000000)
  region size 1024K, 142 young (145408K), 4 survivors (4096K)
 Metaspace       used 40697K, committed 41344K, reserved 1114112K
  class space    used 3916K, committed 4160K, reserved 1048576K
}
Event: 55.075 GC heap after
{Heap after GC invocations=63 (full 0):
 garbage-first heap   total 419840K, used 221492K [0x00000000a0c00000, 0x0000000100000000)
  region size 1024K, 4 young (4096K), 4 survivors (4096K)
 Metaspace       used 40697K, committed 41344K, reserved 1114112K
  class space    used 3916K, committed 4160K, reserved 1048576K
}
Event: 55.238 GC heap before
{Heap before GC invocations=63 (full 0):
 garbage-first heap   total 419840K, used 393524K [0x00000000a0c00000, 0x0000000100000000)
  region size 1024K, 172 young (176128K), 4 survivors (4096K)
 Metaspace       used 40697K, committed 41344K, reserved 1114112K
  class space    used 3916K, committed 4160K, reserved 1048576K
}
Event: 55.247 GC heap after
{Heap after GC invocations=64 (full 0):
 garbage-first heap   total 630784K, used 179707K [0x00000000a0c00000, 0x0000000100000000)
  region size 1024K, 4 young (4096K), 4 survivors (4096K)
 Metaspace       used 40697K, committed 41344K, reserved 1114112K
  class space    used 3916K, committed 4160K, reserved 1048576K
}
Event: 56.637 GC heap before
{Heap before GC invocations=64 (full 0):
 garbage-first heap   total 630784K, used 553467K [0x00000000a0c00000, 0x0000000100000000)
  region size 1024K, 369 young (377856K), 4 survivors (4096K)
 Metaspace       used 40986K, committed 41536K, reserved 1114112K
  class space    used 3940K, committed 4224K, reserved 1048576K
}
Event: 56.664 GC heap after
{Heap after GC invocations=65 (full 0):
 garbage-first heap   total 630784K, used 176661K [0x00000000a0c00000, 0x0000000100000000)
  region size 1024K, 7 young (7168K), 7 survivors (7168K)
 Metaspace       used 40986K, committed 41536K, reserved 1114112K
  class space    used 3940K, committed 4224K, reserved 1048576K
}
Event: 65.075 GC heap before
{Heap before GC invocations=65 (full 0):
 garbage-first heap   total 630784K, used 546325K [0x00000000a0c00000, 0x0000000100000000)
  region size 1024K, 369 young (377856K), 7 survivors (7168K)
 Metaspace       used 41149K, committed 41728K, reserved 1114112K
  class space    used 3950K, committed 4224K, reserved 1048576K
}
Event: 65.090 GC heap after
{Heap after GC invocations=66 (full 0):
 garbage-first heap   total 630784K, used 182145K [0x00000000a0c00000, 0x0000000100000000)
  region size 1024K, 12 young (12288K), 12 survivors (12288K)
 Metaspace       used 41149K, committed 41728K, reserved 1114112K
  class space    used 3950K, committed 4224K, reserved 1048576K
}
Event: 84.809 GC heap before
{Heap before GC invocations=66 (full 0):
 garbage-first heap   total 630784K, used 546689K [0x00000000a0c00000, 0x0000000100000000)
  region size 1024K, 369 young (377856K), 12 survivors (12288K)
 Metaspace       used 41270K, committed 41792K, reserved 1114112K
  class space    used 3966K, committed 4224K, reserved 1048576K
}
Event: 84.822 GC heap after
{Heap after GC invocations=67 (full 0):
 garbage-first heap   total 630784K, used 179532K [0x00000000a0c00000, 0x0000000100000000)
  region size 1024K, 10 young (10240K), 10 survivors (10240K)
 Metaspace       used 41270K, committed 41792K, reserved 1114112K
  class space    used 3966K, committed 4224K, reserved 1048576K
}
Event: 96.000 GC heap before
{Heap before GC invocations=67 (full 0):
 garbage-first heap   total 630784K, used 546124K [0x00000000a0c00000, 0x0000000100000000)
  region size 1024K, 369 young (377856K), 10 survivors (10240K)
 Metaspace       used 41355K, committed 41856K, reserved 1114112K
  class space    used 3974K, committed 4224K, reserved 1048576K
}
Event: 96.034 GC heap after
{Heap after GC invocations=68 (full 0):
 garbage-first heap   total 630784K, used 196481K [0x00000000a0c00000, 0x0000000100000000)
  region size 1024K, 26 young (26624K), 26 survivors (26624K)
 Metaspace       used 41355K, committed 41856K, reserved 1114112K
  class space    used 3974K, committed 4224K, reserved 1048576K
}
Event: 98.270 GC heap before
{Heap before GC invocations=69 (full 0):
 garbage-first heap   total 630784K, used 547713K [0x00000000a0c00000, 0x0000000100000000)
  region size 1024K, 369 young (377856K), 26 survivors (26624K)
 Metaspace       used 41444K, committed 41984K, reserved 1114112K
  class space    used 3974K, committed 4224K, reserved 1048576K
}
Event: 98.377 GC heap after
{Heap after GC invocations=70 (full 0):
 garbage-first heap   total 630784K, used 227650K [0x00000000a0c00000, 0x0000000100000000)
  region size 1024K, 47 young (48128K), 47 survivors (48128K)
 Metaspace       used 41444K, committed 41984K, reserved 1114112K
  class space    used 3974K, committed 4224K, reserved 1048576K
}
Event: 99.067 GC heap before
{Heap before GC invocations=70 (full 0):
 garbage-first heap   total 630784K, used 549186K [0x00000000a0c00000, 0x0000000100000000)
  region size 1024K, 361 young (369664K), 47 survivors (48128K)
 Metaspace       used 41444K, committed 41984K, reserved 1114112K
  class space    used 3974K, committed 4224K, reserved 1048576K
}
Event: 99.147 GC heap after
{Heap after GC invocations=71 (full 0):
 garbage-first heap   total 630784K, used 226816K [0x00000000a0c00000, 0x0000000100000000)
  region size 1024K, 3 young (3072K), 3 survivors (3072K)
 Metaspace       used 41444K, committed 41984K, reserved 1114112K
  class space    used 3974K, committed 4224K, reserved 1048576K
}
Event: 99.840 GC heap before
{Heap before GC invocations=71 (full 0):
 garbage-first heap   total 630784K, used 580096K [0x00000000a0c00000, 0x0000000100000000)
  region size 1024K, 348 young (356352K), 3 survivors (3072K)
 Metaspace       used 41444K, committed 41984K, reserved 1114112K
  class space    used 3974K, committed 4224K, reserved 1048576K
}
Event: 99.846 GC heap after
{Heap after GC invocations=72 (full 0):
 garbage-first heap   total 630784K, used 225792K [0x00000000a0c00000, 0x0000000100000000)
  region size 1024K, 2 young (2048K), 2 survivors (2048K)
 Metaspace       used 41444K, committed 41984K, reserved 1114112K
  class space    used 3974K, committed 4224K, reserved 1048576K
}
Event: 102.284 GC heap before
{Heap before GC invocations=73 (full 0):
 garbage-first heap   total 630784K, used 578048K [0x00000000a0c00000, 0x0000000100000000)
  region size 1024K, 359 young (367616K), 2 survivors (2048K)
 Metaspace       used 41463K, committed 41984K, reserved 1114112K
  class space    used 3965K, committed 4224K, reserved 1048576K
}
Event: 102.314 GC heap after
{Heap after GC invocations=74 (full 0):
 garbage-first heap   total 630784K, used 231198K [0x00000000a0c00000, 0x0000000100000000)
  region size 1024K, 22 young (22528K), 22 survivors (22528K)
 Metaspace       used 41463K, committed 41984K, reserved 1114112K
  class space    used 3965K, committed 4224K, reserved 1048576K
}

Dll operation events (5 events):
Event: 0.046 Loaded shared library C:\Program Files\Ballerina\dependencies\jdk-21.0.5+11-jre\bin\java.dll
Event: 1.139 Loaded shared library C:\Program Files\Ballerina\dependencies\jdk-21.0.5+11-jre\bin\net.dll
Event: 1.148 Loaded shared library C:\Program Files\Ballerina\dependencies\jdk-21.0.5+11-jre\bin\nio.dll
Event: 1.183 Loaded shared library C:\Program Files\Ballerina\dependencies\jdk-21.0.5+11-jre\bin\zip.dll
Event: 1.871 Loaded shared library C:\Program Files\Ballerina\dependencies\jdk-21.0.5+11-jre\bin\jimage.dll

Deoptimization events (20 events):
Event: 102.995 Thread 0x000001a7f7f8a590 Uncommon trap: trap_request=0xffffffde fr.pc=0x000001a7e5877120 relative=0x0000000000001b00
Event: 102.995 Thread 0x000001a7f7f8a590 Uncommon trap: reason=class_check action=maybe_recompile pc=0x000001a7e5877120 method=org.wso2.ballerinalang.compiler.semantics.analyzer.IsolationAnalyzer.isRecordFieldDefaultValue(Lorg/wso2/ballerinalang/compiler/tree/types/BLangType;)Z @ 7 c2
Event: 102.995 Thread 0x000001a7f7f8a590 DEOPT PACKING pc=0x000001a7e5877120 sp=0x0000009c33dfde80
Event: 102.995 Thread 0x000001a7f7f8a590 DEOPT UNPACKING pc=0x000001a7e4c546a2 sp=0x0000009c33dfdd98 mode 2
Event: 103.003 Thread 0x000001a7f7f8a590 Uncommon trap: trap_request=0xffffffde fr.pc=0x000001a7e56e44d8 relative=0x0000000000000658
Event: 103.003 Thread 0x000001a7f7f8a590 Uncommon trap: reason=class_check action=maybe_recompile pc=0x000001a7e56e44d8 method=java.util.HashMap.removeNode(ILjava/lang/Object;Ljava/lang/Object;ZZ)Ljava/util/HashMap$Node; @ 143 c2
Event: 103.003 Thread 0x000001a7f7f8a590 DEOPT PACKING pc=0x000001a7e56e44d8 sp=0x0000009c33dfdbe0
Event: 103.003 Thread 0x000001a7f7f8a590 DEOPT UNPACKING pc=0x000001a7e4c546a2 sp=0x0000009c33dfdaf8 mode 2
Event: 104.902 Thread 0x000001a7f7f8a590 DEOPT PACKING pc=0x000001a7de061fc2 sp=0x0000009c33dfdf80
Event: 104.902 Thread 0x000001a7f7f8a590 DEOPT UNPACKING pc=0x000001a7e4c54e42 sp=0x0000009c33dfd490 mode 0
Event: 104.917 Thread 0x000001a7f7f8a590 DEOPT PACKING pc=0x000001a7de061fc2 sp=0x0000009c33dfdb40
Event: 104.917 Thread 0x000001a7f7f8a590 DEOPT UNPACKING pc=0x000001a7e4c54e42 sp=0x0000009c33dfd050 mode 0
Event: 104.965 Thread 0x000001a7f7f8a590 Uncommon trap: trap_request=0xffffffde fr.pc=0x000001a7e56e44d8 relative=0x0000000000000658
Event: 104.966 Thread 0x000001a7f7f8a590 Uncommon trap: reason=class_check action=maybe_recompile pc=0x000001a7e56e44d8 method=java.util.HashMap.removeNode(ILjava/lang/Object;Ljava/lang/Object;ZZ)Ljava/util/HashMap$Node; @ 143 c2
Event: 104.966 Thread 0x000001a7f7f8a590 DEOPT PACKING pc=0x000001a7e56e44d8 sp=0x0000009c33dfdc60
Event: 104.966 Thread 0x000001a7f7f8a590 DEOPT UNPACKING pc=0x000001a7e4c546a2 sp=0x0000009c33dfdb78 mode 2
Event: 105.609 Thread 0x000001a7f7f8a590 Uncommon trap: trap_request=0xffffff76 fr.pc=0x000001a7e563676c relative=0x0000000000000cec
Event: 105.609 Thread 0x000001a7f7f8a590 Uncommon trap: reason=predicate action=maybe_recompile pc=0x000001a7e563676c method=io.ballerina.compiler.internal.parser.BallerinaLexer.processDocumentationString()Lio/ballerina/compiler/internal/parser/tree/STToken; @ 5 c2
Event: 105.609 Thread 0x000001a7f7f8a590 DEOPT PACKING pc=0x000001a7e563676c sp=0x0000009c33dfdfe0
Event: 105.609 Thread 0x000001a7f7f8a590 DEOPT UNPACKING pc=0x000001a7e4c546a2 sp=0x0000009c33dfdfa0 mode 2

Classes loaded (20 events):
Event: 20.834 Loading class java/util/concurrent/Executors$DelegatedExecutorService done
Event: 20.835 Loading class java/util/concurrent/Executors$DelegatedScheduledExecutorService done
Event: 26.457 Loading class java/util/concurrent/CompletableFuture$UniRelay
Event: 26.458 Loading class java/util/concurrent/CompletableFuture$UniRelay done
Event: 26.459 Loading class java/util/concurrent/CompletableFuture$UniApply
Event: 26.459 Loading class java/util/concurrent/CompletableFuture$UniApply done
Event: 26.505 Loading class java/lang/StackTraceElement$HashedModules
Event: 26.506 Loading class java/lang/StackTraceElement$HashedModules done
Event: 27.292 Loading class java/util/stream/ReduceOps$2
Event: 27.292 Loading class java/util/stream/ReduceOps$2 done
Event: 27.293 Loading class java/util/stream/ReduceOps$2ReducingSink
Event: 27.293 Loading class java/util/stream/ReduceOps$2ReducingSink done
Event: 47.838 Loading class java/lang/StringUTF16$CodePointsSpliterator
Event: 47.839 Loading class java/lang/StringUTF16$CodePointsSpliterator done
Event: 47.840 Loading class java/util/stream/ReduceOps$CountingSink$OfInt
Event: 47.840 Loading class java/util/stream/ReduceOps$CountingSink
Event: 47.840 Loading class java/util/stream/ReduceOps$CountingSink done
Event: 47.841 Loading class java/util/stream/ReduceOps$CountingSink$OfInt done
Event: 63.834 Loading class jdk/internal/math/FDBigInteger
Event: 63.835 Loading class jdk/internal/math/FDBigInteger done

Classes unloaded (20 events):
Event: 100.236 Thread 0x000001a7f122a550 Unloading class 0x000000010041b390 'io/ballerina/stdlib/constraint/compiler/annotation/tag/AnnotationTagArray'
Event: 100.236 Thread 0x000001a7f122a550 Unloading class 0x000000010041b138 'io/ballerina/stdlib/constraint/compiler/annotation/tag/AnnotationTagString'
Event: 100.236 Thread 0x000001a7f122a550 Unloading class 0x000000010041af48 'io/ballerina/stdlib/constraint/compiler/annotation/tag/LengthConstrainedAnnotationTag'
Event: 100.236 Thread 0x000001a7f122a550 Unloading class 0x000000010041acd0 'io/ballerina/stdlib/constraint/compiler/annotation/tag/AnnotationTagNumber'
Event: 100.236 Thread 0x000001a7f122a550 Unloading class 0x000000010041aa58 'io/ballerina/stdlib/constraint/compiler/annotation/tag/AnnotationTagFloat'
Event: 100.236 Thread 0x000001a7f122a550 Unloading class 0x000000010041a7e0 'io/ballerina/stdlib/constraint/compiler/annotation/tag/AnnotationTagInt'
Event: 100.236 Thread 0x000001a7f122a550 Unloading class 0x000000010041a5f0 'io/ballerina/stdlib/constraint/compiler/annotation/tag/DigitsConstrainedAnnotationTag'
Event: 100.236 Thread 0x000001a7f122a550 Unloading class 0x000000010041a400 'io/ballerina/stdlib/constraint/compiler/annotation/tag/ValueConstrainedAnnotationTag'
Event: 100.236 Thread 0x000001a7f122a550 Unloading class 0x000000010041a210 'io/ballerina/stdlib/constraint/compiler/annotation/tag/AnnotationTag'
Event: 100.236 Thread 0x000001a7f122a550 Unloading class 0x000000010041a000 'io/ballerina/stdlib/constraint/compiler/ConstraintCompatibilityMatrix'
Event: 100.236 Thread 0x000001a7f122a550 Unloading class 0x0000000100418460 'io/ballerina/stdlib/constraint/compiler/ConstraintCompilerPluginUtils'
Event: 100.236 Thread 0x000001a7f122a550 Unloading class 0x0000000100418220 'io/ballerina/stdlib/constraint/compiler/TypeConstraintValidator$$Lambda+0x0000000100418220'
Event: 100.236 Thread 0x000001a7f122a550 Unloading class 0x0000000100418000 'io/ballerina/stdlib/constraint/compiler/TypeConstraintValidator'
Event: 100.237 Thread 0x000001a7f122a550 Unloading class 0x000000010040ec00 'io/ballerina/stdlib/constraint/compiler/RecordFieldConstraintValidator'
Event: 100.237 Thread 0x000001a7f122a550 Unloading class 0x000000010040ea00 'io/ballerina/stdlib/constraint/compiler/ConstraintCodeAnalyzer'
Event: 100.237 Thread 0x000001a7f122a550 Unloading class 0x000000010040e800 'io/ballerina/stdlib/constraint/compiler/ConstraintCompilerPlugin'
Event: 100.237 Thread 0x000001a7f122a550 Unloading class 0x0000000100402800 'io/ballerina/stdlib/file/compiler/FileServiceValidator'
Event: 100.237 Thread 0x000001a7f122a550 Unloading class 0x0000000100403400 'io/ballerina/stdlib/file/compiler/staticcodeanalyzer/FileStaticCodeAnalyzer'
Event: 100.237 Thread 0x000001a7f122a550 Unloading class 0x0000000100403200 'io/ballerina/stdlib/file/compiler/FileCodeAnalyzer'
Event: 100.237 Thread 0x000001a7f122a550 Unloading class 0x0000000100403000 'io/ballerina/stdlib/file/compiler/FileCompilerPlugin'

Classes redefined (0 events):
No events

Internal exceptions (20 events):
Event: 105.506 Thread 0x000001a7f7f8a590 Exception <a 'sun/nio/fs/WindowsException'{0x00000000bd54a9a0}> (0x00000000bd54a9a0) 
thrown [s\src\hotspot\share\prims\jni.cpp, line 520]
Event: 105.511 Thread 0x000001a7f7f8a590 Exception <a 'sun/nio/fs/WindowsException'{0x00000000bd55f4d0}> (0x00000000bd55f4d0) 
thrown [s\src\hotspot\share\prims\jni.cpp, line 520]
Event: 105.511 Thread 0x000001a7f7f8a590 Exception <a 'sun/nio/fs/WindowsException'{0x00000000bd560068}> (0x00000000bd560068) 
thrown [s\src\hotspot\share\prims\jni.cpp, line 520]
Event: 105.518 Thread 0x000001a7f7f8a590 Exception <a 'sun/nio/fs/WindowsException'{0x00000000bd3c83d0}> (0x00000000bd3c83d0) 
thrown [s\src\hotspot\share\prims\jni.cpp, line 520]
Event: 105.524 Thread 0x000001a7f7f8a590 Exception <a 'sun/nio/fs/WindowsException'{0x00000000bd3da670}> (0x00000000bd3da670) 
thrown [s\src\hotspot\share\prims\jni.cpp, line 520]
Event: 105.524 Thread 0x000001a7f7f8a590 Exception <a 'sun/nio/fs/WindowsException'{0x00000000bd3dac20}> (0x00000000bd3dac20) 
thrown [s\src\hotspot\share\prims\jni.cpp, line 520]
Event: 105.544 Thread 0x000001a7f7f8a590 Exception <a 'sun/nio/fs/WindowsException'{0x00000000bd205588}> (0x00000000bd205588) 
thrown [s\src\hotspot\share\prims\jni.cpp, line 520]
Event: 105.544 Thread 0x000001a7f7f8a590 Exception <a 'sun/nio/fs/WindowsException'{0x00000000bd205e20}> (0x00000000bd205e20) 
thrown [s\src\hotspot\share\prims\jni.cpp, line 520]
Event: 105.555 Thread 0x000001a7f7f8a590 Exception <a 'sun/nio/fs/WindowsException'{0x00000000bd22dfd0}> (0x00000000bd22dfd0) 
thrown [s\src\hotspot\share\prims\jni.cpp, line 520]
Event: 105.559 Thread 0x000001a7f7f8a590 Exception <a 'sun/nio/fs/WindowsException'{0x00000000bd2383f0}> (0x00000000bd2383f0) 
thrown [s\src\hotspot\share\prims\jni.cpp, line 520]
Event: 105.559 Thread 0x000001a7f7f8a590 Exception <a 'sun/nio/fs/WindowsException'{0x00000000bd238dc8}> (0x00000000bd238dc8) 
thrown [s\src\hotspot\share\prims\jni.cpp, line 520]
Event: 105.559 Thread 0x000001a7f7f8a590 Exception <a 'sun/nio/fs/WindowsException'{0x00000000bd239628}> (0x00000000bd239628) 
thrown [s\src\hotspot\share\prims\jni.cpp, line 520]
Event: 105.582 Thread 0x000001a7f7f8a590 Exception <a 'sun/nio/fs/WindowsException'{0x00000000bd2706c0}> (0x00000000bd2706c0) 
thrown [s\src\hotspot\share\prims\jni.cpp, line 520]
Event: 105.582 Thread 0x000001a7f7f8a590 Exception <a 'sun/nio/fs/WindowsException'{0x00000000bd271228}> (0x00000000bd271228) 
thrown [s\src\hotspot\share\prims\jni.cpp, line 520]
Event: 105.586 Thread 0x000001a7f7f8a590 Exception <a 'sun/nio/fs/WindowsException'{0x00000000bd291ac0}> (0x00000000bd291ac0) 
thrown [s\src\hotspot\share\prims\jni.cpp, line 520]
Event: 105.589 Thread 0x000001a7f7f8a590 Exception <a 'sun/nio/fs/WindowsException'{0x00000000bd29b5e0}> (0x00000000bd29b5e0) 
thrown [s\src\hotspot\share\prims\jni.cpp, line 520]
Event: 105.589 Thread 0x000001a7f7f8a590 Exception <a 'sun/nio/fs/WindowsException'{0x00000000bd29bfb0}> (0x00000000bd29bfb0) 
thrown [s\src\hotspot\share\prims\jni.cpp, line 520]
Event: 105.589 Thread 0x000001a7f7f8a590 Exception <a 'sun/nio/fs/WindowsException'{0x00000000bd29c810}> (0x00000000bd29c810) 
thrown [s\src\hotspot\share\prims\jni.cpp, line 520]
Event: 105.597 Thread 0x000001a7f7f8a590 Exception <a 'sun/nio/fs/WindowsException'{0x00000000bd2b9940}> (0x00000000bd2b9940) 
thrown [s\src\hotspot\share\prims\jni.cpp, line 520]
Event: 105.597 Thread 0x000001a7f7f8a590 Exception <a 'sun/nio/fs/WindowsException'{0x00000000bd2ba498}> (0x00000000bd2ba498) 
thrown [s\src\hotspot\share\prims\jni.cpp, line 520]

ZGC Phase Switch (0 events):
No events

VM Operations (20 events):
Event: 97.995 Executing VM operation: Cleanup
Event: 97.995 Executing VM operation: Cleanup done
Event: 98.270 Executing VM operation: G1CollectForAllocation (G1 Evacuation Pause)
Event: 98.377 Executing VM operation: G1CollectForAllocation (G1 Evacuation Pause) done
Event: 99.067 Executing VM operation: G1CollectForAllocation (G1 Evacuation Pause)
Event: 99.147 Executing VM operation: G1CollectForAllocation (G1 Evacuation Pause) done
Event: 99.840 Executing VM operation: G1CollectForAllocation (G1 Evacuation Pause)
Event: 99.846 Executing VM operation: G1CollectForAllocation (G1 Evacuation Pause) done
Event: 100.235 Executing VM operation: G1PauseRemark
Event: 100.298 Executing VM operation: G1PauseRemark done
Event: 100.532 Executing VM operation: G1PauseCleanup
Event: 100.533 Executing VM operation: G1PauseCleanup done
Event: 101.535 Executing VM operation: Cleanup
Event: 101.535 Executing VM operation: Cleanup done
Event: 102.284 Executing VM operation: G1CollectForAllocation (G1 Evacuation Pause)
Event: 102.314 Executing VM operation: G1CollectForAllocation (G1 Evacuation Pause) done
Event: 103.324 Executing VM operation: Cleanup
Event: 103.324 Executing VM operation: Cleanup done
Event: 105.339 Executing VM operation: Cleanup
Event: 105.339 Executing VM operation: Cleanup done

Memory protections (0 events):
No events

Nmethod flushes (20 events):
Event: 100.295 Thread 0x000001a7f122a550 flushing  nmethod 0x000001a7de34db10
Event: 100.295 Thread 0x000001a7f122a550 flushing  nmethod 0x000001a7de34f290
Event: 100.295 Thread 0x000001a7f122a550 flushing  nmethod 0x000001a7de361010
Event: 100.296 Thread 0x000001a7f122a550 flushing  nmethod 0x000001a7de363b10
Event: 100.296 Thread 0x000001a7f122a550 flushing  nmethod 0x000001a7de367190
Event: 100.296 Thread 0x000001a7f122a550 flushing  nmethod 0x000001a7de368510
Event: 100.296 Thread 0x000001a7f122a550 flushing  nmethod 0x000001a7de383090
Event: 100.296 Thread 0x000001a7f122a550 flushing  nmethod 0x000001a7de384210
Event: 100.296 Thread 0x000001a7f122a550 flushing  nmethod 0x000001a7de399b10
Event: 100.296 Thread 0x000001a7f122a550 flushing  nmethod 0x000001a7de39a010
Event: 100.296 Thread 0x000001a7f122a550 flushing  nmethod 0x000001a7de537690
Event: 100.296 Thread 0x000001a7f122a550 flushing  nmethod 0x000001a7de53a990
Event: 100.296 Thread 0x000001a7f122a550 flushing  nmethod 0x000001a7de53bf10
Event: 100.296 Thread 0x000001a7f122a550 flushing  nmethod 0x000001a7de556d90
Event: 100.296 Thread 0x000001a7f122a550 flushing  nmethod 0x000001a7de58b390
Event: 100.296 Thread 0x000001a7f122a550 flushing  nmethod 0x000001a7de597390
Event: 100.296 Thread 0x000001a7f122a550 flushing  nmethod 0x000001a7de641a10
Event: 100.296 Thread 0x000001a7f122a550 flushing  nmethod 0x000001a7de642890
Event: 100.296 Thread 0x000001a7f122a550 flushing  nmethod 0x000001a7de6c8010
Event: 100.296 Thread 0x000001a7f122a550 flushing  nmethod 0x000001a7de8c0b10

Events (20 events):
Event: 63.228 Thread 0x000001a7fb010940 Thread exited: 0x000001a7fb010940
Event: 63.815 Thread 0x000001a7fbaf0550 Thread exited: 0x000001a7fbaf0550
Event: 63.836 Thread 0x000001a7f12a7110 Thread added: 0x000001a7fbaf0550
Event: 64.813 Thread 0x000001a7fbaf0550 Thread exited: 0x000001a7fbaf0550
Event: 65.658 Thread 0x000001a7f12a7110 Thread added: 0x000001a7fbaf0550
Event: 66.418 Thread 0x000001a7fbaf0550 Thread exited: 0x000001a7fbaf0550
Event: 72.604 Thread 0x000001a7f12a7110 Thread added: 0x000001a7fbaf0550
Event: 73.597 Thread 0x000001a7fbaf0550 Thread exited: 0x000001a7fbaf0550
Event: 83.907 Thread 0x000001a7f12a7110 Thread added: 0x000001a7f9fc5420
Event: 86.362 Thread 0x000001a7f9fc5420 Thread exited: 0x000001a7f9fc5420
Event: 87.380 Thread 0x000001a7f12a7110 Thread added: 0x000001a7f9fc5420
Event: 87.648 Thread 0x000001a7f9fc5420 Thread exited: 0x000001a7f9fc5420
Event: 88.716 Thread 0x000001a7f12a7110 Thread added: 0x000001a7f9fc5420
Event: 90.529 Thread 0x000001a7f9fc5420 Thread exited: 0x000001a7f9fc5420
Event: 92.865 Thread 0x000001a7f12aa7f0 Thread added: 0x000001a7f62f85e0
Event: 94.354 Thread 0x000001a7f62f85e0 Thread exited: 0x000001a7f62f85e0
Event: 95.942 Thread 0x000001a7f12a7110 Thread added: 0x000001a7f1e84680
Event: 100.310 Thread 0x000001a7f1e84680 Thread exited: 0x000001a7f1e84680
Event: 101.634 Thread 0x000001a7f12aa7f0 Thread added: 0x000001a7f9f392e0
Event: 102.898 Thread 0x000001a7f9f392e0 Thread exited: 0x000001a7f9f392e0


Dynamic libraries:
0x00007ff73a710000 - 0x00007ff73a71e000 	C:\Program Files\Ballerina\dependencies\jdk-21.0.5+11-jre\bin\java.exe
0x00007ffa82e60000 - 0x00007ffa830c8000 	C:\WINDOWS\SYSTEM32\ntdll.dll
0x00007ffa821d0000 - 0x00007ffa82299000 	C:\WINDOWS\System32\KERNEL32.DLL
0x00007ffa804f0000 - 0x00007ffa808e2000 	C:\WINDOWS\System32\KERNELBASE.dll
0x00007ffa80a20000 - 0x00007ffa80b6b000 	C:\WINDOWS\System32\ucrtbase.dll
0x00007ffa6ae00000 - 0x00007ffa6ae1e000 	C:\Program Files\Ballerina\dependencies\jdk-21.0.5+11-jre\bin\VCRUNTIME140.dll
0x00007ffa694f0000 - 0x00007ffa69508000 	C:\Program Files\Ballerina\dependencies\jdk-21.0.5+11-jre\bin\jli.dll
0x00007ffa82000000 - 0x00007ffa821c5000 	C:\WINDOWS\System32\USER32.dll
0x00007ffa80340000 - 0x00007ffa80367000 	C:\WINDOWS\System32\win32u.dll
0x00007ffa6ea60000 - 0x00007ffa6ecf3000 	C:\WINDOWS\WinSxS\amd64_microsoft.windows.common-controls_6595b64144ccf1df_6.0.26100.6725_none_3e085828e334708b\COMCTL32.dll
0x00007ffa81260000 - 0x00007ffa81309000 	C:\WINDOWS\System32\msvcrt.dll
0x00007ffa82560000 - 0x00007ffa8258b000 	C:\WINDOWS\System32\GDI32.dll
0x00007ffa808f0000 - 0x00007ffa80a1d000 	C:\WINDOWS\System32\gdi32full.dll
0x00007ffa80290000 - 0x00007ffa80333000 	C:\WINDOWS\System32\msvcp_win.dll
0x00007ffa81e20000 - 0x00007ffa81e4f000 	C:\WINDOWS\System32\IMM32.DLL
0x00007ffa7cfb0000 - 0x00007ffa7cfbc000 	C:\Program Files\Ballerina\dependencies\jdk-21.0.5+11-jre\bin\vcruntime140_1.dll
0x00007ffa5d630000 - 0x00007ffa5d6bd000 	C:\Program Files\Ballerina\dependencies\jdk-21.0.5+11-jre\bin\msvcp140.dll
0x00007ffa1a250000 - 0x00007ffa1afdf000 	C:\Program Files\Ballerina\dependencies\jdk-21.0.5+11-jre\bin\server\jvm.dll
0x00007ffa82740000 - 0x00007ffa827f4000 	C:\WINDOWS\System32\ADVAPI32.dll
0x00007ffa810b0000 - 0x00007ffa81156000 	C:\WINDOWS\System32\sechost.dll
0x00007ffa82620000 - 0x00007ffa82738000 	C:\WINDOWS\System32\RPCRT4.dll
0x00007ffa81b60000 - 0x00007ffa81bd4000 	C:\WINDOWS\System32\WS2_32.dll
0x00007ffa7fe50000 - 0x00007ffa7feae000 	C:\WINDOWS\SYSTEM32\POWRPROF.dll
0x00007ffa78e70000 - 0x00007ffa78ea5000 	C:\WINDOWS\SYSTEM32\WINMM.dll
0x00007ffa78eb0000 - 0x00007ffa78ebb000 	C:\WINDOWS\SYSTEM32\VERSION.dll
0x00007ffa7fe30000 - 0x00007ffa7fe44000 	C:\WINDOWS\SYSTEM32\UMPDC.dll
0x00007ffa7edc0000 - 0x00007ffa7eddb000 	C:\WINDOWS\SYSTEM32\kernel.appcore.dll
0x00007ffa7b0c0000 - 0x00007ffa7b0ca000 	C:\Program Files\Ballerina\dependencies\jdk-21.0.5+11-jre\bin\jimage.dll
0x00007ffa75720000 - 0x00007ffa75962000 	C:\WINDOWS\SYSTEM32\DBGHELP.DLL
0x00007ffa80d30000 - 0x00007ffa810ab000 	C:\WINDOWS\System32\combase.dll
0x00007ffa82400000 - 0x00007ffa824d7000 	C:\WINDOWS\System32\OLEAUT32.dll
0x00007ffa73020000 - 0x00007ffa7305c000 	C:\WINDOWS\SYSTEM32\dbgcore.DLL
0x00007ffa801f0000 - 0x00007ffa80288000 	C:\WINDOWS\System32\bcryptPrimitives.dll
0x00007ffa63d10000 - 0x00007ffa63d2f000 	C:\Program Files\Ballerina\dependencies\jdk-21.0.5+11-jre\bin\java.dll
0x00007ffa81410000 - 0x00007ffa81b5c000 	C:\WINDOWS\System32\SHELL32.dll
0x00007ffa7fff0000 - 0x00007ffa8015b000 	C:\WINDOWS\System32\wintypes.dll
0x00007ffa7dc30000 - 0x00007ffa7e48d000 	C:\WINDOWS\SYSTEM32\windows.storage.dll
0x00007ffa81310000 - 0x00007ffa81402000 	C:\WINDOWS\System32\SHCORE.dll
0x00007ffa80cb0000 - 0x00007ffa80d12000 	C:\WINDOWS\System32\shlwapi.dll
0x00007ffa7ff10000 - 0x00007ffa7ff39000 	C:\WINDOWS\SYSTEM32\profapi.dll
0x00007ffa7a7f0000 - 0x00007ffa7a800000 	C:\Program Files\Ballerina\dependencies\jdk-21.0.5+11-jre\bin\net.dll
0x00007ffa78bb0000 - 0x00007ffa78ccf000 	C:\WINDOWS\SYSTEM32\WINHTTP.dll
0x00007ffa7f330000 - 0x00007ffa7f39b000 	C:\WINDOWS\system32\mswsock.dll
0x00007ffa62ee0000 - 0x00007ffa62ef6000 	C:\Program Files\Ballerina\dependencies\jdk-21.0.5+11-jre\bin\nio.dll
0x00007ffa61c40000 - 0x00007ffa61c58000 	C:\Program Files\Ballerina\dependencies\jdk-21.0.5+11-jre\bin\zip.dll
0x00007ffa7f5f0000 - 0x00007ffa7f60b000 	C:\WINDOWS\SYSTEM32\CRYPTSP.dll
0x00007ffa7ed20000 - 0x00007ffa7ed5b000 	C:\WINDOWS\system32\rsaenh.dll
0x00007ffa7f3d0000 - 0x00007ffa7f3fb000 	C:\WINDOWS\SYSTEM32\USERENV.dll
0x00007ffa7fee0000 - 0x00007ffa7ff06000 	C:\WINDOWS\SYSTEM32\bcrypt.dll
0x00007ffa7f5e0000 - 0x00007ffa7f5ec000 	C:\WINDOWS\SYSTEM32\CRYPTBASE.dll
0x00007ffa7e7e0000 - 0x00007ffa7e814000 	C:\WINDOWS\SYSTEM32\IPHLPAPI.DLL
0x00007ffa82800000 - 0x00007ffa8280a000 	C:\WINDOWS\System32\NSI.dll

dbghelp: loaded successfully - version: 4.0.5 - missing functions: none
symbol engine: initialized successfully - sym options: 0x614 - pdb path: .;C:\Program Files\Ballerina\dependencies\jdk-21.0.5+11-jre\bin;C:\WINDOWS\SYSTEM32;C:\WINDOWS\WinSxS\amd64_microsoft.windows.common-controls_6595b64144ccf1df_6.0.26100.6725_none_3e085828e334708b;C:\Program Files\Ballerina\dependencies\jdk-21.0.5+11-jre\bin\server

VM Arguments:
jvm_args: -Dballerina.home=C:\Program Files\Ballerina\distributions\ballerina-2201.12.7 
java_command: org.ballerinalang.langserver.launchers.stdio.Main
java_class_path (initial): C:\Program Files\Ballerina\distributions\ballerina-2201.12.7\bre\lib\annotations-2201.12.7.jar;C:\Program Files\Ballerina\distributions\ballerina-2201.12.7\bre\lib\array-2201.12.7.jar;C:\Program Files\Ballerina\distributions\ballerina-2201.12.7\bre\lib\asm-9.7.jar;C:\Program Files\Ballerina\distributions\ballerina-2201.12.7\bre\lib\asm-analysis-9.7.jar;C:\Program Files\Ballerina\distributions\ballerina-2201.12.7\bre\lib\asm-commons-9.7.jar;C:\Program Files\Ballerina\distributions\ballerina-2201.12.7\bre\lib\asm-tree-9.7.jar;C:\Program Files\Ballerina\distributions\ballerina-2201.12.7\bre\lib\asm-util-9.7.jar;C:\Program Files\Ballerina\distributions\ballerina-2201.12.7\bre\lib\asyncapi-cli-0.11.0.jar;C:\Program Files\Ballerina\distributions\ballerina-2201.12.7\bre\lib\atomikos-util-5.0.8.jar;C:\Program Files\Ballerina\distributions\ballerina-2201.12.7\bre\lib\axiom-api-1.4.0.jar;C:\Program Files\Ballerina\distributions\ballerina-2201.12.7\bre\lib\axiom-impl-1.4.0.jar;C:\Program Files\Ballerina\distributions\ballerina-2201.12.7\bre\lib\ballerina-bindgen-2201.12.7.jar;C:\Program Files\Ballerina\distributions\ballerina-2201.12.7\bre\lib\ballerina-cli-2201.12.7.jar;C:\Program Files\Ballerina\distributions\ballerina-2201.12.7\bre\lib\ballerina-io-internal-2201.12.7.jar;C:\Program Files\Ballerina\distributions\ballerina-2201.12.7\bre\lib\ballerina-lang-2201.12.7.jar;C:\Program Files\Ballerina\distributions\ballerina-2201.12.7\bre\lib\ballerina-linter-2201.12.7.jar;C:\Program Files\Ballerina\distributions\ballerina-2201.12.7\bre\lib\ballerina-metrics-extension-2201.12.7.jar;C:\Program Files\Ballerina\distributions\ballerina-2201.12.7\bre\lib\ballerina-parser-2201.12.7.jar;C:\Program Files\Ballerina\distributions\ballerina-2201.12.7\bre\lib\ballerina-profiler-1.0.jar;C:\Program Files\Ballerina\distributions\ballerina-2201.12.7\bre\lib\ballerina-rt-2201.12.7.jar;C:\Program Files\Ballerina\distributions\ballerina-2201.12.7\bre\lib\ballerina-to-openapi-2.3.2.jar;C:\Program Files\Ballerina\distributions\ballerina-2201.12.7\bre\lib\ballerina-tools-api-2201.12.7.jar;C:\Program Files\Ballerina\distributions\ballerina-2201.12.7\bre\lib\bool-2201.12.7.jar;C:\Program Files\Ballerina\distributions\ballerina-2201.12.7\bre\lib\central-client-2201.12.7.jar;C:\Program Files\Ballerina\distributions\ballerina-2201.12.7\bre\lib\commons-beanutils-1.9.4.jar;C:\Program Files\Ballerina\distributions\ballerina-2201.12.7\bre\lib\commons-codec-1.14.jar;C:\Program Files\Ballerina\distributions\ballerina-2201.12.7\bre\lib\commons-collections-3.2.2.jar;C:\Program Files\Ballerina\distributions\ballerina-2201.12.7\bre\lib\commons-compress-1.26.2.jar;C:\Program Files\Ballerina\distributions\ballerina-2201.12.7\bre\lib\commons-text-1.10.0.jar;C:\Program Files\Ballerina\distributions\ballerina-2201.12.7\bre\lib\compiler-0.8.9.jar;C:\Program Files\Ballerina\distributions\ballerina-2201.12.7\bre\lib\configurable-schema-generator-2201.12.7.jar;C:\Program Files\Ballerina\distributions\ballerina-2201.12.7\bre\lib\decimal-2201.12.7.jar;C:\Program Files\Ballerina\distributions\ballerina-2201.12.7\bre\lib\docerina-2201.12.7.jar;C:\Program Files\Ballerina\distributions\ballerina-2201.12.7\bre\lib\error-2201.12.7.jar;C:\Program Files\Ballerina\distributions\ballerina-2201.12.7\bre\lib\floatingpoint-2201.12.7.jar;C:\Program Files\Ballerina\distributions\ballerina-2201.12.7\bre\lib\formatter-cli-2201.12.7.jar;C:\Program Files\Ballerina\distributions\ballerina-2201.12.7\bre\lib\formatter-core-2201.12.7.jar;C:\Program Files\Ballerina\distributions\ballerina-2201.12.7\bre\lib\function-2201.12.7.jar;C:\Program Files\Ballerina\distributions\ballerina-2201.12.7\bre\lib\future-2201.12.7.jar;C:\Program Files\Ballerina\distributions\ballerina-2201.12.7\bre\lib\geronimo-stax-api_1.0_spec-1.0.1.jar;C:\Program Files\Ballerina\distributions\ballerina-2201.12.7\bre\lib\graphql-cli-0.13.0.jar;C:\Program Files\Ballerina\distributions\ballerina-2201.12.7\bre\lib\graphql-code-generator-0.13.0.jar;C:\Program Files\Ballerina\distributions\ballerina-2201.12.7\bre\lib\graphql-schema-file-generator-0.13.0.jar;C:\Program Files\Ballerina\distributions\ballerina-2201.12.7\bre\lib\gson-2.10.1.jar;C:\Program Files\Ballerina\distributions\ballerina-2201.12.7\bre\lib\identifier-util-2201.12.7.jar;C:\Program Files\Ballerina\distributions\ballerina-2201.12.7\bre\lib\integer-2201.12.7.jar;C:\Program Files\Ballerina\distributions\ballerina-2201.12.7\bre\lib\internal-2201.12.7.jar;C:\Program Files\Ballerina\distributions\ballerina-2201.12.7\bre\lib\jackson-annotations-2.15.3.jar;C:\Program Files\Ballerina\distributions\ballerina-2201.12.7\bre\lib\jackson-core-2.15.3.jar;C:\Program Files\Ballerina\distributions\ballerina-2201.12.7\bre\lib\jackson-databind-2.15.3.jar;C:\Program Files\Ballerina\distributions\ballerina-2201.12.7\bre\lib\jackson-dataformat-yaml-2.15.3.jar;C:\Program Files\Ballerina\distributions\ballerina-2201.12.7\bre\lib\jackson-datatype-jsr310-2.15.3.jar;C:\Program Files\Ballerina\distributions\ballerina-2201.12.7\bre\lib\jacocoagent.jar;C:\Program Files\Ballerina\distributions\ballerina-2201.12.7\bre\lib\jaeger-core-0.31.0.jar;C:\Program Files\Ballerina\distributions\ballerina-2201.12.7\bre\lib\jaeger-thrift-0.31.0.jar;C:\Program Files\Ballerina\distributions\ballerina-2201.12.7\bre\lib\java-diff-utils-4.5.jar;C:\Program Files\Ballerina\distributions\ballerina-2201.12.7\bre\lib\javax.mail-1.6.2.jar;C:\Program Files\Ballerina\distributions\ballerina-2201.12.7\bre\lib\javax.transaction-api-1.3.jar;C:\Program Files\Ballerina\distributions\ballerina-2201.12.7\bre\lib\jballerina.java-2201.12.7.jar;C:\Program Files\Ballerina\distributions\ballerina-2201.12.7\bre\lib\jline-3.25.0.jar;C:\Program Files\Ballerina\distributions\ballerina-2201.12.7\bre\lib\kotlin-stdlib-1.6.0.jar;C:\Program Files\Ballerina\distributions\ballerina-2201.12.7\bre\lib\kotlin-stdlib-common-1.6.0.jar;C:\Program Files\Ballerina\distributions\ballerina-2201.12.7\bre\lib\map-2201.12.7.jar;C:\Program Files\Ballerina\distributions\ballerina-2201.12.7\bre\lib\maven-resolver-2201.12.7.jar;C:\Program Files\Ballerina\distributions\ballerina-2201.12.7\bre\lib\netty-buffer-4.1.118.Final.jar;C:\Program Files\Ballerina\distributions\ballerina-2201.12.7\bre\lib\netty-common-4.1.118.Final.jar;C:\Program Files\Ballerina\distributions\ballerina-2201.12.7\bre\lib\netty-resolver-4.1.118.Final.jar;C:\Program Files\Ballerina\distributions\ballerina-2201.12.7\bre\lib\netty-transport-4.1.118.Final.jar;C:\Program Files\Ballerina\distributions\ballerina-2201.12.7\bre\lib\netty-transport-native-epoll-4.1.118.Final.jar;C:\Program Files\Ballerina\distributions\ballerina-2201.12.7\bre\lib\netty-transport-native-kqueue-4.1.118.Final.jar;C:\Program Files\Ballerina\distributions\ballerina-2201.12.7\bre\lib\object-2201.12.7.jar;C:\Program Files\Ballerina\distributions\ballerina-2201.12.7\bre\lib\okhttp-3.14.0.jar;C:\Program Files\Ballerina\distributions\ballerina-2201.12.7\bre\lib\okio-jvm-3.4.0.jar;C:\Program Files\Ballerina\distributions\ballerina-2201.12.7\bre\lib\openapi-bal-task-plugin-2.3.2.jar;C:\Program Files\Ballerina\distributions\ballerina-2201.12.7\bre\lib\openapi-build-extension-2.3.2.jar;C:\Program Files\Ballerina\distributions\ballerina-2201.12.7\bre\lib\openapi-cli-2.3.2.jar;C:\Program Files\Ballerina\distributions\ballerina-2201.12.7\bre\lib\openapi-core-2.3.2.jar;C:\Program Files\Ballerina\distributions\ballerina-2201.12.7\bre\lib\openapi-validator-2.3.2.jar;C:\Program Files\Ballerina\distributions\ballerina-2201.12.7\bre\lib\org.jacoco.core-0.8.12.jar;C:\Program Files\Ballerina\distributions\ballerina-2201.12.7\bre\lib\org.jacoco.report-0.8.12.jar;C:\Program Files\Ballerina\distributions\ballerina-2201.12.7\bre\lib\org.wso2.carbon.core-5.1.0.jar;C:\Program Files\Ballerina\distributions\ballerina-2201.12.7\bre\lib\org.wso2.carbon.messaging-2.3.7.jar;C:\Program Files\Ballerina\distributions\ballerina-2201.12.7\bre\lib\org.wso2.carbon.metrics.core-2.3.7.jar;C:\Program Files\Ballerina\distributions\ballerina-2201.12.7\bre\lib\org.wso2.securevault-1.0.0-wso2v2.jar;C:\Program Files\Ballerina\distributions\ballerina-2201.12.7\bre\lib\org.wso2.transport.http.netty-6.3.11.jar;C:\Program Files\Ballerina\distributions\ballerina-2201.12.7\bre\lib\org.wso2.transport.local-file-system-6.0.55.jar;C:\Program Files\Ballerina\distributions\ballerina-2201.12.7\bre\lib\package-semantic-analyzer-1.0.0.jar;C:\Program Files\Ballerina\distributions\ballerina-2201.12.7\bre\lib\persist-cli-1.6.0.jar;C:\Program Files\Ballerina\distributions\ballerina-2201.12.7\bre\lib\picocli-4.0.1.jar;C:\Program Files\Ballerina\distributions\ballerina-2201.12.7\bre\lib\progressbar-0.7.4.jar;C:\Program Files\Ballerina\distributions\ballerina-2201.12.7\bre\lib\protoc-cli-0.5.0.jar;C:\Program Files\Ballerina\distributions\ballerina-2201.12.7\bre\lib\query-2201.12.7.jar;C:\Program Files\Ballerina\distributions\ballerina-2201.12.7\bre\lib\regexp-2201.12.7.jar;C:\Program Files\Ballerina\distributions\ballerina-2201.12.7\bre\lib\runtime-2201.12.7.jar;C:\Program Files\Ballerina\distributions\ballerina-2201.12.7\bre\lib\semver-checker-cli-2201.12.7.jar;C:\Program Files\Ballerina\distributions\ballerina-2201.12.7\bre\lib\semver-checker-core-2201.12.7.jar;C:\Program Files\Ballerina\distributions\ballerina-2201.12.7\bre\lib\shell-cli-2201.12.7.jar;C:\Program Files\Ballerina\distributions\ballerina-2201.12.7\bre\lib\shell-core-2201.12.7.jar;C:\Program Files\Ballerina\distributions\ballerina-2201.12.7\bre\lib\snakeyaml-2.0.jar;C:\Program Files\Ballerina\distributions\ballerina-2201.12.7\bre\lib\sqlite-jdbc-3.47.0.0.jar;C:\Program Files\Ballerina\distributions\ballerina-2201.12.7\bre\lib\stax2-api-4.2.1.jar;C:\Program Files\Ballerina\distributions\ballerina-2201.12.7\bre\lib\staxon-core-1.2.0.wso2v2.jar;C:\Program Files\Ballerina\distributions\ballerina-2201.12.7\bre\lib\stream-2201.12.7.jar;C:\Program Files\Ballerina\distributions\ballerina-2201.12.7\bre\lib\string-2201.12.7.jar;C:\Program Files\Ballerina\distributions\ballerina-2201.12.7\bre\lib\syntax-api-calls-gen-2201.12.7.jar;C:\Program Files\Ballerina\distributions\ballerina-2201.12.7\bre\lib\table-2201.12.7.jar;C:\Program Files\Ballerina\distributions\ballerina-2201.12.7\bre\lib\testerina-core-2201.12.7.jar;C:\Program Files\Ballerina\distributions\ballerina-2201.12.7\bre\lib\testerina-runtime-2201.12.7.jar;C:\Program Files\Ballerina\distributions\ballerina-2201.12.7\bre\lib\toml-parser-2201.12.7.jar;C:\Program Files\Ballerina\distributions\ballerina-2201.12.7\bre\lib\transaction-2201.12.7.jar;C:\Program Files\Ballerina\distributions\ballerina-2201.12.7\bre\lib\transactions-5.0.8.jar;C:\Program Files\Ballerina\distributions\ballerina-2201.12.7\bre\lib\transactions-api-5.0.8.jar;C:\Program Files\Ballerina\distributions\ballerina-2201.12.7\bre\lib\transactions-jta-5.0.8.jar;C:\Program Files\Ballerina\distributions\ballerina-2201.12.7\bre\lib\typedesc-2201.12.7.jar;C:\Program Files\Ballerina\distributions\ballerina-2201.12.7\bre\lib\value-2201.12.7.jar;C:\Program Files\Ballerina\distributions\ballerina-2201.12.7\bre\lib\woodstox-core-6.5.0.jar;C:\Program Files\Ballerina\distributions\ballerina-2201.12.7\bre\lib\xml-2201.12.7.jar;C:\Program Files\Ballerina\distributions\ballerina-2201.12.7\lib\tools\lang-server\lib\ballerinalang-data-mapper-2201.12.7.jar;C:\Program Files\Ballerina\distributions\ballerina-2201.12.7\lib\tools\lang-server\lib\cloud-tooling-3.3.2.jar;C:\Program Files\Ballerina\distributions\ballerina-2201.12.7\lib\tools\lang-server\lib\commons-io-2.15.1.jar;C:\Program Files\Ballerina\distributions\ballerina-2201.12.7\lib\tools\lang-server\lib\guava-32.0.1-jre.jar;C:\Program Files\Ballerina\distributions\ballerina-2201.12.7\lib\tools\lang-server\lib\json-to-record-converter-2201.12.7.jar;C:\Program Files\Ballerina\distributions\ballerina-2201.12.7\lib\tools\lang-server\lib\openapi-ls-extension-2.3.2.jar;C:\Program Files\Ballerina\distributions\ballerina-2201.12.7\lib\tools\lang-server\lib\partial-parser-2201.12.7.jar;C:\Program Files\Ballerina\distributions\ballerina-2201.12.7\lib\tools\lang-server\lib\performance-analyzer-services-2201.12.7.jar;C:\Program Files\Ballerina\distributions\ballerina-2201.12.7\lib\tools\lang-server\lib\trigger-service-2201.12.7.jar;C:\Program Files\Ballerina\distributions\ballerina-2201.12.7\lib\tools\lang-server\lib\xml-to-record-converter-2201.12.7.jar;C:\Program Files\Ballerina\distributions\ballerina-2201.12.7\lib\tools\debug-adapter\lib\commons-io-2.15.1.jar;C:\Program Files\Ballerina\distributions\ballerina-2201.12.7\lib\tools\debug-adapter\lib\debug-adapter-cli-2201.12.7.jar;C:\Program Files\Ballerina\distributions\ballerina-2201.12.7\lib\tools\debug-adapter\lib\debug-adapter-core-2201.12.7.jar;C:\Program Files\Ballerina\distributions\ballerina-2201.12.7\lib\tools\debug-adapter\lib\java-semver-0.9.0.jar;c:\Users\harak\.vscode\extensions\wso2.ballerina-5.4.0\ls\ballerina-language-server-1.2.0.jar
Launcher Type: SUN_STANDARD

[Global flags]
     intx CICompilerCount                          = 4                                         {product} {ergonomic}
     uint ConcGCThreads                            = 2                                         {product} {ergonomic}
     uint G1ConcRefinementThreads                  = 8                                         {product} {ergonomic}
   size_t G1HeapRegionSize                         = 1048576                                   {product} {ergonomic}
    uintx GCDrainStackTargetSize                   = 64                                        {product} {ergonomic}
   size_t InitialHeapSize                          = 100663296                                 {product} {ergonomic}
   size_t MarkStackSize                            = 4194304                                   {product} {ergonomic}
   size_t MaxHeapSize                              = 1598029824                                {product} {ergonomic}
   size_t MaxNewSize                               = 958398464                                 {product} {ergonomic}
   size_t MinHeapDeltaBytes                        = 1048576                                   {product} {ergonomic}
   size_t MinHeapSize                              = 8388608                                   {product} {ergonomic}
    uintx NonNMethodCodeHeapSize                   = 5839372                                {pd product} {ergonomic}
    uintx NonProfiledCodeHeapSize                  = 122909434                              {pd product} {ergonomic}
    uintx ProfiledCodeHeapSize                     = 122909434                              {pd product} {ergonomic}
    uintx ReservedCodeCacheSize                    = 251658240                              {pd product} {ergonomic}
     bool SegmentedCodeCache                       = true                                      {product} {ergonomic}
   size_t SoftMaxHeapSize                          = 1598029824                             {manageable} {ergonomic}
     bool UseCompressedOops                        = true                           {product lp64_product} {ergonomic}
     bool UseG1GC                                  = true                                      {product} {ergonomic}
     bool UseLargePagesIndividualAllocation        = false                                  {pd product} {ergonomic}

Logging:
Log output configuration:
 #0: stdout all=warning uptime,level,tags foldmultilines=false
 #1: stderr all=off uptime,level,tags foldmultilines=false

Environment Variables:
JAVA_HOME=C:\Program Files\Common Files\Oracle\Java\javapath
PATH=C:\Python313\Scripts\;C:\Python313\;C:\Program Files (x86)\VMware\VMware Workstation\bin\;C:\Program Files\Common Files\Oracle\Java\javapath;C:\WINDOWS\system32;C:\WINDOWS;C:\WINDOWS\System32\Wbem;C:\WINDOWS\System32\WindowsPowerShell\v1.0\;C:\WINDOWS\System32\OpenSSH\;C:\Program Files (x86)\Microsoft SQL Server\160\DTS\Binn\;C:\Program Files (x86)\Microsoft SQL Server\160\Tools\Binn\;C:\Program Files\Microsoft SQL Server\160\Tools\Binn\;C:\Program Files\Microsoft SQL Server\Client SDK\ODBC\170\Tools\Binn\;C:\Program Files\Microsoft SQL Server\160\DTS\Binn\;C:\Users\harak\OneDrive\Desktop\Randos\Films\jdk-22_windows-x64_bin.zip\jdk-22.0.1\bin;C:\Program Files\dotnet\;C:\Program Files\Ballerina\\bin;C:\Program Files\Git\cmd;C:\Program Files\nodejs\;C:\ProgramData\chocolatey\bin;C:\kafka\bin\windows;;C:\Program Files\Docker\Docker\resources\bin;C:\Users\harak\AppData\Local\Programs\Python\Launcher\;C:\Users\harak\AppData\Local\Microsoft\WindowsApps;C:\Program Files\Azure Data Studio\bin;C:\Users\harak\Downloads\Microsoft VS Code\bin;C:\Users\harak\.dotnet\tools;C:\Users\harak\OneDrive\Desktop\Randos\IntelliJ IDEA 2024.2.3\bin;;C:\Users\harak\AppData\Local\GitHubDesktop\bin;C:\Users\harak\AppData\Roaming\npm;C:\kafka\bin\windows;
USERNAME=harak
OS=Windows_NT
PROCESSOR_IDENTIFIER=AMD64 Family 23 Model 24 Stepping 1, AuthenticAMD
TMP=C:\Users\harak\AppData\Local\Temp
TEMP=C:\Users\harak\AppData\Local\Temp




Periodic native trim disabled

---------------  S Y S T E M  ---------------

OS:
 Windows 11 , 64 bit Build 26100 (10.0.26100.6725)
OS uptime: 0 days 0:29 hours
Hyper-V role detected

CPU: total 8 (initial active 8) (8 cores per cpu, 2 threads per core) family 23 model 24 stepping 1 microcode 0x8108109, cx8, cmov, fxsr, ht, mmx, 3dnowpref, sse, sse2, sse3, ssse3, sse4a, sse4.1, sse4.2, popcnt, lzcnt, tsc, tscinvbit, avx, avx2, aes, clmul, bmi1, bmi2, adx, sha, fma, vzeroupper, clflush, clflushopt, hv, rdtscp, f16c
Processor Information for all 8 processors :
  Max Mhz: 2300, Current Mhz: 2300, Mhz Limit: 2300

Memory: 4k page, system-wide physical 6090M (344M free)
TotalPageFile size 14282M (AvailPageFile size 7M)
current process WorkingSet (physical memory assigned to process): 727M, peak: 811M
current process commit charge ("private bytes"): 851M, peak: 856M

vm_info: OpenJDK 64-Bit Server VM (21.0.5+11-LTS) for windows-amd64 JRE (21.0.5+11-LTS), built on 2024-10-15T00:00:00Z by "admin" with MS VC++ 17.7 (VS2022)

END.
