#
# There is insufficient memory for the Java Runtime Environment to continue.
# Native memory allocation (malloc) failed to allocate 1169296 bytes. Error detail: Chunk::new
# Possible reasons:
#   The system is out of physical RAM or swap space
#   This process is running with CompressedOops enabled, and the Java Heap may be blocking the growth of the native heap
# Possible solutions:
#   Reduce memory load on the system
#   Increase physical memory or swap space
#   Check if swap backing store is full
#   Decrease Java heap size (-Xmx/-Xms)
#   Decrease number of Java threads
#   Decrease Java thread stack sizes (-Xss)
#   Set larger code cache with -XX:ReservedCodeCacheSize=
#   JVM is running with Unscaled Compressed Oops mode in which the Java heap is
#     placed in the first 4GB address space. The Java Heap base address is the
#     maximum limit for the native heap growth. Please use -XX:HeapBaseMinAddress
#     to set the Java Heap base and to place the Java Heap above 4GB virtual address.
# This output file may be truncated or incomplete.
#
#  Out of Memory Error (arena.cpp:168), pid=13496, tid=18044
#
# JRE version: OpenJDK Runtime Environment Temurin-21.0.5+11 (21.0.5+11) (build 21.0.5+11-LTS)
# Java VM: OpenJDK 64-Bit Server VM Temurin-21.0.5+11 (21.0.5+11-LTS, mixed mode, tiered, compressed oops, compressed class ptrs, g1 gc, windows-amd64)
# No core dump will be written. Minidumps are not enabled by default on client versions of Windows
#

---------------  S U M M A R Y ------------

Command Line: -Dballerina.home=C:\Program Files\Ballerina\distributions\ballerina-2201.12.7 org.ballerinalang.langserver.launchers.stdio.Main

Host: AMD Ryzen 7 3700U with Radeon Vega Mobile Gfx  , 8 cores, 5G,  Windows 11 , 64 bit Build 26100 (10.0.26100.6725)
Time: Sun Oct  5 02:16:11 2025 Namibia Standard Time elapsed time: 60.769363 seconds (0d 0h 1m 0s)

---------------  T H R E A D  ---------------

Current thread (0x0000015fbd057680):  JavaThread "C2 CompilerThread0" daemon [_thread_in_native, id=18044, stack(0x0000001626300000,0x0000001626400000) (1024K)]


Current CompileTask:
C2:60769 9413       4       org.wso2.ballerinalang.compiler.semantics.analyzer.SemanticAnalyzer::visit (748 bytes)

Stack: [0x0000001626300000,0x0000001626400000]
Native frames: (J=compiled Java code, j=interpreted, Vv=VM code, C=native code)
V  [jvm.dll+0x6cd4e9]
V  [jvm.dll+0x8a7941]
V  [jvm.dll+0x8a9e6e]
V  [jvm.dll+0x8aa543]
V  [jvm.dll+0x27f6d6]
V  [jvm.dll+0xc500d]
V  [jvm.dll+0xc5543]
V  [jvm.dll+0x3b65d2]
V  [jvm.dll+0x382835]
V  [jvm.dll+0x381c9a]
V  [jvm.dll+0x2479d0]
V  [jvm.dll+0x246faf]
V  [jvm.dll+0x1c75ce]
V  [jvm.dll+0x25682a]
V  [jvm.dll+0x254dca]
V  [jvm.dll+0x3f00d6]
V  [jvm.dll+0x8514fb]
V  [jvm.dll+0x6cbbed]
C  [ucrtbase.dll+0x37b0]
C  [KERNEL32.DLL+0x2e8d7]
C  [ntdll.dll+0x8c53c]


---------------  P R O C E S S  ---------------

Threads class SMR info:
_java_thread_list=0x0000015fbffb0e50, length=22, elements={
0x0000015f9c82f660, 0x0000015fbd062a10, 0x0000015fbd063610, 0x0000015fbd051460,
0x0000015fbd051eb0, 0x0000015fbd053620, 0x0000015fbd054d90, 0x0000015fbd057680,
0x0000015fbd07ffb0, 0x0000015fbd1fc990, 0x0000015fbd206260, 0x0000015fbddd37f0,
0x0000015fbfb7c950, 0x0000015fbf0f9b70, 0x0000015fc1bb5de0, 0x0000015fc0b6e910,
0x0000015fc1f524e0, 0x0000015fbfca3c80, 0x0000015fbf64c0f0, 0x0000015fc16ae8f0,
0x0000015fbe907e00, 0x0000015fbdf36a40
}

Java Threads: ( => current thread )
  0x0000015f9c82f660 JavaThread "main"                              [_thread_blocked, id=1976, stack(0x0000001625500000,0x0000001625600000) (1024K)]
  0x0000015fbd062a10 JavaThread "Reference Handler"          daemon [_thread_blocked, id=5416, stack(0x0000001625d00000,0x0000001625e00000) (1024K)]
  0x0000015fbd063610 JavaThread "Finalizer"                  daemon [_thread_blocked, id=13308, stack(0x0000001625e00000,0x0000001625f00000) (1024K)]
  0x0000015fbd051460 JavaThread "Signal Dispatcher"          daemon [_thread_blocked, id=5456, stack(0x0000001625f00000,0x0000001626000000) (1024K)]
  0x0000015fbd051eb0 JavaThread "Attach Listener"            daemon [_thread_blocked, id=13132, stack(0x0000001626000000,0x0000001626100000) (1024K)]
  0x0000015fbd053620 JavaThread "Service Thread"             daemon [_thread_blocked, id=13916, stack(0x0000001626100000,0x0000001626200000) (1024K)]
  0x0000015fbd054d90 JavaThread "Monitor Deflation Thread"   daemon [_thread_blocked, id=2560, stack(0x0000001626200000,0x0000001626300000) (1024K)]
=>0x0000015fbd057680 JavaThread "C2 CompilerThread0"         daemon [_thread_in_native, id=18044, stack(0x0000001626300000,0x0000001626400000) (1024K)]
  0x0000015fbd07ffb0 JavaThread "C1 CompilerThread0"         daemon [_thread_in_native, id=6224, stack(0x0000001626400000,0x0000001626500000) (1024K)]
  0x0000015fbd1fc990 JavaThread "Notification Thread"        daemon [_thread_blocked, id=6056, stack(0x0000001626500000,0x0000001626600000) (1024K)]
  0x0000015fbd206260 JavaThread "Common-Cleaner"             daemon [_thread_blocked, id=12376, stack(0x0000001626600000,0x0000001626700000) (1024K)]
  0x0000015fbddd37f0 JavaThread "pool-1-thread-1"                   [_thread_in_native, id=19796, stack(0x0000001626f00000,0x0000001627000000) (1024K)]
  0x0000015fbfb7c950 JavaThread "ForkJoinPool.commonPool-worker-1" daemon [_thread_in_Java, id=5780, stack(0x0000001627000000,0x0000001627100000) (1024K)]
  0x0000015fbf0f9b70 JavaThread "ForkJoinPool.commonPool-worker-2" daemon [_thread_blocked, id=5528, stack(0x0000001627100000,0x0000001627200000) (1024K)]
  0x0000015fc1bb5de0 JavaThread "CompletableFutureDelayScheduler" daemon [_thread_blocked, id=6536, stack(0x0000001627400000,0x0000001627500000) (1024K)]
  0x0000015fc0b6e910 JavaThread "ForkJoinPool.commonPool-worker-3" daemon [_thread_blocked, id=9196, stack(0x0000001627500000,0x0000001627600000) (1024K)]
  0x0000015fc1f524e0 JavaThread "ForkJoinPool.commonPool-worker-4" daemon [_thread_blocked, id=6520, stack(0x0000001627600000,0x0000001627700000) (1024K)]
  0x0000015fbfca3c80 JavaThread "ForkJoinPool.commonPool-worker-5" daemon [_thread_blocked, id=1368, stack(0x0000001627700000,0x0000001627800000) (1024K)]
  0x0000015fbf64c0f0 JavaThread "ForkJoinPool.commonPool-worker-6" daemon [_thread_blocked, id=11496, stack(0x0000001627800000,0x0000001627900000) (1024K)]
  0x0000015fc16ae8f0 JavaThread "pool-2-thread-1"                   [_thread_blocked, id=19480, stack(0x0000001627300000,0x0000001627400000) (1024K)]
  0x0000015fbe907e00 JavaThread "C2 CompilerThread1"         daemon [_thread_in_native, id=17076, stack(0x0000001627200000,0x0000001627300000) (1024K)]
  0x0000015fbdf36a40 JavaThread "C2 CompilerThread2"         daemon [_thread_in_native, id=15264, stack(0x0000001625200000,0x0000001625300000) (1024K)]
Total: 22

Other Threads:
  0x0000015fb8cbf620 VMThread "VM Thread"                           [id=19804, stack(0x0000001625c00000,0x0000001625d00000) (1024K)]
  0x0000015fb8c3cbf0 WatcherThread "VM Periodic Task Thread"        [id=2580, stack(0x0000001625b00000,0x0000001625c00000) (1024K)]
  0x0000015f9c878720 WorkerThread "GC Thread#0"                     [id=15576, stack(0x0000001625600000,0x0000001625700000) (1024K)]
  0x0000015fbdd146f0 WorkerThread "GC Thread#1"                     [id=11736, stack(0x0000001626700000,0x0000001626800000) (1024K)]
  0x0000015fbdd3d4d0 WorkerThread "GC Thread#2"                     [id=16844, stack(0x0000001626800000,0x0000001626900000) (1024K)]
  0x0000015fbdd3d870 WorkerThread "GC Thread#3"                     [id=14504, stack(0x0000001626900000,0x0000001626a00000) (1024K)]
  0x0000015fbdd3dc10 WorkerThread "GC Thread#4"                     [id=14672, stack(0x0000001626a00000,0x0000001626b00000) (1024K)]
  0x0000015fbdd3e5c0 WorkerThread "GC Thread#5"                     [id=13116, stack(0x0000001626b00000,0x0000001626c00000) (1024K)]
  0x0000015fbdd3e960 WorkerThread "GC Thread#6"                     [id=15268, stack(0x0000001626c00000,0x0000001626d00000) (1024K)]
  0x0000015fbdd3ed00 WorkerThread "GC Thread#7"                     [id=13564, stack(0x0000001626d00000,0x0000001626e00000) (1024K)]
  0x0000015f9c885580 ConcurrentGCThread "G1 Main Marker"            [id=7108, stack(0x0000001625700000,0x0000001625800000) (1024K)]
  0x0000015f9c886890 WorkerThread "G1 Conc#0"                       [id=3136, stack(0x0000001625800000,0x0000001625900000) (1024K)]
  0x0000015fbe80c7d0 WorkerThread "G1 Conc#1"                       [id=7436, stack(0x0000001626e00000,0x0000001626f00000) (1024K)]
  0x0000015fb8b10150 ConcurrentGCThread "G1 Refine#0"               [id=10056, stack(0x0000001625900000,0x0000001625a00000) (1024K)]
  0x0000015fb8b11980 ConcurrentGCThread "G1 Service"                [id=13928, stack(0x0000001625a00000,0x0000001625b00000) (1024K)]
Total: 15

Threads with active compile tasks:
C2 CompilerThread0  60880 9413       4       org.wso2.ballerinalang.compiler.semantics.analyzer.SemanticAnalyzer::visit (748 bytes)
C1 CompilerThread0  60880 9529       3       org.wso2.ballerinalang.compiler.semantics.analyzer.CodeAnalyzer::visit (10 bytes)
C2 CompilerThread1  60881 9453       4       org.wso2.ballerinalang.compiler.semantics.analyzer.Types::checkType (50 bytes)
C2 CompilerThread2  60881 9476       4       java.util.TimSort::sort (229 bytes)
Total: 4

VM state: not at safepoint (normal execution)

VM Mutex/Monitor currently owned by a thread: None

Heap address: 0x00000000a0c00000, size: 1524 MB, Compressed Oops mode: 32-bit

CDS archive(s) not mapped
Compressed class space mapped at: 0x0000000100000000-0x0000000140000000, reserved size: 1073741824
Narrow klass base: 0x0000000000000000, Narrow klass shift: 3, Narrow klass range: 0x140000000

GC Precious Log:
 CardTable entry size: 512
 Card Set container configuration: InlinePtr #cards 5 size 8 Array Of Cards #cards 12 size 40 Howl #buckets 4 coarsen threshold 1843 Howl Bitmap #cards 512 size 80 coarsen threshold 460 Card regions per heap region 1 cards per card region 2048
 CPUs: 8 total, 8 available
 Memory: 6090M
 Large Page Support: Disabled
 NUMA Support: Disabled
 Compressed Oops: Enabled (32-bit)
 Heap Region Size: 1M
 Heap Min Capacity: 8M
 Heap Initial Capacity: 96M
 Heap Max Capacity: 1524M
 Pre-touch: Disabled
 Parallel Workers: 8
 Concurrent Workers: 2
 Concurrent Refinement Workers: 8
 Periodic GC: Disabled

Heap:
 garbage-first heap   total 314368K, used 233859K [0x00000000a0c00000, 0x0000000100000000)
  region size 1024K, 49 young (50176K), 14 survivors (14336K)
 Metaspace       used 40340K, committed 40832K, reserved 1114112K
  class space    used 3896K, committed 4160K, reserved 1048576K

Heap Regions: E=young(eden), S=young(survivor), O=old, HS=humongous(starts), HC=humongous(continues), CS=collection set, F=free, TAMS=top-at-mark-start, PB=parsable bottom
|   0|0x00000000a0c00000, 0x00000000a0d00000, 0x00000000a0d00000|100%|HS|  |TAMS 0x00000000a0c00000| PB 0x00000000a0c00000| Complete 
|   1|0x00000000a0d00000, 0x00000000a0e00000, 0x00000000a0e00000|100%|HS|  |TAMS 0x00000000a0d00000| PB 0x00000000a0d00000| Complete 
|   2|0x00000000a0e00000, 0x00000000a0f00000, 0x00000000a0f00000|100%|HS|  |TAMS 0x00000000a0e00000| PB 0x00000000a0e00000| Complete 
|   3|0x00000000a0f00000, 0x00000000a1000000, 0x00000000a1000000|100%|HS|  |TAMS 0x00000000a0f00000| PB 0x00000000a0f00000| Complete 
|   4|0x00000000a1000000, 0x00000000a1100000, 0x00000000a1100000|100%| O|  |TAMS 0x00000000a1000000| PB 0x00000000a1000000| Untracked 
|   5|0x00000000a1100000, 0x00000000a1200000, 0x00000000a1200000|100%| O|  |TAMS 0x00000000a1100000| PB 0x00000000a1100000| Untracked 
|   6|0x00000000a1200000, 0x00000000a1300000, 0x00000000a1300000|100%| O|  |TAMS 0x00000000a1200000| PB 0x00000000a1200000| Untracked 
|   7|0x00000000a1300000, 0x00000000a1400000, 0x00000000a1400000|100%| O|  |TAMS 0x00000000a1300000| PB 0x00000000a1300000| Untracked 
|   8|0x00000000a1400000, 0x00000000a1500000, 0x00000000a1500000|100%| O|  |TAMS 0x00000000a1400000| PB 0x00000000a1400000| Untracked 
|   9|0x00000000a1500000, 0x00000000a1600000, 0x00000000a1600000|100%| O|  |TAMS 0x00000000a1500000| PB 0x00000000a1500000| Untracked 
|  10|0x00000000a1600000, 0x00000000a1700000, 0x00000000a1700000|100%| O|  |TAMS 0x00000000a1600000| PB 0x00000000a1600000| Untracked 
|  11|0x00000000a1700000, 0x00000000a1800000, 0x00000000a1800000|100%| O|  |TAMS 0x00000000a1700000| PB 0x00000000a1700000| Untracked 
|  12|0x00000000a1800000, 0x00000000a1900000, 0x00000000a1900000|100%| O|  |TAMS 0x00000000a1800000| PB 0x00000000a1800000| Untracked 
|  13|0x00000000a1900000, 0x00000000a1a00000, 0x00000000a1a00000|100%| O|  |TAMS 0x00000000a1900000| PB 0x00000000a1900000| Untracked 
|  14|0x00000000a1a00000, 0x00000000a1b00000, 0x00000000a1b00000|100%| O|  |TAMS 0x00000000a1a00000| PB 0x00000000a1a00000| Untracked 
|  15|0x00000000a1b00000, 0x00000000a1c00000, 0x00000000a1c00000|100%| O|Cm|TAMS 0x00000000a1b00000| PB 0x00000000a1b00000| Complete 
|  16|0x00000000a1c00000, 0x00000000a1d00000, 0x00000000a1d00000|100%| O|  |TAMS 0x00000000a1c00000| PB 0x00000000a1c00000| Untracked 
|  17|0x00000000a1d00000, 0x00000000a1e00000, 0x00000000a1e00000|100%| O|  |TAMS 0x00000000a1d00000| PB 0x00000000a1d00000| Untracked 
|  18|0x00000000a1e00000, 0x00000000a1f00000, 0x00000000a1f00000|100%| O|  |TAMS 0x00000000a1e00000| PB 0x00000000a1e00000| Untracked 
|  19|0x00000000a1f00000, 0x00000000a2000000, 0x00000000a2000000|100%| O|  |TAMS 0x00000000a1f00000| PB 0x00000000a1f00000| Untracked 
|  20|0x00000000a2000000, 0x00000000a2100000, 0x00000000a2100000|100%| O|  |TAMS 0x00000000a2000000| PB 0x00000000a2000000| Untracked 
|  21|0x00000000a2100000, 0x00000000a2200000, 0x00000000a2200000|100%| O|  |TAMS 0x00000000a2100000| PB 0x00000000a2100000| Untracked 
|  22|0x00000000a2200000, 0x00000000a2300000, 0x00000000a2300000|100%| O|  |TAMS 0x00000000a2200000| PB 0x00000000a2200000| Untracked 
|  23|0x00000000a2300000, 0x00000000a2400000, 0x00000000a2400000|100%| O|  |TAMS 0x00000000a2300000| PB 0x00000000a2300000| Untracked 
|  24|0x00000000a2400000, 0x00000000a2500000, 0x00000000a2500000|100%| O|  |TAMS 0x00000000a2400000| PB 0x00000000a2400000| Untracked 
|  25|0x00000000a2500000, 0x00000000a2600000, 0x00000000a2600000|100%| O|  |TAMS 0x00000000a2500000| PB 0x00000000a2500000| Untracked 
|  26|0x00000000a2600000, 0x00000000a2700000, 0x00000000a2700000|100%| O|  |TAMS 0x00000000a2600000| PB 0x00000000a2600000| Untracked 
|  27|0x00000000a2700000, 0x00000000a2800000, 0x00000000a2800000|100%| O|  |TAMS 0x00000000a2700000| PB 0x00000000a2700000| Untracked 
|  28|0x00000000a2800000, 0x00000000a2900000, 0x00000000a2900000|100%| O|  |TAMS 0x00000000a2800000| PB 0x00000000a2800000| Untracked 
|  29|0x00000000a2900000, 0x00000000a2a00000, 0x00000000a2a00000|100%| O|  |TAMS 0x00000000a2900000| PB 0x00000000a2900000| Untracked 
|  30|0x00000000a2a00000, 0x00000000a2b00000, 0x00000000a2b00000|100%| O|  |TAMS 0x00000000a2a00000| PB 0x00000000a2a00000| Untracked 
|  31|0x00000000a2b00000, 0x00000000a2c00000, 0x00000000a2c00000|100%| O|  |TAMS 0x00000000a2b00000| PB 0x00000000a2b00000| Untracked 
|  32|0x00000000a2c00000, 0x00000000a2d00000, 0x00000000a2d00000|100%| O|  |TAMS 0x00000000a2c00000| PB 0x00000000a2c00000| Untracked 
|  33|0x00000000a2d00000, 0x00000000a2e00000, 0x00000000a2e00000|100%| O|  |TAMS 0x00000000a2d00000| PB 0x00000000a2d00000| Untracked 
|  34|0x00000000a2e00000, 0x00000000a2f00000, 0x00000000a2f00000|100%| O|  |TAMS 0x00000000a2e00000| PB 0x00000000a2e00000| Untracked 
|  35|0x00000000a2f00000, 0x00000000a3000000, 0x00000000a3000000|100%| O|  |TAMS 0x00000000a2f00000| PB 0x00000000a2f00000| Untracked 
|  36|0x00000000a3000000, 0x00000000a3100000, 0x00000000a3100000|100%| O|  |TAMS 0x00000000a3000000| PB 0x00000000a3000000| Untracked 
|  37|0x00000000a3100000, 0x00000000a3200000, 0x00000000a3200000|100%| O|  |TAMS 0x00000000a3100000| PB 0x00000000a3100000| Untracked 
|  38|0x00000000a3200000, 0x00000000a3300000, 0x00000000a3300000|100%| O|  |TAMS 0x00000000a3200000| PB 0x00000000a3200000| Untracked 
|  39|0x00000000a3300000, 0x00000000a3400000, 0x00000000a3400000|100%| O|  |TAMS 0x00000000a3300000| PB 0x00000000a3300000| Untracked 
|  40|0x00000000a3400000, 0x00000000a3500000, 0x00000000a3500000|100%| O|  |TAMS 0x00000000a3400000| PB 0x00000000a3400000| Untracked 
|  41|0x00000000a3500000, 0x00000000a3600000, 0x00000000a3600000|100%| O|  |TAMS 0x00000000a3500000| PB 0x00000000a3500000| Untracked 
|  42|0x00000000a3600000, 0x00000000a3700000, 0x00000000a3700000|100%| O|  |TAMS 0x00000000a3600000| PB 0x00000000a3600000| Untracked 
|  43|0x00000000a3700000, 0x00000000a3800000, 0x00000000a3800000|100%| O|  |TAMS 0x00000000a3700000| PB 0x00000000a3700000| Untracked 
|  44|0x00000000a3800000, 0x00000000a3900000, 0x00000000a3900000|100%| O|  |TAMS 0x00000000a3800000| PB 0x00000000a3800000| Untracked 
|  45|0x00000000a3900000, 0x00000000a3a00000, 0x00000000a3a00000|100%| O|  |TAMS 0x00000000a3900000| PB 0x00000000a3900000| Untracked 
|  46|0x00000000a3a00000, 0x00000000a3b00000, 0x00000000a3b00000|100%| O|  |TAMS 0x00000000a3a00000| PB 0x00000000a3a00000| Untracked 
|  47|0x00000000a3b00000, 0x00000000a3c00000, 0x00000000a3c00000|100%| O|  |TAMS 0x00000000a3b00000| PB 0x00000000a3b00000| Untracked 
|  48|0x00000000a3c00000, 0x00000000a3d00000, 0x00000000a3d00000|100%| O|  |TAMS 0x00000000a3c00000| PB 0x00000000a3c00000| Untracked 
|  49|0x00000000a3d00000, 0x00000000a3e00000, 0x00000000a3e00000|100%| O|  |TAMS 0x00000000a3d00000| PB 0x00000000a3d00000| Untracked 
|  50|0x00000000a3e00000, 0x00000000a3f00000, 0x00000000a3f00000|100%| O|  |TAMS 0x00000000a3e00000| PB 0x00000000a3e00000| Untracked 
|  51|0x00000000a3f00000, 0x00000000a4000000, 0x00000000a4000000|100%| O|  |TAMS 0x00000000a3f00000| PB 0x00000000a3f00000| Untracked 
|  52|0x00000000a4000000, 0x00000000a4100000, 0x00000000a4100000|100%| O|  |TAMS 0x00000000a4000000| PB 0x00000000a4000000| Untracked 
|  53|0x00000000a4100000, 0x00000000a4200000, 0x00000000a4200000|100%|HS|  |TAMS 0x00000000a4100000| PB 0x00000000a4100000| Complete 
|  54|0x00000000a4200000, 0x00000000a4300000, 0x00000000a4300000|100%|HC|  |TAMS 0x00000000a4200000| PB 0x00000000a4200000| Complete 
|  55|0x00000000a4300000, 0x00000000a4400000, 0x00000000a4400000|100%|HC|  |TAMS 0x00000000a4300000| PB 0x00000000a4300000| Complete 
|  56|0x00000000a4400000, 0x00000000a4500000, 0x00000000a4500000|100%| O|  |TAMS 0x00000000a4400000| PB 0x00000000a4400000| Untracked 
|  57|0x00000000a4500000, 0x00000000a4600000, 0x00000000a4600000|100%| O|  |TAMS 0x00000000a4500000| PB 0x00000000a4500000| Untracked 
|  58|0x00000000a4600000, 0x00000000a4700000, 0x00000000a4700000|100%| O|  |TAMS 0x00000000a4600000| PB 0x00000000a4600000| Untracked 
|  59|0x00000000a4700000, 0x00000000a4800000, 0x00000000a4800000|100%| O|  |TAMS 0x00000000a4700000| PB 0x00000000a4700000| Untracked 
|  60|0x00000000a4800000, 0x00000000a4900000, 0x00000000a4900000|100%| O|  |TAMS 0x00000000a4800000| PB 0x00000000a4800000| Untracked 
|  61|0x00000000a4900000, 0x00000000a4a00000, 0x00000000a4a00000|100%| O|  |TAMS 0x00000000a4900000| PB 0x00000000a4900000| Untracked 
|  62|0x00000000a4a00000, 0x00000000a4b00000, 0x00000000a4b00000|100%| O|Cm|TAMS 0x00000000a4a00000| PB 0x00000000a4a00000| Complete 
|  63|0x00000000a4b00000, 0x00000000a4c00000, 0x00000000a4c00000|100%| O|  |TAMS 0x00000000a4b00000| PB 0x00000000a4b00000| Untracked 
|  64|0x00000000a4c00000, 0x00000000a4d00000, 0x00000000a4d00000|100%| O|Cm|TAMS 0x00000000a4c00000| PB 0x00000000a4c00000| Complete 
|  65|0x00000000a4d00000, 0x00000000a4e00000, 0x00000000a4e00000|100%| O|  |TAMS 0x00000000a4d00000| PB 0x00000000a4d00000| Untracked 
|  66|0x00000000a4e00000, 0x00000000a4f00000, 0x00000000a4f00000|100%| O|  |TAMS 0x00000000a4e00000| PB 0x00000000a4e00000| Untracked 
|  67|0x00000000a4f00000, 0x00000000a5000000, 0x00000000a5000000|100%| O|Cm|TAMS 0x00000000a4f00000| PB 0x00000000a4f00000| Complete 
|  68|0x00000000a5000000, 0x00000000a5100000, 0x00000000a5100000|100%| O|  |TAMS 0x00000000a5000000| PB 0x00000000a5000000| Untracked 
|  69|0x00000000a5100000, 0x00000000a5200000, 0x00000000a5200000|100%| O|  |TAMS 0x00000000a5100000| PB 0x00000000a5100000| Untracked 
|  70|0x00000000a5200000, 0x00000000a5300000, 0x00000000a5300000|100%| O|  |TAMS 0x00000000a5200000| PB 0x00000000a5200000| Untracked 
|  71|0x00000000a5300000, 0x00000000a5400000, 0x00000000a5400000|100%| O|  |TAMS 0x00000000a5300000| PB 0x00000000a5300000| Untracked 
|  72|0x00000000a5400000, 0x00000000a5500000, 0x00000000a5500000|100%| O|  |TAMS 0x00000000a5400000| PB 0x00000000a5400000| Untracked 
|  73|0x00000000a5500000, 0x00000000a5600000, 0x00000000a5600000|100%| O|  |TAMS 0x00000000a5500000| PB 0x00000000a5500000| Untracked 
|  74|0x00000000a5600000, 0x00000000a5700000, 0x00000000a5700000|100%| O|  |TAMS 0x00000000a5600000| PB 0x00000000a5600000| Untracked 
|  75|0x00000000a5700000, 0x00000000a5800000, 0x00000000a5800000|100%| O|  |TAMS 0x00000000a5700000| PB 0x00000000a5700000| Untracked 
|  76|0x00000000a5800000, 0x00000000a5900000, 0x00000000a5900000|100%| O|  |TAMS 0x00000000a5800000| PB 0x00000000a5800000| Untracked 
|  77|0x00000000a5900000, 0x00000000a5a00000, 0x00000000a5a00000|100%| O|  |TAMS 0x00000000a5900000| PB 0x00000000a5900000| Untracked 
|  78|0x00000000a5a00000, 0x00000000a5b00000, 0x00000000a5b00000|100%| O|  |TAMS 0x00000000a5a00000| PB 0x00000000a5a00000| Untracked 
|  79|0x00000000a5b00000, 0x00000000a5c00000, 0x00000000a5c00000|100%| O|  |TAMS 0x00000000a5b00000| PB 0x00000000a5b00000| Untracked 
|  80|0x00000000a5c00000, 0x00000000a5d00000, 0x00000000a5d00000|100%| O|  |TAMS 0x00000000a5c00000| PB 0x00000000a5c00000| Untracked 
|  81|0x00000000a5d00000, 0x00000000a5e00000, 0x00000000a5e00000|100%| O|  |TAMS 0x00000000a5d00000| PB 0x00000000a5d00000| Untracked 
|  82|0x00000000a5e00000, 0x00000000a5f00000, 0x00000000a5f00000|100%| O|  |TAMS 0x00000000a5e00000| PB 0x00000000a5e00000| Untracked 
|  83|0x00000000a5f00000, 0x00000000a6000000, 0x00000000a6000000|100%| O|  |TAMS 0x00000000a5f00000| PB 0x00000000a5f00000| Untracked 
|  84|0x00000000a6000000, 0x00000000a6100000, 0x00000000a6100000|100%| O|  |TAMS 0x00000000a6000000| PB 0x00000000a6000000| Untracked 
|  85|0x00000000a6100000, 0x00000000a6200000, 0x00000000a6200000|100%| O|  |TAMS 0x00000000a6100000| PB 0x00000000a6100000| Untracked 
|  86|0x00000000a6200000, 0x00000000a6300000, 0x00000000a6300000|100%| O|  |TAMS 0x00000000a6200000| PB 0x00000000a6200000| Untracked 
|  87|0x00000000a6300000, 0x00000000a6400000, 0x00000000a6400000|100%| O|  |TAMS 0x00000000a6300000| PB 0x00000000a6300000| Untracked 
|  88|0x00000000a6400000, 0x00000000a6500000, 0x00000000a6500000|100%| O|  |TAMS 0x00000000a6400000| PB 0x00000000a6400000| Untracked 
|  89|0x00000000a6500000, 0x00000000a6600000, 0x00000000a6600000|100%| O|  |TAMS 0x00000000a6500000| PB 0x00000000a6500000| Untracked 
|  90|0x00000000a6600000, 0x00000000a6700000, 0x00000000a6700000|100%| O|  |TAMS 0x00000000a6600000| PB 0x00000000a6600000| Untracked 
|  91|0x00000000a6700000, 0x00000000a6800000, 0x00000000a6800000|100%| O|  |TAMS 0x00000000a6700000| PB 0x00000000a6700000| Untracked 
|  92|0x00000000a6800000, 0x00000000a6900000, 0x00000000a6900000|100%| O|  |TAMS 0x00000000a6800000| PB 0x00000000a6800000| Untracked 
|  93|0x00000000a6900000, 0x00000000a6a00000, 0x00000000a6a00000|100%| O|Cm|TAMS 0x00000000a6900000| PB 0x00000000a6900000| Complete 
|  94|0x00000000a6a00000, 0x00000000a6b00000, 0x00000000a6b00000|100%| O|  |TAMS 0x00000000a6a00000| PB 0x00000000a6a00000| Untracked 
|  95|0x00000000a6b00000, 0x00000000a6c00000, 0x00000000a6c00000|100%| O|  |TAMS 0x00000000a6b00000| PB 0x00000000a6b00000| Untracked 
|  96|0x00000000a6c00000, 0x00000000a6d00000, 0x00000000a6d00000|100%| O|  |TAMS 0x00000000a6c00000| PB 0x00000000a6c00000| Untracked 
|  97|0x00000000a6d00000, 0x00000000a6e00000, 0x00000000a6e00000|100%| O|  |TAMS 0x00000000a6d00000| PB 0x00000000a6d00000| Untracked 
|  98|0x00000000a6e00000, 0x00000000a6f00000, 0x00000000a6f00000|100%| O|  |TAMS 0x00000000a6e00000| PB 0x00000000a6e00000| Untracked 
|  99|0x00000000a6f00000, 0x00000000a7000000, 0x00000000a7000000|100%| O|  |TAMS 0x00000000a6f00000| PB 0x00000000a6f00000| Untracked 
| 100|0x00000000a7000000, 0x00000000a7100000, 0x00000000a7100000|100%| O|  |TAMS 0x00000000a7000000| PB 0x00000000a7000000| Untracked 
| 101|0x00000000a7100000, 0x00000000a7200000, 0x00000000a7200000|100%| O|  |TAMS 0x00000000a7100000| PB 0x00000000a7100000| Untracked 
| 102|0x00000000a7200000, 0x00000000a7300000, 0x00000000a7300000|100%|HS|  |TAMS 0x00000000a7200000| PB 0x00000000a7200000| Complete 
| 103|0x00000000a7300000, 0x00000000a7400000, 0x00000000a7400000|100%|HC|  |TAMS 0x00000000a7300000| PB 0x00000000a7300000| Complete 
| 104|0x00000000a7400000, 0x00000000a7500000, 0x00000000a7500000|100%|HC|  |TAMS 0x00000000a7400000| PB 0x00000000a7400000| Complete 
| 105|0x00000000a7500000, 0x00000000a7600000, 0x00000000a7600000|100%| O|  |TAMS 0x00000000a7500000| PB 0x00000000a7500000| Untracked 
| 106|0x00000000a7600000, 0x00000000a7700000, 0x00000000a7700000|100%| O|  |TAMS 0x00000000a7600000| PB 0x00000000a7600000| Untracked 
| 107|0x00000000a7700000, 0x00000000a7800000, 0x00000000a7800000|100%| O|  |TAMS 0x00000000a7700000| PB 0x00000000a7700000| Untracked 
| 108|0x00000000a7800000, 0x00000000a7900000, 0x00000000a7900000|100%| O|  |TAMS 0x00000000a7800000| PB 0x00000000a7800000| Untracked 
| 109|0x00000000a7900000, 0x00000000a7a00000, 0x00000000a7a00000|100%| O|  |TAMS 0x00000000a7900000| PB 0x00000000a7900000| Untracked 
| 110|0x00000000a7a00000, 0x00000000a7b00000, 0x00000000a7b00000|100%| O|  |TAMS 0x00000000a7a00000| PB 0x00000000a7a00000| Untracked 
| 111|0x00000000a7b00000, 0x00000000a7c00000, 0x00000000a7c00000|100%| O|  |TAMS 0x00000000a7b00000| PB 0x00000000a7b00000| Untracked 
| 112|0x00000000a7c00000, 0x00000000a7d00000, 0x00000000a7d00000|100%|HS|  |TAMS 0x00000000a7c00000| PB 0x00000000a7c00000| Complete 
| 113|0x00000000a7d00000, 0x00000000a7e00000, 0x00000000a7e00000|100%|HC|  |TAMS 0x00000000a7d00000| PB 0x00000000a7d00000| Complete 
| 114|0x00000000a7e00000, 0x00000000a7f00000, 0x00000000a7f00000|100%|HC|  |TAMS 0x00000000a7e00000| PB 0x00000000a7e00000| Complete 
| 115|0x00000000a7f00000, 0x00000000a8000000, 0x00000000a8000000|100%|HS|  |TAMS 0x00000000a7f00000| PB 0x00000000a7f00000| Complete 
| 116|0x00000000a8000000, 0x00000000a8100000, 0x00000000a8100000|100%|HC|  |TAMS 0x00000000a8000000| PB 0x00000000a8000000| Complete 
| 117|0x00000000a8100000, 0x00000000a8200000, 0x00000000a8200000|100%|HC|  |TAMS 0x00000000a8100000| PB 0x00000000a8100000| Complete 
| 118|0x00000000a8200000, 0x00000000a8300000, 0x00000000a8300000|100%| O|  |TAMS 0x00000000a8200000| PB 0x00000000a8200000| Untracked 
| 119|0x00000000a8300000, 0x00000000a8400000, 0x00000000a8400000|100%| O|  |TAMS 0x00000000a8300000| PB 0x00000000a8300000| Untracked 
| 120|0x00000000a8400000, 0x00000000a8500000, 0x00000000a8500000|100%| O|  |TAMS 0x00000000a8400000| PB 0x00000000a8400000| Untracked 
| 121|0x00000000a8500000, 0x00000000a8600000, 0x00000000a8600000|100%| O|  |TAMS 0x00000000a8500000| PB 0x00000000a8500000| Untracked 
| 122|0x00000000a8600000, 0x00000000a8700000, 0x00000000a8700000|100%| O|  |TAMS 0x00000000a8600000| PB 0x00000000a8600000| Untracked 
| 123|0x00000000a8700000, 0x00000000a8800000, 0x00000000a8800000|100%| O|  |TAMS 0x00000000a8700000| PB 0x00000000a8700000| Untracked 
| 124|0x00000000a8800000, 0x00000000a8900000, 0x00000000a8900000|100%| O|  |TAMS 0x00000000a8800000| PB 0x00000000a8800000| Untracked 
| 125|0x00000000a8900000, 0x00000000a8a00000, 0x00000000a8a00000|100%| O|  |TAMS 0x00000000a8900000| PB 0x00000000a8900000| Untracked 
| 126|0x00000000a8a00000, 0x00000000a8b00000, 0x00000000a8b00000|100%| O|  |TAMS 0x00000000a8a00000| PB 0x00000000a8a00000| Untracked 
| 127|0x00000000a8b00000, 0x00000000a8c00000, 0x00000000a8c00000|100%| O|  |TAMS 0x00000000a8b00000| PB 0x00000000a8b00000| Untracked 
| 128|0x00000000a8c00000, 0x00000000a8d00000, 0x00000000a8d00000|100%| O|  |TAMS 0x00000000a8c00000| PB 0x00000000a8c00000| Untracked 
| 129|0x00000000a8d00000, 0x00000000a8e00000, 0x00000000a8e00000|100%| O|  |TAMS 0x00000000a8d00000| PB 0x00000000a8d00000| Untracked 
| 130|0x00000000a8e00000, 0x00000000a8f00000, 0x00000000a8f00000|100%| O|  |TAMS 0x00000000a8e00000| PB 0x00000000a8e00000| Untracked 
| 131|0x00000000a8f00000, 0x00000000a9000000, 0x00000000a9000000|100%| O|  |TAMS 0x00000000a8f00000| PB 0x00000000a8f00000| Untracked 
| 132|0x00000000a9000000, 0x00000000a9100000, 0x00000000a9100000|100%| O|  |TAMS 0x00000000a9000000| PB 0x00000000a9000000| Untracked 
| 133|0x00000000a9100000, 0x00000000a9200000, 0x00000000a9200000|100%| O|  |TAMS 0x00000000a9100000| PB 0x00000000a9100000| Untracked 
| 134|0x00000000a9200000, 0x00000000a9300000, 0x00000000a9300000|100%| O|  |TAMS 0x00000000a9200000| PB 0x00000000a9200000| Untracked 
| 135|0x00000000a9300000, 0x00000000a9400000, 0x00000000a9400000|100%| O|  |TAMS 0x00000000a9300000| PB 0x00000000a9300000| Untracked 
| 136|0x00000000a9400000, 0x00000000a9500000, 0x00000000a9500000|100%| O|  |TAMS 0x00000000a9400000| PB 0x00000000a9400000| Untracked 
| 137|0x00000000a9500000, 0x00000000a9600000, 0x00000000a9600000|100%| O|  |TAMS 0x00000000a9500000| PB 0x00000000a9500000| Untracked 
| 138|0x00000000a9600000, 0x00000000a9700000, 0x00000000a9700000|100%| O|  |TAMS 0x00000000a9600000| PB 0x00000000a9600000| Untracked 
| 139|0x00000000a9700000, 0x00000000a9800000, 0x00000000a9800000|100%| O|  |TAMS 0x00000000a9700000| PB 0x00000000a9700000| Untracked 
| 140|0x00000000a9800000, 0x00000000a9900000, 0x00000000a9900000|100%| O|  |TAMS 0x00000000a9800000| PB 0x00000000a9800000| Untracked 
| 141|0x00000000a9900000, 0x00000000a9a00000, 0x00000000a9a00000|100%| O|  |TAMS 0x00000000a9900000| PB 0x00000000a9900000| Untracked 
| 142|0x00000000a9a00000, 0x00000000a9b00000, 0x00000000a9b00000|100%| O|  |TAMS 0x00000000a9a00000| PB 0x00000000a9a00000| Untracked 
| 143|0x00000000a9b00000, 0x00000000a9c00000, 0x00000000a9c00000|100%| O|  |TAMS 0x00000000a9b00000| PB 0x00000000a9b00000| Untracked 
| 144|0x00000000a9c00000, 0x00000000a9d00000, 0x00000000a9d00000|100%| O|  |TAMS 0x00000000a9c00000| PB 0x00000000a9c00000| Untracked 
| 145|0x00000000a9d00000, 0x00000000a9d00000, 0x00000000a9e00000|  0%| F|  |TAMS 0x00000000a9d00000| PB 0x00000000a9d00000| Untracked 
| 146|0x00000000a9e00000, 0x00000000a9f00000, 0x00000000a9f00000|100%| O|  |TAMS 0x00000000a9e00000| PB 0x00000000a9e00000| Untracked 
| 147|0x00000000a9f00000, 0x00000000aa000000, 0x00000000aa000000|100%| O|  |TAMS 0x00000000a9f00000| PB 0x00000000a9f00000| Untracked 
| 148|0x00000000aa000000, 0x00000000aa100000, 0x00000000aa100000|100%| O|  |TAMS 0x00000000aa000000| PB 0x00000000aa000000| Untracked 
| 149|0x00000000aa100000, 0x00000000aa100000, 0x00000000aa200000|  0%| F|  |TAMS 0x00000000aa100000| PB 0x00000000aa100000| Untracked 
| 150|0x00000000aa200000, 0x00000000aa200000, 0x00000000aa300000|  0%| F|  |TAMS 0x00000000aa200000| PB 0x00000000aa200000| Untracked 
| 151|0x00000000aa300000, 0x00000000aa400000, 0x00000000aa400000|100%| O|  |TAMS 0x00000000aa300000| PB 0x00000000aa300000| Untracked 
| 152|0x00000000aa400000, 0x00000000aa500000, 0x00000000aa500000|100%| O|  |TAMS 0x00000000aa400000| PB 0x00000000aa400000| Untracked 
| 153|0x00000000aa500000, 0x00000000aa600000, 0x00000000aa600000|100%| O|  |TAMS 0x00000000aa500000| PB 0x00000000aa500000| Untracked 
| 154|0x00000000aa600000, 0x00000000aa600000, 0x00000000aa700000|  0%| F|  |TAMS 0x00000000aa600000| PB 0x00000000aa600000| Untracked 
| 155|0x00000000aa700000, 0x00000000aa700000, 0x00000000aa800000|  0%| F|  |TAMS 0x00000000aa700000| PB 0x00000000aa700000| Untracked 
| 156|0x00000000aa800000, 0x00000000aa800000, 0x00000000aa900000|  0%| F|  |TAMS 0x00000000aa800000| PB 0x00000000aa800000| Untracked 
| 157|0x00000000aa900000, 0x00000000aaa00000, 0x00000000aaa00000|100%| O|  |TAMS 0x00000000aa900000| PB 0x00000000aa900000| Untracked 
| 158|0x00000000aaa00000, 0x00000000aaa00000, 0x00000000aab00000|  0%| F|  |TAMS 0x00000000aaa00000| PB 0x00000000aaa00000| Untracked 
| 159|0x00000000aab00000, 0x00000000aac00000, 0x00000000aac00000|100%| O|  |TAMS 0x00000000aab00000| PB 0x00000000aab00000| Untracked 
| 160|0x00000000aac00000, 0x00000000aad00000, 0x00000000aad00000|100%| O|  |TAMS 0x00000000aac00000| PB 0x00000000aac00000| Untracked 
| 161|0x00000000aad00000, 0x00000000aad00000, 0x00000000aae00000|  0%| F|  |TAMS 0x00000000aad00000| PB 0x00000000aad00000| Untracked 
| 162|0x00000000aae00000, 0x00000000aaf00000, 0x00000000aaf00000|100%| O|  |TAMS 0x00000000aae00000| PB 0x00000000aae00000| Untracked 
| 163|0x00000000aaf00000, 0x00000000ab000000, 0x00000000ab000000|100%| O|  |TAMS 0x00000000aaf00000| PB 0x00000000aaf00000| Untracked 
| 164|0x00000000ab000000, 0x00000000ab100000, 0x00000000ab100000|100%| O|  |TAMS 0x00000000ab000000| PB 0x00000000ab000000| Untracked 
| 165|0x00000000ab100000, 0x00000000ab200000, 0x00000000ab200000|100%| O|  |TAMS 0x00000000ab100000| PB 0x00000000ab100000| Untracked 
| 166|0x00000000ab200000, 0x00000000ab200000, 0x00000000ab300000|  0%| F|  |TAMS 0x00000000ab200000| PB 0x00000000ab200000| Untracked 
| 167|0x00000000ab300000, 0x00000000ab300000, 0x00000000ab400000|  0%| F|  |TAMS 0x00000000ab300000| PB 0x00000000ab300000| Untracked 
| 168|0x00000000ab400000, 0x00000000ab500000, 0x00000000ab500000|100%| O|  |TAMS 0x00000000ab400000| PB 0x00000000ab400000| Untracked 
| 169|0x00000000ab500000, 0x00000000ab500000, 0x00000000ab600000|  0%| F|  |TAMS 0x00000000ab500000| PB 0x00000000ab500000| Untracked 
| 170|0x00000000ab600000, 0x00000000ab600000, 0x00000000ab700000|  0%| F|  |TAMS 0x00000000ab600000| PB 0x00000000ab600000| Untracked 
| 171|0x00000000ab700000, 0x00000000ab800000, 0x00000000ab800000|100%| O|  |TAMS 0x00000000ab700000| PB 0x00000000ab700000| Untracked 
| 172|0x00000000ab800000, 0x00000000ab900000, 0x00000000ab900000|100%| O|  |TAMS 0x00000000ab800000| PB 0x00000000ab800000| Untracked 
| 173|0x00000000ab900000, 0x00000000aba00000, 0x00000000aba00000|100%| O|  |TAMS 0x00000000ab900000| PB 0x00000000ab900000| Untracked 
| 174|0x00000000aba00000, 0x00000000abb00000, 0x00000000abb00000|100%| O|  |TAMS 0x00000000aba00000| PB 0x00000000aba00000| Untracked 
| 175|0x00000000abb00000, 0x00000000abb00000, 0x00000000abc00000|  0%| F|  |TAMS 0x00000000abb00000| PB 0x00000000abb00000| Untracked 
| 176|0x00000000abc00000, 0x00000000abd00000, 0x00000000abd00000|100%| O|  |TAMS 0x00000000abc00000| PB 0x00000000abc00000| Untracked 
| 177|0x00000000abd00000, 0x00000000abd00000, 0x00000000abe00000|  0%| F|  |TAMS 0x00000000abd00000| PB 0x00000000abd00000| Untracked 
| 178|0x00000000abe00000, 0x00000000abf00000, 0x00000000abf00000|100%| O|  |TAMS 0x00000000abe00000| PB 0x00000000abe00000| Untracked 
| 179|0x00000000abf00000, 0x00000000ac000000, 0x00000000ac000000|100%| O|  |TAMS 0x00000000abf00000| PB 0x00000000abf00000| Untracked 
| 180|0x00000000ac000000, 0x00000000ac100000, 0x00000000ac100000|100%| O|  |TAMS 0x00000000ac000000| PB 0x00000000ac000000| Untracked 
| 181|0x00000000ac100000, 0x00000000ac100000, 0x00000000ac200000|  0%| F|  |TAMS 0x00000000ac100000| PB 0x00000000ac100000| Untracked 
| 182|0x00000000ac200000, 0x00000000ac300000, 0x00000000ac300000|100%| O|Cm|TAMS 0x00000000ac200000| PB 0x00000000ac200000| Complete 
| 183|0x00000000ac300000, 0x00000000ac400000, 0x00000000ac400000|100%| O|  |TAMS 0x00000000ac300000| PB 0x00000000ac300000| Untracked 
| 184|0x00000000ac400000, 0x00000000ac500000, 0x00000000ac500000|100%| O|  |TAMS 0x00000000ac400000| PB 0x00000000ac400000| Untracked 
| 185|0x00000000ac500000, 0x00000000ac600000, 0x00000000ac600000|100%| O|  |TAMS 0x00000000ac500000| PB 0x00000000ac500000| Untracked 
| 186|0x00000000ac600000, 0x00000000ac700000, 0x00000000ac700000|100%| O|  |TAMS 0x00000000ac600000| PB 0x00000000ac600000| Untracked 
| 187|0x00000000ac700000, 0x00000000ac700000, 0x00000000ac800000|  0%| F|  |TAMS 0x00000000ac700000| PB 0x00000000ac700000| Untracked 
| 188|0x00000000ac800000, 0x00000000ac900000, 0x00000000ac900000|100%| O|  |TAMS 0x00000000ac800000| PB 0x00000000ac800000| Untracked 
| 189|0x00000000ac900000, 0x00000000aca00000, 0x00000000aca00000|100%| O|  |TAMS 0x00000000ac900000| PB 0x00000000ac900000| Untracked 
| 190|0x00000000aca00000, 0x00000000acb00000, 0x00000000acb00000|100%| O|  |TAMS 0x00000000aca00000| PB 0x00000000aca00000| Untracked 
| 191|0x00000000acb00000, 0x00000000acc00000, 0x00000000acc00000|100%| O|  |TAMS 0x00000000acb00000| PB 0x00000000acb00000| Untracked 
| 192|0x00000000acc00000, 0x00000000acd00000, 0x00000000acd00000|100%| O|  |TAMS 0x00000000acc00000| PB 0x00000000acc00000| Untracked 
| 193|0x00000000acd00000, 0x00000000ace00000, 0x00000000ace00000|100%| O|  |TAMS 0x00000000acd00000| PB 0x00000000acd00000| Untracked 
| 194|0x00000000ace00000, 0x00000000acf00000, 0x00000000acf00000|100%| O|  |TAMS 0x00000000ace00000| PB 0x00000000ace00000| Untracked 
| 195|0x00000000acf00000, 0x00000000acf60f00, 0x00000000ad000000| 37%| O|  |TAMS 0x00000000acf00000| PB 0x00000000acf00000| Untracked 
| 196|0x00000000ad000000, 0x00000000ad000000, 0x00000000ad100000|  0%| F|  |TAMS 0x00000000ad000000| PB 0x00000000ad000000| Untracked 
| 197|0x00000000ad100000, 0x00000000ad200000, 0x00000000ad200000|100%| S|CS|TAMS 0x00000000ad100000| PB 0x00000000ad100000| Complete 
| 198|0x00000000ad200000, 0x00000000ad300000, 0x00000000ad300000|100%| S|CS|TAMS 0x00000000ad200000| PB 0x00000000ad200000| Complete 
| 199|0x00000000ad300000, 0x00000000ad400000, 0x00000000ad400000|100%| S|CS|TAMS 0x00000000ad300000| PB 0x00000000ad300000| Complete 
| 200|0x00000000ad400000, 0x00000000ad500000, 0x00000000ad500000|100%| S|CS|TAMS 0x00000000ad400000| PB 0x00000000ad400000| Complete 
| 201|0x00000000ad500000, 0x00000000ad600000, 0x00000000ad600000|100%| S|CS|TAMS 0x00000000ad500000| PB 0x00000000ad500000| Complete 
| 202|0x00000000ad600000, 0x00000000ad700000, 0x00000000ad700000|100%| S|CS|TAMS 0x00000000ad600000| PB 0x00000000ad600000| Complete 
| 203|0x00000000ad700000, 0x00000000ad800000, 0x00000000ad800000|100%| S|CS|TAMS 0x00000000ad700000| PB 0x00000000ad700000| Complete 
| 204|0x00000000ad800000, 0x00000000ad900000, 0x00000000ad900000|100%| S|CS|TAMS 0x00000000ad800000| PB 0x00000000ad800000| Complete 
| 205|0x00000000ad900000, 0x00000000ada00000, 0x00000000ada00000|100%| S|CS|TAMS 0x00000000ad900000| PB 0x00000000ad900000| Complete 
| 206|0x00000000ada00000, 0x00000000adb00000, 0x00000000adb00000|100%| S|CS|TAMS 0x00000000ada00000| PB 0x00000000ada00000| Complete 
| 207|0x00000000adb00000, 0x00000000adc00000, 0x00000000adc00000|100%| S|CS|TAMS 0x00000000adb00000| PB 0x00000000adb00000| Complete 
| 208|0x00000000adc00000, 0x00000000add00000, 0x00000000add00000|100%| S|CS|TAMS 0x00000000adc00000| PB 0x00000000adc00000| Complete 
| 209|0x00000000add00000, 0x00000000ade00000, 0x00000000ade00000|100%| S|CS|TAMS 0x00000000add00000| PB 0x00000000add00000| Complete 
| 210|0x00000000ade00000, 0x00000000adf00000, 0x00000000adf00000|100%| S|CS|TAMS 0x00000000ade00000| PB 0x00000000ade00000| Complete 
| 211|0x00000000adf00000, 0x00000000adf00000, 0x00000000ae000000|  0%| F|  |TAMS 0x00000000adf00000| PB 0x00000000adf00000| Untracked 
| 212|0x00000000ae000000, 0x00000000ae000000, 0x00000000ae100000|  0%| F|  |TAMS 0x00000000ae000000| PB 0x00000000ae000000| Untracked 
| 213|0x00000000ae100000, 0x00000000ae100000, 0x00000000ae200000|  0%| F|  |TAMS 0x00000000ae100000| PB 0x00000000ae100000| Untracked 
| 214|0x00000000ae200000, 0x00000000ae200000, 0x00000000ae300000|  0%| F|  |TAMS 0x00000000ae200000| PB 0x00000000ae200000| Untracked 
| 215|0x00000000ae300000, 0x00000000ae300000, 0x00000000ae400000|  0%| F|  |TAMS 0x00000000ae300000| PB 0x00000000ae300000| Untracked 
| 216|0x00000000ae400000, 0x00000000ae400000, 0x00000000ae500000|  0%| F|  |TAMS 0x00000000ae400000| PB 0x00000000ae400000| Untracked 
| 217|0x00000000ae500000, 0x00000000ae500000, 0x00000000ae600000|  0%| F|  |TAMS 0x00000000ae500000| PB 0x00000000ae500000| Untracked 
| 218|0x00000000ae600000, 0x00000000ae600000, 0x00000000ae700000|  0%| F|  |TAMS 0x00000000ae600000| PB 0x00000000ae600000| Untracked 
| 219|0x00000000ae700000, 0x00000000ae700000, 0x00000000ae800000|  0%| F|  |TAMS 0x00000000ae700000| PB 0x00000000ae700000| Untracked 
| 220|0x00000000ae800000, 0x00000000ae800000, 0x00000000ae900000|  0%| F|  |TAMS 0x00000000ae800000| PB 0x00000000ae800000| Untracked 
| 221|0x00000000ae900000, 0x00000000ae900000, 0x00000000aea00000|  0%| F|  |TAMS 0x00000000ae900000| PB 0x00000000ae900000| Untracked 
| 222|0x00000000aea00000, 0x00000000aea00000, 0x00000000aeb00000|  0%| F|  |TAMS 0x00000000aea00000| PB 0x00000000aea00000| Untracked 
| 223|0x00000000aeb00000, 0x00000000aeb00000, 0x00000000aec00000|  0%| F|  |TAMS 0x00000000aeb00000| PB 0x00000000aeb00000| Untracked 
| 224|0x00000000aec00000, 0x00000000aec00000, 0x00000000aed00000|  0%| F|  |TAMS 0x00000000aec00000| PB 0x00000000aec00000| Untracked 
| 225|0x00000000aed00000, 0x00000000aed00000, 0x00000000aee00000|  0%| F|  |TAMS 0x00000000aed00000| PB 0x00000000aed00000| Untracked 
| 226|0x00000000aee00000, 0x00000000aee00000, 0x00000000aef00000|  0%| F|  |TAMS 0x00000000aee00000| PB 0x00000000aee00000| Untracked 
| 227|0x00000000aef00000, 0x00000000aef00000, 0x00000000af000000|  0%| F|  |TAMS 0x00000000aef00000| PB 0x00000000aef00000| Untracked 
| 228|0x00000000af000000, 0x00000000af000000, 0x00000000af100000|  0%| F|  |TAMS 0x00000000af000000| PB 0x00000000af000000| Untracked 
| 229|0x00000000af100000, 0x00000000af100000, 0x00000000af200000|  0%| F|  |TAMS 0x00000000af100000| PB 0x00000000af100000| Untracked 
| 230|0x00000000af200000, 0x00000000af200000, 0x00000000af300000|  0%| F|  |TAMS 0x00000000af200000| PB 0x00000000af200000| Untracked 
| 231|0x00000000af300000, 0x00000000af300000, 0x00000000af400000|  0%| F|  |TAMS 0x00000000af300000| PB 0x00000000af300000| Untracked 
| 232|0x00000000af400000, 0x00000000af400000, 0x00000000af500000|  0%| F|  |TAMS 0x00000000af400000| PB 0x00000000af400000| Untracked 
| 233|0x00000000af500000, 0x00000000af500000, 0x00000000af600000|  0%| F|  |TAMS 0x00000000af500000| PB 0x00000000af500000| Untracked 
| 234|0x00000000af600000, 0x00000000af600000, 0x00000000af700000|  0%| F|  |TAMS 0x00000000af600000| PB 0x00000000af600000| Untracked 
| 235|0x00000000af700000, 0x00000000af700000, 0x00000000af800000|  0%| F|  |TAMS 0x00000000af700000| PB 0x00000000af700000| Untracked 
| 236|0x00000000af800000, 0x00000000af800000, 0x00000000af900000|  0%| F|  |TAMS 0x00000000af800000| PB 0x00000000af800000| Untracked 
| 237|0x00000000af900000, 0x00000000af900000, 0x00000000afa00000|  0%| F|  |TAMS 0x00000000af900000| PB 0x00000000af900000| Untracked 
| 238|0x00000000afa00000, 0x00000000afa00000, 0x00000000afb00000|  0%| F|  |TAMS 0x00000000afa00000| PB 0x00000000afa00000| Untracked 
| 239|0x00000000afb00000, 0x00000000afb00000, 0x00000000afc00000|  0%| F|  |TAMS 0x00000000afb00000| PB 0x00000000afb00000| Untracked 
| 240|0x00000000afc00000, 0x00000000afc00000, 0x00000000afd00000|  0%| F|  |TAMS 0x00000000afc00000| PB 0x00000000afc00000| Untracked 
| 241|0x00000000afd00000, 0x00000000afd00000, 0x00000000afe00000|  0%| F|  |TAMS 0x00000000afd00000| PB 0x00000000afd00000| Untracked 
| 242|0x00000000afe00000, 0x00000000afe00000, 0x00000000aff00000|  0%| F|  |TAMS 0x00000000afe00000| PB 0x00000000afe00000| Untracked 
| 243|0x00000000aff00000, 0x00000000aff00000, 0x00000000b0000000|  0%| F|  |TAMS 0x00000000aff00000| PB 0x00000000aff00000| Untracked 
| 244|0x00000000b0000000, 0x00000000b0000000, 0x00000000b0100000|  0%| F|  |TAMS 0x00000000b0000000| PB 0x00000000b0000000| Untracked 
| 245|0x00000000b0100000, 0x00000000b0100000, 0x00000000b0200000|  0%| F|  |TAMS 0x00000000b0100000| PB 0x00000000b0100000| Untracked 
| 246|0x00000000b0200000, 0x00000000b0200000, 0x00000000b0300000|  0%| F|  |TAMS 0x00000000b0200000| PB 0x00000000b0200000| Untracked 
| 247|0x00000000b0300000, 0x00000000b0300000, 0x00000000b0400000|  0%| F|  |TAMS 0x00000000b0300000| PB 0x00000000b0300000| Untracked 
| 248|0x00000000b0400000, 0x00000000b0400000, 0x00000000b0500000|  0%| F|  |TAMS 0x00000000b0400000| PB 0x00000000b0400000| Untracked 
| 249|0x00000000b0500000, 0x00000000b0500000, 0x00000000b0600000|  0%| F|  |TAMS 0x00000000b0500000| PB 0x00000000b0500000| Untracked 
| 250|0x00000000b0600000, 0x00000000b0600000, 0x00000000b0700000|  0%| F|  |TAMS 0x00000000b0600000| PB 0x00000000b0600000| Untracked 
| 251|0x00000000b0700000, 0x00000000b0700000, 0x00000000b0800000|  0%| F|  |TAMS 0x00000000b0700000| PB 0x00000000b0700000| Untracked 
| 252|0x00000000b0800000, 0x00000000b0800000, 0x00000000b0900000|  0%| F|  |TAMS 0x00000000b0800000| PB 0x00000000b0800000| Untracked 
| 253|0x00000000b0900000, 0x00000000b0900000, 0x00000000b0a00000|  0%| F|  |TAMS 0x00000000b0900000| PB 0x00000000b0900000| Untracked 
| 254|0x00000000b0a00000, 0x00000000b0a00000, 0x00000000b0b00000|  0%| F|  |TAMS 0x00000000b0a00000| PB 0x00000000b0a00000| Untracked 
| 255|0x00000000b0b00000, 0x00000000b0b00000, 0x00000000b0c00000|  0%| F|  |TAMS 0x00000000b0b00000| PB 0x00000000b0b00000| Untracked 
| 256|0x00000000b0c00000, 0x00000000b0c00000, 0x00000000b0d00000|  0%| F|  |TAMS 0x00000000b0c00000| PB 0x00000000b0c00000| Untracked 
| 257|0x00000000b0d00000, 0x00000000b0d00000, 0x00000000b0e00000|  0%| F|  |TAMS 0x00000000b0d00000| PB 0x00000000b0d00000| Untracked 
| 258|0x00000000b0e00000, 0x00000000b0e00000, 0x00000000b0f00000|  0%| F|  |TAMS 0x00000000b0e00000| PB 0x00000000b0e00000| Untracked 
| 259|0x00000000b0f00000, 0x00000000b0f00000, 0x00000000b1000000|  0%| F|  |TAMS 0x00000000b0f00000| PB 0x00000000b0f00000| Untracked 
| 260|0x00000000b1000000, 0x00000000b1000000, 0x00000000b1100000|  0%| F|  |TAMS 0x00000000b1000000| PB 0x00000000b1000000| Untracked 
| 261|0x00000000b1100000, 0x00000000b1100000, 0x00000000b1200000|  0%| F|  |TAMS 0x00000000b1100000| PB 0x00000000b1100000| Untracked 
| 262|0x00000000b1200000, 0x00000000b1200000, 0x00000000b1300000|  0%| F|  |TAMS 0x00000000b1200000| PB 0x00000000b1200000| Untracked 
| 263|0x00000000b1300000, 0x00000000b1300000, 0x00000000b1400000|  0%| F|  |TAMS 0x00000000b1300000| PB 0x00000000b1300000| Untracked 
| 264|0x00000000b1400000, 0x00000000b1400000, 0x00000000b1500000|  0%| F|  |TAMS 0x00000000b1400000| PB 0x00000000b1400000| Untracked 
| 265|0x00000000b1500000, 0x00000000b1500000, 0x00000000b1600000|  0%| F|  |TAMS 0x00000000b1500000| PB 0x00000000b1500000| Untracked 
| 266|0x00000000b1600000, 0x00000000b1600000, 0x00000000b1700000|  0%| F|  |TAMS 0x00000000b1600000| PB 0x00000000b1600000| Untracked 
| 267|0x00000000b1700000, 0x00000000b1700000, 0x00000000b1800000|  0%| F|  |TAMS 0x00000000b1700000| PB 0x00000000b1700000| Untracked 
| 268|0x00000000b1800000, 0x00000000b1800000, 0x00000000b1900000|  0%| F|  |TAMS 0x00000000b1800000| PB 0x00000000b1800000| Untracked 
| 269|0x00000000b1900000, 0x00000000b1980000, 0x00000000b1a00000| 50%| E|  |TAMS 0x00000000b1900000| PB 0x00000000b1900000| Complete 
| 270|0x00000000b1a00000, 0x00000000b1b00000, 0x00000000b1b00000|100%| E|CS|TAMS 0x00000000b1a00000| PB 0x00000000b1a00000| Complete 
| 271|0x00000000b1b00000, 0x00000000b1c00000, 0x00000000b1c00000|100%| E|CS|TAMS 0x00000000b1b00000| PB 0x00000000b1b00000| Complete 
| 272|0x00000000b1c00000, 0x00000000b1d00000, 0x00000000b1d00000|100%| E|CS|TAMS 0x00000000b1c00000| PB 0x00000000b1c00000| Complete 
| 273|0x00000000b1d00000, 0x00000000b1e00000, 0x00000000b1e00000|100%| E|CS|TAMS 0x00000000b1d00000| PB 0x00000000b1d00000| Complete 
| 274|0x00000000b1e00000, 0x00000000b1f00000, 0x00000000b1f00000|100%| E|CS|TAMS 0x00000000b1e00000| PB 0x00000000b1e00000| Complete 
| 275|0x00000000b1f00000, 0x00000000b2000000, 0x00000000b2000000|100%| E|CS|TAMS 0x00000000b1f00000| PB 0x00000000b1f00000| Complete 
| 276|0x00000000b2000000, 0x00000000b2100000, 0x00000000b2100000|100%| E|CS|TAMS 0x00000000b2000000| PB 0x00000000b2000000| Complete 
| 277|0x00000000b2100000, 0x00000000b2200000, 0x00000000b2200000|100%| E|CS|TAMS 0x00000000b2100000| PB 0x00000000b2100000| Complete 
| 278|0x00000000b2200000, 0x00000000b2300000, 0x00000000b2300000|100%| E|CS|TAMS 0x00000000b2200000| PB 0x00000000b2200000| Complete 
| 279|0x00000000b2300000, 0x00000000b2400000, 0x00000000b2400000|100%| E|CS|TAMS 0x00000000b2300000| PB 0x00000000b2300000| Complete 
| 280|0x00000000b2400000, 0x00000000b2500000, 0x00000000b2500000|100%| E|CS|TAMS 0x00000000b2400000| PB 0x00000000b2400000| Complete 
| 281|0x00000000b2500000, 0x00000000b2600000, 0x00000000b2600000|100%| E|CS|TAMS 0x00000000b2500000| PB 0x00000000b2500000| Complete 
| 282|0x00000000b2600000, 0x00000000b2700000, 0x00000000b2700000|100%| E|CS|TAMS 0x00000000b2600000| PB 0x00000000b2600000| Complete 
| 283|0x00000000b2700000, 0x00000000b2800000, 0x00000000b2800000|100%| E|CS|TAMS 0x00000000b2700000| PB 0x00000000b2700000| Complete 
| 284|0x00000000b2800000, 0x00000000b2900000, 0x00000000b2900000|100%| E|CS|TAMS 0x00000000b2800000| PB 0x00000000b2800000| Complete 
| 285|0x00000000b2900000, 0x00000000b2a00000, 0x00000000b2a00000|100%| E|CS|TAMS 0x00000000b2900000| PB 0x00000000b2900000| Complete 
| 286|0x00000000b2a00000, 0x00000000b2b00000, 0x00000000b2b00000|100%| E|CS|TAMS 0x00000000b2a00000| PB 0x00000000b2a00000| Complete 
| 287|0x00000000b2b00000, 0x00000000b2c00000, 0x00000000b2c00000|100%| E|CS|TAMS 0x00000000b2b00000| PB 0x00000000b2b00000| Complete 
| 288|0x00000000b2c00000, 0x00000000b2d00000, 0x00000000b2d00000|100%| E|CS|TAMS 0x00000000b2c00000| PB 0x00000000b2c00000| Complete 
| 289|0x00000000b2d00000, 0x00000000b2e00000, 0x00000000b2e00000|100%| E|CS|TAMS 0x00000000b2d00000| PB 0x00000000b2d00000| Complete 
| 290|0x00000000b2e00000, 0x00000000b2f00000, 0x00000000b2f00000|100%| E|CS|TAMS 0x00000000b2e00000| PB 0x00000000b2e00000| Complete 
| 291|0x00000000b2f00000, 0x00000000b3000000, 0x00000000b3000000|100%| E|CS|TAMS 0x00000000b2f00000| PB 0x00000000b2f00000| Complete 
| 292|0x00000000b3000000, 0x00000000b3100000, 0x00000000b3100000|100%| E|CS|TAMS 0x00000000b3000000| PB 0x00000000b3000000| Complete 
| 293|0x00000000b3100000, 0x00000000b3200000, 0x00000000b3200000|100%| E|CS|TAMS 0x00000000b3100000| PB 0x00000000b3100000| Complete 
| 294|0x00000000b3200000, 0x00000000b3300000, 0x00000000b3300000|100%| E|CS|TAMS 0x00000000b3200000| PB 0x00000000b3200000| Complete 
| 295|0x00000000b3300000, 0x00000000b3400000, 0x00000000b3400000|100%| E|CS|TAMS 0x00000000b3300000| PB 0x00000000b3300000| Complete 
| 296|0x00000000b3400000, 0x00000000b3500000, 0x00000000b3500000|100%| E|CS|TAMS 0x00000000b3400000| PB 0x00000000b3400000| Complete 
| 297|0x00000000b3500000, 0x00000000b3600000, 0x00000000b3600000|100%| E|CS|TAMS 0x00000000b3500000| PB 0x00000000b3500000| Complete 
| 298|0x00000000b3600000, 0x00000000b3700000, 0x00000000b3700000|100%| E|CS|TAMS 0x00000000b3600000| PB 0x00000000b3600000| Complete 
| 299|0x00000000b3700000, 0x00000000b3800000, 0x00000000b3800000|100%| E|CS|TAMS 0x00000000b3700000| PB 0x00000000b3700000| Complete 
| 300|0x00000000b3800000, 0x00000000b3900000, 0x00000000b3900000|100%| E|CS|TAMS 0x00000000b3800000| PB 0x00000000b3800000| Complete 
| 301|0x00000000b3900000, 0x00000000b3a00000, 0x00000000b3a00000|100%| E|CS|TAMS 0x00000000b3900000| PB 0x00000000b3900000| Complete 
| 302|0x00000000b3a00000, 0x00000000b3b00000, 0x00000000b3b00000|100%| E|CS|TAMS 0x00000000b3a00000| PB 0x00000000b3a00000| Complete 
| 303|0x00000000b3b00000, 0x00000000b3c00000, 0x00000000b3c00000|100%| E|CS|TAMS 0x00000000b3b00000| PB 0x00000000b3b00000| Complete 
| 304|0x00000000b3c00000, 0x00000000b3d00000, 0x00000000b3d00000|100%| E|CS|TAMS 0x00000000b3c00000| PB 0x00000000b3c00000| Complete 
|1522|0x00000000ffe00000, 0x00000000fff00000, 0x00000000fff00000|100%| O|  |TAMS 0x00000000ffe00000| PB 0x00000000ffe00000| Untracked 
|1523|0x00000000fff00000, 0x0000000100000000, 0x0000000100000000|100%| E|CS|TAMS 0x00000000fff00000| PB 0x00000000fff00000| Complete 

Card table byte_map: [0x0000015fb4720000,0x0000015fb4a20000] _byte_map_base: 0x0000015fb421a000

Marking Bits: (CMBitMap*) 0x0000015f9c878e20
 Bits: [0x0000015fb4a20000, 0x0000015fb61f0000)

Polling page: 0x0000015f9c8e0000

Metaspace:

Usage:
  Non-class:     35.60 MB used.
      Class:      3.81 MB used.
       Both:     39.40 MB used.

Virtual space:
  Non-class space:       64.00 MB reserved,      35.81 MB ( 56%) committed,  1 nodes.
      Class space:        1.00 GB reserved,       4.06 MB ( <1%) committed,  1 nodes.
             Both:        1.06 GB reserved,      39.88 MB (  4%) committed. 

Chunk freelists:
   Non-Class:  12.22 MB
       Class:  11.92 MB
        Both:  24.14 MB

MaxMetaspaceSize: unlimited
CompressedClassSpaceSize: 1.00 GB
Initial GC threshold: 21.00 MB
Current GC threshold: 66.19 MB
CDS: off
 - commit_granule_bytes: 65536.
 - commit_granule_words: 8192.
 - virtual_space_node_default_size: 8388608.
 - enlarge_chunks_in_place: 1.
 - use_allocation_guard: 0.


Internal statistics:

num_allocs_failed_limit: 3.
num_arena_births: 640.
num_arena_deaths: 86.
num_vsnodes_births: 2.
num_vsnodes_deaths: 0.
num_space_committed: 636.
num_space_uncommitted: 1.
num_chunks_returned_to_freelist: 128.
num_chunks_taken_from_freelist: 2034.
num_chunk_merges: 12.
num_chunk_splits: 1246.
num_chunks_enlarged: 770.
num_inconsistent_stats: 0.

CodeHeap 'non-profiled nmethods': size=120000Kb used=6122Kb max_used=6122Kb free=113877Kb
 bounds [0x0000015fac490000, 0x0000015faca90000, 0x0000015fb39c0000]
CodeHeap 'profiled nmethods': size=120000Kb used=17908Kb max_used=17908Kb free=102091Kb
 bounds [0x0000015fa49c0000, 0x0000015fa5b50000, 0x0000015fabef0000]
CodeHeap 'non-nmethods': size=5760Kb used=1499Kb max_used=1580Kb free=4260Kb
 bounds [0x0000015fabef0000, 0x0000015fac160000, 0x0000015fac490000]
 total_blobs=8326 nmethods=7753 adapters=477
 compilation: enabled
              stopped_count=0, restarted_count=0
 full_count=0

Compilation events (20 events):
Event: 59.789 Thread 0x0000015fbd07ffb0 nmethod 9486 0x0000015fa5b04990 code [0x0000015fa5b04be0, 0x0000015fa5b05240]
Event: 59.789 Thread 0x0000015fbd07ffb0 9487       3       org.wso2.ballerinalang.compiler.semantics.analyzer.SymbolResolver::createEqualityOperator (76 bytes)
Event: 59.791 Thread 0x0000015fbd07ffb0 nmethod 9487 0x0000015fa5b05510 code [0x0000015fa5b057a0, 0x0000015fa5b06530]
Event: 59.799 Thread 0x0000015fbd07ffb0 9488       3       org.wso2.ballerinalang.compiler.semantics.analyzer.TypeChecker::checkStringTemplateExprs (107 bytes)
Event: 59.801 Thread 0x0000015fbd07ffb0 nmethod 9488 0x0000015fa5b06a10 code [0x0000015fa5b06cc0, 0x0000015fa5b07ba8]
Event: 59.802 Thread 0x0000015fbd07ffb0 9489       3       org.wso2.ballerinalang.compiler.semantics.analyzer.TypeChecker::visit (90 bytes)
Event: 59.805 Thread 0x0000015fbd07ffb0 nmethod 9489 0x0000015fa5b08090 code [0x0000015fa5b08320, 0x0000015fa5b09130]
Event: 59.805 Thread 0x0000015fbd07ffb0 9490       3       org.wso2.ballerinalang.compiler.semantics.analyzer.TypeChecker::visit (10 bytes)
Event: 59.806 Thread 0x0000015fbd07ffb0 nmethod 9490 0x0000015fa5b09590 code [0x0000015fa5b09740, 0x0000015fa5b099e0]
Event: 59.813 Thread 0x0000015fbd07ffb0 9491       3       java.util.stream.Sink$ChainedInt::end (10 bytes)
Event: 59.813 Thread 0x0000015fbd07ffb0 nmethod 9491 0x0000015fa5b09a90 code [0x0000015fa5b09c40, 0x0000015fa5b09e10]
Event: 59.822 Thread 0x0000015fbd07ffb0 9492       3       org.wso2.ballerinalang.compiler.semantics.analyzer.TypeChecker::visit (10 bytes)
Event: 59.822 Thread 0x0000015fbd07ffb0 nmethod 9492 0x0000015fa5b09f10 code [0x0000015fa5b0a0c0, 0x0000015fa5b0a358]
Event: 59.822 Thread 0x0000015fbd07ffb0 9493       3       org.wso2.ballerinalang.compiler.semantics.analyzer.TypeChecker::visit (33 bytes)
Event: 59.823 Thread 0x0000015fbd07ffb0 nmethod 9493 0x0000015fa5b0a410 code [0x0000015fa5b0a5e0, 0x0000015fa5b0a818]
Event: 59.836 Thread 0x0000015fbd07ffb0 9494       3       io.ballerina.types.Common::isNothingSubtype (25 bytes)
Event: 59.837 Thread 0x0000015fbd07ffb0 nmethod 9494 0x0000015fa5b0a990 code [0x0000015fa5b0ab60, 0x0000015fa5b0af58]
Event: 59.841 Thread 0x0000015fbd07ffb0 9496       3       org.wso2.ballerinalang.compiler.semantics.analyzer.SymbolResolver::getArithmeticOpsForTypeSets (346 bytes)
Event: 59.849 Thread 0x0000015fbd07ffb0 nmethod 9496 0x0000015fa5b0b090 code [0x0000015fa5b0b620, 0x0000015fa5b0ddd8]
Event: 59.849 Thread 0x0000015fbd07ffb0 9498       3       org.wso2.ballerinalang.compiler.semantics.analyzer.SymbolResolver::getBitwiseShiftOpsForTypeSets (199 bytes)

GC Heap History (20 events):
Event: 51.345 GC heap before
{Heap before GC invocations=45 (full 0):
 garbage-first heap   total 314368K, used 280670K [0x00000000a0c00000, 0x0000000100000000)
  region size 1024K, 92 young (94208K), 8 survivors (8192K)
 Metaspace       used 39720K, committed 40192K, reserved 1114112K
  class space    used 3884K, committed 4096K, reserved 1048576K
}
Event: 51.363 GC heap after
{Heap after GC invocations=46 (full 0):
 garbage-first heap   total 314368K, used 176264K [0x00000000a0c00000, 0x0000000100000000)
  region size 1024K, 3 young (3072K), 3 survivors (3072K)
 Metaspace       used 39720K, committed 40192K, reserved 1114112K
  class space    used 3884K, committed 4096K, reserved 1048576K
}
Event: 51.685 GC heap before
{Heap before GC invocations=46 (full 0):
 garbage-first heap   total 314368K, used 288904K [0x00000000a0c00000, 0x0000000100000000)
  region size 1024K, 113 young (115712K), 3 survivors (3072K)
 Metaspace       used 39720K, committed 40192K, reserved 1114112K
  class space    used 3884K, committed 4096K, reserved 1048576K
}
Event: 51.693 GC heap after
{Heap after GC invocations=47 (full 0):
 garbage-first heap   total 314368K, used 175963K [0x00000000a0c00000, 0x0000000100000000)
  region size 1024K, 3 young (3072K), 3 survivors (3072K)
 Metaspace       used 39720K, committed 40192K, reserved 1114112K
  class space    used 3884K, committed 4096K, reserved 1048576K
}
Event: 52.042 GC heap before
{Heap before GC invocations=47 (full 0):
 garbage-first heap   total 314368K, used 293723K [0x00000000a0c00000, 0x0000000100000000)
  region size 1024K, 118 young (120832K), 3 survivors (3072K)
 Metaspace       used 39724K, committed 40192K, reserved 1114112K
  class space    used 3884K, committed 4096K, reserved 1048576K
}
Event: 52.048 GC heap after
{Heap after GC invocations=48 (full 0):
 garbage-first heap   total 314368K, used 176119K [0x00000000a0c00000, 0x0000000100000000)
  region size 1024K, 3 young (3072K), 3 survivors (3072K)
 Metaspace       used 39724K, committed 40192K, reserved 1114112K
  class space    used 3884K, committed 4096K, reserved 1048576K
}
Event: 52.378 GC heap before
{Heap before GC invocations=49 (full 0):
 garbage-first heap   total 314368K, used 293879K [0x00000000a0c00000, 0x0000000100000000)
  region size 1024K, 118 young (120832K), 3 survivors (3072K)
 Metaspace       used 39726K, committed 40192K, reserved 1114112K
  class space    used 3884K, committed 4096K, reserved 1048576K
}
Event: 52.384 GC heap after
{Heap after GC invocations=50 (full 0):
 garbage-first heap   total 314368K, used 175932K [0x00000000a0c00000, 0x0000000100000000)
  region size 1024K, 3 young (3072K), 3 survivors (3072K)
 Metaspace       used 39726K, committed 40192K, reserved 1114112K
  class space    used 3884K, committed 4096K, reserved 1048576K
}
Event: 52.660 GC heap before
{Heap before GC invocations=50 (full 0):
 garbage-first heap   total 314368K, used 293692K [0x00000000a0c00000, 0x0000000100000000)
  region size 1024K, 118 young (120832K), 3 survivors (3072K)
 Metaspace       used 39726K, committed 40192K, reserved 1114112K
  class space    used 3884K, committed 4096K, reserved 1048576K
}
Event: 52.669 GC heap after
{Heap after GC invocations=51 (full 0):
 garbage-first heap   total 314368K, used 171639K [0x00000000a0c00000, 0x0000000100000000)
  region size 1024K, 2 young (2048K), 2 survivors (2048K)
 Metaspace       used 39726K, committed 40192K, reserved 1114112K
  class space    used 3884K, committed 4096K, reserved 1048576K
}
Event: 53.321 GC heap before
{Heap before GC invocations=51 (full 0):
 garbage-first heap   total 314368K, used 295543K [0x00000000a0c00000, 0x0000000100000000)
  region size 1024K, 123 young (125952K), 2 survivors (2048K)
 Metaspace       used 39726K, committed 40192K, reserved 1114112K
  class space    used 3884K, committed 4096K, reserved 1048576K
}
Event: 53.325 GC heap after
{Heap after GC invocations=52 (full 0):
 garbage-first heap   total 314368K, used 171688K [0x00000000a0c00000, 0x0000000100000000)
  region size 1024K, 3 young (3072K), 3 survivors (3072K)
 Metaspace       used 39726K, committed 40192K, reserved 1114112K
  class space    used 3884K, committed 4096K, reserved 1048576K
}
Event: 54.362 GC heap before
{Heap before GC invocations=53 (full 0):
 garbage-first heap   total 314368K, used 293544K [0x00000000a0c00000, 0x0000000100000000)
  region size 1024K, 122 young (124928K), 3 survivors (3072K)
 Metaspace       used 39766K, committed 40256K, reserved 1114112K
  class space    used 3887K, committed 4096K, reserved 1048576K
}
Event: 54.373 GC heap after
{Heap after GC invocations=54 (full 0):
 garbage-first heap   total 314368K, used 173056K [0x00000000a0c00000, 0x0000000100000000)
  region size 1024K, 4 young (4096K), 4 survivors (4096K)
 Metaspace       used 39766K, committed 40256K, reserved 1114112K
  class space    used 3887K, committed 4096K, reserved 1048576K
}
Event: 56.424 GC heap before
{Heap before GC invocations=54 (full 0):
 garbage-first heap   total 314368K, used 292864K [0x00000000a0c00000, 0x0000000100000000)
  region size 1024K, 121 young (123904K), 4 survivors (4096K)
 Metaspace       used 39949K, committed 40384K, reserved 1114112K
  class space    used 3887K, committed 4096K, reserved 1048576K
}
Event: 56.439 GC heap after
{Heap after GC invocations=55 (full 0):
 garbage-first heap   total 314368K, used 172173K [0x00000000a0c00000, 0x0000000100000000)
  region size 1024K, 6 young (6144K), 6 survivors (6144K)
 Metaspace       used 39949K, committed 40384K, reserved 1114112K
  class space    used 3887K, committed 4096K, reserved 1048576K
}
Event: 57.770 GC heap before
{Heap before GC invocations=55 (full 0):
 garbage-first heap   total 314368K, used 289933K [0x00000000a0c00000, 0x0000000100000000)
  region size 1024K, 121 young (123904K), 6 survivors (6144K)
 Metaspace       used 40121K, committed 40640K, reserved 1114112K
  class space    used 3891K, committed 4160K, reserved 1048576K
}
Event: 57.796 GC heap after
{Heap after GC invocations=56 (full 0):
 garbage-first heap   total 314368K, used 183038K [0x00000000a0c00000, 0x0000000100000000)
  region size 1024K, 16 young (16384K), 16 survivors (16384K)
 Metaspace       used 40121K, committed 40640K, reserved 1114112K
  class space    used 3891K, committed 4160K, reserved 1048576K
}
Event: 59.612 GC heap before
{Heap before GC invocations=57 (full 0):
 garbage-first heap   total 314368K, used 280318K [0x00000000a0c00000, 0x0000000100000000)
  region size 1024K, 111 young (113664K), 16 survivors (16384K)
 Metaspace       used 40273K, committed 40768K, reserved 1114112K
  class space    used 3893K, committed 4160K, reserved 1048576K
}
Event: 59.658 GC heap after
{Heap after GC invocations=58 (full 0):
 garbage-first heap   total 314368K, used 199043K [0x00000000a0c00000, 0x0000000100000000)
  region size 1024K, 14 young (14336K), 14 survivors (14336K)
 Metaspace       used 40273K, committed 40768K, reserved 1114112K
  class space    used 3893K, committed 4160K, reserved 1048576K
}

Dll operation events (5 events):
Event: 0.054 Loaded shared library C:\Program Files\Ballerina\dependencies\jdk-21.0.5+11-jre\bin\java.dll
Event: 0.962 Loaded shared library C:\Program Files\Ballerina\dependencies\jdk-21.0.5+11-jre\bin\net.dll
Event: 0.975 Loaded shared library C:\Program Files\Ballerina\dependencies\jdk-21.0.5+11-jre\bin\nio.dll
Event: 1.015 Loaded shared library C:\Program Files\Ballerina\dependencies\jdk-21.0.5+11-jre\bin\zip.dll
Event: 1.882 Loaded shared library C:\Program Files\Ballerina\dependencies\jdk-21.0.5+11-jre\bin\jimage.dll

Deoptimization events (20 events):
Event: 59.468 Thread 0x0000015fbfb7c950 Uncommon trap: trap_request=0x00001029 fr.pc=0x0000015faca0025c relative=0x000000000000069c
Event: 59.468 Thread 0x0000015fbfb7c950 Uncommon trap: reason=unloaded action=reinterpret pc=0x0000015faca0025c method=org.wso2.ballerinalang.compiler.semantics.analyzer.TypeChecker.searchClosureVariableInExpressions(Lorg/wso2/ballerinalang/compiler/semantics/model/symbols/BSymbol;Lio/ballerina
Event: 59.469 Thread 0x0000015fbfb7c950 DEOPT PACKING pc=0x0000015faca0025c sp=0x00000016270faae0
Event: 59.469 Thread 0x0000015fbfb7c950 DEOPT UNPACKING pc=0x0000015fabf446a2 sp=0x00000016270fa9e0 mode 2
Event: 59.476 Thread 0x0000015fbfb7c950 Uncommon trap: trap_request=0xffffffc6 fr.pc=0x0000015fac49e408 relative=0x0000000000000228
Event: 59.476 Thread 0x0000015fbfb7c950 Uncommon trap: reason=bimorphic_or_optimized_type_check action=maybe_recompile pc=0x0000015fac49e408 method=java.util.regex.Pattern$BmpCharProperty.match(Ljava/util/regex/Matcher;ILjava/lang/CharSequence;)Z @ 19 c2
Event: 59.476 Thread 0x0000015fbfb7c950 DEOPT PACKING pc=0x0000015fac49e408 sp=0x00000016270fcf30
Event: 59.476 Thread 0x0000015fbfb7c950 DEOPT UNPACKING pc=0x0000015fabf446a2 sp=0x00000016270fcec8 mode 2
Event: 59.476 Thread 0x0000015fbfb7c950 Uncommon trap: trap_request=0xffffffc6 fr.pc=0x0000015fac49e408 relative=0x0000000000000228
Event: 59.476 Thread 0x0000015fbfb7c950 Uncommon trap: reason=bimorphic_or_optimized_type_check action=maybe_recompile pc=0x0000015fac49e408 method=java.util.regex.Pattern$BmpCharProperty.match(Ljava/util/regex/Matcher;ILjava/lang/CharSequence;)Z @ 19 c2
Event: 59.476 Thread 0x0000015fbfb7c950 DEOPT PACKING pc=0x0000015fac49e408 sp=0x00000016270fcf30
Event: 59.476 Thread 0x0000015fbfb7c950 DEOPT UNPACKING pc=0x0000015fabf446a2 sp=0x00000016270fcec8 mode 2
Event: 59.476 Thread 0x0000015fbfb7c950 Uncommon trap: trap_request=0xffffffc6 fr.pc=0x0000015fac49e408 relative=0x0000000000000228
Event: 59.476 Thread 0x0000015fbfb7c950 Uncommon trap: reason=bimorphic_or_optimized_type_check action=maybe_recompile pc=0x0000015fac49e408 method=java.util.regex.Pattern$BmpCharProperty.match(Ljava/util/regex/Matcher;ILjava/lang/CharSequence;)Z @ 19 c2
Event: 59.476 Thread 0x0000015fbfb7c950 DEOPT PACKING pc=0x0000015fac49e408 sp=0x00000016270fcf30
Event: 59.476 Thread 0x0000015fbfb7c950 DEOPT UNPACKING pc=0x0000015fabf446a2 sp=0x00000016270fcec8 mode 2
Event: 59.476 Thread 0x0000015fbfb7c950 Uncommon trap: trap_request=0xffffffc6 fr.pc=0x0000015fac49e408 relative=0x0000000000000228
Event: 59.476 Thread 0x0000015fbfb7c950 Uncommon trap: reason=bimorphic_or_optimized_type_check action=maybe_recompile pc=0x0000015fac49e408 method=java.util.regex.Pattern$BmpCharProperty.match(Ljava/util/regex/Matcher;ILjava/lang/CharSequence;)Z @ 19 c2
Event: 59.476 Thread 0x0000015fbfb7c950 DEOPT PACKING pc=0x0000015fac49e408 sp=0x00000016270fcf30
Event: 59.476 Thread 0x0000015fbfb7c950 DEOPT UNPACKING pc=0x0000015fabf446a2 sp=0x00000016270fcec8 mode 2

Classes loaded (20 events):
Event: 23.286 Loading class java/text/NumberFormat$Field
Event: 23.296 Loading class java/text/NumberFormat$Field done
Event: 23.880 Loading class java/util/ArrayList$SubList$2
Event: 23.880 Loading class java/util/ArrayList$SubList$2 done
Event: 24.724 Loading class java/util/concurrent/Executors$DelegatedScheduledExecutorService
Event: 24.725 Loading class java/util/concurrent/Executors$DelegatedExecutorService
Event: 24.725 Loading class java/util/concurrent/Executors$DelegatedExecutorService done
Event: 24.725 Loading class java/util/concurrent/Executors$DelegatedScheduledExecutorService done
Event: 31.693 Loading class java/util/concurrent/CompletableFuture$UniApply
Event: 31.694 Loading class java/util/concurrent/CompletableFuture$UniApply done
Event: 32.813 Loading class java/util/stream/ReduceOps$2
Event: 32.813 Loading class java/util/stream/ReduceOps$2 done
Event: 32.814 Loading class java/util/stream/ReduceOps$2ReducingSink
Event: 32.814 Loading class java/util/stream/ReduceOps$2ReducingSink done
Event: 59.692 Loading class java/lang/StringUTF16$CodePointsSpliterator
Event: 59.693 Loading class java/lang/StringUTF16$CodePointsSpliterator done
Event: 59.693 Loading class java/util/stream/ReduceOps$CountingSink$OfInt
Event: 59.693 Loading class java/util/stream/ReduceOps$CountingSink
Event: 59.694 Loading class java/util/stream/ReduceOps$CountingSink done
Event: 59.694 Loading class java/util/stream/ReduceOps$CountingSink$OfInt done

Classes unloaded (20 events):
Event: 22.213 Thread 0x0000015fb8cbf620 Unloading class 0x00000001003a2a80 'io/ballerina/stdlib/constraint/compiler/ConstraintCompilerPluginUtils'
Event: 22.213 Thread 0x0000015fb8cbf620 Unloading class 0x00000001003a2840 'io/ballerina/stdlib/constraint/compiler/TypeConstraintValidator$$Lambda+0x00000001003a2840'
Event: 22.213 Thread 0x0000015fb8cbf620 Unloading class 0x00000001003a2620 'io/ballerina/stdlib/constraint/compiler/TypeConstraintValidator'
Event: 22.213 Thread 0x0000015fb8cbf620 Unloading class 0x00000001003a2400 'io/ballerina/stdlib/constraint/compiler/RecordFieldConstraintValidator'
Event: 22.213 Thread 0x0000015fb8cbf620 Unloading class 0x00000001003a2200 'io/ballerina/stdlib/constraint/compiler/ConstraintCodeAnalyzer'
Event: 22.213 Thread 0x0000015fb8cbf620 Unloading class 0x00000001003a2000 'io/ballerina/stdlib/constraint/compiler/ConstraintCompilerPlugin'
Event: 48.440 Thread 0x0000015fb8cbf620 Unloading class 0x0000000100410a00 'io/ballerina/stdlib/log/compiler/staticcodeanalyzer/StaticCodeAnalyzer'
Event: 48.440 Thread 0x0000015fb8cbf620 Unloading class 0x0000000100410800 'io/ballerina/stdlib/log/compiler/LogCompilerPlugin'
Event: 48.440 Thread 0x0000015fb8cbf620 Unloading class 0x0000000100410200 'io/ballerina/stdlib/io/compiler/staticcodeanalyzer/IOCodeAnalyzer'
Event: 48.440 Thread 0x0000015fb8cbf620 Unloading class 0x0000000100410000 'io/ballerina/stdlib/io/compiler/IOCompilerPlugin'
Event: 48.440 Thread 0x0000015fb8cbf620 Unloading class 0x000000010040fa00 'io/ballerina/stdlib/io/compiler/staticcodeanalyzer/IOCodeAnalyzer'
Event: 48.440 Thread 0x0000015fb8cbf620 Unloading class 0x000000010040f800 'io/ballerina/stdlib/io/compiler/IOCompilerPlugin'
Event: 48.440 Thread 0x0000015fb8cbf620 Unloading class 0x000000010040f000 'io/ballerina/stdlib/os/compiler/staticcodeanalyzer/OSStaticCodeAnalyzer'
Event: 48.440 Thread 0x0000015fb8cbf620 Unloading class 0x000000010040ec00 'io/ballerina/stdlib/os/compiler/OSCompilerPlugin'
Event: 48.440 Thread 0x0000015fb8cbf620 Unloading class 0x0000000100405200 'io/ballerina/stdlib/log/compiler/staticcodeanalyzer/StaticCodeAnalyzer'
Event: 48.440 Thread 0x0000015fb8cbf620 Unloading class 0x0000000100405000 'io/ballerina/stdlib/log/compiler/LogCompilerPlugin'
Event: 48.440 Thread 0x0000015fb8cbf620 Unloading class 0x0000000100404a00 'io/ballerina/stdlib/log/compiler/staticcodeanalyzer/StaticCodeAnalyzer'
Event: 48.440 Thread 0x0000015fb8cbf620 Unloading class 0x0000000100404800 'io/ballerina/stdlib/log/compiler/LogCompilerPlugin'
Event: 48.440 Thread 0x0000015fb8cbf620 Unloading class 0x0000000100404200 'io/ballerina/stdlib/io/compiler/staticcodeanalyzer/IOCodeAnalyzer'
Event: 48.440 Thread 0x0000015fb8cbf620 Unloading class 0x0000000100404000 'io/ballerina/stdlib/io/compiler/IOCompilerPlugin'

Classes redefined (0 events):
No events

Internal exceptions (20 events):
Event: 44.442 Thread 0x0000015fbfb7c950 Exception <a 'sun/nio/fs/WindowsException'{0x00000000ae0895e0}> (0x00000000ae0895e0) 
thrown [s\src\hotspot\share\prims\jni.cpp, line 520]
Event: 44.447 Thread 0x0000015fbfb7c950 Exception <a 'sun/nio/fs/WindowsException'{0x00000000ae09a900}> (0x00000000ae09a900) 
thrown [s\src\hotspot\share\prims\jni.cpp, line 520]
Event: 44.447 Thread 0x0000015fbfb7c950 Exception <a 'sun/nio/fs/WindowsException'{0x00000000ae09b160}> (0x00000000ae09b160) 
thrown [s\src\hotspot\share\prims\jni.cpp, line 520]
Event: 44.470 Thread 0x0000015fbfb7c950 Exception <a 'sun/nio/fs/WindowsException'{0x00000000ae0c36b0}> (0x00000000ae0c36b0) 
thrown [s\src\hotspot\share\prims\jni.cpp, line 520]
Event: 44.471 Thread 0x0000015fbfb7c950 Exception <a 'sun/nio/fs/WindowsException'{0x00000000ae0c4208}> (0x00000000ae0c4208) 
thrown [s\src\hotspot\share\prims\jni.cpp, line 520]
Event: 44.474 Thread 0x0000015fbfb7c950 Exception <a 'sun/nio/fs/WindowsException'{0x00000000ae0eb4b0}> (0x00000000ae0eb4b0) 
thrown [s\src\hotspot\share\prims\jni.cpp, line 520]
Event: 44.478 Thread 0x0000015fbfb7c950 Exception <a 'sun/nio/fs/WindowsException'{0x00000000ae0fc888}> (0x00000000ae0fc888) 
thrown [s\src\hotspot\share\prims\jni.cpp, line 520]
Event: 44.478 Thread 0x0000015fbfb7c950 Exception <a 'sun/nio/fs/WindowsException'{0x00000000ae0fd0e8}> (0x00000000ae0fd0e8) 
thrown [s\src\hotspot\share\prims\jni.cpp, line 520]
Event: 44.492 Thread 0x0000015fbfb7c950 Exception <a 'sun/nio/fs/WindowsException'{0x00000000adf1a968}> (0x00000000adf1a968) 
thrown [s\src\hotspot\share\prims\jni.cpp, line 520]
Event: 44.493 Thread 0x0000015fbfb7c950 Exception <a 'sun/nio/fs/WindowsException'{0x00000000adf1b4b0}> (0x00000000adf1b4b0) 
thrown [s\src\hotspot\share\prims\jni.cpp, line 520]
Event: 44.502 Thread 0x0000015fbfb7c950 Exception <a 'sun/nio/fs/WindowsException'{0x00000000adf3e938}> (0x00000000adf3e938) 
thrown [s\src\hotspot\share\prims\jni.cpp, line 520]
Event: 44.506 Thread 0x0000015fbfb7c950 Exception <a 'sun/nio/fs/WindowsException'{0x00000000adf484a8}> (0x00000000adf484a8) 
thrown [s\src\hotspot\share\prims\jni.cpp, line 520]
Event: 44.506 Thread 0x0000015fbfb7c950 Exception <a 'sun/nio/fs/WindowsException'{0x00000000adf48e78}> (0x00000000adf48e78) 
thrown [s\src\hotspot\share\prims\jni.cpp, line 520]
Event: 44.506 Thread 0x0000015fbfb7c950 Exception <a 'sun/nio/fs/WindowsException'{0x00000000adf496d8}> (0x00000000adf496d8) 
thrown [s\src\hotspot\share\prims\jni.cpp, line 520]
Event: 44.522 Thread 0x0000015fbfb7c950 Exception <a 'sun/nio/fs/WindowsException'{0x00000000adf66958}> (0x00000000adf66958) 
thrown [s\src\hotspot\share\prims\jni.cpp, line 520]
Event: 44.522 Thread 0x0000015fbfb7c950 Exception <a 'sun/nio/fs/WindowsException'{0x00000000adf674b0}> (0x00000000adf674b0) 
thrown [s\src\hotspot\share\prims\jni.cpp, line 520]
Event: 44.654 Thread 0x0000015fbfb7c950 Exception <a 'sun/nio/fs/WindowsException'{0x00000000acfd5260}> (0x00000000acfd5260) 
thrown [s\src\hotspot\share\prims\jni.cpp, line 520]
Event: 44.693 Thread 0x0000015fbfb7c950 Exception <a 'sun/nio/fs/WindowsException'{0x00000000acdcc9f0}> (0x00000000acdcc9f0) 
thrown [s\src\hotspot\share\prims\jni.cpp, line 520]
Event: 55.306 Thread 0x0000015fbfb7c950 Implicit null exception at 0x0000015fac568924 to 0x0000015fac569d48
Event: 55.401 Thread 0x0000015fbfb7c950 Implicit null exception at 0x0000015fac8f3009 to 0x0000015fac8f3813

ZGC Phase Switch (0 events):
No events

VM Operations (20 events):
Event: 54.373 Executing VM operation: G1CollectForAllocation (G1 Evacuation Pause) done
Event: 55.375 Executing VM operation: Cleanup
Event: 55.375 Executing VM operation: Cleanup done
Event: 56.380 Executing VM operation: Cleanup
Event: 56.382 Executing VM operation: Cleanup done
Event: 56.423 Executing VM operation: G1CollectForAllocation (G1 Evacuation Pause)
Event: 56.439 Executing VM operation: G1CollectForAllocation (G1 Evacuation Pause) done
Event: 57.019 Executing VM operation: ICBufferFull
Event: 57.019 Executing VM operation: ICBufferFull done
Event: 57.770 Executing VM operation: G1CollectForAllocation (G1 Evacuation Pause)
Event: 57.796 Executing VM operation: G1CollectForAllocation (G1 Evacuation Pause) done
Event: 58.226 Executing VM operation: G1PauseRemark
Event: 58.263 Executing VM operation: G1PauseRemark done
Event: 58.442 Executing VM operation: G1PauseCleanup
Event: 58.444 Executing VM operation: G1PauseCleanup done
Event: 59.452 Executing VM operation: Cleanup
Event: 59.452 Executing VM operation: Cleanup done
Event: 59.612 Executing VM operation: G1CollectForAllocation (G1 Evacuation Pause)
Event: 59.658 Executing VM operation: G1CollectForAllocation (G1 Evacuation Pause) done
Event: 60.110 Executing VM operation: HandshakeAllThreads (HandshakeForDeflation)

Memory protections (0 events):
No events

Nmethod flushes (20 events):
Event: 58.261 Thread 0x0000015fb8cbf620 flushing  nmethod 0x0000015fa540b790
Event: 58.261 Thread 0x0000015fb8cbf620 flushing  nmethod 0x0000015fa4cd5910
Event: 58.261 Thread 0x0000015fb8cbf620 flushing  nmethod 0x0000015fa4cc3010
Event: 58.261 Thread 0x0000015fb8cbf620 flushing  nmethod 0x0000015fa4ccd490
Event: 58.261 Thread 0x0000015fb8cbf620 flushing  nmethod 0x0000015fa535e510
Event: 58.261 Thread 0x0000015fb8cbf620 flushing  nmethod 0x0000015fa53a9790
Event: 58.261 Thread 0x0000015fb8cbf620 flushing  nmethod 0x0000015fa53b1310
Event: 58.261 Thread 0x0000015fb8cbf620 flushing  nmethod 0x0000015fa555c810
Event: 58.261 Thread 0x0000015fb8cbf620 flushing  nmethod 0x0000015fa555cc90
Event: 58.261 Thread 0x0000015fb8cbf620 flushing  nmethod 0x0000015fa5842090
Event: 58.261 Thread 0x0000015fb8cbf620 flushing  nmethod 0x0000015fa596a990
Event: 58.261 Thread 0x0000015fb8cbf620 flushing  nmethod 0x0000015fa4b78010
Event: 58.261 Thread 0x0000015fb8cbf620 flushing  nmethod 0x0000015fa50a9d90
Event: 58.261 Thread 0x0000015fb8cbf620 flushing  nmethod 0x0000015fa522b190
Event: 58.261 Thread 0x0000015fb8cbf620 flushing  nmethod 0x0000015fa5387c90
Event: 58.261 Thread 0x0000015fb8cbf620 flushing  nmethod 0x0000015fa540c290
Event: 58.261 Thread 0x0000015fb8cbf620 flushing  nmethod 0x0000015fa540d590
Event: 58.261 Thread 0x0000015fb8cbf620 flushing  nmethod 0x0000015fa540db90
Event: 58.261 Thread 0x0000015fb8cbf620 flushing  nmethod 0x0000015fa550ae90
Event: 58.261 Thread 0x0000015fb8cbf620 flushing  nmethod 0x0000015fa53ba510

Events (20 events):
Event: 26.906 Thread 0x0000015fbeb7b5f0 Thread exited: 0x0000015fbeb7b5f0
Event: 29.936 Thread 0x0000015fbd07ffb0 Thread added: 0x0000015fbeb8b5d0
Event: 34.013 Thread 0x0000015fbeb8b5d0 Thread exited: 0x0000015fbeb8b5d0
Event: 34.564 Thread 0x0000015fbd07ffb0 Thread added: 0x0000015fc0159c60
Event: 35.771 Thread 0x0000015fc0159c60 Thread exited: 0x0000015fc0159c60
Event: 36.428 Thread 0x0000015fbd07ffb0 Thread added: 0x0000015fc0159c60
Event: 36.695 Thread 0x0000015fc0159c60 Thread exited: 0x0000015fc0159c60
Event: 36.943 Thread 0x0000015fbd057680 Thread added: 0x0000015fc0159c60
Event: 37.630 Thread 0x0000015fbd07ffb0 Thread added: 0x0000015fc029e2f0
Event: 38.388 Thread 0x0000015fc029e2f0 Thread exited: 0x0000015fc029e2f0
Event: 39.160 Thread 0x0000015fbd07ffb0 Thread added: 0x0000015fc029e2f0
Event: 42.491 Thread 0x0000015fc029e2f0 Thread exited: 0x0000015fc029e2f0
Event: 42.723 Thread 0x0000015fc0159c60 Thread exited: 0x0000015fc0159c60
Event: 44.841 Thread 0x0000015fbd07ffb0 Thread added: 0x0000015fbe907e00
Event: 45.216 Thread 0x0000015fbd07ffb0 Thread added: 0x0000015fc30d6060
Event: 50.353 Thread 0x0000015fc30d6060 Thread exited: 0x0000015fc30d6060
Event: 53.592 Thread 0x0000015fbe907e00 Thread exited: 0x0000015fbe907e00
Event: 54.193 Thread 0x0000015fbd07ffb0 Thread added: 0x0000015fbe907e00
Event: 56.310 Thread 0x0000015fbe907e00 Thread exited: 0x0000015fbe907e00
Event: 56.460 Thread 0x0000015fbd07ffb0 Thread added: 0x0000015fbe907e00


Dynamic libraries:
0x00007ff73a710000 - 0x00007ff73a71e000 	C:\Program Files\Ballerina\dependencies\jdk-21.0.5+11-jre\bin\java.exe
0x00007ffa82e60000 - 0x00007ffa830c8000 	C:\WINDOWS\SYSTEM32\ntdll.dll
0x00007ffa821d0000 - 0x00007ffa82299000 	C:\WINDOWS\System32\KERNEL32.DLL
0x00007ffa804f0000 - 0x00007ffa808e2000 	C:\WINDOWS\System32\KERNELBASE.dll
0x00007ffa80a20000 - 0x00007ffa80b6b000 	C:\WINDOWS\System32\ucrtbase.dll
0x00007ffa7af40000 - 0x00007ffa7af58000 	C:\Program Files\Ballerina\dependencies\jdk-21.0.5+11-jre\bin\jli.dll
0x00007ffa6fec0000 - 0x00007ffa6fede000 	C:\Program Files\Ballerina\dependencies\jdk-21.0.5+11-jre\bin\VCRUNTIME140.dll
0x00007ffa82000000 - 0x00007ffa821c5000 	C:\WINDOWS\System32\USER32.dll
0x00007ffa80340000 - 0x00007ffa80367000 	C:\WINDOWS\System32\win32u.dll
0x00007ffa6ea60000 - 0x00007ffa6ecf3000 	C:\WINDOWS\WinSxS\amd64_microsoft.windows.common-controls_6595b64144ccf1df_6.0.26100.6725_none_3e085828e334708b\COMCTL32.dll
0x00007ffa82560000 - 0x00007ffa8258b000 	C:\WINDOWS\System32\GDI32.dll
0x00007ffa81260000 - 0x00007ffa81309000 	C:\WINDOWS\System32\msvcrt.dll
0x00007ffa808f0000 - 0x00007ffa80a1d000 	C:\WINDOWS\System32\gdi32full.dll
0x00007ffa80290000 - 0x00007ffa80333000 	C:\WINDOWS\System32\msvcp_win.dll
0x00007ffa81e20000 - 0x00007ffa81e4f000 	C:\WINDOWS\System32\IMM32.DLL
0x00007ffa7cfd0000 - 0x00007ffa7cfdc000 	C:\Program Files\Ballerina\dependencies\jdk-21.0.5+11-jre\bin\vcruntime140_1.dll
0x00007ffa5e270000 - 0x00007ffa5e2fd000 	C:\Program Files\Ballerina\dependencies\jdk-21.0.5+11-jre\bin\msvcp140.dll
0x00007ffa1a250000 - 0x00007ffa1afdf000 	C:\Program Files\Ballerina\dependencies\jdk-21.0.5+11-jre\bin\server\jvm.dll
0x00007ffa82740000 - 0x00007ffa827f4000 	C:\WINDOWS\System32\ADVAPI32.dll
0x00007ffa810b0000 - 0x00007ffa81156000 	C:\WINDOWS\System32\sechost.dll
0x00007ffa82620000 - 0x00007ffa82738000 	C:\WINDOWS\System32\RPCRT4.dll
0x00007ffa81b60000 - 0x00007ffa81bd4000 	C:\WINDOWS\System32\WS2_32.dll
0x00007ffa7fe50000 - 0x00007ffa7feae000 	C:\WINDOWS\SYSTEM32\POWRPROF.dll
0x00007ffa78e70000 - 0x00007ffa78ea5000 	C:\WINDOWS\SYSTEM32\WINMM.dll
0x00007ffa78eb0000 - 0x00007ffa78ebb000 	C:\WINDOWS\SYSTEM32\VERSION.dll
0x00007ffa7fe30000 - 0x00007ffa7fe44000 	C:\WINDOWS\SYSTEM32\UMPDC.dll
0x00007ffa7edc0000 - 0x00007ffa7eddb000 	C:\WINDOWS\SYSTEM32\kernel.appcore.dll
0x00007ffa7cfb0000 - 0x00007ffa7cfba000 	C:\Program Files\Ballerina\dependencies\jdk-21.0.5+11-jre\bin\jimage.dll
0x00007ffa75720000 - 0x00007ffa75962000 	C:\WINDOWS\SYSTEM32\DBGHELP.DLL
0x00007ffa80d30000 - 0x00007ffa810ab000 	C:\WINDOWS\System32\combase.dll
0x00007ffa82400000 - 0x00007ffa824d7000 	C:\WINDOWS\System32\OLEAUT32.dll
0x00007ffa73020000 - 0x00007ffa7305c000 	C:\WINDOWS\SYSTEM32\dbgcore.DLL
0x00007ffa801f0000 - 0x00007ffa80288000 	C:\WINDOWS\System32\bcryptPrimitives.dll
0x00007ffa6f380000 - 0x00007ffa6f39f000 	C:\Program Files\Ballerina\dependencies\jdk-21.0.5+11-jre\bin\java.dll
0x00007ffa81410000 - 0x00007ffa81b5c000 	C:\WINDOWS\System32\SHELL32.dll
0x00007ffa7fff0000 - 0x00007ffa8015b000 	C:\WINDOWS\System32\wintypes.dll
0x00007ffa7dc30000 - 0x00007ffa7e48d000 	C:\WINDOWS\SYSTEM32\windows.storage.dll
0x00007ffa81310000 - 0x00007ffa81402000 	C:\WINDOWS\System32\SHCORE.dll
0x00007ffa80cb0000 - 0x00007ffa80d12000 	C:\WINDOWS\System32\shlwapi.dll
0x00007ffa7ff10000 - 0x00007ffa7ff39000 	C:\WINDOWS\SYSTEM32\profapi.dll
0x00007ffa7b0c0000 - 0x00007ffa7b0d0000 	C:\Program Files\Ballerina\dependencies\jdk-21.0.5+11-jre\bin\net.dll
0x00007ffa78bb0000 - 0x00007ffa78ccf000 	C:\WINDOWS\SYSTEM32\WINHTTP.dll
0x00007ffa7f330000 - 0x00007ffa7f39b000 	C:\WINDOWS\system32\mswsock.dll
0x00007ffa6b1c0000 - 0x00007ffa6b1d6000 	C:\Program Files\Ballerina\dependencies\jdk-21.0.5+11-jre\bin\nio.dll
0x00007ffa6ae00000 - 0x00007ffa6ae18000 	C:\Program Files\Ballerina\dependencies\jdk-21.0.5+11-jre\bin\zip.dll
0x00007ffa7f5f0000 - 0x00007ffa7f60b000 	C:\WINDOWS\SYSTEM32\CRYPTSP.dll
0x00007ffa7ed20000 - 0x00007ffa7ed5b000 	C:\WINDOWS\system32\rsaenh.dll
0x00007ffa7f3d0000 - 0x00007ffa7f3fb000 	C:\WINDOWS\SYSTEM32\USERENV.dll
0x00007ffa7fee0000 - 0x00007ffa7ff06000 	C:\WINDOWS\SYSTEM32\bcrypt.dll
0x00007ffa7f5e0000 - 0x00007ffa7f5ec000 	C:\WINDOWS\SYSTEM32\CRYPTBASE.dll
0x00007ffa7e7e0000 - 0x00007ffa7e814000 	C:\WINDOWS\SYSTEM32\IPHLPAPI.DLL
0x00007ffa82800000 - 0x00007ffa8280a000 	C:\WINDOWS\System32\NSI.dll

dbghelp: loaded successfully - version: 4.0.5 - missing functions: none
symbol engine: initialized successfully - sym options: 0x614 - pdb path: .;C:\Program Files\Ballerina\dependencies\jdk-21.0.5+11-jre\bin;C:\WINDOWS\SYSTEM32;C:\WINDOWS\WinSxS\amd64_microsoft.windows.common-controls_6595b64144ccf1df_6.0.26100.6725_none_3e085828e334708b;C:\Program Files\Ballerina\dependencies\jdk-21.0.5+11-jre\bin\server

VM Arguments:
jvm_args: -Dballerina.home=C:\Program Files\Ballerina\distributions\ballerina-2201.12.7 
java_command: org.ballerinalang.langserver.launchers.stdio.Main
java_class_path (initial): C:\Program Files\Ballerina\distributions\ballerina-2201.12.7\bre\lib\annotations-2201.12.7.jar;C:\Program Files\Ballerina\distributions\ballerina-2201.12.7\bre\lib\array-2201.12.7.jar;C:\Program Files\Ballerina\distributions\ballerina-2201.12.7\bre\lib\asm-9.7.jar;C:\Program Files\Ballerina\distributions\ballerina-2201.12.7\bre\lib\asm-analysis-9.7.jar;C:\Program Files\Ballerina\distributions\ballerina-2201.12.7\bre\lib\asm-commons-9.7.jar;C:\Program Files\Ballerina\distributions\ballerina-2201.12.7\bre\lib\asm-tree-9.7.jar;C:\Program Files\Ballerina\distributions\ballerina-2201.12.7\bre\lib\asm-util-9.7.jar;C:\Program Files\Ballerina\distributions\ballerina-2201.12.7\bre\lib\asyncapi-cli-0.11.0.jar;C:\Program Files\Ballerina\distributions\ballerina-2201.12.7\bre\lib\atomikos-util-5.0.8.jar;C:\Program Files\Ballerina\distributions\ballerina-2201.12.7\bre\lib\axiom-api-1.4.0.jar;C:\Program Files\Ballerina\distributions\ballerina-2201.12.7\bre\lib\axiom-impl-1.4.0.jar;C:\Program Files\Ballerina\distributions\ballerina-2201.12.7\bre\lib\ballerina-bindgen-2201.12.7.jar;C:\Program Files\Ballerina\distributions\ballerina-2201.12.7\bre\lib\ballerina-cli-2201.12.7.jar;C:\Program Files\Ballerina\distributions\ballerina-2201.12.7\bre\lib\ballerina-io-internal-2201.12.7.jar;C:\Program Files\Ballerina\distributions\ballerina-2201.12.7\bre\lib\ballerina-lang-2201.12.7.jar;C:\Program Files\Ballerina\distributions\ballerina-2201.12.7\bre\lib\ballerina-linter-2201.12.7.jar;C:\Program Files\Ballerina\distributions\ballerina-2201.12.7\bre\lib\ballerina-metrics-extension-2201.12.7.jar;C:\Program Files\Ballerina\distributions\ballerina-2201.12.7\bre\lib\ballerina-parser-2201.12.7.jar;C:\Program Files\Ballerina\distributions\ballerina-2201.12.7\bre\lib\ballerina-profiler-1.0.jar;C:\Program Files\Ballerina\distributions\ballerina-2201.12.7\bre\lib\ballerina-rt-2201.12.7.jar;C:\Program Files\Ballerina\distributions\ballerina-2201.12.7\bre\lib\ballerina-to-openapi-2.3.2.jar;C:\Program Files\Ballerina\distributions\ballerina-2201.12.7\bre\lib\ballerina-tools-api-2201.12.7.jar;C:\Program Files\Ballerina\distributions\ballerina-2201.12.7\bre\lib\bool-2201.12.7.jar;C:\Program Files\Ballerina\distributions\ballerina-2201.12.7\bre\lib\central-client-2201.12.7.jar;C:\Program Files\Ballerina\distributions\ballerina-2201.12.7\bre\lib\commons-beanutils-1.9.4.jar;C:\Program Files\Ballerina\distributions\ballerina-2201.12.7\bre\lib\commons-codec-1.14.jar;C:\Program Files\Ballerina\distributions\ballerina-2201.12.7\bre\lib\commons-collections-3.2.2.jar;C:\Program Files\Ballerina\distributions\ballerina-2201.12.7\bre\lib\commons-compress-1.26.2.jar;C:\Program Files\Ballerina\distributions\ballerina-2201.12.7\bre\lib\commons-text-1.10.0.jar;C:\Program Files\Ballerina\distributions\ballerina-2201.12.7\bre\lib\compiler-0.8.9.jar;C:\Program Files\Ballerina\distributions\ballerina-2201.12.7\bre\lib\configurable-schema-generator-2201.12.7.jar;C:\Program Files\Ballerina\distributions\ballerina-2201.12.7\bre\lib\decimal-2201.12.7.jar;C:\Program Files\Ballerina\distributions\ballerina-2201.12.7\bre\lib\docerina-2201.12.7.jar;C:\Program Files\Ballerina\distributions\ballerina-2201.12.7\bre\lib\error-2201.12.7.jar;C:\Program Files\Ballerina\distributions\ballerina-2201.12.7\bre\lib\floatingpoint-2201.12.7.jar;C:\Program Files\Ballerina\distributions\ballerina-2201.12.7\bre\lib\formatter-cli-2201.12.7.jar;C:\Program Files\Ballerina\distributions\ballerina-2201.12.7\bre\lib\formatter-core-2201.12.7.jar;C:\Program Files\Ballerina\distributions\ballerina-2201.12.7\bre\lib\function-2201.12.7.jar;C:\Program Files\Ballerina\distributions\ballerina-2201.12.7\bre\lib\future-2201.12.7.jar;C:\Program Files\Ballerina\distributions\ballerina-2201.12.7\bre\lib\geronimo-stax-api_1.0_spec-1.0.1.jar;C:\Program Files\Ballerina\distributions\ballerina-2201.12.7\bre\lib\graphql-cli-0.13.0.jar;C:\Program Files\Ballerina\distributions\ballerina-2201.12.7\bre\lib\graphql-code-generator-0.13.0.jar;C:\Program Files\Ballerina\distributions\ballerina-2201.12.7\bre\lib\graphql-schema-file-generator-0.13.0.jar;C:\Program Files\Ballerina\distributions\ballerina-2201.12.7\bre\lib\gson-2.10.1.jar;C:\Program Files\Ballerina\distributions\ballerina-2201.12.7\bre\lib\identifier-util-2201.12.7.jar;C:\Program Files\Ballerina\distributions\ballerina-2201.12.7\bre\lib\integer-2201.12.7.jar;C:\Program Files\Ballerina\distributions\ballerina-2201.12.7\bre\lib\internal-2201.12.7.jar;C:\Program Files\Ballerina\distributions\ballerina-2201.12.7\bre\lib\jackson-annotations-2.15.3.jar;C:\Program Files\Ballerina\distributions\ballerina-2201.12.7\bre\lib\jackson-core-2.15.3.jar;C:\Program Files\Ballerina\distributions\ballerina-2201.12.7\bre\lib\jackson-databind-2.15.3.jar;C:\Program Files\Ballerina\distributions\ballerina-2201.12.7\bre\lib\jackson-dataformat-yaml-2.15.3.jar;C:\Program Files\Ballerina\distributions\ballerina-2201.12.7\bre\lib\jackson-datatype-jsr310-2.15.3.jar;C:\Program Files\Ballerina\distributions\ballerina-2201.12.7\bre\lib\jacocoagent.jar;C:\Program Files\Ballerina\distributions\ballerina-2201.12.7\bre\lib\jaeger-core-0.31.0.jar;C:\Program Files\Ballerina\distributions\ballerina-2201.12.7\bre\lib\jaeger-thrift-0.31.0.jar;C:\Program Files\Ballerina\distributions\ballerina-2201.12.7\bre\lib\java-diff-utils-4.5.jar;C:\Program Files\Ballerina\distributions\ballerina-2201.12.7\bre\lib\javax.mail-1.6.2.jar;C:\Program Files\Ballerina\distributions\ballerina-2201.12.7\bre\lib\javax.transaction-api-1.3.jar;C:\Program Files\Ballerina\distributions\ballerina-2201.12.7\bre\lib\jballerina.java-2201.12.7.jar;C:\Program Files\Ballerina\distributions\ballerina-2201.12.7\bre\lib\jline-3.25.0.jar;C:\Program Files\Ballerina\distributions\ballerina-2201.12.7\bre\lib\kotlin-stdlib-1.6.0.jar;C:\Program Files\Ballerina\distributions\ballerina-2201.12.7\bre\lib\kotlin-stdlib-common-1.6.0.jar;C:\Program Files\Ballerina\distributions\ballerina-2201.12.7\bre\lib\map-2201.12.7.jar;C:\Program Files\Ballerina\distributions\ballerina-2201.12.7\bre\lib\maven-resolver-2201.12.7.jar;C:\Program Files\Ballerina\distributions\ballerina-2201.12.7\bre\lib\netty-buffer-4.1.118.Final.jar;C:\Program Files\Ballerina\distributions\ballerina-2201.12.7\bre\lib\netty-common-4.1.118.Final.jar;C:\Program Files\Ballerina\distributions\ballerina-2201.12.7\bre\lib\netty-resolver-4.1.118.Final.jar;C:\Program Files\Ballerina\distributions\ballerina-2201.12.7\bre\lib\netty-transport-4.1.118.Final.jar;C:\Program Files\Ballerina\distributions\ballerina-2201.12.7\bre\lib\netty-transport-native-epoll-4.1.118.Final.jar;C:\Program Files\Ballerina\distributions\ballerina-2201.12.7\bre\lib\netty-transport-native-kqueue-4.1.118.Final.jar;C:\Program Files\Ballerina\distributions\ballerina-2201.12.7\bre\lib\object-2201.12.7.jar;C:\Program Files\Ballerina\distributions\ballerina-2201.12.7\bre\lib\okhttp-3.14.0.jar;C:\Program Files\Ballerina\distributions\ballerina-2201.12.7\bre\lib\okio-jvm-3.4.0.jar;C:\Program Files\Ballerina\distributions\ballerina-2201.12.7\bre\lib\openapi-bal-task-plugin-2.3.2.jar;C:\Program Files\Ballerina\distributions\ballerina-2201.12.7\bre\lib\openapi-build-extension-2.3.2.jar;C:\Program Files\Ballerina\distributions\ballerina-2201.12.7\bre\lib\openapi-cli-2.3.2.jar;C:\Program Files\Ballerina\distributions\ballerina-2201.12.7\bre\lib\openapi-core-2.3.2.jar;C:\Program Files\Ballerina\distributions\ballerina-2201.12.7\bre\lib\openapi-validator-2.3.2.jar;C:\Program Files\Ballerina\distributions\ballerina-2201.12.7\bre\lib\org.jacoco.core-0.8.12.jar;C:\Program Files\Ballerina\distributions\ballerina-2201.12.7\bre\lib\org.jacoco.report-0.8.12.jar;C:\Program Files\Ballerina\distributions\ballerina-2201.12.7\bre\lib\org.wso2.carbon.core-5.1.0.jar;C:\Program Files\Ballerina\distributions\ballerina-2201.12.7\bre\lib\org.wso2.carbon.messaging-2.3.7.jar;C:\Program Files\Ballerina\distributions\ballerina-2201.12.7\bre\lib\org.wso2.carbon.metrics.core-2.3.7.jar;C:\Program Files\Ballerina\distributions\ballerina-2201.12.7\bre\lib\org.wso2.securevault-1.0.0-wso2v2.jar;C:\Program Files\Ballerina\distributions\ballerina-2201.12.7\bre\lib\org.wso2.transport.http.netty-6.3.11.jar;C:\Program Files\Ballerina\distributions\ballerina-2201.12.7\bre\lib\org.wso2.transport.local-file-system-6.0.55.jar;C:\Program Files\Ballerina\distributions\ballerina-2201.12.7\bre\lib\package-semantic-analyzer-1.0.0.jar;C:\Program Files\Ballerina\distributions\ballerina-2201.12.7\bre\lib\persist-cli-1.6.0.jar;C:\Program Files\Ballerina\distributions\ballerina-2201.12.7\bre\lib\picocli-4.0.1.jar;C:\Program Files\Ballerina\distributions\ballerina-2201.12.7\bre\lib\progressbar-0.7.4.jar;C:\Program Files\Ballerina\distributions\ballerina-2201.12.7\bre\lib\protoc-cli-0.5.0.jar;C:\Program Files\Ballerina\distributions\ballerina-2201.12.7\bre\lib\query-2201.12.7.jar;C:\Program Files\Ballerina\distributions\ballerina-2201.12.7\bre\lib\regexp-2201.12.7.jar;C:\Program Files\Ballerina\distributions\ballerina-2201.12.7\bre\lib\runtime-2201.12.7.jar;C:\Program Files\Ballerina\distributions\ballerina-2201.12.7\bre\lib\semver-checker-cli-2201.12.7.jar;C:\Program Files\Ballerina\distributions\ballerina-2201.12.7\bre\lib\semver-checker-core-2201.12.7.jar;C:\Program Files\Ballerina\distributions\ballerina-2201.12.7\bre\lib\shell-cli-2201.12.7.jar;C:\Program Files\Ballerina\distributions\ballerina-2201.12.7\bre\lib\shell-core-2201.12.7.jar;C:\Program Files\Ballerina\distributions\ballerina-2201.12.7\bre\lib\snakeyaml-2.0.jar;C:\Program Files\Ballerina\distributions\ballerina-2201.12.7\bre\lib\sqlite-jdbc-3.47.0.0.jar;C:\Program Files\Ballerina\distributions\ballerina-2201.12.7\bre\lib\stax2-api-4.2.1.jar;C:\Program Files\Ballerina\distributions\ballerina-2201.12.7\bre\lib\staxon-core-1.2.0.wso2v2.jar;C:\Program Files\Ballerina\distributions\ballerina-2201.12.7\bre\lib\stream-2201.12.7.jar;C:\Program Files\Ballerina\distributions\ballerina-2201.12.7\bre\lib\string-2201.12.7.jar;C:\Program Files\Ballerina\distributions\ballerina-2201.12.7\bre\lib\syntax-api-calls-gen-2201.12.7.jar;C:\Program Files\Ballerina\distributions\ballerina-2201.12.7\bre\lib\table-2201.12.7.jar;C:\Program Files\Ballerina\distributions\ballerina-2201.12.7\bre\lib\testerina-core-2201.12.7.jar;C:\Program Files\Ballerina\distributions\ballerina-2201.12.7\bre\lib\testerina-runtime-2201.12.7.jar;C:\Program Files\Ballerina\distributions\ballerina-2201.12.7\bre\lib\toml-parser-2201.12.7.jar;C:\Program Files\Ballerina\distributions\ballerina-2201.12.7\bre\lib\transaction-2201.12.7.jar;C:\Program Files\Ballerina\distributions\ballerina-2201.12.7\bre\lib\transactions-5.0.8.jar;C:\Program Files\Ballerina\distributions\ballerina-2201.12.7\bre\lib\transactions-api-5.0.8.jar;C:\Program Files\Ballerina\distributions\ballerina-2201.12.7\bre\lib\transactions-jta-5.0.8.jar;C:\Program Files\Ballerina\distributions\ballerina-2201.12.7\bre\lib\typedesc-2201.12.7.jar;C:\Program Files\Ballerina\distributions\ballerina-2201.12.7\bre\lib\value-2201.12.7.jar;C:\Program Files\Ballerina\distributions\ballerina-2201.12.7\bre\lib\woodstox-core-6.5.0.jar;C:\Program Files\Ballerina\distributions\ballerina-2201.12.7\bre\lib\xml-2201.12.7.jar;C:\Program Files\Ballerina\distributions\ballerina-2201.12.7\lib\tools\lang-server\lib\ballerinalang-data-mapper-2201.12.7.jar;C:\Program Files\Ballerina\distributions\ballerina-2201.12.7\lib\tools\lang-server\lib\cloud-tooling-3.3.2.jar;C:\Program Files\Ballerina\distributions\ballerina-2201.12.7\lib\tools\lang-server\lib\commons-io-2.15.1.jar;C:\Program Files\Ballerina\distributions\ballerina-2201.12.7\lib\tools\lang-server\lib\guava-32.0.1-jre.jar;C:\Program Files\Ballerina\distributions\ballerina-2201.12.7\lib\tools\lang-server\lib\json-to-record-converter-2201.12.7.jar;C:\Program Files\Ballerina\distributions\ballerina-2201.12.7\lib\tools\lang-server\lib\openapi-ls-extension-2.3.2.jar;C:\Program Files\Ballerina\distributions\ballerina-2201.12.7\lib\tools\lang-server\lib\partial-parser-2201.12.7.jar;C:\Program Files\Ballerina\distributions\ballerina-2201.12.7\lib\tools\lang-server\lib\performance-analyzer-services-2201.12.7.jar;C:\Program Files\Ballerina\distributions\ballerina-2201.12.7\lib\tools\lang-server\lib\trigger-service-2201.12.7.jar;C:\Program Files\Ballerina\distributions\ballerina-2201.12.7\lib\tools\lang-server\lib\xml-to-record-converter-2201.12.7.jar;C:\Program Files\Ballerina\distributions\ballerina-2201.12.7\lib\tools\debug-adapter\lib\commons-io-2.15.1.jar;C:\Program Files\Ballerina\distributions\ballerina-2201.12.7\lib\tools\debug-adapter\lib\debug-adapter-cli-2201.12.7.jar;C:\Program Files\Ballerina\distributions\ballerina-2201.12.7\lib\tools\debug-adapter\lib\debug-adapter-core-2201.12.7.jar;C:\Program Files\Ballerina\distributions\ballerina-2201.12.7\lib\tools\debug-adapter\lib\java-semver-0.9.0.jar;c:\Users\harak\.vscode\extensions\wso2.ballerina-5.4.0\ls\ballerina-language-server-1.2.0.jar
Launcher Type: SUN_STANDARD

[Global flags]
     intx CICompilerCount                          = 4                                         {product} {ergonomic}
     uint ConcGCThreads                            = 2                                         {product} {ergonomic}
     uint G1ConcRefinementThreads                  = 8                                         {product} {ergonomic}
   size_t G1HeapRegionSize                         = 1048576                                   {product} {ergonomic}
    uintx GCDrainStackTargetSize                   = 64                                        {product} {ergonomic}
   size_t InitialHeapSize                          = 100663296                                 {product} {ergonomic}
   size_t MarkStackSize                            = 4194304                                   {product} {ergonomic}
   size_t MaxHeapSize                              = 1598029824                                {product} {ergonomic}
   size_t MaxNewSize                               = 958398464                                 {product} {ergonomic}
   size_t MinHeapDeltaBytes                        = 1048576                                   {product} {ergonomic}
   size_t MinHeapSize                              = 8388608                                   {product} {ergonomic}
    uintx NonNMethodCodeHeapSize                   = 5839372                                {pd product} {ergonomic}
    uintx NonProfiledCodeHeapSize                  = 122909434                              {pd product} {ergonomic}
    uintx ProfiledCodeHeapSize                     = 122909434                              {pd product} {ergonomic}
    uintx ReservedCodeCacheSize                    = 251658240                              {pd product} {ergonomic}
     bool SegmentedCodeCache                       = true                                      {product} {ergonomic}
   size_t SoftMaxHeapSize                          = 1598029824                             {manageable} {ergonomic}
     bool UseCompressedOops                        = true                           {product lp64_product} {ergonomic}
     bool UseG1GC                                  = true                                      {product} {ergonomic}
     bool UseLargePagesIndividualAllocation        = false                                  {pd product} {ergonomic}

Logging:
Log output configuration:
 #0: stdout all=warning uptime,level,tags foldmultilines=false
 #1: stderr all=off uptime,level,tags foldmultilines=false

Environment Variables:
JAVA_HOME=C:\Program Files\Common Files\Oracle\Java\javapath
PATH=C:\Python313\Scripts\;C:\Python313\;C:\Program Files (x86)\VMware\VMware Workstation\bin\;C:\Program Files\Common Files\Oracle\Java\javapath;C:\WINDOWS\system32;C:\WINDOWS;C:\WINDOWS\System32\Wbem;C:\WINDOWS\System32\WindowsPowerShell\v1.0\;C:\WINDOWS\System32\OpenSSH\;C:\Program Files (x86)\Microsoft SQL Server\160\DTS\Binn\;C:\Program Files (x86)\Microsoft SQL Server\160\Tools\Binn\;C:\Program Files\Microsoft SQL Server\160\Tools\Binn\;C:\Program Files\Microsoft SQL Server\Client SDK\ODBC\170\Tools\Binn\;C:\Program Files\Microsoft SQL Server\160\DTS\Binn\;C:\Users\harak\OneDrive\Desktop\Randos\Films\jdk-22_windows-x64_bin.zip\jdk-22.0.1\bin;C:\Program Files\dotnet\;C:\Program Files\Ballerina\\bin;C:\Program Files\Git\cmd;C:\Program Files\nodejs\;C:\ProgramData\chocolatey\bin;C:\kafka\bin\windows;;C:\Program Files\Docker\Docker\resources\bin;C:\Users\harak\AppData\Local\Programs\Python\Launcher\;C:\Users\harak\AppData\Local\Microsoft\WindowsApps;C:\Program Files\Azure Data Studio\bin;C:\Users\harak\Downloads\Microsoft VS Code\bin;C:\Users\harak\.dotnet\tools;C:\Users\harak\OneDrive\Desktop\Randos\IntelliJ IDEA 2024.2.3\bin;;C:\Users\harak\AppData\Local\GitHubDesktop\bin;C:\Users\harak\AppData\Roaming\npm;C:\kafka\bin\windows;
USERNAME=harak
OS=Windows_NT
PROCESSOR_IDENTIFIER=AMD64 Family 23 Model 24 Stepping 1, AuthenticAMD
TMP=C:\Users\harak\AppData\Local\Temp
TEMP=C:\Users\harak\AppData\Local\Temp




Periodic native trim disabled

---------------  S Y S T E M  ---------------

OS:
 Windows 11 , 64 bit Build 26100 (10.0.26100.6725)
OS uptime: 0 days 0:30 hours
Hyper-V role detected

CPU: total 8 (initial active 8) (8 cores per cpu, 2 threads per core) family 23 model 24 stepping 1 microcode 0x8108109, cx8, cmov, fxsr, ht, mmx, 3dnowpref, sse, sse2, sse3, ssse3, sse4a, sse4.1, sse4.2, popcnt, lzcnt, tsc, tscinvbit, avx, avx2, aes, clmul, bmi1, bmi2, adx, sha, fma, vzeroupper, clflush, clflushopt, hv, rdtscp, f16c
Processor Information for all 8 processors :
  Max Mhz: 2300, Current Mhz: 2300, Mhz Limit: 2300

Memory: 4k page, system-wide physical 6090M (599M free)
TotalPageFile size 14282M (AvailPageFile size 62M)
current process WorkingSet (physical memory assigned to process): 448M, peak: 474M
current process commit charge ("private bytes"): 520M, peak: 520M

vm_info: OpenJDK 64-Bit Server VM (21.0.5+11-LTS) for windows-amd64 JRE (21.0.5+11-LTS), built on 2024-10-15T00:00:00Z by "admin" with MS VC++ 17.7 (VS2022)

END.
