version 2
JvmtiExport can_access_local_variables 0
JvmtiExport can_hotswap_or_post_breakpoint 0
JvmtiExport can_post_on_exceptions 0
# 378 ciObject found
instanceKlass io/ballerina/types/typeops/BddCommonOps
ciInstanceKlass java/lang/invoke/SimpleMethodHandle 1 1 141 10 7 12 1 1 1 7 1 10 9 12 1 1 10 12 1 1 100 1 10 12 1 8 1 10 12 1 1 10 100 12 1 1 1 10 100 12 1 1 1 10 12 1 10 12 1 1 9 7 12 1 1 1 10 7 12 1 1 1 10 12 1 1 10 7 12 1 1 1 100 1 10 100 12 1 1 1 9 12 1 10 12 1 9 12 1 10 12 1 9 12 1 10 12 1 10 12 1 10 12 1 1 1 1 1 1 1 1 1 1 1 1 1 1 1 1 1 1 1 1 1 1 1 1 1 1 1 1 1 1 1 1 1 1 1 1 1 100 1 1
ciInstanceKlass java/lang/invoke/DirectMethodHandle$Accessor 1 1 93 10 7 12 1 1 1 10 7 12 1 1 1 9 7 12 1 1 1 9 12 1 1 10 7 12 1 1 1 9 12 1 1 9 12 1 1 10 12 1 9 12 1 10 12 1 1 100 1 10 12 1 9 12 1 1 10 12 1 1 10 12 1 1 1 1 1 1 1 1 1 1 1 1 1 1 1 1 1 1 1 1 1 1 1 1 1 1 1 1 1 1 1
staticfield java/lang/invoke/DirectMethodHandle$Accessor $assertionsDisabled Z 1
instanceKlass java/lang/invoke/MethodHandleImpl$CountingWrapper
instanceKlass java/lang/invoke/MethodHandleImpl$AsVarargsCollector
instanceKlass java/lang/invoke/MethodHandleImpl$IntrinsicMethodHandle
ciInstanceKlass java/lang/invoke/DelegatingMethodHandle 1 1 324 100 1 10 7 12 1 1 1 10 7 12 1 1 1 10 12 1 1 10 12 1 10 12 1 1 10 12 1 1 10 10 7 12 1 1 1 10 12 1 10 12 1 10 12 1 1 10 12 1 10 12 1 1 8 1 10 7 12 1 1 1 100 1 10 12 1 8 1 10 12 1 1 10 100 12 1 1 10 7 12 1 1 1 8 1 10 12 1 10 12 1 10 12 1 1 7 1 10 12 1 1 7 1 9 12 1 1 10 12 1 1 10 12 1 10 7 12 1 1 10 12 1 1 10 12 1 1 10 12 1 1 10 12 1 1 10 12 1 10 12 1 10 7 12 1 1 1 9 12 1 1 100 1 10 10 7 12 1 1 1 10 12 1 7 1 10 7 12 1 1 1 10 12 1 10 12 1 10 12 1 1 10 12 1 1 9 7 12 1 1 1 9 12 1 9 12 1 10 12 1 10 12 1 8 10 12 1 1 10 12 1 7 1 10 12 1 1 7 1 10 7 12 1 1 1 10 12 1 100 1 10 12 1 1 9 12 1 1 7 1 10 7 12 1 1 1 1 1 1 1 1 1 1 1 1 1 1 1 1 1 1 1 1 1 1 1 1 1 1 1 1 1 1 1 1 1 1 1 1 1 1 1 1 1 1 1 1 1 1 1 1 100 1 1 1 1 1 1 1 1 100 1 100 1 100 1 100 1 1 100 1 1 1 1 1 1 1 100 1 1 1 1 1
staticfield java/lang/invoke/DelegatingMethodHandle NF_getTarget Ljava/lang/invoke/LambdaForm$NamedFunction; java/lang/invoke/LambdaForm$NamedFunction
staticfield java/lang/invoke/DelegatingMethodHandle $assertionsDisabled Z 1
ciInstanceKlass java/lang/invoke/DelegatingMethodHandle$Holder 1 1 291 1 100 1 100 1 1 1 1 1 1 1 7 1 1 12 9 1 7 1 1 12 10 1 1 7 1 1 12 10 1 1 12 10 1 12 10 1 12 10 1 1 12 10 1 1 12 10 1 1 12 10 1 1 12 10 1 1 12 10 1 1 12 10 1 1 12 10 1 12 10 1 12 10 1 1 12 10 1 12 10 1 12 10 1 12 10 1 12 10 1 12 10 1 12 10 12 10 1 1 12 10 1 12 10 1 1 12 10 1 12 10 1 1 12 10 1 1 12 10 1 1 12 10 1 1 12 10 1 12 10 1 12 10 1 1 12 10 1 1 12 10 1 1 12 10 1 1 12 10 1 1 12 10 1 1 12 10 1 1 12 10 1 1 12 10 1 1 12 10 1 1 12 10 1 1 12 10 1 1 12 10 1 1 12 10 1 1 12 10 1 1 12 10 1 1 12 10 1 12 10 1 12 10 1 12 10 1 1 12 10 1 12 10 1 12 10 1 1 12 10 1 12 10 1 12 10 1 12 10 1 12 10 1 12 10 1 12 10 1 1 12 10 1 1 12 10 1 1 12 10 1 12 10 1 12 10 1 12 10 1 12 10 1 12 10 1 12 10 1 12 10 1 12 10 12 10 1 12 10 1 12 10 12 10 1 12 10 1 1 1
ciInstanceKlass java/lang/invoke/DirectMethodHandle$Holder 1 1 548 1 100 1 100 1 1 1 1 1 1 1 7 1 1 12 10 1 12 10 1 7 1 7 1 1 12 10 1 1 1 1 12 10 1 1 12 10 1 1 12 10 1 1 12 10 1 1 12 10 1 1 12 10 1 1 12 10 1 1 12 10 1 1 12 10 1 1 12 10 1 1 12 10 1 1 12 10 1 1 12 10 1 1 12 10 1 1 12 10 1 1 12 10 1 1 12 10 1 1 12 10 1 1 12 10 1 1 12 10 1 1 12 10 1 1 12 10 1 1 12 10 1 1 12 10 1 1 12 10 1 1 12 10 1 1 12 10 1 1 12 10 1 1 12 10 1 1 12 10 1 1 12 10 1 1 12 10 1 1 12 10 1 1 12 10 1 1 12 10 1 1 12 10 1 1 12 10 1 1 12 10 1 1 12 10 1 1 12 10 1 1 12 10 1 1 12 10 1 1 12 10 1 1 12 10 1 1 12 10 1 1 12 10 1 1 12 10 1 1 12 10 1 1 12 10 1 1 12 10 1 1 12 10 12 10 12 10 1 1 12 10 12 10 1 1 12 10 1 1 12 10 12 10 12 10 12 10 1 1 12 10 12 10 1 1 12 10 12 10 1 1 12 10 1 1 12 10 12 10 12 10 12 10 12 10 1 1 12 10 1 1 12 10 1 1 12 10 1 1 12 10 1 1 12 10 1 1 12 10 1 1 12 10 1 1 12 10 1 1 12 10 1 1 12 10 1 1 12 10 1 1 12 10 1 1 12 10 1 1 12 10 12 10 12 10 12 10 1 12 10 1 1 12 10 1 1 12 10 1 1 1 1 12 10 12 10 1 1 12 10 1 12 10 12 10 1 1 12 10 1 12 10 12 10 1 1 1 12 10 1 12 10 1 7 1 1 12 9 1 7 1 12 10 1 12 10 1 1 1 12 10 1 12 10 1 1 12 10 1 12 10 1 1 1 12 10 1 12 10 1 1 12 10 1 12 10 1 1 12 10 1 12 10 1 1 12 10 1 12 10 1 1 12 10 1 12 10 1 1 12 10 1 12 10 1 1 12 10 1 12 10 1 1 12 10 1 12 10 1 1 1 12 10 1 12 10 1 1 1 12 10 1 12 10 1 1 1 1 12 10 1 12 10 1 1 1 12 10 1 12 10 1 1 1 1 1 12 10 1 12 10 1 1 1 12 10 1 12 10 1 1 1 12 10 1 12 10 1 1 12 10 1 12 10 1 1 1
ciInstanceKlass java/lang/invoke/MethodHandleImpl 1 1 1357 10 7 12 1 1 1 7 1 10 7 12 1 1 1 10 7 12 1 1 1 100 1 10 8 1 10 12 1 1 10 12 1 10 12 1 1 10 7 12 1 1 1 9 7 12 1 1 1 10 7 12 1 1 1 7 1 10 12 1 1 10 12 1 1 10 12 1 1 10 7 12 1 1 1 9 7 12 1 1 1 10 7 12 1 1 1 100 1 10 9 12 1 1 9 12 1 10 12 1 1 10 12 1 10 12 1 1 10 12 1 1 10 12 1 1 8 1 8 1 10 12 1 1 10 12 1 1 10 12 1 1 10 12 1 1 10 12 1 10 12 1 1 10 7 12 1 1 1 10 12 1 7 1 10 7 12 1 1 1 10 12 1 1 10 12 1 1 11 7 12 1 1 1 11 7 12 1 1 11 12 1 1 7 1 11 12 1 10 12 1 1 10 12 1 1 11 12 1 10 7 12 1 1 10 12 1 1 10 7 12 1 1 10 12 1 10 12 1 1 10 7 12 1 1 1 10 7 12 1 1 1 10 12 1 1 10 12 1 1 9 7 12 1 1 1 10 10 12 1 1 10 12 1 1 10 10 12 1 1 10 12 1 1 10 7 12 1 1 1 10 12 1 1 10 12 1 10 12 1 10 7 12 1 1 1 10 7 12 1 1 1 10 12 1 1 10 12 1 10 12 1 10 12 1 10 12 1 1 10 12 1 10 12 1 1 10 12 1 10 12 1 8 1 100 1 10 12 1 10 12 1 1 10 12 1 10 12 1 1 10 12 1 1 7 1 10 12 1 100 1 8 1 10 12 1 10 7 12 1 1 1 8 1 10 12 1 10 7 12 1 1 1 100 1 9 7 1 10 12 1 1 10 12 1 1 9 12 1 10 12 1 1 10 7 12 1 1 10 12 1 1 10 12 1 1 10 12 1 10 12 1 7 1 10 12 1 1 9 12 1 1 10 12 1 9 7 12 1 1 1 11 7 12 1 1 7 1 9 12 1 7 1 10 12 1 10 12 1 1 7 1 10 12 1 1 10 12 1 10 12 1 1 10 7 12 1 1 1 10 12 1 1 10 12 1 10 12 1 1 10 12 1 10 12 1 1 10 12 1 7 1 9 7 12 1 1 1 10 12 1 10 12 1 9 7 12 1 1 1 10 12 1 1 10 12 1 1 10 12 1 10 7 12 1 1 10 100 12 1 1 1 9 12 1 10 12 1 9 12 10 12 1 10 12 1 10 12 1 10 12 1 1 10 12 1 10 12 1 1 10 12 1 10 12 1 1 10 12 1 1 10 12 1 1 10 12 1 10 12 1 10 12 1 1 10 12 1 10 100 12 1 1 10 12 1 10 100 12 1 1 8 1 10 8 1 100 1 10 9 12 1 100 1 10 12 1 8 1 10 10 12 1 10 10 12 1 1 10 12 1 1 10 12 1 10 12 1 100 1 8 1 10 12 1 10 100 12 1 1 1 10 12 1 1 10 12 1 10 12 1 100 1 10 12 1 10 12 1 10 12 1 1 7 1 10 12 1 10 7 12 1 1 10 12 1 9 12 1 10 12 1 1 10 12 1 1 100 1 10 10 12 1 8 1 8 1 9 12 1 8 1 8 1 8 1 9 12 1 10 12 1 1 9 12 1 1 10 12 1 8 1 9 7 1 10 12 1 1 10 12 1 8 1 8 1 8 1 100 1 100 1 8 8 1 8 1 100 1 8 1 100 1 10 12 1 10 12 1 10 12 10 12 1 10 12 1 11 100 12 1 1 1 18 12 1 11 100 12 1 1 1 18 18 12 1 11 12 1 1 10 12 1 1 10 12 1 10 12 1 11 12 1 9 12 1 9 12 10 10 12 1 1 9 12 1 1 11 12 1 1 18 12 1 1 11 12 1 1 11 12 1 1 10 12 1 11 100 1 10 12 1 10 12 1 10 12 1 9 12 1 9 12 10 12 1 10 7 12 1 1 1 10 12 1 10 12 1 1 10 12 1 10 12 9 12 1 1 10 12 1 10 12 1 1 9 12 1 9 12 1 10 12 1 10 12 1 1 10 12 1 100 1 10 12 1 9 12 1 1 11 100 1 9 12 1 9 12 11 12 1 9 12 1 9 12 1 10 12 1 10 12 1 1 9 7 12 1 1 1 8 1 10 12 1 1 8 1 10 12 1 8 1 8 1 8 1 8 1 8 1 8 1 100 1 8 1 8 1 10 12 1 9 12 1 7 1 10 10 7 12 1 1 1 1 1 1 1 3 1 1 3 1 3 1 3 1 3 1 3 1 3 1 3 1 3 1 1 1 1 1 1 1 1 1 3 1 3 1 1 1 1 1 1 1 1 1 1 1 1 1 1 1 1 1 1 1 1 1 1 1 1 1 1 1 1 1 1 1 1 1 1 1 1 1 1 1 1 1 1 1 1 1 1 1 1 1 1 1 1 1 1 1 1 1 1 1 1 1 1 1 1 1 1 1 1 1 1 1 1 1 1 1 1 1 1 1 1 1 1 1 1 1 1 1 1 1 1 1 1 1 1 1 1 1 1 1 1 1 1 1 1 100 1 1 1 1 1 1 1 1 1 1 1 1 1 1 1 1 1 1 1 1 1 1 1 1 1 1 1 1 1 1 1 1 1 1 1 1 1 1 1 1 1 1 1 1 1 1 1 1 1 1 1 1 1 1 1 1 1 1 1 1 1 1 1 1 1 1 1 1 1 1 1 1 1 1 1 1 1 1 1 1 1 1 1 1 1 1 1 1 1 1 1 1 1 1 1 1 1 1 1 1 1 1 1 1 1 1 1 1 1 1 1 1 1 1 1 1 1 1 1 1 1 1 1 1 1 1 1 1 1 1 1 1 1 1 1 1 1 1 1 1 1 1 1 1 1 1 1 1 1 1 1 1 1 1 1 1 1 1 1 1 1 1 1 100 1 100 1 100 1 100 1 100 1 100 1 100 1 1 16 15 10 12 16 15 16 16 1 15 10 12 16 16 15 10 12 16 15 10 100 12 1 1 1 1 1 1 1 1 1 1 1 1 1 1 1 1 1 1 1 1 1 1 1 1
staticfield java/lang/invoke/MethodHandleImpl ARRAYS [Ljava/lang/invoke/MethodHandle; 256 [Ljava/lang/invoke/MethodHandle;
staticfield java/lang/invoke/MethodHandleImpl NFS [Ljava/lang/invoke/LambdaForm$NamedFunction; 7 [Ljava/lang/invoke/LambdaForm$NamedFunction;
staticfield java/lang/invoke/MethodHandleImpl HANDLES [Ljava/lang/invoke/MethodHandle; 9 [Ljava/lang/invoke/MethodHandle;
staticfield java/lang/invoke/MethodHandleImpl $assertionsDisabled Z 1
instanceKlass org/wso2/ballerinalang/compiler/semantics/analyzer/SemanticAnalyzer$2
instanceKlass org/wso2/ballerinalang/compiler/semantics/analyzer/SymbolEnter$1
instanceKlass org/wso2/ballerinalang/compiler/semantics/analyzer/SymbolEnter$2
ciInstanceKlass java/util/LinkedHashMap 1 1 386 9 7 12 1 1 1 9 12 1 1 9 12 1 9 7 12 1 1 9 12 1 10 7 12 1 1 1 10 12 1 1 10 12 1 1 9 12 1 9 12 1 1 9 12 1 10 12 1 1 100 1 10 10 12 1 1 10 12 1 10 12 1 1 9 12 1 1 9 12 1 10 12 1 1 10 100 12 1 1 1 10 12 1 10 12 1 10 12 10 12 1 1 10 100 12 1 1 1 10 12 1 1 10 12 1 1 9 7 1 10 12 1 10 12 1 1 9 12 1 1 7 1 10 12 1 7 1 100 1 10 10 12 1 1 10 12 1 1 9 12 1 1 7 1 10 7 1 10 12 1 9 12 1 7 1 10 100 1 10 11 7 12 1 1 1 100 1 10 11 100 12 1 1 100 1 100 1 10 8 1 10 12 1 1 10 12 1 10 12 1 1 10 12 1 10 12 1 1 10 100 1 10 12 1 100 1 1 1 1 5 0 1 1 1 3 1 3 1 3 1 1 1 1 1 1 1 1 1 1 1 1 1 1 1 1 1 1 1 1 1 1 1 1 1 1 1 1 1 1 1 1 1 1 1 1 1 1 1 1 1 1 1 1 1 1 1 100 1 1 1 1 1 1 1 1 100 1 1 1 1 1 1 1 1 1 1 1 1 1 1 1 1 1 1 1 1 1 1 1 1 1 1 1 1 100 1 1 1 1 1 1 1 1 1 1 1 1 1 1 100 1 1 1 1 1 1 1 1 1 100 1 1 1 1 1 1 1 1 1 1 1 1 1 1 1 1 1 1 1 1 1 1 1 1 1 1 1 1 1 1 1 100 1 100 1 100 1 100 1 1 1 1 1 100 1 100 1 1 1 1 1 1 1 1 1
ciInstanceKlass java/util/zip/ZipFile$Source$Key 1 1 84 10 7 12 1 1 1 9 7 12 1 1 1 9 12 1 1 10 7 12 1 1 1 9 12 1 1 100 1 5 0 11 7 12 1 1 1 10 7 12 1 1 1 10 7 12 1 1 1 10 12 1 1 11 12 1 1 10 10 1 1 1 1 1 1 1 1 1 1 1 1 1 1 1 1 1 1 100 1 1 100 1 1 1
# instanceKlass org/wso2/ballerinalang/compiler/parser/BLangNodeBuilder$$Lambda+0x00000001003ca120
instanceKlass  @bci io/ballerina/artifactsgenerator/ArtifactsCache updateArtifactIds (Ljava/lang/String;Ljava/lang/String;Ljava/util/Map;)V 5 <appendix> argL0 ; # io/ballerina/artifactsgenerator/ArtifactsCache$$Lambda+0x00000001003c9ad0
# instanceKlass io/ballerina/artifactsgenerator/ArtifactsGenerator$$Lambda+0x00000001003c98a8
# instanceKlass io/ballerina/artifactsgenerator/ArtifactsGenerator$$Lambda+0x00000001003c9678
# instanceKlass io/ballerina/artifactsgenerator/ArtifactsGenerator$$Lambda+0x00000001003c9448
# instanceKlass io/ballerina/artifactsgenerator/ArtifactsGenerator$$Lambda+0x00000001003c9218
# instanceKlass io/ballerina/artifactsgenerator/ArtifactsGenerator$$Lambda+0x00000001003c8ff0
instanceKlass  @bci java/util/stream/Collectors joining ()Ljava/util/stream/Collector; 19 <appendix> argL0 ; # java/util/stream/Collectors$$Lambda+0x000000010027fc10
instanceKlass  @bci java/util/stream/Collectors joining ()Ljava/util/stream/Collector; 14 <appendix> argL0 ; # java/util/stream/Collectors$$Lambda+0x000000010027f9d8
instanceKlass  @bci java/util/stream/Collectors joining ()Ljava/util/stream/Collector; 9 <appendix> argL0 ; # java/util/stream/Collectors$$Lambda+0x000000010027f7b8
instanceKlass  @bci java/util/stream/Collectors joining ()Ljava/util/stream/Collector; 4 <appendix> argL0 ; # java/util/stream/Collectors$$Lambda+0x000000010027f5a8
# instanceKlass io/ballerina/artifactsgenerator/ModuleNodeTransformer$$Lambda+0x00000001003c8dc0
# instanceKlass io/ballerina/artifactsgenerator/ModuleNodeTransformer$$Lambda+0x00000001003c8b98
# instanceKlass io/ballerina/artifactsgenerator/ModuleNodeTransformer$$Lambda+0x00000001003c8970
instanceKlass  @bci io/ballerina/artifactsgenerator/ModuleNodeTransformer lambda$transform$1 (Lio/ballerina/artifactsgenerator/Artifact$Builder;Lio/ballerina/compiler/syntax/tree/Node;)V 14 <appendix> member <vmtarget> ; # io/ballerina/artifactsgenerator/ModuleNodeTransformer$$Lambda+0x00000001003c7ce0
instanceKlass  @bci io/ballerina/artifactsgenerator/ModuleNodeTransformer transform (Lio/ballerina/compiler/syntax/tree/ClassDefinitionNode;)Ljava/util/Optional; 31 <appendix> member <vmtarget> ; # io/ballerina/artifactsgenerator/ModuleNodeTransformer$$Lambda+0x00000001003c7ab8
instanceKlass  @bci io/ballerina/modelgenerator/commons/CommonUtils hasAiTypeInclusion (Lio/ballerina/compiler/api/symbols/ClassSymbol;Ljava/lang/String;)Z 72 <appendix> argL0 ; # io/ballerina/modelgenerator/commons/CommonUtils$$Lambda+0x00000001003c7878
instanceKlass  @bci io/ballerina/modelgenerator/commons/CommonUtils hasAiTypeInclusion (Lio/ballerina/compiler/api/symbols/ClassSymbol;Ljava/lang/String;)Z 62 <appendix> argL0 ; # io/ballerina/modelgenerator/commons/CommonUtils$$Lambda+0x00000001003c7648
instanceKlass  @bci io/ballerina/modelgenerator/commons/CommonUtils hasAiTypeInclusion (Lio/ballerina/compiler/api/symbols/ClassSymbol;Ljava/lang/String;)Z 52 <appendix> argL0 ; # io/ballerina/modelgenerator/commons/CommonUtils$$Lambda+0x00000001003c7408
instanceKlass  @bci io/ballerina/modelgenerator/commons/CommonUtils hasAiTypeInclusion (Lio/ballerina/compiler/api/symbols/ClassSymbol;Ljava/lang/String;)Z 42 <appendix> argL0 ; # io/ballerina/modelgenerator/commons/CommonUtils$$Lambda+0x00000001003c71d8
instanceKlass  @bci io/ballerina/modelgenerator/commons/CommonUtils hasAiTypeInclusion (Lio/ballerina/compiler/api/symbols/ClassSymbol;Ljava/lang/String;)Z 32 <appendix> member <vmtarget> ; # io/ballerina/modelgenerator/commons/CommonUtils$$Lambda+0x00000001003c6f90
instanceKlass  @bci io/ballerina/modelgenerator/commons/CommonUtils hasAiTypeInclusion (Lio/ballerina/compiler/api/symbols/ClassSymbol;Ljava/lang/String;)Z 21 <appendix> argL0 ; # io/ballerina/modelgenerator/commons/CommonUtils$$Lambda+0x00000001003c6d60
instanceKlass  @bci io/ballerina/modelgenerator/commons/CommonUtils hasAiTypeInclusion (Lio/ballerina/compiler/api/symbols/ClassSymbol;Ljava/lang/String;)Z 11 <appendix> argL0 ; # io/ballerina/modelgenerator/commons/CommonUtils$$Lambda+0x00000001003c6b20
instanceKlass  @bci io/ballerina/artifactsgenerator/ModuleNodeTransformer hasQualifier (Lio/ballerina/compiler/syntax/tree/NodeList;Lio/ballerina/compiler/syntax/tree/SyntaxKind;)Z 5 <appendix> member <vmtarget> ; # io/ballerina/artifactsgenerator/ModuleNodeTransformer$$Lambda+0x00000001003c68d8
instanceKlass io/ballerina/modelgenerator/commons/CommonUtils
instanceKlass io/ballerina/runtime/api/utils/IdentifierUtils
instanceKlass  @bci io/ballerina/compiler/api/impl/BallerinaModuleID moduleName ()Ljava/lang/String; 12 <appendix> argL0 ; # io/ballerina/compiler/api/impl/BallerinaModuleID$$Lambda+0x00000001003c62b8
instanceKlass io/ballerina/designmodelgenerator/core/CommonUtils
instanceKlass  @bci io/ballerina/artifactsgenerator/ModuleNodeTransformer transform (Lio/ballerina/compiler/syntax/tree/ListenerDeclarationNode;)Ljava/util/Optional; 52 <appendix> member <vmtarget> ; # io/ballerina/artifactsgenerator/ModuleNodeTransformer$$Lambda+0x00000001003c5e98
instanceKlass  @bci io/ballerina/artifactsgenerator/ModuleNodeTransformer transform (Lio/ballerina/compiler/syntax/tree/ListenerDeclarationNode;)Ljava/util/Optional; 38 <appendix> member <vmtarget> ; # io/ballerina/artifactsgenerator/ModuleNodeTransformer$$Lambda+0x00000001003c5c60
instanceKlass io/ballerina/artifactsgenerator/Artifact$Builder
instanceKlass  @bci io/ballerina/artifactsgenerator/ArtifactsGenerator collectArtifactsFromSyntaxTree (Lio/ballerina/compiler/syntax/tree/SyntaxTree;Lio/ballerina/compiler/api/SemanticModel;)Ljava/util/List; 70 <appendix> member <vmtarget> ; # io/ballerina/artifactsgenerator/ArtifactsGenerator$$Lambda+0x00000001003c4fa0
instanceKlass  @bci io/ballerina/artifactsgenerator/ArtifactsGenerator collectArtifactsFromSyntaxTree (Lio/ballerina/compiler/syntax/tree/SyntaxTree;Lio/ballerina/compiler/api/SemanticModel;)Ljava/util/List; 54 <appendix> argL0 ; # io/ballerina/artifactsgenerator/ArtifactsGenerator$$Lambda+0x00000001003c4b70
instanceKlass  @bci io/ballerina/artifactsgenerator/ArtifactsGenerator collectArtifactsFromSyntaxTree (Lio/ballerina/compiler/syntax/tree/SyntaxTree;Lio/ballerina/compiler/api/SemanticModel;)Ljava/util/List; 44 <appendix> member <vmtarget> ; # io/ballerina/artifactsgenerator/ArtifactsGenerator$$Lambda+0x00000001003c4938
instanceKlass  @bci io/ballerina/artifactsgenerator/ArtifactsCache getOrCreateLock (Ljava/lang/String;Ljava/lang/String;)Ljava/util/concurrent/locks/Lock; 13 <appendix> argL0 ; # io/ballerina/artifactsgenerator/ArtifactsCache$$Lambda+0x00000001003c4708
instanceKlass io/ballerina/artifactsgenerator/ArtifactsGenerator
instanceKlass io/ballerina/designmodelgenerator/extension/response/ArtifactsParams
instanceKlass org/eclipse/lsp4j/DiagnosticRelatedInformation
instanceKlass org/eclipse/lsp4j/DiagnosticCodeDescription
instanceKlass  @bci org/ballerinalang/langserver/diagnostic/DiagnosticsHelper sendDiagnostics (Lorg/ballerinalang/langserver/commons/client/ExtendedLanguageClient;Ljava/util/Map;Ljava/nio/file/Path;)V 44 <appendix> member <vmtarget> ; # org/ballerinalang/langserver/diagnostic/DiagnosticsHelper$$Lambda+0x00000001003c3300
instanceKlass  @bci org/ballerinalang/langserver/diagnostic/DiagnosticsHelper sendDiagnostics (Lorg/ballerinalang/langserver/commons/client/ExtendedLanguageClient;Ljava/util/Map;Ljava/nio/file/Path;)V 32 <appendix> member <vmtarget> ; # org/ballerinalang/langserver/diagnostic/DiagnosticsHelper$$Lambda+0x00000001003c30d8
instanceKlass  @bci org/ballerinalang/langserver/diagnostic/DiagnosticsHelper toDiagnosticsMap (Ljava/util/Collection;Ljava/nio/file/Path;Lorg/ballerinalang/langserver/commons/workspace/WorkspaceManager;)Ljava/util/Map; 147 <appendix> argL0 ; # org/ballerinalang/langserver/diagnostic/DiagnosticsHelper$$Lambda+0x00000001003c2ca8
instanceKlass  @bci io/ballerina/artifactsgenerator/ArtifactGenerationDebouncer debounce (Ljava/lang/String;Ljava/lang/Runnable;J)V 18 <appendix> member <vmtarget> ; # io/ballerina/artifactsgenerator/ArtifactGenerationDebouncer$$Lambda+0x00000001003c2a90
instanceKlass  @bci io/ballerina/artifactsgenerator/ArtifactGenerationDebouncer debounceFile (Ljava/lang/String;Ljava/lang/String;Ljava/lang/Runnable;)V 5 <appendix> argL0 ; # io/ballerina/artifactsgenerator/ArtifactGenerationDebouncer$$Lambda+0x00000001003c2440
instanceKlass org/ballerinalang/langserver/diagnostic/DiagnosticsHelper$1
instanceKlass  @bci io/ballerina/designmodelgenerator/extension/PublishArtifactsSubscriber onEvent (Lorg/ballerinalang/langserver/commons/client/ExtendedLanguageClient;Lorg/ballerinalang/langserver/commons/DocumentServiceContext;Lorg/ballerinalang/langserver/commons/LanguageServerContext;)V 176 <appendix> member <vmtarget> ; # io/ballerina/designmodelgenerator/extension/PublishArtifactsSubscriber$$Lambda+0x00000001003c2030
instanceKlass org/eclipse/lsp4j/Diagnostic
instanceKlass java/util/concurrent/Executors$DelegatedExecutorService
instanceKlass io/ballerina/artifactsgenerator/ArtifactGenerationDebouncer$Holder
instanceKlass io/ballerina/artifactsgenerator/ArtifactGenerationDebouncer
instanceKlass org/eclipse/lsp4j/Position
instanceKlass  @bci org/ballerinalang/langserver/common/utils/CommonUtil hasUnresolvedModules (Lio/ballerina/compiler/api/SemanticModel;)Z 11 <appendix> argL0 ; # org/ballerinalang/langserver/common/utils/CommonUtil$$Lambda+0x00000001003c1520
instanceKlass  @bci io/ballerina/projects/Diagnostics excludeInternal (Ljava/util/Collection;)Ljava/util/Collection; 1 <appendix> argL0 ; # io/ballerina/projects/Diagnostics$$Lambda+0x00000001003c12e0
# instanceKlass org/ballerinalang/langserver/contexts/AbstractDocumentServiceContext$$Lambda+0x00000001003c10b8
instanceKlass  @bci org/ballerinalang/langserver/contexts/AbstractDocumentServiceContext currentSemanticModel ()Ljava/util/Optional; 51 <appendix> member <vmtarget> ; # org/ballerinalang/langserver/contexts/AbstractDocumentServiceContext$$Lambda+0x00000001003c0e90
instanceKlass  @bci org/ballerinalang/langserver/diagnostic/DiagnosticsHelper getLatestDiagnostics (Lorg/ballerinalang/langserver/commons/DocumentServiceContext;)Ljava/util/Map; 119 <appendix> member <vmtarget> ; # org/ballerinalang/langserver/diagnostic/DiagnosticsHelper$$Lambda+0x00000001003c0c68
instanceKlass  @bci org/ballerinalang/langserver/workspace/BallerinaWorkspaceManager waitAndGetPackageCompilation (Ljava/nio/file/Path;Z)Ljava/util/Optional; 105 <appendix> argL0 ; # org/ballerinalang/langserver/workspace/BallerinaWorkspaceManager$$Lambda+0x00000001003c0a28
instanceKlass io/ballerina/projects/CodeAnalyzerManager$CompilationAnalysisContextIml
instanceKlass io/ballerina/compiler/api/impl/BallerinaModuleID
instanceKlass io/ballerina/compiler/api/impl/symbols/BallerinaAbsResourcePathAttachPoint
instanceKlass io/ballerina/compiler/api/symbols/AbsResourcePathAttachPoint
instanceKlass  @bci io/ballerina/stdlib/http/compiler/HttpCompilerPluginUtil diagnosticContainsErrors (Lio/ballerina/projects/plugins/SyntaxNodeAnalysisContext;)Z 18 <appendix> argL0 ; # io/ballerina/stdlib/http/compiler/HttpCompilerPluginUtil$$Lambda+0x00000001003beae0
instanceKlass  @bci io/ballerina/stdlib/http/compiler/HttpCompilerPluginUtil getServiceDeclarationNode (Lio/ballerina/compiler/syntax/tree/Node;Lio/ballerina/compiler/api/SemanticModel;)Lio/ballerina/compiler/syntax/tree/ServiceDeclarationNode; 53 <appendix> argL0 ; # io/ballerina/stdlib/http/compiler/HttpCompilerPluginUtil$$Lambda+0x00000001003be8a0
instanceKlass io/ballerina/compiler/api/symbols/ServiceDeclarationSymbol
instanceKlass io/ballerina/stdlib/http/compiler/ResourceFunction
instanceKlass io/ballerina/stdlib/http/compiler/HttpCompilerPluginUtil
instanceKlass  @bci io/ballerina/stdlib/http/compiler/HttpInterceptorServiceValidator perform (Lio/ballerina/projects/plugins/SyntaxNodeAnalysisContext;)V 18 <appendix> argL0 ; # io/ballerina/stdlib/http/compiler/HttpInterceptorServiceValidator$$Lambda+0x00000001003be660
instanceKlass io/ballerina/architecturemodelgenerator/plugin/CompilationAnalysisTask
instanceKlass  @bci org/ballerinalang/pkgsemanticanalyzer/PackageSemanticAnalyzerPlugin$PackageSemanticAnalyzer init (Lio/ballerina/projects/plugins/CodeAnalysisContext;)V 1 <appendix> argL0 ; # org/ballerinalang/pkgsemanticanalyzer/PackageSemanticAnalyzerPlugin$PackageSemanticAnalyzer$$Lambda+0x00000001003bd000
instanceKlass io/ballerina/openapi/service/mapper/diagnostic/OpenAPIMapperDiagnostic
instanceKlass io/ballerina/openapi/service/mapper/model/ServiceNode
instanceKlass io/ballerina/openapi/build/HttpServiceAnalysisTask
instanceKlass io/ballerina/projects/CodeAnalyzerManager$CompilationAnalysisTask
instanceKlass org/ballerinalang/config/schema/generator/ConfigSchemaGenTask
instanceKlass io/ballerina/stdlib/http/compiler/HttpInterceptorServiceValidator
instanceKlass io/ballerina/stdlib/http/compiler/HttpServiceValidator
instanceKlass io/ballerina/stdlib/kafka/plugin/KafkaServiceValidator
instanceKlass io/ballerina/stdlib/kafka/plugin/KafkaServiceAnalysisTask
instanceKlass io/ballerina/compiler/linter/impl/codeactions/LinterCodeAction
instanceKlass  @bci io/ballerina/stdlib/http/compiler/HttpCompilerPlugin init (Lio/ballerina/projects/plugins/CompilerPluginContext;)V 78 <appendix> member <vmtarget> ; # io/ballerina/stdlib/http/compiler/HttpCompilerPlugin$$Lambda+0x00000001003bbbc8
instanceKlass io/ballerina/stdlib/http/compiler/completion/HttpServiceBodyContextProvider
instanceKlass io/ballerina/projects/plugins/completion/CompletionProvider
instanceKlass  @bci io/ballerina/stdlib/http/compiler/HttpCompilerPlugin init (Lio/ballerina/projects/plugins/CompilerPluginContext;)V 58 <appendix> member <vmtarget> ; # io/ballerina/stdlib/http/compiler/HttpCompilerPlugin$$Lambda+0x00000001003bb760
instanceKlass io/ballerina/stdlib/http/compiler/codeaction/ImplementServiceContract
instanceKlass io/ballerina/stdlib/http/compiler/codeaction/AddInterceptorMethodCodeAction
instanceKlass io/ballerina/stdlib/http/compiler/codeaction/AddResponseCacheConfigCodeAction
instanceKlass io/ballerina/stdlib/http/compiler/codeaction/AddResponseContentTypeCodeAction
instanceKlass io/ballerina/stdlib/http/compiler/codeaction/AddResourceParameterCodeAction
instanceKlass io/ballerina/stdlib/http/compiler/codeaction/ChangeReturnTypeWithCallerCodeAction
instanceKlass io/ballerina/stdlib/http/compiler/codeaction/ChangeHeaderParamTypeCodeAction
instanceKlass io/ballerina/projects/CodeModifierManager$CodeModifierInfo
instanceKlass io/ballerina/projects/plugins/ModifierTask
instanceKlass io/ballerina/stdlib/kafka/plugin/KafkaCodeTemplateWithoutCallerParameter
instanceKlass io/ballerina/stdlib/kafka/plugin/PluginConstants
instanceKlass io/ballerina/stdlib/kafka/plugin/KafkaCodeTemplateWithCallerParameter
instanceKlass io/ballerina/projects/plugins/CodeModifier
instanceKlass io/ballerina/projects/internal/PackageDiagnostic$DiagnosticLocation
instanceKlass  @bci org/wso2/ballerinalang/compiler/semantics/analyzer/TypeParamAnalyzer findTypeParamInUnion (Lio/ballerina/tools/diagnostics/Location;Lorg/wso2/ballerinalang/compiler/semantics/model/types/BUnionType;Lorg/wso2/ballerinalang/compiler/semantics/model/types/BUnionType;Lorg/wso2/ballerinalang/compiler/semantics/model/SymbolEnv;Ljava/util/HashSet;Lorg/wso2/ballerinalang/compiler/semantics/analyzer/TypeParamAnalyzer$FindTypeParamResult;)V 83 <appendix> member <vmtarget> ; # org/wso2/ballerinalang/compiler/semantics/analyzer/TypeParamAnalyzer$$Lambda+0x00000001003b7c30
instanceKlass  @bci org/wso2/ballerinalang/compiler/semantics/analyzer/TypeParamAnalyzer findTypeParamInUnion (Lio/ballerina/tools/diagnostics/Location;Lorg/wso2/ballerinalang/compiler/semantics/model/types/BUnionType;Lorg/wso2/ballerinalang/compiler/semantics/model/types/BUnionType;Lorg/wso2/ballerinalang/compiler/semantics/model/SymbolEnv;Ljava/util/HashSet;Lorg/wso2/ballerinalang/compiler/semantics/analyzer/TypeParamAnalyzer$FindTypeParamResult;)V 45 <appendix> member <vmtarget> ; # org/wso2/ballerinalang/compiler/semantics/analyzer/TypeParamAnalyzer$$Lambda+0x00000001003b79e8
instanceKlass  @bci org/wso2/ballerinalang/compiler/semantics/analyzer/SemanticAnalyzer visit (Lorg/wso2/ballerinalang/compiler/tree/BLangResourceFunction;Lorg/wso2/ballerinalang/compiler/semantics/analyzer/SemanticAnalyzer$AnalyzerData;)V 189 <appendix> member <vmtarget> ; # org/wso2/ballerinalang/compiler/semantics/analyzer/SemanticAnalyzer$$Lambda+0x00000001003b77c0
instanceKlass  @bci org/wso2/ballerinalang/compiler/semantics/analyzer/SemanticAnalyzer visit (Lorg/wso2/ballerinalang/compiler/tree/BLangResourceFunction;Lorg/wso2/ballerinalang/compiler/semantics/analyzer/SemanticAnalyzer$AnalyzerData;)V 178 <appendix> member <vmtarget> ; # org/wso2/ballerinalang/compiler/semantics/analyzer/SemanticAnalyzer$$Lambda+0x00000001003b7578
instanceKlass java/util/ArrayList$SubList$2
instanceKlass  @bci org/wso2/ballerinalang/compiler/semantics/analyzer/CodeAnalyzer checkForExportableType (Lorg/wso2/ballerinalang/compiler/semantics/model/symbols/BTypeSymbol;Lio/ballerina/tools/diagnostics/Location;Ljava/util/HashSet;)V 247 <appendix> member <vmtarget> ; # org/wso2/ballerinalang/compiler/semantics/analyzer/CodeAnalyzer$$Lambda+0x00000001003b7350
instanceKlass org/wso2/ballerinalang/compiler/diagnostic/properties/BSymbolicProperty
instanceKlass org/wso2/ballerinalang/compiler/diagnostic/properties/BStringProperty
instanceKlass  @bci org/wso2/ballerinalang/compiler/semantics/analyzer/TypeChecker checkFunctionInvocationExpr (Lorg/wso2/ballerinalang/compiler/tree/expressions/BLangInvocation;Lorg/wso2/ballerinalang/compiler/semantics/analyzer/TypeChecker$AnalyzerData;)V 368 <appendix> member <vmtarget> ; # org/wso2/ballerinalang/compiler/semantics/analyzer/TypeChecker$$Lambda+0x00000001003b6670
instanceKlass org/wso2/ballerinalang/compiler/diagnostic/properties/BNumericProperty
instanceKlass java/text/FieldPosition$Delegate
instanceKlass java/text/Format$FieldDelegate
instanceKlass java/text/DigitList
instanceKlass  @bci sun/util/locale/provider/JRELocaleProviderAdapter getNumberFormatProvider ()Ljava/text/spi/NumberFormatProvider; 8 <appendix> member <vmtarget> ; # sun/util/locale/provider/JRELocaleProviderAdapter$$Lambda+0x000000010027d9a0
instanceKlass  @bci org/wso2/ballerinalang/compiler/semantics/analyzer/TypeChecker checkRecordLiteralKeyExpr (Lorg/wso2/ballerinalang/compiler/tree/expressions/BLangExpression;ZLorg/wso2/ballerinalang/compiler/semantics/model/types/BRecordType;Lorg/wso2/ballerinalang/compiler/semantics/analyzer/TypeChecker$AnalyzerData;)Lorg/wso2/ballerinalang/compiler/semantics/analyzer/TypeChecker$TypeSymbolPair; 59 <appendix> argL0 ; # org/wso2/ballerinalang/compiler/semantics/analyzer/TypeChecker$$Lambda+0x00000001003b6228
instanceKlass  @bci org/wso2/ballerinalang/compiler/semantics/analyzer/TypeChecker checkRecordLiteralKeyExpr (Lorg/wso2/ballerinalang/compiler/tree/expressions/BLangExpression;ZLorg/wso2/ballerinalang/compiler/semantics/model/types/BRecordType;Lorg/wso2/ballerinalang/compiler/semantics/analyzer/TypeChecker$AnalyzerData;)Lorg/wso2/ballerinalang/compiler/semantics/analyzer/TypeChecker$TypeSymbolPair; 49 <appendix> argL0 ; # org/wso2/ballerinalang/compiler/semantics/analyzer/TypeChecker$$Lambda+0x00000001003b5ff8
instanceKlass  @bci org/wso2/ballerinalang/compiler/semantics/model/types/BInvokableType isDependentlyTyped (Lorg/wso2/ballerinalang/compiler/semantics/model/types/BType;Ljava/util/Set;)Z 179 <appendix> member <vmtarget> ; # org/wso2/ballerinalang/compiler/semantics/model/types/BInvokableType$$Lambda+0x00000001003b5db0
instanceKlass io/ballerina/types/definition/StreamDefinition
instanceKlass io/ballerina/types/subtypedata/TypedescSubtype
instanceKlass org/wso2/ballerinalang/compiler/semantics/analyzer/Types$ListenerValidationModel
instanceKlass  @bci org/wso2/ballerinalang/compiler/semantics/analyzer/SymbolEnter createResourceFunction (Lorg/wso2/ballerinalang/compiler/tree/BLangFunction;Lorg/wso2/ballerinalang/compiler/semantics/model/symbols/BInvokableSymbol;Lorg/wso2/ballerinalang/compiler/semantics/model/types/BInvokableType;)Lorg/wso2/ballerinalang/compiler/semantics/model/symbols/BAttachedFunction; 45 <appendix> argL0 ; # org/wso2/ballerinalang/compiler/semantics/analyzer/SymbolEnter$$Lambda+0x00000001003b5568
instanceKlass org/wso2/ballerinalang/compiler/diagnostic/properties/NonCatProperty
instanceKlass io/ballerina/tools/diagnostics/DiagnosticInfo
instanceKlass org/wso2/ballerinalang/compiler/semantics/analyzer/TypeResolver$LocationData
instanceKlass org/wso2/ballerinalang/compiler/semantics/analyzer/SymbolEnter$LocationData
instanceKlass  @bci org/wso2/ballerinalang/compiler/parser/BLangNodeBuilder transform (Lio/ballerina/compiler/syntax/tree/ServiceDeclarationNode;)Lorg/wso2/ballerinalang/compiler/tree/BLangNode; 273 <appendix> member <vmtarget> ; # org/wso2/ballerinalang/compiler/parser/BLangNodeBuilder$$Lambda+0x00000001003b46d8
instanceKlass  @bci org/wso2/ballerinalang/compiler/parser/BLangNodeBuilder transform (Lio/ballerina/compiler/syntax/tree/ForEachStatementNode;)Lorg/wso2/ballerinalang/compiler/tree/BLangNode; 117 <appendix> member <vmtarget> ; # org/wso2/ballerinalang/compiler/parser/BLangNodeBuilder$$Lambda+0x00000001003b44b0
instanceKlass  @bci org/wso2/ballerinalang/compiler/parser/BLangNodeBuilder transform (Lio/ballerina/compiler/syntax/tree/WhileStatementNode;)Lorg/wso2/ballerinalang/compiler/tree/BLangNode; 63 <appendix> member <vmtarget> ; # org/wso2/ballerinalang/compiler/parser/BLangNodeBuilder$$Lambda+0x00000001003b4288
instanceKlass org/wso2/ballerinalang/compiler/parser/BLangNodeBuilder$SimpleVarBuilder
instanceKlass java/util/concurrent/ConcurrentLinkedDeque$Node
instanceKlass org/ballerinalang/langserver/diagnostic/DiagnosticsHelper
instanceKlass  @bci org/ballerinalang/langserver/workspace/BallerinaWorkspaceManager project (Ljava/nio/file/Path;)Ljava/util/Optional; 9 <appendix> argL0 ; # org/ballerinalang/langserver/workspace/BallerinaWorkspaceManager$$Lambda+0x00000001003a1a28
instanceKlass  @bci org/ballerinalang/langserver/eventsync/publishers/ProjectUpdateEventPublisher lambda$publish$2 (Lorg/ballerinalang/langserver/commons/client/ExtendedLanguageClient;Lorg/ballerinalang/langserver/commons/DocumentServiceContext;Lorg/ballerinalang/langserver/commons/LanguageServerContext;Ljava/lang/Boolean;)V 12 <appendix> member <vmtarget> ; # org/ballerinalang/langserver/eventsync/publishers/ProjectUpdateEventPublisher$$Lambda+0x00000001003a1800
instanceKlass  @bci org/wso2/ballerinalang/compiler/tree/BLangMarkdownDocumentation getParameterDocumentations ()Ljava/util/Map; 13 <appendix> member <vmtarget> ; # org/wso2/ballerinalang/compiler/tree/BLangMarkdownDocumentation$$Lambda+0x00000001003a3cd0
instanceKlass  @bci org/wso2/ballerinalang/compiler/semantics/analyzer/DataflowAnalyzer visit (Lorg/wso2/ballerinalang/compiler/tree/types/BLangFiniteTypeNode;)V 5 <appendix> member <vmtarget> ; # org/wso2/ballerinalang/compiler/semantics/analyzer/DataflowAnalyzer$$Lambda+0x00000001003a3aa8
instanceKlass  @bci org/wso2/ballerinalang/compiler/semantics/analyzer/CodeAnalyzer checkForExportableType (Lorg/wso2/ballerinalang/compiler/semantics/model/symbols/BTypeSymbol;Lio/ballerina/tools/diagnostics/Location;Ljava/util/HashSet;)V 165 <appendix> member <vmtarget> ; # org/wso2/ballerinalang/compiler/semantics/analyzer/CodeAnalyzer$$Lambda+0x00000001003a3880
instanceKlass  @bci org/ballerinalang/langserver/eventsync/publishers/ProjectUpdateEventPublisher publish (Lorg/ballerinalang/langserver/commons/client/ExtendedLanguageClient;Lorg/ballerinalang/langserver/commons/LanguageServerContext;Lorg/ballerinalang/langserver/commons/DocumentServiceContext;)V 67 <appendix> member <vmtarget> ; # org/ballerinalang/langserver/eventsync/publishers/ProjectUpdateEventPublisher$$Lambda+0x00000001003a3658
instanceKlass java/lang/Thread$ThreadNumbering
instanceKlass java/util/concurrent/CompletableFuture$Delayer$DaemonThreadFactory
instanceKlass java/util/concurrent/CompletableFuture$Delayer
instanceKlass java/util/concurrent/CompletableFuture$TaskSubmitter
instanceKlass  @bci org/ballerinalang/langserver/eventsync/publishers/ProjectUpdateEventPublisher publish (Lorg/ballerinalang/langserver/commons/client/ExtendedLanguageClient;Lorg/ballerinalang/langserver/commons/LanguageServerContext;Lorg/ballerinalang/langserver/commons/DocumentServiceContext;)V 43 <appendix> argL0 ; # org/ballerinalang/langserver/eventsync/publishers/ProjectUpdateEventPublisher$$Lambda+0x00000001003a3448
instanceKlass java/util/concurrent/CompletableFuture$DelayedExecutor
instanceKlass java/util/Formattable
instanceKlass org/ballerinalang/langserver/eventsync/AbstractEventPublisher
instanceKlass  @bci org/ballerinalang/langserver/eventsync/EventSyncPubSubHolder initialize (Lorg/ballerinalang/langserver/LSClientLogger;)V 98 <appendix> member <vmtarget> ; # org/ballerinalang/langserver/eventsync/EventSyncPubSubHolder$$Lambda+0x00000001003a2ad0
instanceKlass org/ballerinalang/langserver/eventsync/EventPublisher
instanceKlass io/ballerina/designmodelgenerator/extension/PublishArtifactsSubscriber
instanceKlass org/ballerinalang/langserver/eventsync/subscribers/PullModuleSubscriber
instanceKlass org/ballerinalang/langserver/eventsync/subscribers/ResolveModulesSubscriber
instanceKlass org/ballerinalang/langserver/eventsync/subscribers/ResolveCompilationErrorsSubscriber
instanceKlass  @bci org/ballerinalang/langserver/eventsync/EventSyncPubSubHolder initialize (Lorg/ballerinalang/langserver/LSClientLogger;)V 54 <appendix> argL0 ; # org/ballerinalang/langserver/eventsync/EventSyncPubSubHolder$$Lambda+0x00000001003afc48
instanceKlass org/ballerinalang/langserver/eventsync/subscribers/PublishDiagnosticSubscriber
instanceKlass org/ballerinalang/langserver/commons/eventsync/spi/EventSubscriber
instanceKlass org/ballerinalang/langserver/eventsync/EventSyncPubSubHolder
instanceKlass  @bci io/ballerina/projects/PackageResolution cloneDependencyGraphNewRoot (Lio/ballerina/projects/DependencyGraph;Lio/ballerina/projects/Package;)Lio/ballerina/projects/DependencyGraph; 105 <appendix> member <vmtarget> ; # io/ballerina/projects/PackageResolution$$Lambda+0x00000001003aefc0
instanceKlass  @bci io/ballerina/projects/Package$Modifier isOldDependencyGraphValid (Lio/ballerina/projects/Package;Lio/ballerina/projects/Package;)Z 95 <appendix> argL0 ; # io/ballerina/projects/Package$Modifier$$Lambda+0x00000001003aed90
instanceKlass  @bci io/ballerina/projects/Package$Modifier isOldDependencyGraphValid (Lio/ballerina/projects/Package;Lio/ballerina/projects/Package;)Z 69 <appendix> argL0 ; # io/ballerina/projects/Package$Modifier$$Lambda+0x00000001003aeb60
instanceKlass  @bci io/ballerina/projects/Package$Modifier isOldDependencyGraphValid (Lio/ballerina/projects/Package;Lio/ballerina/projects/Package;)Z 43 <appendix> argL0 ; # io/ballerina/projects/Package$Modifier$$Lambda+0x00000001003ae930
instanceKlass  @bci io/ballerina/projects/Package$Modifier isOldDependencyGraphValid (Lio/ballerina/projects/Package;Lio/ballerina/projects/Package;)Z 17 <appendix> argL0 ; # io/ballerina/projects/Package$Modifier$$Lambda+0x00000001003ae700
instanceKlass io/ballerina/projects/Package$Modifier
# instanceKlass java/lang/invoke/LambdaForm$MH+0x00000001003a1400
# instanceKlass java/lang/invoke/LambdaForm$MH+0x00000001003a1000
# instanceKlass java/lang/invoke/LambdaForm$MH+0x000000010038c400
# instanceKlass java/lang/invoke/LambdaForm$MH+0x000000010038c000
# instanceKlass java/lang/invoke/LambdaForm$MH+0x00000001003a0c00
instanceKlass java/io/RandomAccessFile$1
instanceKlass  @bci org/wso2/ballerinalang/compiler/semantics/analyzer/SymbolEnter visit (Lorg/wso2/ballerinalang/compiler/tree/BLangAnnotation;)V 251 <appendix> argL0 ; # org/wso2/ballerinalang/compiler/semantics/analyzer/SymbolEnter$$Lambda+0x00000001003ae210
instanceKlass  @bci org/wso2/ballerinalang/compiler/semantics/analyzer/SymbolEnter lambda$resolveIncludedFields$32 (Lorg/wso2/ballerinalang/compiler/semantics/model/SymbolEnv;Ljava/util/Set;Lorg/wso2/ballerinalang/compiler/tree/types/BLangStructureTypeNode;Ljava/util/List;Ljava/util/Map;Lorg/wso2/ballerinalang/compiler/tree/types/BLangType;)Ljava/util/stream/Stream; 563 <appendix> member <vmtarget> ; # org/wso2/ballerinalang/compiler/semantics/analyzer/SymbolEnter$$Lambda+0x00000001003adfd8
instanceKlass  @bci org/wso2/ballerinalang/compiler/semantics/analyzer/SymbolEnter lambda$resolveIncludedFields$32 (Lorg/wso2/ballerinalang/compiler/semantics/model/SymbolEnv;Ljava/util/Set;Lorg/wso2/ballerinalang/compiler/tree/types/BLangStructureTypeNode;Ljava/util/List;Ljava/util/Map;Lorg/wso2/ballerinalang/compiler/tree/types/BLangType;)Ljava/util/stream/Stream; 551 <appendix> member <vmtarget> ; # org/wso2/ballerinalang/compiler/semantics/analyzer/SymbolEnter$$Lambda+0x00000001003add90
# instanceKlass java/lang/invoke/LambdaForm$MH+0x00000001003b1000
# instanceKlass java/lang/invoke/LambdaForm$MH+0x00000001003b0c00
# instanceKlass java/lang/invoke/LambdaForm$MH+0x00000001003b0800
# instanceKlass java/lang/invoke/LambdaForm$MH+0x00000001003b0400
# instanceKlass java/lang/invoke/LambdaForm$MH+0x00000001003b0000
instanceKlass  @bci org/wso2/ballerinalang/compiler/semantics/analyzer/CompilerPluginRunner visit (Lorg/wso2/ballerinalang/compiler/tree/BLangAnnotation;)V 8 <appendix> member <vmtarget> ; # org/wso2/ballerinalang/compiler/semantics/analyzer/CompilerPluginRunner$$Lambda+0x00000001003adb68
instanceKlass  @bci org/wso2/ballerinalang/compiler/semantics/analyzer/CodeAnalyzer visit (Lorg/wso2/ballerinalang/compiler/tree/BLangAnnotation;Lorg/wso2/ballerinalang/compiler/semantics/analyzer/CodeAnalyzer$AnalyzerData;)V 6 <appendix> member <vmtarget> ; # org/wso2/ballerinalang/compiler/semantics/analyzer/CodeAnalyzer$$Lambda+0x00000001003ad940
instanceKlass  @bci org/wso2/ballerinalang/compiler/semantics/analyzer/SemanticAnalyzer visit (Lorg/wso2/ballerinalang/compiler/tree/BLangAnnotation;Lorg/wso2/ballerinalang/compiler/semantics/analyzer/SemanticAnalyzer$AnalyzerData;)V 15 <appendix> member <vmtarget> ; # org/wso2/ballerinalang/compiler/semantics/analyzer/SemanticAnalyzer$$Lambda+0x00000001003ad718
instanceKlass io/ballerina/compiler/api/symbols/EnumSymbol
instanceKlass io/ballerina/compiler/api/symbols/ConstantSymbol
instanceKlass io/ballerina/compiler/api/symbols/SingletonTypeSymbol
instanceKlass io/ballerina/compiler/api/symbols/UnionTypeSymbol
instanceKlass io/ballerina/compiler/api/impl/type/builders/BallerinaUnionTypeBuilder
instanceKlass io/ballerina/compiler/api/TypeBuilder$RECORD$RECORD_FIELD
instanceKlass io/ballerina/compiler/api/impl/type/builders/BallerinaRecordTypeBuilder
instanceKlass io/ballerina/compiler/api/TypeBuilder$OBJECT$OBJECT_FIELD
instanceKlass io/ballerina/compiler/api/TypeBuilder$OBJECT$OBJECT_METHOD
instanceKlass io/ballerina/compiler/api/impl/type/builders/BallerinaObjectTypeBuilder
instanceKlass io/ballerina/compiler/api/TypeBuilder$FUNCTION$PARAMETER_BUILDER
instanceKlass io/ballerina/compiler/api/impl/type/builders/BallerinaFunctionTypeBuilder
instanceKlass io/ballerina/compiler/api/impl/type/builders/BallerinaTableTypeBuilder
instanceKlass io/ballerina/compiler/api/impl/type/builders/BallerinaSingletonTypeBuilder
instanceKlass io/ballerina/compiler/api/impl/type/builders/BallerinaErrorTypeBuilder
instanceKlass io/ballerina/compiler/api/impl/type/builders/BallerinaArrayTypeBuilder
instanceKlass io/ballerina/compiler/api/impl/type/builders/BallerinaTupleTypeBuilder
instanceKlass io/ballerina/compiler/api/impl/type/builders/BallerinaStreamTypeBuilder
instanceKlass io/ballerina/compiler/api/impl/type/builders/BallerinaTypeDescTypeBuilder
instanceKlass io/ballerina/compiler/api/impl/type/builders/BallerinaFutureTypeBuilder
instanceKlass io/ballerina/compiler/api/impl/type/builders/BallerinaMapTypeBuilder
instanceKlass io/ballerina/compiler/api/impl/type/builders/BallerinaXMLTypeBuilder
instanceKlass io/ballerina/compiler/api/TypeBuilder$UNION
instanceKlass io/ballerina/compiler/api/TypeBuilder$RECORD
instanceKlass io/ballerina/compiler/api/TypeBuilder$OBJECT
instanceKlass io/ballerina/compiler/api/TypeBuilder$FUNCTION
instanceKlass io/ballerina/compiler/api/TypeBuilder$TABLE
instanceKlass io/ballerina/compiler/api/TypeBuilder$SINGLETON
instanceKlass io/ballerina/compiler/api/TypeBuilder$ERROR
instanceKlass io/ballerina/compiler/api/TypeBuilder$ARRAY
instanceKlass io/ballerina/compiler/api/TypeBuilder$TUPLE
instanceKlass io/ballerina/compiler/api/TypeBuilder$STREAM
instanceKlass io/ballerina/compiler/api/TypeBuilder$TYPEDESC
instanceKlass io/ballerina/compiler/api/TypeBuilder$FUTURE
instanceKlass io/ballerina/compiler/api/TypeBuilder$MAP
instanceKlass io/ballerina/compiler/api/TypeBuilder$XML
instanceKlass io/ballerina/compiler/api/symbols/RecordFieldSymbol
instanceKlass io/ballerina/compiler/api/impl/PositionUtil
instanceKlass  @bci io/ballerina/compiler/api/impl/BallerinaSemanticModel getCompilationUnit (Ljava/lang/String;)Ljava/util/Optional; 80 <appendix> member <vmtarget> ; # io/ballerina/compiler/api/impl/BallerinaSemanticModel$$Lambda+0x00000001003a58a0
instanceKlass sun/invoke/util/VerifyAccess$1
instanceKlass io/ballerina/projects/SyntaxNodeAnalysisContextImpl
instanceKlass io/ballerina/projects/plugins/SyntaxNodeAnalysisContext
instanceKlass io/ballerina/projects/SyntaxNodeAnalysisTaskRunner
instanceKlass  @bci io/ballerina/projects/CodeAnalyzerManager populateSyntaxNodeTaskMap (Ljava/util/Map;Lio/ballerina/projects/SyntaxNodeAnalysisTask;)V 33 <appendix> argL0 ; # io/ballerina/projects/CodeAnalyzerManager$$Lambda+0x00000001003a4688
instanceKlass  @bci io/ballerina/projects/CodeAnalyzerManager$CodeAnalyzerTasks addTask (Lio/ballerina/projects/CodeAnalyzerManager$CodeAnalyzerInfo;Ljava/util/Map;Ljava/lang/Object;)V 2 <appendix> argL0 ; # io/ballerina/projects/CodeAnalyzerManager$CodeAnalyzerTasks$$Lambda+0x00000001003a4458
instanceKlass io/ballerina/projects/SyntaxNodeAnalysisTask
instanceKlass io/ballerina/projects/CodeAnalyzerManager$CodeAnalysisContextImpl
instanceKlass io/ballerina/projects/CodeAnalyzerManager$CodeAnalyzerInfo
instanceKlass io/ballerina/projects/plugins/AnalysisTask
instanceKlass  @bci org/wso2/ballerinalang/compiler/semantics/analyzer/DataflowAnalyzer visit (Lorg/wso2/ballerinalang/compiler/tree/expressions/BLangStringTemplateLiteral;)V 5 <appendix> member <vmtarget> ; # org/wso2/ballerinalang/compiler/semantics/analyzer/DataflowAnalyzer$$Lambda+0x000000010039f458
instanceKlass  @bci org/wso2/ballerinalang/compiler/semantics/analyzer/DataflowAnalyzer visit (Lorg/wso2/ballerinalang/compiler/tree/expressions/BLangTypeInit;)V 5 <appendix> member <vmtarget> ; # org/wso2/ballerinalang/compiler/semantics/analyzer/DataflowAnalyzer$$Lambda+0x000000010039f230
instanceKlass  @bci org/wso2/ballerinalang/compiler/semantics/analyzer/CodeAnalyzer visit (Lorg/wso2/ballerinalang/compiler/tree/expressions/BLangTypeConversionExpr;Lorg/wso2/ballerinalang/compiler/semantics/analyzer/CodeAnalyzer$AnalyzerData;)V 15 <appendix> member <vmtarget> ; # org/wso2/ballerinalang/compiler/semantics/analyzer/CodeAnalyzer$$Lambda+0x000000010039f008
instanceKlass  @bci org/wso2/ballerinalang/compiler/semantics/analyzer/CodeAnalyzer visit (Lorg/wso2/ballerinalang/compiler/tree/expressions/BLangConstant;Lorg/wso2/ballerinalang/compiler/semantics/analyzer/CodeAnalyzer$AnalyzerData;)V 47 <appendix> member <vmtarget> ; # org/wso2/ballerinalang/compiler/semantics/analyzer/CodeAnalyzer$$Lambda+0x000000010039ede0
instanceKlass  @bci org/wso2/ballerinalang/compiler/semantics/analyzer/SemanticAnalyzer handleDeclaredWithVar (Lorg/wso2/ballerinalang/compiler/tree/BLangVariable;Lorg/wso2/ballerinalang/compiler/semantics/analyzer/SemanticAnalyzer$AnalyzerData;)V 331 <appendix> member <vmtarget> ; # org/wso2/ballerinalang/compiler/semantics/analyzer/SemanticAnalyzer$$Lambda+0x000000010039ebb8
instanceKlass  @bci java/util/stream/Collectors toSet ()Ljava/util/stream/Collector; 14 <appendix> argL0 ; # java/util/stream/Collectors$$Lambda+0x0000000100279d70
instanceKlass  @bci java/util/stream/Collectors toSet ()Ljava/util/stream/Collector; 9 <appendix> argL0 ; # java/util/stream/Collectors$$Lambda+0x0000000100279b50
instanceKlass  @bci java/util/stream/Collectors toSet ()Ljava/util/stream/Collector; 4 <appendix> argL0 ; # java/util/stream/Collectors$$Lambda+0x0000000100279940
instanceKlass  @bci org/wso2/ballerinalang/compiler/util/Unifier getExpectedTypeForInferredTypedescMember (Lorg/wso2/ballerinalang/compiler/semantics/model/types/BUnionType;Lorg/wso2/ballerinalang/compiler/semantics/model/types/BType;Lorg/wso2/ballerinalang/compiler/semantics/model/types/BType;)Lorg/wso2/ballerinalang/compiler/semantics/model/types/BType; 251 <appendix> member <vmtarget> ; # org/wso2/ballerinalang/compiler/util/Unifier$$Lambda+0x000000010039e970
instanceKlass io/ballerina/types/EnumerableDecimal
instanceKlass  @bci io/ballerina/types/typeops/ObjectOps objectBddIsEmpty (Lio/ballerina/types/Context;Lio/ballerina/types/Bdd;)Z 4 <appendix> argL0 ; # io/ballerina/types/typeops/ObjectOps$$Lambda+0x000000010039df58
instanceKlass  @bci org/wso2/ballerinalang/compiler/semantics/model/types/BObjectType semTypeInner ()Lio/ballerina/types/SemType; 207 <appendix> member <vmtarget> ; # org/wso2/ballerinalang/compiler/semantics/model/types/BObjectType$$Lambda+0x000000010039dd30
instanceKlass  @bci org/wso2/ballerinalang/compiler/semantics/analyzer/TypeChecker visit (Lorg/wso2/ballerinalang/compiler/tree/expressions/BLangSimpleVarRef;Lorg/wso2/ballerinalang/compiler/semantics/analyzer/TypeChecker$AnalyzerData;)V 646 <appendix> member <vmtarget> ; # org/wso2/ballerinalang/compiler/semantics/analyzer/TypeChecker$$Lambda+0x000000010039dae8
instanceKlass  @bci org/wso2/ballerinalang/compiler/semantics/analyzer/TypeChecker getFiniteTypeWithValuesOfSingleType (Lorg/wso2/ballerinalang/compiler/semantics/model/types/BUnionType;Lorg/wso2/ballerinalang/compiler/semantics/model/types/BType;)Lorg/wso2/ballerinalang/compiler/semantics/model/types/BType; 70 <appendix> argL0 ; # org/wso2/ballerinalang/compiler/semantics/analyzer/TypeChecker$$Lambda+0x000000010039d8b8
instanceKlass  @bci org/wso2/ballerinalang/compiler/semantics/analyzer/TypeChecker getFiniteTypeWithValuesOfSingleType (Lorg/wso2/ballerinalang/compiler/semantics/model/types/BUnionType;Lorg/wso2/ballerinalang/compiler/semantics/model/types/BType;)Lorg/wso2/ballerinalang/compiler/semantics/model/types/BType; 60 <appendix> argL0 ; # org/wso2/ballerinalang/compiler/semantics/analyzer/TypeChecker$$Lambda+0x000000010039d678
instanceKlass org/wso2/ballerinalang/compiler/semantics/analyzer/ConstantAnalyzer$1
instanceKlass  @bci org/wso2/ballerinalang/compiler/semantics/analyzer/SemanticAnalyzer visit (Lorg/wso2/ballerinalang/compiler/tree/expressions/BLangConstant;Lorg/wso2/ballerinalang/compiler/semantics/analyzer/SemanticAnalyzer$AnalyzerData;)V 147 <appendix> member <vmtarget> ; # org/wso2/ballerinalang/compiler/semantics/analyzer/SemanticAnalyzer$$Lambda+0x000000010039d258
instanceKlass io/ballerina/types/Value
instanceKlass org/wso2/ballerinalang/compiler/semantics/analyzer/ConstantTypeChecker$1
instanceKlass org/wso2/ballerinalang/compiler/semantics/analyzer/ConstantTypeChecker$AnalyzerData
instanceKlass org/wso2/ballerinalang/compiler/util/NumericLiteralSupport
instanceKlass  @bci io/ballerina/projects/internal/ResolutionEngine addNodeToGraph (Lio/ballerina/projects/environment/PackageMetadataResponse;)V 51 <appendix> member <vmtarget> ; # io/ballerina/projects/internal/ResolutionEngine$$Lambda+0x000000010039c850
# instanceKlass java/lang/invoke/LambdaForm$DMH+0x00000001003a0800
# instanceKlass java/lang/invoke/LambdaForm$MH+0x00000001003a0400
# instanceKlass java/lang/invoke/LambdaForm$MH+0x00000001003a0000
instanceKlass org/wso2/ballerinalang/compiler/semantics/analyzer/SymbolResolver$ParameterizedTypeInfo
instanceKlass  @bci io/ballerina/projects/util/ProjectUtils getVersionsInCompatibleRange (Lio/ballerina/projects/SemanticVersion;Ljava/util/List;Lio/ballerina/projects/util/ProjectUtils$CompatibleRange;)Ljava/util/List; 62 <appendix> member <vmtarget> ; # io/ballerina/projects/util/ProjectUtils$$Lambda+0x000000010039c408
instanceKlass  @bci io/ballerina/projects/internal/PackageDependencyGraphBuilder getUnresolvedNodes ()Ljava/util/Collection; 18 <appendix> member <vmtarget> ; # io/ballerina/projects/internal/PackageDependencyGraphBuilder$$Lambda+0x000000010039c1d0
instanceKlass io/ballerina/compiler/api/symbols/TableTypeSymbol
instanceKlass org/ballerinalang/langserver/common/utils/SymbolUtil$1
instanceKlass org/ballerinalang/langserver/common/utils/SymbolUtil
instanceKlass  @bci org/ballerinalang/langserver/LSPackageLoader$ModuleInfo addServiceTemplateMetaData ()V 109 <appendix> member <vmtarget> ; # org/ballerinalang/langserver/LSPackageLoader$ModuleInfo$$Lambda+0x000000010039b2f8
instanceKlass  @bci org/ballerinalang/langserver/completions/providers/context/util/ServiceTemplateGenerator listenerPredicate ()Ljava/util/function/Predicate; 0 <appendix> argL0 ; # org/ballerinalang/langserver/completions/providers/context/util/ServiceTemplateGenerator$$Lambda+0x000000010039b0b8
instanceKlass org/ballerinalang/langserver/commons/completion/LSCompletionItem
instanceKlass org/ballerinalang/langserver/commons/CompletionContext
instanceKlass org/ballerinalang/langserver/completions/providers/context/util/ServiceTemplateGenerator
instanceKlass io/ballerina/compiler/api/symbols/IntersectionTypeSymbol
instanceKlass io/ballerina/compiler/api/symbols/VariableSymbol
instanceKlass io/ballerina/compiler/api/impl/values/BallerinaConstantValue
instanceKlass  @bci io/ballerina/compiler/api/impl/SymbolFactory createConstantValue (Lorg/wso2/ballerinalang/compiler/tree/BLangConstantValue;)Lio/ballerina/compiler/api/impl/values/BallerinaConstantValue; 57 <appendix> member <vmtarget> ; # io/ballerina/compiler/api/impl/SymbolFactory$$Lambda+0x00000001003999d0
instanceKlass io/ballerina/compiler/api/symbols/ExternalFunctionSymbol
instanceKlass io/ballerina/compiler/api/symbols/MethodSymbol
instanceKlass io/ballerina/compiler/api/symbols/ClassSymbol
instanceKlass io/ballerina/compiler/api/impl/symbols/BallerinaDocumentation
instanceKlass io/ballerina/compiler/api/symbols/Documentation
instanceKlass io/ballerina/compiler/api/symbols/RecordTypeSymbol
instanceKlass io/ballerina/compiler/api/symbols/TypeDefinitionSymbol
instanceKlass io/ballerina/compiler/api/impl/symbols/BallerinaSymbol
instanceKlass io/ballerina/compiler/api/impl/symbols/BallerinaSymbol$SymbolBuilder
instanceKlass io/ballerina/compiler/api/symbols/TypeReferenceTypeSymbol
instanceKlass io/ballerina/compiler/api/symbols/CompilationErrorTypeSymbol
instanceKlass io/ballerina/compiler/api/symbols/ByteTypeSymbol
instanceKlass io/ballerina/compiler/api/symbols/JSONTypeSymbol
instanceKlass io/ballerina/compiler/api/symbols/ReadonlyTypeSymbol
instanceKlass io/ballerina/compiler/api/symbols/NeverTypeSymbol
instanceKlass io/ballerina/compiler/api/symbols/AnydataTypeSymbol
instanceKlass io/ballerina/compiler/api/symbols/AnyTypeSymbol
instanceKlass io/ballerina/compiler/api/symbols/StreamTypeSymbol
instanceKlass io/ballerina/compiler/api/symbols/HandleTypeSymbol
instanceKlass io/ballerina/compiler/api/symbols/TypeDescTypeSymbol
instanceKlass io/ballerina/compiler/api/symbols/FutureTypeSymbol
instanceKlass io/ballerina/compiler/api/symbols/ModuleSymbol
instanceKlass io/ballerina/compiler/api/symbols/ErrorTypeSymbol
instanceKlass io/ballerina/compiler/api/symbols/NilTypeSymbol
instanceKlass io/ballerina/compiler/api/symbols/StringTypeSymbol
instanceKlass io/ballerina/compiler/api/symbols/DecimalTypeSymbol
instanceKlass io/ballerina/compiler/api/symbols/FloatTypeSymbol
instanceKlass io/ballerina/compiler/api/impl/symbols/AbstractTypeSymbol
instanceKlass io/ballerina/compiler/api/symbols/BooleanTypeSymbol
instanceKlass io/ballerina/compiler/api/impl/symbols/TypesFactory$1
instanceKlass io/ballerina/compiler/api/TypeBuilder
instanceKlass io/ballerina/compiler/api/Types
instanceKlass io/ballerina/compiler/api/impl/BallerinaSemanticModel
instanceKlass org/ballerinalang/langserver/codeaction/CodeActionModuleId
instanceKlass io/ballerina/projects/CodeAnalyzerManager$CodeAnalyzerTasks
instanceKlass io/ballerina/projects/plugins/CodeAnalysisContext
instanceKlass io/ballerina/projects/plugins/CompilationAnalysisContext
instanceKlass io/ballerina/projects/CodeAnalyzerManager
instanceKlass io/ballerina/projects/CompilerPluginContextIml
instanceKlass  @bci java/io/FilePermissionCollection add (Ljava/security/Permission;)V 68 <appendix> argL0 ; # java/io/FilePermissionCollection$$Lambda+0x0000000100279720
instanceKlass java/io/FilePermission$1
instanceKlass jdk/internal/access/JavaIOFilePermissionAccess
instanceKlass java/net/URLClassLoader$1
instanceKlass  @bci io/ballerina/projects/internal/plugins/CompilerPlugins createClassLoader (Ljava/util/List;)Ljava/lang/ClassLoader; 1 <appendix> member <vmtarget> ; # io/ballerina/projects/internal/plugins/CompilerPlugins$$Lambda+0x000000010038a238
instanceKlass  @bci io/ballerina/projects/CompilerPluginManager loadCompilerPlugin (Lio/ballerina/projects/internal/model/CompilerPluginDescriptor;Lio/ballerina/projects/PackageManifest;)Lio/ballerina/projects/CompilerPluginInfo; 17 <appendix> argL0 ; # io/ballerina/projects/CompilerPluginManager$$Lambda+0x000000010038a008
instanceKlass  @bci org/wso2/ballerinalang/compiler/semantics/analyzer/CompilerPluginRunner visit (Lorg/wso2/ballerinalang/compiler/tree/BLangPackage;)V 216 <appendix> member <vmtarget> ; # org/wso2/ballerinalang/compiler/semantics/analyzer/CompilerPluginRunner$$Lambda+0x0000000100389de0
instanceKlass  @bci org/wso2/ballerinalang/compiler/semantics/analyzer/CompilerPluginRunner visit (Lorg/wso2/ballerinalang/compiler/tree/BLangPackage;)V 164 <appendix> member <vmtarget> ; # org/wso2/ballerinalang/compiler/semantics/analyzer/CompilerPluginRunner$$Lambda+0x0000000100389bb8
instanceKlass  @bci org/wso2/ballerinalang/compiler/semantics/analyzer/CompilerPluginRunner visit (Lorg/wso2/ballerinalang/compiler/tree/BLangSimpleVariable;)V 8 <appendix> member <vmtarget> ; # org/wso2/ballerinalang/compiler/semantics/analyzer/CompilerPluginRunner$$Lambda+0x0000000100389990
instanceKlass  @bci org/wso2/ballerinalang/compiler/semantics/analyzer/CompilerPluginRunner visit (Lorg/wso2/ballerinalang/compiler/tree/BLangClassDefinition;)V 16 <appendix> member <vmtarget> ; # org/wso2/ballerinalang/compiler/semantics/analyzer/CompilerPluginRunner$$Lambda+0x0000000100389768
instanceKlass  @bci org/wso2/ballerinalang/compiler/semantics/analyzer/CompilerPluginRunner visit (Lorg/wso2/ballerinalang/compiler/tree/BLangFunction;)V 8 <appendix> member <vmtarget> ; # org/wso2/ballerinalang/compiler/semantics/analyzer/CompilerPluginRunner$$Lambda+0x0000000100389540
instanceKlass  @bci org/wso2/ballerinalang/compiler/semantics/analyzer/CompilerPluginRunner visit (Lorg/wso2/ballerinalang/compiler/tree/BLangTypeDefinition;)V 8 <appendix> member <vmtarget> ; # org/wso2/ballerinalang/compiler/semantics/analyzer/CompilerPluginRunner$$Lambda+0x0000000100389318
instanceKlass  @bci org/wso2/ballerinalang/compiler/semantics/analyzer/CompilerPluginRunner visit (Lorg/wso2/ballerinalang/compiler/tree/BLangPackage;)V 108 <appendix> member <vmtarget> ; # org/wso2/ballerinalang/compiler/semantics/analyzer/CompilerPluginRunner$$Lambda+0x00000001003890f0
instanceKlass  @bci org/wso2/ballerinalang/compiler/semantics/analyzer/CompilerPluginRunner visit (Lorg/wso2/ballerinalang/compiler/tree/BLangPackage;)V 58 <appendix> member <vmtarget> ; # org/wso2/ballerinalang/compiler/semantics/analyzer/CompilerPluginRunner$$Lambda+0x0000000100388ec8
instanceKlass org/ballerinalang/compiler/plugins/SupportedResourceParamTypes
instanceKlass  @bci org/wso2/ballerinalang/compiler/semantics/analyzer/CompilerPluginRunner handleAnnotationProcesses (Lorg/ballerinalang/compiler/plugins/CompilerPlugin;)V 71 <appendix> member <vmtarget> ; # org/wso2/ballerinalang/compiler/semantics/analyzer/CompilerPluginRunner$$Lambda+0x0000000100388ab0
instanceKlass org/ballerinalang/compiler/plugins/SupportedAnnotationPackages
instanceKlass  @bci org/wso2/ballerinalang/compiler/semantics/analyzer/CompilerPluginRunner loadPlugins ()V 5 <appendix> member <vmtarget> ; # org/wso2/ballerinalang/compiler/semantics/analyzer/CompilerPluginRunner$$Lambda+0x0000000100388450
instanceKlass  @bci org/wso2/ballerinalang/compiler/semantics/analyzer/DocumentationAnalyzer visit (Lorg/wso2/ballerinalang/compiler/tree/BLangPackage;Lorg/wso2/ballerinalang/compiler/semantics/analyzer/DocumentationAnalyzer$AnalyzerData;)V 69 <appendix> member <vmtarget> ; # org/wso2/ballerinalang/compiler/semantics/analyzer/DocumentationAnalyzer$$Lambda+0x0000000100388228
instanceKlass  @bci org/wso2/ballerinalang/compiler/semantics/analyzer/DocumentationAnalyzer visit (Lorg/wso2/ballerinalang/compiler/tree/BLangTypeDefinition;Lorg/wso2/ballerinalang/compiler/semantics/analyzer/DocumentationAnalyzer$AnalyzerData;)V 63 <appendix> member <vmtarget> ; # org/wso2/ballerinalang/compiler/semantics/analyzer/DocumentationAnalyzer$$Lambda+0x0000000100388000
instanceKlass  @bci org/wso2/ballerinalang/compiler/semantics/analyzer/DocumentationAnalyzer visit (Lorg/wso2/ballerinalang/compiler/tree/BLangClassDefinition;Lorg/wso2/ballerinalang/compiler/semantics/analyzer/DocumentationAnalyzer$AnalyzerData;)V 106 <appendix> member <vmtarget> ; # org/wso2/ballerinalang/compiler/semantics/analyzer/DocumentationAnalyzer$$Lambda+0x0000000100387d50
instanceKlass  @bci org/wso2/ballerinalang/compiler/semantics/analyzer/DocumentationAnalyzer validateDeprecatedParameters (Lorg/ballerinalang/model/tree/DocumentableNode;Ljava/util/List;Lorg/wso2/ballerinalang/compiler/tree/BLangSimpleVariable;)V 110 <appendix> member <vmtarget> ; # org/wso2/ballerinalang/compiler/semantics/analyzer/DocumentationAnalyzer$$Lambda+0x0000000100387b28
instanceKlass  @bci org/wso2/ballerinalang/compiler/semantics/analyzer/DocumentationAnalyzer validateParameters (Lorg/ballerinalang/model/tree/DocumentableNode;Ljava/util/List;Lorg/wso2/ballerinalang/compiler/tree/BLangSimpleVariable;Lio/ballerina/tools/diagnostics/DiagnosticCode;Lio/ballerina/tools/diagnostics/DiagnosticCode;Lio/ballerina/tools/diagnostics/DiagnosticCode;)V 134 <appendix> member <vmtarget> ; # org/wso2/ballerinalang/compiler/semantics/analyzer/DocumentationAnalyzer$$Lambda+0x0000000100387900
instanceKlass  @bci org/wso2/ballerinalang/compiler/semantics/analyzer/DocumentationAnalyzer validateParameters (Lorg/ballerinalang/model/tree/DocumentableNode;Ljava/util/List;Lorg/wso2/ballerinalang/compiler/tree/BLangSimpleVariable;Lio/ballerina/tools/diagnostics/DiagnosticCode;Lio/ballerina/tools/diagnostics/DiagnosticCode;Lio/ballerina/tools/diagnostics/DiagnosticCode;)V 43 <appendix> member <vmtarget> ; # org/wso2/ballerinalang/compiler/semantics/analyzer/DocumentationAnalyzer$$Lambda+0x00000001003876d8
instanceKlass  @bci org/wso2/ballerinalang/compiler/semantics/analyzer/DocumentationAnalyzer visit (Lorg/wso2/ballerinalang/compiler/tree/BLangPackage;Lorg/wso2/ballerinalang/compiler/semantics/analyzer/DocumentationAnalyzer$AnalyzerData;)V 40 <appendix> member <vmtarget> ; # org/wso2/ballerinalang/compiler/semantics/analyzer/DocumentationAnalyzer$$Lambda+0x0000000100387068
instanceKlass org/wso2/ballerinalang/compiler/semantics/analyzer/DocumentationAnalyzer$AnalyzerData
instanceKlass org/wso2/ballerinalang/compiler/semantics/analyzer/IsolationAnalyzer$IsolationInferenceInfo
instanceKlass  @bci org/wso2/ballerinalang/compiler/tree/types/BLangTupleTypeNode getMemberTypeNodes ()Ljava/util/List; 13 <appendix> member <vmtarget> ; # org/wso2/ballerinalang/compiler/tree/types/BLangTupleTypeNode$$Lambda+0x0000000100385ce8
instanceKlass  @bci org/wso2/ballerinalang/compiler/semantics/analyzer/cyclefind/GlobalVariableRefAnalyzer analyzeDependenciesRecursively (Lorg/wso2/ballerinalang/compiler/semantics/analyzer/cyclefind/GlobalVariableRefAnalyzer$NodeInfo;Ljava/util/Set;)Ljava/util/Set; 228 <appendix> argL0 ; # org/wso2/ballerinalang/compiler/semantics/analyzer/cyclefind/GlobalVariableRefAnalyzer$$Lambda+0x0000000100385ab8
instanceKlass  @bci org/wso2/ballerinalang/compiler/semantics/analyzer/cyclefind/GlobalVariableRefAnalyzer analyzeDependenciesRecursively (Lorg/wso2/ballerinalang/compiler/semantics/analyzer/cyclefind/GlobalVariableRefAnalyzer$NodeInfo;Ljava/util/Set;)Ljava/util/Set; 131 <appendix> member <vmtarget> ; # org/wso2/ballerinalang/compiler/semantics/analyzer/cyclefind/GlobalVariableRefAnalyzer$$Lambda+0x0000000100385880
instanceKlass  @bci org/wso2/ballerinalang/compiler/semantics/analyzer/cyclefind/GlobalVariableRefAnalyzer populateFunctionDependencies (Ljava/util/Map;Ljava/util/List;)V 82 <appendix> argL0 ; # org/wso2/ballerinalang/compiler/semantics/analyzer/cyclefind/GlobalVariableRefAnalyzer$$Lambda+0x0000000100385670
instanceKlass  @bci org/wso2/ballerinalang/compiler/semantics/analyzer/cyclefind/GlobalVariableRefAnalyzer populateFunctionDependencies (Ljava/util/Map;Ljava/util/List;)V 72 <appendix> argL0 ; # org/wso2/ballerinalang/compiler/semantics/analyzer/cyclefind/GlobalVariableRefAnalyzer$$Lambda+0x0000000100385440
instanceKlass  @bci org/wso2/ballerinalang/compiler/semantics/analyzer/cyclefind/GlobalVariableRefAnalyzer projectSortToTopLevelNodesList ()V 209 <appendix> argL0 ; # org/wso2/ballerinalang/compiler/semantics/analyzer/cyclefind/GlobalVariableRefAnalyzer$$Lambda+0x0000000100385230
instanceKlass  @bci org/wso2/ballerinalang/compiler/semantics/analyzer/cyclefind/GlobalVariableRefAnalyzer projectSortToTopLevelNodesList ()V 67 <appendix> argL0 ; # org/wso2/ballerinalang/compiler/semantics/analyzer/cyclefind/GlobalVariableRefAnalyzer$$Lambda+0x0000000100385020
instanceKlass  @bci org/wso2/ballerinalang/compiler/semantics/analyzer/cyclefind/GlobalVariableRefAnalyzer projectSortToGlobalVarsList (Ljava/util/Set;)V 54 <appendix> member <vmtarget> ; # org/wso2/ballerinalang/compiler/semantics/analyzer/cyclefind/GlobalVariableRefAnalyzer$$Lambda+0x0000000100384de8
instanceKlass  @bci org/wso2/ballerinalang/compiler/semantics/analyzer/cyclefind/GlobalVariableRefAnalyzer projectSortToGlobalVarsList (Ljava/util/Set;)V 38 <appendix> member <vmtarget> ; # org/wso2/ballerinalang/compiler/semantics/analyzer/cyclefind/GlobalVariableRefAnalyzer$$Lambda+0x0000000100384ba0
instanceKlass  @bci org/wso2/ballerinalang/compiler/semantics/analyzer/cyclefind/GlobalVariableRefAnalyzer projectSortToGlobalVarsList (Ljava/util/Set;)V 16 <appendix> member <vmtarget> ; # org/wso2/ballerinalang/compiler/semantics/analyzer/cyclefind/GlobalVariableRefAnalyzer$$Lambda+0x0000000100384978
instanceKlass  @bci org/wso2/ballerinalang/compiler/semantics/analyzer/cyclefind/GlobalVariableRefAnalyzer sortConstants (Ljava/util/Set;)V 62 <appendix> member <vmtarget> ; # org/wso2/ballerinalang/compiler/semantics/analyzer/cyclefind/GlobalVariableRefAnalyzer$$Lambda+0x0000000100384740
instanceKlass  @bci org/wso2/ballerinalang/compiler/semantics/analyzer/cyclefind/GlobalVariableRefAnalyzer sortConstants (Ljava/util/Set;)V 46 <appendix> member <vmtarget> ; # org/wso2/ballerinalang/compiler/semantics/analyzer/cyclefind/GlobalVariableRefAnalyzer$$Lambda+0x00000001003844f8
instanceKlass  @bci org/wso2/ballerinalang/compiler/semantics/analyzer/cyclefind/GlobalVariableRefAnalyzer sortConstants (Ljava/util/Set;)V 17 <appendix> argL0 ; # org/wso2/ballerinalang/compiler/semantics/analyzer/cyclefind/GlobalVariableRefAnalyzer$$Lambda+0x00000001003842c8
instanceKlass  @bci org/wso2/ballerinalang/compiler/semantics/analyzer/cyclefind/GlobalVariableRefAnalyzer sortConstants (Ljava/util/Set;)V 12 <appendix> argL0 ; # org/wso2/ballerinalang/compiler/semantics/analyzer/cyclefind/GlobalVariableRefAnalyzer$$Lambda+0x0000000100384098
instanceKlass  @bci org/wso2/ballerinalang/compiler/semantics/analyzer/cyclefind/GlobalVariableRefAnalyzer analyzeProvidersRecursively (Lorg/wso2/ballerinalang/compiler/semantics/analyzer/cyclefind/GlobalVariableRefAnalyzer$NodeInfo;)I 100 <appendix> member <vmtarget> ; # org/wso2/ballerinalang/compiler/semantics/analyzer/cyclefind/GlobalVariableRefAnalyzer$$Lambda+0x0000000100383e60
instanceKlass  @bci org/wso2/ballerinalang/compiler/semantics/analyzer/cyclefind/GlobalVariableRefAnalyzer analyzeDependenciesStartingFrom (Lorg/wso2/ballerinalang/compiler/semantics/model/symbols/BSymbol;)Ljava/util/List; 72 <appendix> argL0 ; # org/wso2/ballerinalang/compiler/semantics/analyzer/cyclefind/GlobalVariableRefAnalyzer$$Lambda+0x0000000100383c30
instanceKlass org/wso2/ballerinalang/compiler/semantics/analyzer/cyclefind/GlobalVariableRefAnalyzer$NodeInfo
instanceKlass  @bci org/wso2/ballerinalang/compiler/semantics/analyzer/DataflowAnalyzer visit (Lorg/wso2/ballerinalang/compiler/tree/BLangPackage;)V 198 <appendix> member <vmtarget> ; # org/wso2/ballerinalang/compiler/semantics/analyzer/DataflowAnalyzer$$Lambda+0x0000000100383808
instanceKlass  @bci org/wso2/ballerinalang/compiler/semantics/analyzer/DataflowAnalyzer visit (Lorg/wso2/ballerinalang/compiler/tree/BLangClassDefinition;)V 470 <appendix> member <vmtarget> ; # org/wso2/ballerinalang/compiler/semantics/analyzer/DataflowAnalyzer$$Lambda+0x00000001003835e0
instanceKlass  @bci org/wso2/ballerinalang/compiler/semantics/analyzer/DataflowAnalyzer visit (Lorg/wso2/ballerinalang/compiler/tree/BLangClassDefinition;)V 459 <appendix> argL0 ; # org/wso2/ballerinalang/compiler/semantics/analyzer/DataflowAnalyzer$$Lambda+0x00000001003833a0
instanceKlass  @bci org/wso2/ballerinalang/compiler/semantics/analyzer/DataflowAnalyzer visit (Lorg/wso2/ballerinalang/compiler/tree/BLangClassDefinition;)V 449 <appendix> member <vmtarget> ; # org/wso2/ballerinalang/compiler/semantics/analyzer/DataflowAnalyzer$$Lambda+0x0000000100383168
instanceKlass org/wso2/ballerinalang/compiler/semantics/analyzer/DataflowAnalyzer$1
instanceKlass  @bci org/wso2/ballerinalang/compiler/semantics/analyzer/DataflowAnalyzer visit (Lorg/wso2/ballerinalang/compiler/tree/BLangClassDefinition;)V 209 <appendix> member <vmtarget> ; # org/wso2/ballerinalang/compiler/semantics/analyzer/DataflowAnalyzer$$Lambda+0x0000000100382d48
instanceKlass  @bci org/wso2/ballerinalang/compiler/semantics/analyzer/DataflowAnalyzer visit (Lorg/wso2/ballerinalang/compiler/tree/BLangClassDefinition;)V 192 <appendix> member <vmtarget> ; # org/wso2/ballerinalang/compiler/semantics/analyzer/DataflowAnalyzer$$Lambda+0x0000000100382b20
instanceKlass  @bci org/wso2/ballerinalang/compiler/semantics/analyzer/DataflowAnalyzer mergeUninitializedVars (Ljava/util/Map;Ljava/util/Map;)Ljava/util/Map; 68 <appendix> argL0 ; # org/wso2/ballerinalang/compiler/semantics/analyzer/DataflowAnalyzer$$Lambda+0x0000000100382910
instanceKlass  @bci org/wso2/ballerinalang/compiler/semantics/analyzer/DataflowAnalyzer mergeUninitializedVars (Ljava/util/Map;Ljava/util/Map;)Ljava/util/Map; 63 <appendix> argL0 ; # org/wso2/ballerinalang/compiler/semantics/analyzer/DataflowAnalyzer$$Lambda+0x00000001003826d8
instanceKlass  @bci org/wso2/ballerinalang/compiler/semantics/analyzer/DataflowAnalyzer mergeUninitializedVars (Ljava/util/Map;Ljava/util/Map;)Ljava/util/Map; 58 <appendix> member <vmtarget> ; # org/wso2/ballerinalang/compiler/semantics/analyzer/DataflowAnalyzer$$Lambda+0x00000001003824a0
instanceKlass  @bci org/wso2/ballerinalang/compiler/semantics/analyzer/DataflowAnalyzer mergeUninitializedVars (Ljava/util/Map;Ljava/util/Map;)Ljava/util/Map; 52 <appendix> argL0 ; # org/wso2/ballerinalang/compiler/semantics/analyzer/DataflowAnalyzer$$Lambda+0x0000000100382038
instanceKlass org/wso2/ballerinalang/compiler/semantics/analyzer/DataflowAnalyzer$BranchResult
instanceKlass  @bci org/wso2/ballerinalang/compiler/semantics/analyzer/DataflowAnalyzer visit (Lorg/wso2/ballerinalang/compiler/tree/statements/BLangBlockStmt;)V 15 <appendix> member <vmtarget> ; # org/wso2/ballerinalang/compiler/semantics/analyzer/DataflowAnalyzer$$Lambda+0x0000000100381c10
instanceKlass  @bci org/wso2/ballerinalang/compiler/semantics/analyzer/DataflowAnalyzer visit (Lorg/wso2/ballerinalang/compiler/tree/types/BLangUnionTypeNode;)V 5 <appendix> member <vmtarget> ; # org/wso2/ballerinalang/compiler/semantics/analyzer/DataflowAnalyzer$$Lambda+0x00000001003819e8
instanceKlass  @bci org/wso2/ballerinalang/compiler/semantics/analyzer/DataflowAnalyzer visit (Lorg/wso2/ballerinalang/compiler/tree/BLangFunction;)V 66 <appendix> member <vmtarget> ; # org/wso2/ballerinalang/compiler/semantics/analyzer/DataflowAnalyzer$$Lambda+0x00000001003817c0
instanceKlass  @bci org/wso2/ballerinalang/compiler/semantics/analyzer/DataflowAnalyzer visit (Lorg/wso2/ballerinalang/compiler/tree/BLangFunction;)V 50 <appendix> member <vmtarget> ; # org/wso2/ballerinalang/compiler/semantics/analyzer/DataflowAnalyzer$$Lambda+0x0000000100381598
instanceKlass  @bci org/wso2/ballerinalang/compiler/semantics/analyzer/DataflowAnalyzer visit (Lorg/wso2/ballerinalang/compiler/tree/expressions/BLangInvocation;)V 135 <appendix> member <vmtarget> ; # org/wso2/ballerinalang/compiler/semantics/analyzer/DataflowAnalyzer$$Lambda+0x0000000100381370
instanceKlass  @bci org/wso2/ballerinalang/compiler/semantics/analyzer/DataflowAnalyzer visit (Lorg/wso2/ballerinalang/compiler/tree/expressions/BLangInvocation;)V 120 <appendix> member <vmtarget> ; # org/wso2/ballerinalang/compiler/semantics/analyzer/DataflowAnalyzer$$Lambda+0x0000000100381148
instanceKlass  @bci org/wso2/ballerinalang/compiler/semantics/analyzer/DataflowAnalyzer createKeyArray (Lorg/wso2/ballerinalang/compiler/tree/expressions/BLangRecordLiteral;Ljava/util/List;)Ljava/util/List; 136 <appendix> member <vmtarget> ; # org/wso2/ballerinalang/compiler/semantics/analyzer/DataflowAnalyzer$$Lambda+0x0000000100380f10
instanceKlass  @bci org/wso2/ballerinalang/compiler/semantics/analyzer/DataflowAnalyzer visit (Lorg/wso2/ballerinalang/compiler/tree/expressions/BLangTableConstructorExpr;)V 5 <appendix> member <vmtarget> ; # org/wso2/ballerinalang/compiler/semantics/analyzer/DataflowAnalyzer$$Lambda+0x0000000100380ce8
instanceKlass  @bci org/wso2/ballerinalang/compiler/semantics/analyzer/DataflowAnalyzer addFunctionToGlobalVarDependency (Lorg/wso2/ballerinalang/compiler/semantics/model/symbols/BSymbol;Lorg/wso2/ballerinalang/compiler/semantics/model/symbols/BSymbol;)V 41 <appendix> argL0 ; # org/wso2/ballerinalang/compiler/semantics/analyzer/DataflowAnalyzer$$Lambda+0x0000000100380ab8
instanceKlass  @bci org/wso2/ballerinalang/compiler/semantics/analyzer/DataflowAnalyzer addDependency (Lorg/wso2/ballerinalang/compiler/semantics/model/symbols/BSymbol;Lorg/wso2/ballerinalang/compiler/semantics/model/symbols/BSymbol;)V 25 <appendix> argL0 ; # org/wso2/ballerinalang/compiler/semantics/analyzer/DataflowAnalyzer$$Lambda+0x0000000100380888
instanceKlass  @bci org/wso2/ballerinalang/compiler/semantics/analyzer/DataflowAnalyzer addNodesToSortedNodeList (Lorg/wso2/ballerinalang/compiler/tree/BLangPackage;Ljava/util/List;)V 5 <appendix> member <vmtarget> ; # org/wso2/ballerinalang/compiler/semantics/analyzer/DataflowAnalyzer$$Lambda+0x0000000100380660
instanceKlass  @bci org/wso2/ballerinalang/compiler/semantics/analyzer/CodeAnalyzer visit (Lorg/wso2/ballerinalang/compiler/tree/BLangPackage;Lorg/wso2/ballerinalang/compiler/semantics/analyzer/CodeAnalyzer$AnalyzerData;)V 67 <appendix> member <vmtarget> ; # org/wso2/ballerinalang/compiler/semantics/analyzer/CodeAnalyzer$$Lambda+0x0000000100380438
instanceKlass  @bci org/wso2/ballerinalang/compiler/semantics/analyzer/CodeAnalyzer visit (Lorg/wso2/ballerinalang/compiler/tree/types/BLangObjectTypeNode;Lorg/wso2/ballerinalang/compiler/semantics/analyzer/CodeAnalyzer$AnalyzerData;)V 90 <appendix> argL0 ; # org/wso2/ballerinalang/compiler/semantics/analyzer/CodeAnalyzer$$Lambda+0x0000000100380228
instanceKlass  @bci org/wso2/ballerinalang/compiler/semantics/analyzer/CodeAnalyzer visit (Lorg/wso2/ballerinalang/compiler/tree/BLangClassDefinition;Lorg/wso2/ballerinalang/compiler/semantics/analyzer/CodeAnalyzer$AnalyzerData;)V 168 <appendix> member <vmtarget> ; # org/wso2/ballerinalang/compiler/semantics/analyzer/CodeAnalyzer$$Lambda+0x0000000100380000
instanceKlass  @bci java/util/Comparator comparingInt (Ljava/util/function/ToIntFunction;)Ljava/util/Comparator; 6 <appendix> member <vmtarget> ; # java/util/Comparator$$Lambda+0x0000000100278c20
instanceKlass  @bci org/wso2/ballerinalang/compiler/semantics/analyzer/CodeAnalyzer visit (Lorg/wso2/ballerinalang/compiler/tree/BLangClassDefinition;Lorg/wso2/ballerinalang/compiler/semantics/analyzer/CodeAnalyzer$AnalyzerData;)V 109 <appendix> argL0 ; # org/wso2/ballerinalang/compiler/semantics/analyzer/CodeAnalyzer$$Lambda+0x000000010037b400
instanceKlass  @bci org/wso2/ballerinalang/compiler/semantics/analyzer/CodeAnalyzer visit (Lorg/wso2/ballerinalang/compiler/tree/BLangFunction;Lorg/wso2/ballerinalang/compiler/semantics/analyzer/CodeAnalyzer$AnalyzerData;)V 60 <appendix> member <vmtarget> ; # org/wso2/ballerinalang/compiler/semantics/analyzer/CodeAnalyzer$$Lambda+0x000000010037bc50
instanceKlass  @bci org/wso2/ballerinalang/compiler/semantics/analyzer/CodeAnalyzer visit (Lorg/wso2/ballerinalang/compiler/tree/types/BLangTupleTypeNode;Lorg/wso2/ballerinalang/compiler/semantics/analyzer/CodeAnalyzer$AnalyzerData;)V 6 <appendix> member <vmtarget> ; # org/wso2/ballerinalang/compiler/semantics/analyzer/CodeAnalyzer$$Lambda+0x000000010037ba28
instanceKlass  @bci org/wso2/ballerinalang/compiler/semantics/analyzer/CodeAnalyzer visit (Lorg/wso2/ballerinalang/compiler/tree/BLangFunction;Lorg/wso2/ballerinalang/compiler/semantics/analyzer/CodeAnalyzer$AnalyzerData;)V 248 <appendix> member <vmtarget> ; # org/wso2/ballerinalang/compiler/semantics/analyzer/CodeAnalyzer$$Lambda+0x000000010037b800
instanceKlass  @bci org/wso2/ballerinalang/compiler/semantics/analyzer/CodeAnalyzer$WorkerActionSystem everyoneDone ()Z 9 <appendix> argL0 ; # org/wso2/ballerinalang/compiler/semantics/analyzer/CodeAnalyzer$WorkerActionSystem$$Lambda+0x000000010037fd10
instanceKlass org/wso2/ballerinalang/compiler/semantics/analyzer/ReachabilityAnalyzer$PotentiallyInvalidAssignmentInfo
instanceKlass org/wso2/ballerinalang/compiler/semantics/analyzer/ReachabilityAnalyzer$1
instanceKlass org/wso2/ballerinalang/compiler/semantics/analyzer/ReachabilityAnalyzer$AnalyzerData
instanceKlass  @bci org/wso2/ballerinalang/compiler/semantics/analyzer/CodeAnalyzer visit (Lorg/wso2/ballerinalang/compiler/tree/statements/BLangBlockStmt;Lorg/wso2/ballerinalang/compiler/semantics/analyzer/CodeAnalyzer$AnalyzerData;)V 54 <appendix> member <vmtarget> ; # org/wso2/ballerinalang/compiler/semantics/analyzer/CodeAnalyzer$$Lambda+0x000000010037f4f0
instanceKlass org/wso2/ballerinalang/compiler/semantics/analyzer/CodeAnalyzer$2
instanceKlass org/wso2/ballerinalang/compiler/semantics/analyzer/CodeAnalyzer$WorkerActionStateMachine
instanceKlass org/wso2/ballerinalang/compiler/semantics/analyzer/CodeAnalyzer$WorkerActionSystem
instanceKlass  @bci org/wso2/ballerinalang/compiler/semantics/analyzer/CodeAnalyzer visit (Lorg/wso2/ballerinalang/compiler/tree/types/BLangUnionTypeNode;Lorg/wso2/ballerinalang/compiler/semantics/analyzer/CodeAnalyzer$AnalyzerData;)V 6 <appendix> member <vmtarget> ; # org/wso2/ballerinalang/compiler/semantics/analyzer/CodeAnalyzer$$Lambda+0x000000010037ec70
instanceKlass  @bci org/wso2/ballerinalang/compiler/semantics/analyzer/CodeAnalyzer visit (Lorg/wso2/ballerinalang/compiler/tree/BLangTypeDefinition;Lorg/wso2/ballerinalang/compiler/semantics/analyzer/CodeAnalyzer$AnalyzerData;)V 15 <appendix> member <vmtarget> ; # org/wso2/ballerinalang/compiler/semantics/analyzer/CodeAnalyzer$$Lambda+0x000000010037ea48
instanceKlass  @bci org/wso2/ballerinalang/compiler/semantics/analyzer/CodeAnalyzer visit (Lorg/wso2/ballerinalang/compiler/tree/BLangSimpleVariable;Lorg/wso2/ballerinalang/compiler/semantics/analyzer/CodeAnalyzer$AnalyzerData;)V 181 <appendix> member <vmtarget> ; # org/wso2/ballerinalang/compiler/semantics/analyzer/CodeAnalyzer$$Lambda+0x000000010037e820
instanceKlass org/wso2/ballerinalang/compiler/semantics/analyzer/CodeAnalyzer$AnalyzerData
instanceKlass  @bci org/wso2/ballerinalang/compiler/semantics/analyzer/SemanticAnalyzer visit (Lorg/wso2/ballerinalang/compiler/tree/BLangPackage;Lorg/wso2/ballerinalang/compiler/semantics/analyzer/SemanticAnalyzer$AnalyzerData;)V 437 <appendix> member <vmtarget> ; # org/wso2/ballerinalang/compiler/semantics/analyzer/SemanticAnalyzer$$Lambda+0x000000010037dfd8
instanceKlass  @bci io/ballerina/compiler/api/impl/symbols/BallerinaSingletonTypeSymbol <init> (Lorg/wso2/ballerinalang/compiler/util/CompilerContext;Lorg/wso2/ballerinalang/compiler/semantics/model/types/BType;Ljava/lang/String;Lorg/wso2/ballerinalang/compiler/semantics/model/types/BType;)V 20 <appendix> form vmentry <vmtarget> ; # java/lang/invoke/LambdaForm$MH+0x000000010037b000
# instanceKlass java/lang/invoke/LambdaForm$MH+0x000000010037ac00
instanceKlass  @bci io/ballerina/compiler/api/impl/symbols/BallerinaSingletonTypeSymbol <init> (Lorg/wso2/ballerinalang/compiler/util/CompilerContext;Lorg/wso2/ballerinalang/compiler/semantics/model/types/BType;Ljava/lang/String;Lorg/wso2/ballerinalang/compiler/semantics/model/types/BType;)V 20 <appendix> argL3 form vmentry <vmtarget> ; # java/lang/invoke/LambdaForm$MH+0x000000010037a800
# instanceKlass java/lang/invoke/LambdaForm$MH+0x000000010037a400
# instanceKlass java/lang/invoke/LambdaForm$MH+0x000000010037a000
# instanceKlass java/lang/invoke/LambdaForm$MH+0x0000000100379c00
instanceKlass java/text/AttributedCharacterIterator$Attribute
instanceKlass  @bci org/wso2/ballerinalang/compiler/semantics/model/types/BTupleType toString ()Ljava/lang/String; 55 <appendix> argL0 ; # org/wso2/ballerinalang/compiler/semantics/model/types/BTupleType$$Lambda+0x000000010037dda8
instanceKlass java/text/FieldPosition
instanceKlass  @bci org/wso2/ballerinalang/compiler/semantics/analyzer/SemanticAnalyzer visit (Lorg/wso2/ballerinalang/compiler/tree/BLangTupleVariable;Lorg/wso2/ballerinalang/compiler/semantics/analyzer/SemanticAnalyzer$AnalyzerData;)V 175 <appendix> member <vmtarget> ; # org/wso2/ballerinalang/compiler/semantics/analyzer/SemanticAnalyzer$$Lambda+0x000000010037db80
instanceKlass org/wso2/ballerinalang/compiler/semantics/analyzer/SymbolResolver$1
instanceKlass  @bci org/wso2/ballerinalang/compiler/semantics/analyzer/TypeChecker getInferredTupleType (Lorg/wso2/ballerinalang/compiler/tree/expressions/BLangListConstructorExpr;Lorg/wso2/ballerinalang/compiler/semantics/model/types/BType;Lorg/wso2/ballerinalang/compiler/semantics/analyzer/TypeChecker$AnalyzerData;)Lorg/wso2/ballerinalang/compiler/semantics/model/types/BType; 147 <appendix> member <vmtarget> ; # org/wso2/ballerinalang/compiler/semantics/analyzer/TypeChecker$$Lambda+0x000000010037d760
instanceKlass org/wso2/ballerinalang/compiler/semantics/analyzer/TypeChecker$InferredTupleDetails
instanceKlass  @bci org/wso2/ballerinalang/compiler/semantics/analyzer/TypeParamAnalyzer findTypeParamInTable (Lio/ballerina/tools/diagnostics/Location;Lorg/wso2/ballerinalang/compiler/semantics/model/types/BTableType;Lorg/wso2/ballerinalang/compiler/semantics/model/types/BTableType;Lorg/wso2/ballerinalang/compiler/semantics/model/SymbolEnv;Ljava/util/HashSet;Lorg/wso2/ballerinalang/compiler/semantics/analyzer/TypeParamAnalyzer$FindTypeParamResult;)V 124 <appendix> member <vmtarget> ; # org/wso2/ballerinalang/compiler/semantics/analyzer/TypeParamAnalyzer$$Lambda+0x000000010037d338
instanceKlass  @bci org/wso2/ballerinalang/compiler/semantics/analyzer/TypeParamAnalyzer findTypeParamInTable (Lio/ballerina/tools/diagnostics/Location;Lorg/wso2/ballerinalang/compiler/semantics/model/types/BTableType;Lorg/wso2/ballerinalang/compiler/semantics/model/types/BTableType;Lorg/wso2/ballerinalang/compiler/semantics/model/SymbolEnv;Ljava/util/HashSet;Lorg/wso2/ballerinalang/compiler/semantics/analyzer/TypeParamAnalyzer$FindTypeParamResult;)V 107 <appendix> argL0 ; # org/wso2/ballerinalang/compiler/semantics/analyzer/TypeParamAnalyzer$$Lambda+0x000000010037d108
instanceKlass  @bci org/wso2/ballerinalang/compiler/semantics/analyzer/TypeParamAnalyzer findTypeParamInTable (Lio/ballerina/tools/diagnostics/Location;Lorg/wso2/ballerinalang/compiler/semantics/model/types/BTableType;Lorg/wso2/ballerinalang/compiler/semantics/model/types/BTableType;Lorg/wso2/ballerinalang/compiler/semantics/model/SymbolEnv;Ljava/util/HashSet;Lorg/wso2/ballerinalang/compiler/semantics/analyzer/TypeParamAnalyzer$FindTypeParamResult;)V 97 <appendix> argL0 ; # org/wso2/ballerinalang/compiler/semantics/analyzer/TypeParamAnalyzer$$Lambda+0x000000010037cec8
instanceKlass  @bci org/wso2/ballerinalang/compiler/semantics/analyzer/TypeParamAnalyzer findTypeParamInTable (Lio/ballerina/tools/diagnostics/Location;Lorg/wso2/ballerinalang/compiler/semantics/model/types/BTableType;Lorg/wso2/ballerinalang/compiler/semantics/model/types/BTableType;Lorg/wso2/ballerinalang/compiler/semantics/model/SymbolEnv;Ljava/util/HashSet;Lorg/wso2/ballerinalang/compiler/semantics/analyzer/TypeParamAnalyzer$FindTypeParamResult;)V 87 <appendix> member <vmtarget> ; # org/wso2/ballerinalang/compiler/semantics/analyzer/TypeParamAnalyzer$$Lambda+0x000000010037cc90
instanceKlass  @bci org/wso2/ballerinalang/compiler/semantics/analyzer/TypeParamAnalyzer findTypeParamInMapForRecord (Lio/ballerina/tools/diagnostics/Location;Lorg/wso2/ballerinalang/compiler/semantics/model/types/BMapType;Lorg/wso2/ballerinalang/compiler/semantics/model/types/BRecordType;Lorg/wso2/ballerinalang/compiler/semantics/model/SymbolEnv;Ljava/util/HashSet;Lorg/wso2/ballerinalang/compiler/semantics/analyzer/TypeParamAnalyzer$FindTypeParamResult;)V 22 <appendix> argL0 ; # org/wso2/ballerinalang/compiler/semantics/analyzer/TypeParamAnalyzer$$Lambda+0x000000010037ca80
instanceKlass  @bci org/wso2/ballerinalang/compiler/semantics/analyzer/TypeParamAnalyzer findTypeParamInMapForRecord (Lio/ballerina/tools/diagnostics/Location;Lorg/wso2/ballerinalang/compiler/semantics/model/types/BMapType;Lorg/wso2/ballerinalang/compiler/semantics/model/types/BRecordType;Lorg/wso2/ballerinalang/compiler/semantics/model/SymbolEnv;Ljava/util/HashSet;Lorg/wso2/ballerinalang/compiler/semantics/analyzer/TypeParamAnalyzer$FindTypeParamResult;)V 12 <appendix> argL0 ; # org/wso2/ballerinalang/compiler/semantics/analyzer/TypeParamAnalyzer$$Lambda+0x000000010037c850
instanceKlass  @bci org/wso2/ballerinalang/compiler/semantics/analyzer/SemanticAnalyzer isSupportedConfigType (Lorg/wso2/ballerinalang/compiler/semantics/model/types/BType;Ljava/util/List;Ljava/lang/String;Ljava/util/Set;Z)Z 183 <adapter> ; # java/lang/invoke/LambdaForm$MH+0x0000000100379800
# instanceKlass java/lang/invoke/LambdaForm$DMH+0x0000000100379400
instanceKlass  @bci org/wso2/ballerinalang/compiler/semantics/analyzer/SemanticAnalyzer isSupportedConfigType (Lorg/wso2/ballerinalang/compiler/semantics/model/types/BType;Ljava/util/List;Ljava/lang/String;Ljava/util/Set;Z)Z 183 <appendix> form vmentry <vmtarget> ; # java/lang/invoke/LambdaForm$DMH+0x0000000100379000
instanceKlass  @bci org/wso2/ballerinalang/compiler/semantics/analyzer/SemanticAnalyzer isSupportedConfigType (Lorg/wso2/ballerinalang/compiler/semantics/model/types/BType;Ljava/util/List;Ljava/lang/String;Ljava/util/Set;Z)Z 183 <appendix> member <vmtarget> ; # org/wso2/ballerinalang/compiler/semantics/analyzer/SemanticAnalyzer$$Lambda+0x000000010037c628
instanceKlass  @cpi org/wso2/ballerinalang/compiler/semantics/analyzer/SemanticAnalyzer 4901 form vmentry <vmtarget> ; # java/lang/invoke/LambdaForm$DMH+0x0000000100378c00
instanceKlass java/util/stream/Sink$ChainedInt
instanceKlass  @bci io/ballerina/types/typeops/ListOps listIntersectWith (Lio/ballerina/types/Env;Lio/ballerina/types/FixedLengthArray;Lio/ballerina/types/CellSemType;Lio/ballerina/types/FixedLengthArray;Lio/ballerina/types/CellSemType;)Lio/ballerina/types/typeops/TwoTuple; 38 <appendix> member <vmtarget> ; # io/ballerina/types/typeops/ListOps$$Lambda+0x000000010037c410
instanceKlass  @cpi io/ballerina/types/typeops/ListOps 461 form vmentry <vmtarget> ; # java/lang/invoke/LambdaForm$DMH+0x0000000100378800
instanceKlass java/util/stream/Streams$RangeIntSpliterator
instanceKlass io/ballerina/types/subtypedata/StringSubtype$StringSubtypeListCoverage
instanceKlass java/util/stream/Nodes$IntArrayNode
instanceKlass java/util/stream/Node$Builder$OfInt
instanceKlass java/util/stream/Sink$OfInt
instanceKlass java/util/function/IntConsumer
instanceKlass  @bci java/util/stream/IntPipeline toArray ()[I 1 <appendix> argL0 ; # java/util/stream/IntPipeline$$Lambda+0x00000001002757a0
instanceKlass  @bci io/ballerina/types/typeops/StringOps stringSubtypeListCoverage (Lio/ballerina/types/subtypedata/StringSubtype;[Ljava/lang/String;)Lio/ballerina/types/subtypedata/StringSubtype$StringSubtypeListCoverage; 187 <appendix> argL0 ; # io/ballerina/types/typeops/StringOps$$Lambda+0x000000010037c000
instanceKlass java/util/function/ToIntFunction
instanceKlass  @bci org/wso2/ballerinalang/compiler/semantics/analyzer/SemanticAnalyzer visit (Lorg/wso2/ballerinalang/compiler/tree/BLangSimpleVariable;Lorg/wso2/ballerinalang/compiler/semantics/analyzer/SemanticAnalyzer$AnalyzerData;)V 323 <adapter> ; # java/lang/invoke/LambdaForm$MH+0x0000000100378400
instanceKlass  @bci org/wso2/ballerinalang/compiler/semantics/analyzer/SemanticAnalyzer visit (Lorg/wso2/ballerinalang/compiler/tree/BLangSimpleVariable;Lorg/wso2/ballerinalang/compiler/semantics/analyzer/SemanticAnalyzer$AnalyzerData;)V 323 <appendix> member <vmtarget> ; # org/wso2/ballerinalang/compiler/semantics/analyzer/SemanticAnalyzer$$Lambda+0x0000000100377d08
instanceKlass  @cpi org/wso2/ballerinalang/compiler/semantics/analyzer/SemanticAnalyzer 4881 form vmentry <vmtarget> ; # java/lang/invoke/LambdaForm$DMH+0x0000000100378000
instanceKlass  @bci org/wso2/ballerinalang/compiler/semantics/analyzer/SemanticAnalyzer validateAnnotationAttachmentCount (Ljava/util/List;)V 56 <appendix> argL0 ; # org/wso2/ballerinalang/compiler/semantics/analyzer/SemanticAnalyzer$$Lambda+0x0000000100377ae8
instanceKlass  @bci org/wso2/ballerinalang/compiler/semantics/analyzer/ConstantValueResolver constructBLangConstantValueWithExactType (Lorg/wso2/ballerinalang/compiler/tree/expressions/BLangExpression;Lorg/wso2/ballerinalang/compiler/semantics/model/symbols/BConstantSymbol;Lorg/wso2/ballerinalang/compiler/semantics/model/SymbolEnv;Ljava/util/Deque;Z)Lorg/wso2/ballerinalang/compiler/tree/BLangConstantValue; 67 <appendix> argL0 ; # org/wso2/ballerinalang/compiler/semantics/analyzer/ConstantValueResolver$$Lambda+0x00000001003778c8
instanceKlass  @bci org/wso2/ballerinalang/compiler/parser/BLangAnonymousModelHelper createAnonTypeName (Ljava/util/Collection;Lorg/ballerinalang/model/elements/PackageID;)Ljava/lang/String; 60 <appendix> argL0 ; # org/wso2/ballerinalang/compiler/parser/BLangAnonymousModelHelper$$Lambda+0x0000000100377698
instanceKlass org/wso2/ballerinalang/compiler/semantics/analyzer/ConstantValueResolver$1
instanceKlass  @bci org/wso2/ballerinalang/compiler/semantics/analyzer/SemanticAnalyzer checkAnnotConstantExpression (Lorg/wso2/ballerinalang/compiler/tree/expressions/BLangExpression;)V 125 <appendix> member <vmtarget> ; # org/wso2/ballerinalang/compiler/semantics/analyzer/SemanticAnalyzer$$Lambda+0x0000000100377278
instanceKlass org/wso2/ballerinalang/compiler/semantics/analyzer/TypeChecker$TypeSymbolPair
instanceKlass org/wso2/ballerinalang/compiler/semantics/model/SymbolEnv$TypeParamEntry
instanceKlass  @bci org/wso2/ballerinalang/compiler/semantics/analyzer/SemanticAnalyzer visit (Lorg/wso2/ballerinalang/compiler/tree/BLangClassDefinition;Lorg/wso2/ballerinalang/compiler/semantics/analyzer/SemanticAnalyzer$AnalyzerData;)V 61 <appendix> member <vmtarget> ; # org/wso2/ballerinalang/compiler/semantics/analyzer/SemanticAnalyzer$$Lambda+0x0000000100376a50
instanceKlass org/wso2/ballerinalang/compiler/semantics/analyzer/SemTypeHelper$1
instanceKlass org/wso2/ballerinalang/compiler/semantics/analyzer/SemTypeHelper
instanceKlass java/util/stream/IntStream
instanceKlass java/lang/StringLatin1$CharsSpliterator
instanceKlass io/ballerina/types/subtypedata/RangeUnion
instanceKlass org/wso2/ballerinalang/compiler/semantics/analyzer/TypeParamAnalyzer$FindTypeParamResult
instanceKlass org/wso2/ballerinalang/compiler/semantics/analyzer/ConditionResolver$1
instanceKlass org/wso2/ballerinalang/compiler/semantics/analyzer/ConditionResolver
instanceKlass org/wso2/ballerinalang/compiler/semantics/model/types/BType$NarrowedTypes
instanceKlass  @bci org/wso2/ballerinalang/compiler/semantics/analyzer/Types getRemainingType (Lorg/wso2/ballerinalang/compiler/semantics/model/types/BUnionType;Ljava/util/List;)Lorg/wso2/ballerinalang/compiler/semantics/model/types/BType; 44 <appendix> member <vmtarget> ; # org/wso2/ballerinalang/compiler/semantics/analyzer/Types$$Lambda+0x0000000100375830
instanceKlass org/wso2/ballerinalang/compiler/semantics/analyzer/TypeNarrower$1
instanceKlass  @bci io/ballerina/types/typeops/ObjectOps objectSubTypeIsEmpty (Lio/ballerina/types/Context;Lio/ballerina/types/SubtypeData;)Z 5 <appendix> argL0 ; # io/ballerina/types/typeops/ObjectOps$$Lambda+0x0000000100375400
instanceKlass  @bci io/ballerina/types/definition/ObjectDefinition define (Lio/ballerina/types/Env;Lio/ballerina/types/definition/ObjectQualifiers;Ljava/util/Collection;)Lio/ballerina/types/SemType; 48 <appendix> member <vmtarget> ; # io/ballerina/types/definition/ObjectDefinition$$Lambda+0x00000001003751c8
instanceKlass  @bci org/wso2/ballerinalang/compiler/semantics/model/types/BObjectType distinctIdWrapper (Lio/ballerina/types/SemType;)Lio/ballerina/types/SemType; 23 <appendix> argL0 ; # org/wso2/ballerinalang/compiler/semantics/model/types/BObjectType$$Lambda+0x0000000100374f90
instanceKlass  @bci org/wso2/ballerinalang/compiler/semantics/model/types/BObjectType distinctIdWrapper (Lio/ballerina/types/SemType;)Lio/ballerina/types/SemType; 12 <appendix> argL0 ; # org/wso2/ballerinalang/compiler/semantics/model/types/BObjectType$$Lambda+0x0000000100374d60
instanceKlass  @bci org/wso2/ballerinalang/compiler/semantics/model/types/BObjectType$DistinctIdSupplier lambda$get$1 (Ljava/util/Map;Lorg/wso2/ballerinalang/compiler/semantics/model/types/BTypeIdSet$BTypeId;)Ljava/lang/Integer; 3 <appendix> member <vmtarget> ; # org/wso2/ballerinalang/compiler/semantics/model/types/BObjectType$DistinctIdSupplier$$Lambda+0x0000000100374b28
instanceKlass  @bci org/wso2/ballerinalang/compiler/semantics/model/types/BObjectType$DistinctIdSupplier get ()Ljava/util/List; 46 <appendix> member <vmtarget> ; # org/wso2/ballerinalang/compiler/semantics/model/types/BObjectType$DistinctIdSupplier$$Lambda+0x00000001003748f0
instanceKlass  @bci org/wso2/ballerinalang/compiler/semantics/model/types/BObjectType semTypeInner ()Lio/ballerina/types/SemType; 137 <appendix> member <vmtarget> ; # org/wso2/ballerinalang/compiler/semantics/model/types/BObjectType$$Lambda+0x00000001003746c8
instanceKlass io/ballerina/types/definition/Member$MemberTag
instanceKlass io/ballerina/types/definition/ObjectDefinition
instanceKlass org/wso2/ballerinalang/compiler/semantics/analyzer/TypeChecker$12
instanceKlass  @bci org/wso2/ballerinalang/compiler/semantics/analyzer/TypeChecker setLiteralValueAndGetType (Lorg/wso2/ballerinalang/compiler/tree/expressions/BLangLiteral;Lorg/wso2/ballerinalang/compiler/semantics/model/types/BType;Lorg/wso2/ballerinalang/compiler/semantics/analyzer/TypeChecker$AnalyzerData;)Lorg/wso2/ballerinalang/compiler/semantics/model/types/BType; 477 <appendix> member <vmtarget> ; # org/wso2/ballerinalang/compiler/semantics/analyzer/TypeChecker$$Lambda+0x0000000100372c08
instanceKlass  @bci org/wso2/ballerinalang/compiler/semantics/analyzer/Types getAllTypes (Lorg/wso2/ballerinalang/compiler/semantics/model/types/BType;Z)Ljava/util/List; 90 <appendix> member <vmtarget> ; # org/wso2/ballerinalang/compiler/semantics/analyzer/Types$$Lambda+0x00000001003729e0
instanceKlass  @bci io/ballerina/types/typeops/MappingOps lambda$mappingSubtypeIsEmpty$0 (Lio/ballerina/types/Context;Lio/ballerina/types/Bdd;)Ljava/lang/Boolean; 4 <appendix> argL0 ; # io/ballerina/types/typeops/MappingOps$$Lambda+0x00000001003727d0
instanceKlass  @bci io/ballerina/types/typeops/MappingOps mappingSubtypeIsEmpty (Lio/ballerina/types/Context;Lio/ballerina/types/SubtypeData;)Z 5 <appendix> argL0 ; # io/ballerina/types/typeops/MappingOps$$Lambda+0x0000000100372598
instanceKlass org/wso2/ballerinalang/compiler/semantics/analyzer/SemanticAnalyzer$3
instanceKlass org/wso2/ballerinalang/compiler/util/TypeTags
instanceKlass org/wso2/ballerinalang/compiler/semantics/analyzer/QueryTypeChecker$AnalyzerData
instanceKlass org/wso2/ballerinalang/compiler/semantics/analyzer/TypeChecker$AnalyzerData
instanceKlass  @bci org/wso2/ballerinalang/compiler/semantics/analyzer/SemanticAnalyzer visit (Lorg/wso2/ballerinalang/compiler/tree/BLangFunction;Lorg/wso2/ballerinalang/compiler/semantics/analyzer/SemanticAnalyzer$AnalyzerData;)V 157 <appendix> member <vmtarget> ; # org/wso2/ballerinalang/compiler/semantics/analyzer/SemanticAnalyzer$$Lambda+0x0000000100371760
instanceKlass  @bci org/wso2/ballerinalang/compiler/semantics/analyzer/SemanticAnalyzer visit (Lorg/wso2/ballerinalang/compiler/tree/BLangFunction;Lorg/wso2/ballerinalang/compiler/semantics/analyzer/SemanticAnalyzer$AnalyzerData;)V 87 <appendix> member <vmtarget> ; # org/wso2/ballerinalang/compiler/semantics/analyzer/SemanticAnalyzer$$Lambda+0x0000000100371538
instanceKlass  @bci org/wso2/ballerinalang/compiler/semantics/analyzer/SemanticAnalyzer visit (Lorg/wso2/ballerinalang/compiler/tree/BLangFunction;Lorg/wso2/ballerinalang/compiler/semantics/analyzer/SemanticAnalyzer$AnalyzerData;)V 26 <appendix> argL0 ; # org/wso2/ballerinalang/compiler/semantics/analyzer/SemanticAnalyzer$$Lambda+0x0000000100371318
instanceKlass  @bci org/wso2/ballerinalang/compiler/semantics/analyzer/SemanticAnalyzer visit (Lorg/wso2/ballerinalang/compiler/tree/types/BLangObjectTypeNode;Lorg/wso2/ballerinalang/compiler/semantics/analyzer/SemanticAnalyzer$AnalyzerData;)V 40 <appendix> member <vmtarget> ; # org/wso2/ballerinalang/compiler/semantics/analyzer/SemanticAnalyzer$$Lambda+0x00000001003710f0
instanceKlass  @bci org/wso2/ballerinalang/compiler/semantics/analyzer/SemanticAnalyzer visit (Lorg/wso2/ballerinalang/compiler/tree/types/BLangObjectTypeNode;Lorg/wso2/ballerinalang/compiler/semantics/analyzer/SemanticAnalyzer$AnalyzerData;)V 23 <appendix> member <vmtarget> ; # org/wso2/ballerinalang/compiler/semantics/analyzer/SemanticAnalyzer$$Lambda+0x0000000100370ec8
instanceKlass  @bci org/wso2/ballerinalang/compiler/semantics/analyzer/SemanticAnalyzer visit (Lorg/wso2/ballerinalang/compiler/tree/BLangTypeDefinition;Lorg/wso2/ballerinalang/compiler/semantics/analyzer/SemanticAnalyzer$AnalyzerData;)V 25 <appendix> member <vmtarget> ; # org/wso2/ballerinalang/compiler/semantics/analyzer/SemanticAnalyzer$$Lambda+0x0000000100370ca0
instanceKlass  @bci org/wso2/ballerinalang/compiler/semantics/analyzer/SemanticAnalyzer validateAnnotationAttachmentCount (Ljava/util/List;)V 73 <appendix> member <vmtarget> ; # org/wso2/ballerinalang/compiler/semantics/analyzer/SemanticAnalyzer$$Lambda+0x0000000100370a78
instanceKlass org/wso2/ballerinalang/compiler/semantics/analyzer/Types$CommonAnalyzerData
instanceKlass org/wso2/ballerinalang/compiler/semantics/analyzer/SemanticAnalyzer$AnalyzerData
instanceKlass  @bci org/wso2/ballerinalang/compiler/semantics/analyzer/SymbolEnter visit (Lorg/wso2/ballerinalang/compiler/tree/BLangPackage;)V 195 <appendix> member <vmtarget> ; # org/wso2/ballerinalang/compiler/semantics/analyzer/SymbolEnter$$Lambda+0x0000000100370450
instanceKlass  @bci org/wso2/ballerinalang/compiler/semantics/analyzer/SymbolEnter defineConstructs (Lorg/wso2/ballerinalang/compiler/tree/BLangPackage;Lorg/wso2/ballerinalang/compiler/semantics/model/SymbolEnv;)V 577 <appendix> member <vmtarget> ; # org/wso2/ballerinalang/compiler/semantics/analyzer/SymbolEnter$$Lambda+0x0000000100370228
instanceKlass  @bci org/wso2/ballerinalang/compiler/semantics/model/types/BTupleType getTupleTypes ()Ljava/util/List; 32 <appendix> member <vmtarget> ; # org/wso2/ballerinalang/compiler/semantics/model/types/BTupleType$$Lambda+0x0000000100370000
instanceKlass  @bci org/wso2/ballerinalang/compiler/semantics/analyzer/SymbolResolver transform (Lorg/wso2/ballerinalang/compiler/tree/types/BLangTupleTypeNode;Lorg/wso2/ballerinalang/compiler/semantics/analyzer/SymbolResolver$AnalyzerData;)Lorg/wso2/ballerinalang/compiler/semantics/model/types/BType; 233 <appendix> member <vmtarget> ; # org/wso2/ballerinalang/compiler/semantics/analyzer/SymbolResolver$$Lambda+0x000000010036ac60
instanceKlass  @bci org/wso2/ballerinalang/compiler/semantics/analyzer/SymbolResolver transform (Lorg/wso2/ballerinalang/compiler/tree/types/BLangErrorType;Lorg/wso2/ballerinalang/compiler/semantics/analyzer/SymbolResolver$AnalyzerData;)Lorg/wso2/ballerinalang/compiler/semantics/model/types/BType; 9 <appendix> member <vmtarget> ; # org/wso2/ballerinalang/compiler/semantics/analyzer/SymbolResolver$$Lambda+0x000000010036aa28
instanceKlass  @bci org/wso2/ballerinalang/compiler/semantics/analyzer/SymbolEnter defineConstructs (Lorg/wso2/ballerinalang/compiler/tree/BLangPackage;Lorg/wso2/ballerinalang/compiler/semantics/model/SymbolEnv;)V 502 <appendix> member <vmtarget> ; # org/wso2/ballerinalang/compiler/semantics/analyzer/SymbolEnter$$Lambda+0x000000010036a800
instanceKlass io/ballerina/types/typeops/MappingPairIterator
instanceKlass io/ballerina/types/typeops/FieldPairs
instanceKlass  @bci io/ballerina/types/typeops/ErrorOps errorBddIsEmpty (Lio/ballerina/types/Context;Lio/ballerina/types/Bdd;)Z 4 <appendix> argL0 ; # io/ballerina/types/typeops/ErrorOps$$Lambda+0x000000010036b840
instanceKlass  @bci io/ballerina/types/typeops/ErrorOps errorSubtypeIsEmpty (Lio/ballerina/types/Context;Lio/ballerina/types/SubtypeData;)Z 29 <appendix> argL0 ; # io/ballerina/types/typeops/ErrorOps$$Lambda+0x000000010036b608
instanceKlass io/ballerina/types/Common$1
instanceKlass  @bci io/ballerina/types/typeops/ListOps listFormulaIsEmpty (Lio/ballerina/types/Context;Lio/ballerina/types/Conjunction;Lio/ballerina/types/Conjunction;)Z 203 <appendix> argL0 ; # io/ballerina/types/typeops/ListOps$$Lambda+0x000000010036b200
instanceKlass io/ballerina/types/typeops/TwoTuple
instanceKlass java/util/ComparableTimSort
instanceKlass io/ballerina/types/typeops/CellOps$1
instanceKlass  @bci io/ballerina/types/typeops/CellOps cellFormulaIsEmpty (Lio/ballerina/types/Context;Lio/ballerina/types/SubtypeData;)Z 7 <appendix> argL0 ; # io/ballerina/types/typeops/CellOps$$Lambda+0x000000010036fb78
instanceKlass  @bci io/ballerina/types/typeops/ListOps lambda$listSubtypeIsEmpty$0 (Lio/ballerina/types/Context;Lio/ballerina/types/Bdd;)Ljava/lang/Boolean; 4 <appendix> argL0 ; # io/ballerina/types/typeops/ListOps$$Lambda+0x000000010036f968
instanceKlass  @bci io/ballerina/types/typeops/ListOps listSubtypeIsEmpty (Lio/ballerina/types/Context;Lio/ballerina/types/SubtypeData;)Z 5 <appendix> argL0 ; # io/ballerina/types/typeops/ListOps$$Lambda+0x000000010036f730
instanceKlass  @bci io/ballerina/types/typeops/FunctionOps lambda$isEmpty$0 (Lio/ballerina/types/Context;Lio/ballerina/types/Bdd;)Ljava/lang/Boolean; 4 <appendix> argL0 ; # io/ballerina/types/typeops/FunctionOps$$Lambda+0x000000010036f520
instanceKlass io/ballerina/types/Conjunction
instanceKlass io/ballerina/types/Common$BddPredicate
instanceKlass io/ballerina/types/BddMemo
instanceKlass  @bci io/ballerina/types/typeops/FunctionOps isEmpty (Lio/ballerina/types/Context;Lio/ballerina/types/SubtypeData;)Z 5 <appendix> argL0 ; # io/ballerina/types/typeops/FunctionOps$$Lambda+0x000000010036e8c8
instanceKlass io/ballerina/types/Common$BddIsEmptyPredicate
instanceKlass  @bci org/wso2/ballerinalang/compiler/semantics/analyzer/Types containsTypeParams (Lorg/wso2/ballerinalang/compiler/semantics/model/types/BInvokableType;)Z 9 <appendix> argL0 ; # org/wso2/ballerinalang/compiler/semantics/analyzer/Types$$Lambda+0x000000010036e080
instanceKlass  @bci org/wso2/ballerinalang/compiler/semantics/model/types/BInvokableType isDependentlyTyped (Lorg/wso2/ballerinalang/compiler/semantics/model/types/BType;Ljava/util/Set;)Z 49 <appendix> member <vmtarget> ; # org/wso2/ballerinalang/compiler/semantics/model/types/BInvokableType$$Lambda+0x000000010036de38
instanceKlass  @bci org/wso2/ballerinalang/compiler/semantics/model/types/BErrorType distinctIdWrapper (Lio/ballerina/types/SemType;)Lio/ballerina/types/SemType; 23 <appendix> argL0 ; # org/wso2/ballerinalang/compiler/semantics/model/types/BErrorType$$Lambda+0x000000010036dc00
instanceKlass  @bci org/wso2/ballerinalang/compiler/semantics/model/types/BErrorType distinctIdWrapper (Lio/ballerina/types/SemType;)Lio/ballerina/types/SemType; 12 <appendix> argL0 ; # org/wso2/ballerinalang/compiler/semantics/model/types/BErrorType$$Lambda+0x000000010036d9d0
instanceKlass  @bci org/wso2/ballerinalang/compiler/semantics/model/types/BErrorType$DistinctIdSupplier lambda$get$1 (Ljava/util/Map;Lorg/wso2/ballerinalang/compiler/semantics/model/types/BTypeIdSet$BTypeId;)Ljava/lang/Integer; 3 <appendix> member <vmtarget> ; # org/wso2/ballerinalang/compiler/semantics/model/types/BErrorType$DistinctIdSupplier$$Lambda+0x000000010036d798
instanceKlass  @bci org/wso2/ballerinalang/compiler/semantics/model/types/BErrorType$DistinctIdSupplier get ()Ljava/util/List; 46 <appendix> member <vmtarget> ; # org/wso2/ballerinalang/compiler/semantics/model/types/BErrorType$DistinctIdSupplier$$Lambda+0x000000010036d560
instanceKlass io/ballerina/types/Error
# instanceKlass java/lang/invoke/LambdaForm$MH+0x000000010036a400
# instanceKlass java/lang/invoke/LambdaForm$MH+0x000000010036a000
# instanceKlass java/lang/invoke/LambdaForm$MH+0x0000000100369c00
# instanceKlass java/lang/invoke/LambdaForm$MH+0x0000000100369800
# instanceKlass java/lang/invoke/LambdaForm$MH+0x0000000100369400
instanceKlass  @bci java/lang/invoke/BootstrapMethodInvoker invoke (Ljava/lang/Class;Ljava/lang/invoke/MethodHandle;Ljava/lang/String;Ljava/lang/Object;Ljava/lang/Object;Ljava/lang/Class;)Ljava/lang/Object; 930 <adapter> ; # java/lang/invoke/LambdaForm$MH+0x0000000100369000
instanceKlass  @bci org/wso2/ballerinalang/compiler/semantics/model/types/BInvokableType semType ()Lio/ballerina/types/SemType; 130 <appendix> argL0 ; # org/wso2/ballerinalang/compiler/semantics/model/types/BInvokableType$$Lambda+0x000000010036cf38
instanceKlass io/ballerina/types/definition/FunctionDefinition
instanceKlass  @bci org/wso2/ballerinalang/compiler/semantics/analyzer/SymbolEnter defineFunctionsOfClassDef (Lorg/wso2/ballerinalang/compiler/semantics/model/SymbolEnv;Lorg/wso2/ballerinalang/compiler/tree/BLangClassDefinition;)V 73 <appendix> member <vmtarget> ; # org/wso2/ballerinalang/compiler/semantics/analyzer/SymbolEnter$$Lambda+0x000000010036caf8
instanceKlass  @bci org/wso2/ballerinalang/compiler/semantics/analyzer/SymbolEnter defineInvokableSymbolParams (Lorg/wso2/ballerinalang/compiler/tree/BLangInvokableNode;Lorg/wso2/ballerinalang/compiler/semantics/model/symbols/BInvokableSymbol;Lorg/wso2/ballerinalang/compiler/semantics/model/SymbolEnv;)V 89 <appendix> argL0 ; # org/wso2/ballerinalang/compiler/semantics/analyzer/SymbolEnter$$Lambda+0x000000010036c8c8
instanceKlass  @bci org/wso2/ballerinalang/compiler/semantics/model/SymbolEnv cloneSymbolEnvForClosure (Lorg/wso2/ballerinalang/compiler/tree/BLangNode;Lorg/wso2/ballerinalang/compiler/semantics/model/SymbolEnv;)Lorg/wso2/ballerinalang/compiler/semantics/model/SymbolEnv; 43 <appendix> member <vmtarget> ; # org/wso2/ballerinalang/compiler/semantics/model/SymbolEnv$$Lambda+0x000000010036c6a0
instanceKlass  @bci org/wso2/ballerinalang/compiler/semantics/model/SymbolEnv cloneSymbolEnvForClosure (Lorg/wso2/ballerinalang/compiler/tree/BLangNode;Lorg/wso2/ballerinalang/compiler/semantics/model/SymbolEnv;)Lorg/wso2/ballerinalang/compiler/semantics/model/SymbolEnv; 32 <appendix> argL0 ; # org/wso2/ballerinalang/compiler/semantics/model/SymbolEnv$$Lambda+0x000000010036c460
instanceKlass  @bci org/wso2/ballerinalang/compiler/semantics/analyzer/SymbolEnter defineFunctionsOfObjectTypeDef (Lorg/wso2/ballerinalang/compiler/semantics/model/SymbolEnv;Lorg/wso2/ballerinalang/compiler/tree/BLangTypeDefinition;)V 116 <appendix> member <vmtarget> ; # org/wso2/ballerinalang/compiler/semantics/analyzer/SymbolEnter$$Lambda+0x000000010036c238
instanceKlass  @bci org/wso2/ballerinalang/compiler/semantics/analyzer/SymbolEnter getDetailType (Lorg/wso2/ballerinalang/compiler/semantics/model/SymbolEnv;Lorg/wso2/ballerinalang/compiler/tree/types/BLangErrorType;)Lorg/wso2/ballerinalang/compiler/semantics/model/types/BType; 88 <appendix> member <vmtarget> ; # org/wso2/ballerinalang/compiler/semantics/analyzer/SymbolEnter$$Lambda+0x000000010036c000
instanceKlass  @bci org/wso2/ballerinalang/compiler/semantics/analyzer/SymbolEnter getTypePrecedenceComparator ()Ljava/util/Comparator; 0 <appendix> argL0 ; # org/wso2/ballerinalang/compiler/semantics/analyzer/SymbolEnter$$Lambda+0x0000000100365cb0
instanceKlass io/ballerina/runtime/api/flags/SymbolFlags
instanceKlass org/wso2/ballerinalang/compiler/desugar/ASTBuilderUtil
instanceKlass org/wso2/ballerinalang/compiler/util/TypeDefBuilderHelper
instanceKlass  @bci org/wso2/ballerinalang/compiler/util/ImmutableTypeCloner getSymbolFQN (Lorg/wso2/ballerinalang/compiler/semantics/model/symbols/BTypeSymbol;)Ljava/lang/String; 83 <appendix> form vmentry <vmtarget> ; # java/lang/invoke/LambdaForm$MH+0x0000000100368c00
# instanceKlass java/lang/invoke/LambdaForm$MH+0x0000000100368800
# instanceKlass java/lang/invoke/LambdaForm$MH+0x0000000100368400
# instanceKlass java/lang/invoke/LambdaForm$MH+0x0000000100368000
# instanceKlass java/lang/invoke/LambdaForm$MH+0x0000000100364c00
# instanceKlass java/lang/invoke/LambdaForm$MH+0x0000000100364800
# instanceKlass java/lang/invoke/LambdaForm$MH+0x0000000100364400
instanceKlass org/wso2/ballerinalang/compiler/semantics/analyzer/Types$IntersectionContext
instanceKlass  @bci org/wso2/ballerinalang/compiler/semantics/analyzer/SymbolEnter resolveIncludedFields (Lorg/wso2/ballerinalang/compiler/tree/types/BLangStructureTypeNode;)V 128 <appendix> member <vmtarget> ; # org/wso2/ballerinalang/compiler/semantics/analyzer/SymbolEnter$$Lambda+0x0000000100367bb8
instanceKlass org/wso2/ballerinalang/compiler/semantics/analyzer/SymbolResolver$AnalyzerData
instanceKlass  @bci org/wso2/ballerinalang/compiler/semantics/analyzer/SymbolEnter getFieldCollector ()Ljava/util/stream/Collector; 15 <appendix> argL0 ; # org/wso2/ballerinalang/compiler/semantics/analyzer/SymbolEnter$$Lambda+0x00000001003677a8
instanceKlass  @bci org/wso2/ballerinalang/compiler/semantics/analyzer/SymbolEnter getFieldCollector ()Ljava/util/stream/Collector; 6 <appendix> argL0 ; # org/wso2/ballerinalang/compiler/semantics/analyzer/SymbolEnter$$Lambda+0x0000000100367578
instanceKlass  @bci org/wso2/ballerinalang/compiler/semantics/analyzer/SymbolEnter getFieldCollector ()Ljava/util/stream/Collector; 0 <appendix> argL0 ; # org/wso2/ballerinalang/compiler/semantics/analyzer/SymbolEnter$$Lambda+0x0000000100367340
instanceKlass  @bci org/wso2/ballerinalang/compiler/semantics/analyzer/SymbolEnter resolveFields (Lorg/wso2/ballerinalang/compiler/semantics/model/types/BStructureType;Lorg/wso2/ballerinalang/compiler/tree/types/BLangStructureTypeNode;)V 39 <appendix> member <vmtarget> ; # org/wso2/ballerinalang/compiler/semantics/analyzer/SymbolEnter$$Lambda+0x0000000100367108
instanceKlass  @bci org/wso2/ballerinalang/compiler/semantics/analyzer/SymbolEnter resolveFields (Lorg/wso2/ballerinalang/compiler/semantics/model/types/BStructureType;Lorg/wso2/ballerinalang/compiler/tree/types/BLangStructureTypeNode;)V 28 <appendix> member <vmtarget> ; # org/wso2/ballerinalang/compiler/semantics/analyzer/SymbolEnter$$Lambda+0x0000000100366ec0
instanceKlass  @bci org/wso2/ballerinalang/compiler/semantics/analyzer/SymbolEnter resolveFields (Lorg/wso2/ballerinalang/compiler/semantics/model/types/BStructureType;Lorg/wso2/ballerinalang/compiler/tree/types/BLangStructureTypeNode;)V 17 <appendix> member <vmtarget> ; # org/wso2/ballerinalang/compiler/semantics/analyzer/SymbolEnter$$Lambda+0x0000000100366c98
instanceKlass  @bci java/util/stream/MatchOps makeRef (Ljava/util/function/Predicate;Ljava/util/stream/MatchOps$MatchKind;)Ljava/util/stream/TerminalOp; 20 <appendix> member <vmtarget> ; # java/util/stream/MatchOps$$Lambda+0x0000000100271ea8
instanceKlass java/util/stream/MatchOps$BooleanTerminalSink
instanceKlass java/util/stream/MatchOps$MatchOp
instanceKlass java/util/stream/MatchOps
instanceKlass  @bci org/wso2/ballerinalang/compiler/semantics/analyzer/TypeResolver defineTypeDefinition (Lorg/wso2/ballerinalang/compiler/tree/BLangTypeDefinition;Lorg/wso2/ballerinalang/compiler/semantics/model/types/BType;Lorg/wso2/ballerinalang/compiler/semantics/model/SymbolEnv;)Lorg/wso2/ballerinalang/compiler/semantics/model/types/BType; 737 <appendix> argL0 ; # org/wso2/ballerinalang/compiler/semantics/analyzer/TypeResolver$$Lambda+0x0000000100366a58
instanceKlass  @bci org/wso2/ballerinalang/compiler/tree/BLangMarkdownDocumentation getDocumentation ()Ljava/lang/String; 7 <appendix> argL0 ; # org/wso2/ballerinalang/compiler/tree/BLangMarkdownDocumentation$$Lambda+0x0000000100366828
instanceKlass java/util/LinkedList$LLSpliterator
instanceKlass org/wso2/ballerinalang/compiler/semantics/analyzer/TypeResolver$ResolverData
instanceKlass org/wso2/ballerinalang/compiler/semantics/analyzer/TypeResolver$1
instanceKlass org/wso2/ballerinalang/compiler/semantics/analyzer/SymbolEnter$ImportResolveHolder
instanceKlass  @bci org/wso2/ballerinalang/compiler/semantics/analyzer/SymbolEnter visit (Lorg/wso2/ballerinalang/compiler/tree/BLangImportPackage;)V 374 <appendix> argL0 ; # org/wso2/ballerinalang/compiler/semantics/analyzer/SymbolEnter$$Lambda+0x0000000100366000
instanceKlass  @bci org/wso2/ballerinalang/compiler/semantics/analyzer/SymbolEnter visit (Lorg/wso2/ballerinalang/compiler/tree/BLangImportPackage;)V 346 <appendix> member <vmtarget> ; # org/wso2/ballerinalang/compiler/semantics/analyzer/SymbolEnter$$Lambda+0x0000000100363c30
instanceKlass  @bci org/wso2/ballerinalang/compiler/tree/BLangImportPackage getQualifiedPackageName ()Ljava/lang/String; 19 <appendix> argL0 ; # org/wso2/ballerinalang/compiler/tree/BLangImportPackage$$Lambda+0x0000000100363a00
instanceKlass  @bci org/wso2/ballerinalang/compiler/semantics/analyzer/SymbolEnter defineConstructs (Lorg/wso2/ballerinalang/compiler/tree/BLangPackage;Lorg/wso2/ballerinalang/compiler/semantics/model/SymbolEnv;)V 15 <appendix> member <vmtarget> ; # org/wso2/ballerinalang/compiler/semantics/analyzer/SymbolEnter$$Lambda+0x00000001003637d8
instanceKlass  @cpi io/ballerina/artifactsgenerator/ArtifactGenerationDebouncer 231 form vmentry <vmtarget> ; # java/lang/invoke/LambdaForm$DMH+0x0000000100364000
instanceKlass org/wso2/ballerinalang/compiler/semantics/analyzer/SymbolEnter$3
instanceKlass  @bci org/wso2/ballerinalang/compiler/semantics/analyzer/SymbolEnter populateCompilationUnit (Lorg/wso2/ballerinalang/compiler/tree/BLangPackage;Lorg/wso2/ballerinalang/compiler/tree/BLangCompilationUnit;)V 6 <appendix> member <vmtarget> ; # org/wso2/ballerinalang/compiler/semantics/analyzer/SymbolEnter$$Lambda+0x00000001003633b8
instanceKlass  @bci org/wso2/ballerinalang/compiler/semantics/analyzer/SymbolEnter populatePackageNode (Lorg/wso2/ballerinalang/compiler/tree/BLangPackage;)V 8 <appendix> member <vmtarget> ; # org/wso2/ballerinalang/compiler/semantics/analyzer/SymbolEnter$$Lambda+0x0000000100363190
instanceKlass  @bci org/wso2/ballerinalang/compiler/parser/BLangNodeBuilder transform (Lio/ballerina/compiler/syntax/tree/ClassDefinitionNode;)Lorg/wso2/ballerinalang/compiler/tree/BLangNode; 67 <appendix> member <vmtarget> ; # org/wso2/ballerinalang/compiler/parser/BLangNodeBuilder$$Lambda+0x0000000100362700
instanceKlass org/wso2/ballerinalang/compiler/tree/OCEDynamicEnvironmentData
instanceKlass  @bci org/wso2/ballerinalang/compiler/parser/BLangNodeBuilder transformCodeBlock (Ljava/util/LinkedList;Lio/ballerina/compiler/syntax/tree/MarkdownCodeBlockNode;)V 80 <appendix> member <vmtarget> ; # org/wso2/ballerinalang/compiler/parser/BLangNodeBuilder$$Lambda+0x00000001003622d0
instanceKlass  @bci io/ballerina/compiler/syntax/tree/AbstractNodeFactory createNodeList (Ljava/util/Collection;)Lio/ballerina/compiler/syntax/tree/NodeList; 20 <appendix> argL0 ; # io/ballerina/compiler/syntax/tree/AbstractNodeFactory$$Lambda+0x00000001003620a0
instanceKlass  @bci io/ballerina/compiler/syntax/tree/AbstractNodeFactory createNodeList (Ljava/util/Collection;)Lio/ballerina/compiler/syntax/tree/NodeList; 10 <appendix> argL0 ; # io/ballerina/compiler/syntax/tree/AbstractNodeFactory$$Lambda+0x0000000100361e70
instanceKlass io/ballerina/compiler/syntax/tree/Minutiae
instanceKlass io/ballerina/compiler/syntax/tree/MinutiaeList
instanceKlass io/ballerina/compiler/syntax/tree/AbstractNodeFactory
instanceKlass  @bci org/wso2/ballerinalang/compiler/parser/BLangNodeBuilder transform (Lio/ballerina/compiler/syntax/tree/IfElseStatementNode;)Lorg/wso2/ballerinalang/compiler/tree/BLangNode; 49 <appendix> member <vmtarget> ; # org/wso2/ballerinalang/compiler/parser/BLangNodeBuilder$$Lambda+0x0000000100361238
instanceKlass  @bci org/wso2/ballerinalang/compiler/parser/BLangNodeBuilder createBLangInvocation (Lio/ballerina/compiler/syntax/tree/Node;Lio/ballerina/compiler/syntax/tree/NodeList;Lio/ballerina/tools/diagnostics/Location;Z)Lorg/wso2/ballerinalang/compiler/tree/expressions/BLangInvocation; 65 <appendix> member <vmtarget> ; # org/wso2/ballerinalang/compiler/parser/BLangNodeBuilder$$Lambda+0x0000000100360bf0
instanceKlass  @bci org/wso2/ballerinalang/compiler/parser/BLangNodeBuilder transform (Lio/ballerina/compiler/syntax/tree/RequiredParameterNode;)Lorg/wso2/ballerinalang/compiler/tree/BLangNode; 7 <appendix> member <vmtarget> ; # org/wso2/ballerinalang/compiler/parser/BLangNodeBuilder$$Lambda+0x0000000100360228
instanceKlass  @bci org/wso2/ballerinalang/compiler/parser/BLangNodeBuilder transform (Lio/ballerina/compiler/syntax/tree/ImportDeclarationNode;)Lorg/wso2/ballerinalang/compiler/tree/BLangNode; 57 <appendix> member <vmtarget> ; # org/wso2/ballerinalang/compiler/parser/BLangNodeBuilder$$Lambda+0x0000000100360000
instanceKlass java/util/LinkedList$ListItr
instanceKlass  @bci org/wso2/ballerinalang/compiler/parser/BLangNodeBuilder transform (Lio/ballerina/compiler/syntax/tree/TypeDefinitionNode;)Lorg/wso2/ballerinalang/compiler/tree/BLangNode; 80 <appendix> member <vmtarget> ; # org/wso2/ballerinalang/compiler/parser/BLangNodeBuilder$$Lambda+0x000000010035fcf0
instanceKlass org/ballerinalang/model/TreeUtils
instanceKlass  @bci org/wso2/ballerinalang/compiler/parser/BLangNodeBuilder getAnnotations (Ljava/util/Optional;)Lio/ballerina/compiler/syntax/tree/NodeList; 1 <appendix> argL0 ; # org/wso2/ballerinalang/compiler/parser/BLangNodeBuilder$$Lambda+0x000000010035f8c8
instanceKlass org/wso2/ballerinalang/compiler/parser/BLangNodeBuilder$1
instanceKlass  @bci org/wso2/ballerinalang/compiler/parser/BLangNodeBuilder getDocumentationString (Ljava/util/Optional;)Ljava/util/Optional; 1 <appendix> argL0 ; # org/wso2/ballerinalang/compiler/parser/BLangNodeBuilder$$Lambda+0x000000010035f080
instanceKlass io/ballerina/compiler/syntax/tree/NodeTransformer
instanceKlass  @bci io/ballerina/compiler/syntax/tree/NonTerminalNode diagnostics ()Ljava/lang/Iterable; 10 <appendix> argL0 ; # io/ballerina/compiler/syntax/tree/NonTerminalNode$$Lambda+0x000000010035d5e8
instanceKlass io/ballerina/projects/internal/ModuleContextDataHolder
instanceKlass org/wso2/ballerinalang/compiler/semantics/analyzer/cyclefind/GlobalVariableRefAnalyzer
instanceKlass org/wso2/ballerinalang/compiler/bir/emit/BIREmitter
instanceKlass org/wso2/ballerinalang/compiler/bir/model/BIRNode$BIRMappingConstructorEntry
instanceKlass org/wso2/ballerinalang/compiler/bir/codegen/optimizer/LargeMethodOptimizer
instanceKlass org/wso2/ballerinalang/compiler/bir/model/BIRVisitor
instanceKlass org/wso2/ballerinalang/compiler/bir/optimizer/BIROptimizer
instanceKlass org/wso2/ballerinalang/compiler/bir/model/BIRAssignInstruction
instanceKlass org/wso2/ballerinalang/compiler/bir/model/BIRNode
instanceKlass org/wso2/ballerinalang/compiler/bir/model/BIRInstruction
instanceKlass org/wso2/ballerinalang/compiler/desugar/MockDesugar
instanceKlass org/wso2/ballerinalang/compiler/desugar/DeclarativeAuthDesugar
instanceKlass org/wso2/ballerinalang/compiler/desugar/ServiceDesugar
instanceKlass org/wso2/ballerinalang/compiler/desugar/LargeMethodSplitter
instanceKlass org/wso2/ballerinalang/compiler/desugar/Code2CloudDesugar
instanceKlass org/wso2/ballerinalang/compiler/desugar/ObservabilityDesugar
instanceKlass org/wso2/ballerinalang/compiler/desugar/AnnotationDesugar
instanceKlass org/ballerinalang/testerina/core/TesterinaRegistry
instanceKlass org/ballerinalang/compiler/plugins/AbstractCompilerPlugin
instanceKlass  @bci org/wso2/ballerinalang/compiler/semantics/analyzer/CompilerPluginRunner <init> (Lorg/wso2/ballerinalang/compiler/util/CompilerContext;)V 128 <appendix> member <vmtarget> ; # org/wso2/ballerinalang/compiler/semantics/analyzer/CompilerPluginRunner$$Lambda+0x0000000100347ad0
instanceKlass org/ballerinalang/compiler/plugins/CompilerPlugin
instanceKlass io/ballerina/projects/internal/CompilerPhaseRunner
instanceKlass io/ballerina/compiler/internal/parser/DocumentationParser$Lookahead
instanceKlass java/lang/foreign/MemorySegment
instanceKlass io/ballerina/compiler/internal/parser/DocumentationParser$1
instanceKlass io/ballerina/compiler/internal/parser/DocumentationLexer$1
instanceKlass io/ballerina/projects/internal/PackageDependencyGraphBuilder$1
instanceKlass  @bci io/ballerina/projects/internal/ResolutionEngine getBuiltInPkgDescDepGraph (Lio/ballerina/projects/PackageDependencyScope;Lio/ballerina/projects/PackageDescriptor;)Lio/ballerina/projects/DependencyGraph; 74 <appendix> member <vmtarget> ; # io/ballerina/projects/internal/ResolutionEngine$$Lambda+0x0000000100340f68
instanceKlass  @bci io/ballerina/projects/internal/ResolutionEngine populateStaticDependencyGraph (Ljava/util/Collection;)V 294 <appendix> member <vmtarget> ; # io/ballerina/projects/internal/ResolutionEngine$$Lambda+0x0000000100340d50
instanceKlass  @bci java/util/stream/Collectors mapMerger (Ljava/util/function/BinaryOperator;)Ljava/util/function/BinaryOperator; 1 <appendix> member <vmtarget> ; # java/util/stream/Collectors$$Lambda+0x0000000100270a48
instanceKlass  @bci java/util/stream/Collectors toMap (Ljava/util/function/Function;Ljava/util/function/Function;Ljava/util/function/BinaryOperator;Ljava/util/function/Supplier;)Ljava/util/stream/Collector; 3 <appendix> member <vmtarget> ; # java/util/stream/Collectors$$Lambda+0x0000000100270820
instanceKlass  @cpi io/ballerina/designmodelgenerator/extension/PublishArtifactsSubscriber 207 form vmentry <vmtarget> ; # java/lang/invoke/LambdaForm$DMH+0x0000000100346c00
instanceKlass  @bci java/util/stream/Collectors toMap (Ljava/util/function/Function;Ljava/util/function/Function;Ljava/util/function/BinaryOperator;)Ljava/util/stream/Collector; 3 <appendix> argL0 ; # java/util/stream/Collectors$$Lambda+0x0000000100270610
instanceKlass  @bci io/ballerina/projects/internal/environment/DefaultPackageResolver resolvePackageMetadata (Ljava/util/Collection;Lio/ballerina/projects/environment/ResolutionOptions;)Ljava/util/Collection; 437 <appendix> argL0 ; # io/ballerina/projects/internal/environment/DefaultPackageResolver$$Lambda+0x0000000100340b18
instanceKlass  @bci java/util/function/Function identity ()Ljava/util/function/Function; 0 <appendix> argL0 ; # java/util/function/Function$$Lambda+0x00000001002703e0
instanceKlass  @bci io/ballerina/projects/internal/environment/DefaultPackageResolver resolvePackageMetadata (Ljava/util/Collection;Lio/ballerina/projects/environment/ResolutionOptions;)Ljava/util/Collection; 429 <appendix> argL0 ; # io/ballerina/projects/internal/environment/DefaultPackageResolver$$Lambda+0x00000001003408e8
instanceKlass  @bci io/ballerina/projects/internal/environment/DefaultPackageResolver resolvePackageMetadata (Ljava/util/Collection;Lio/ballerina/projects/environment/ResolutionOptions;)Ljava/util/Collection; 419 <appendix> argL0 ; # io/ballerina/projects/internal/environment/DefaultPackageResolver$$Lambda+0x00000001003406b8
# instanceKlass java/lang/invoke/LambdaForm$MH+0x0000000100346800
# instanceKlass java/lang/invoke/LambdaForm$MH+0x0000000100346400
# instanceKlass java/lang/invoke/LambdaForm$MH+0x0000000100346000
# instanceKlass java/lang/invoke/LambdaForm$MH+0x0000000100345c00
# instanceKlass java/lang/invoke/LambdaForm$DMH+0x0000000100345800
instanceKlass  @bci io/ballerina/projects/internal/environment/DefaultPackageResolver resolvePackageMetadata (Ljava/util/Collection;Lio/ballerina/projects/environment/ResolutionOptions;)Ljava/util/Collection; 357 <appendix> argL0 ; # io/ballerina/projects/internal/environment/DefaultPackageResolver$$Lambda+0x0000000100340478
instanceKlass  @bci io/ballerina/projects/internal/BalaFiles loadModule (Ljava/lang/String;Ljava/lang/String;Ljava/nio/file/Path;Lio/ballerina/projects/internal/model/PackageJson;)Lio/ballerina/projects/internal/ModuleData; 205 <appendix> member <vmtarget> ; # io/ballerina/projects/internal/BalaFiles$$Lambda+0x0000000100340230
# instanceKlass java/lang/invoke/LambdaForm$MH+0x0000000100345400
# instanceKlass java/lang/invoke/LambdaForm$MH+0x0000000100345000
# instanceKlass java/lang/invoke/LambdaForm$MH+0x0000000100344c00
# instanceKlass java/lang/invoke/LambdaForm$BMH+0x0000000100344800
# instanceKlass java/lang/invoke/LambdaForm$DMH+0x0000000100344400
instanceKlass  @bci org/wso2/ballerinalang/compiler/semantics/analyzer/SemanticAnalyzer visit (Lorg/wso2/ballerinalang/compiler/tree/BLangSimpleVariable;Lorg/wso2/ballerinalang/compiler/semantics/analyzer/SemanticAnalyzer$AnalyzerData;)V 323 <appendix> form vmentry <vmtarget> ; # java/lang/invoke/LambdaForm$DMH+0x0000000100344000
instanceKlass  @bci io/ballerina/projects/internal/repositories/AbstractPackageRepository getCompatiblePackageVersions (Lio/ballerina/projects/PackageDescriptor;Lio/ballerina/projects/environment/PackageLockingMode;)Ljava/util/List; 99 <appendix> argL0 ; # io/ballerina/projects/internal/repositories/AbstractPackageRepository$$Lambda+0x0000000100340000
instanceKlass  @bci io/ballerina/projects/internal/repositories/AbstractPackageRepository getCompatiblePackageVersions (Lio/ballerina/projects/PackageDescriptor;Lio/ballerina/projects/environment/PackageLockingMode;)Ljava/util/List; 56 <appendix> argL0 ; # io/ballerina/projects/internal/repositories/AbstractPackageRepository$$Lambda+0x000000010033f950
instanceKlass io/ballerina/projects/environment/PackageMetadataResponse
instanceKlass  @bci io/ballerina/projects/internal/repositories/FileSystemRepository lambda$pathToVersions$0 (Ljava/nio/file/Path;)Ljava/lang/String; 12 <appendix> argL0 ; # io/ballerina/projects/internal/repositories/FileSystemRepository$$Lambda+0x000000010033f500
instanceKlass  @bci io/ballerina/projects/internal/repositories/FileSystemRepository lambda$pathToVersions$0 (Ljava/nio/file/Path;)Ljava/lang/String; 4 <appendix> argL0 ; # io/ballerina/projects/internal/repositories/FileSystemRepository$$Lambda+0x000000010033f2d0
instanceKlass  @bci io/ballerina/projects/internal/repositories/FileSystemRepository pathToVersions (Ljava/util/List;)Ljava/util/List; 25 <appendix> member <vmtarget> ; # io/ballerina/projects/internal/repositories/FileSystemRepository$$Lambda+0x000000010033f0a8
instanceKlass  @bci io/ballerina/projects/internal/repositories/FileSystemRepository pathToVersions (Ljava/util/List;)Ljava/util/List; 14 <appendix> argL0 ; # io/ballerina/projects/internal/repositories/FileSystemRepository$$Lambda+0x000000010033ee78
instanceKlass  @bci java/nio/file/Files asUncheckedRunnable (Ljava/io/Closeable;)Ljava/lang/Runnable; 1 <appendix> member <vmtarget> ; # java/nio/file/Files$$Lambda+0x000000010026fdf8
instanceKlass java/nio/file/Files$2
instanceKlass  @bci io/ballerina/projects/internal/ResolutionEngine populateStaticDependencyGraph (Ljava/util/Collection;)V 6 <appendix> argL0 ; # io/ballerina/projects/internal/ResolutionEngine$$Lambda+0x000000010033ec38
instanceKlass  @bci io/ballerina/projects/internal/ResolutionEngine resolvePackages (Ljava/util/Collection;)Ljava/util/Collection; 134 <appendix> argL0 ; # io/ballerina/projects/internal/ResolutionEngine$$Lambda+0x000000010033ea08
instanceKlass  @bci io/ballerina/projects/internal/PackageContainer getAll ()Ljava/util/Collection; 24 <appendix> argL0 ; # io/ballerina/projects/internal/PackageContainer$$Lambda+0x000000010033e7d8
instanceKlass  @bci io/ballerina/projects/internal/PackageContainer getAll ()Ljava/util/Collection; 14 <appendix> argL0 ; # io/ballerina/projects/internal/PackageContainer$$Lambda+0x000000010033e5a8
instanceKlass io/ballerina/projects/internal/ImportModuleResponse
instanceKlass io/ballerina/projects/internal/ImportModuleRequest
instanceKlass io/ballerina/projects/internal/ModuleResolver$DirectPackageDependency
instanceKlass  @bci io/ballerina/projects/internal/BlendedManifest dependency (Lio/ballerina/projects/PackageOrg;Lio/ballerina/projects/PackageName;Lio/ballerina/projects/internal/BlendedManifest$DependencyOrigin;)Ljava/util/Optional; 10 <appendix> member <vmtarget> ; # io/ballerina/projects/internal/BlendedManifest$$Lambda+0x000000010033d8e8
instanceKlass  @bci io/ballerina/projects/internal/ModuleResolver getPackageOrg (Lio/ballerina/projects/environment/ModuleLoadRequest;)Lio/ballerina/projects/PackageOrg; 15 <appendix> member <vmtarget> ; # io/ballerina/projects/internal/ModuleResolver$$Lambda+0x000000010033d6d0
instanceKlass io/ballerina/projects/internal/PackageDependencyGraphBuilder$Vertex
instanceKlass io/ballerina/projects/internal/PackageDependencyGraphBuilder
instanceKlass io/ballerina/projects/internal/ResolutionEngine
instanceKlass io/ballerina/projects/internal/model/CompilerPluginDescriptor$Plugin
instanceKlass io/ballerina/projects/internal/model/CompilerPluginDescriptor$Dependency
instanceKlass  @bci io/ballerina/projects/internal/BalaFiles setCompilerPluginDependencyPaths (Lio/ballerina/projects/internal/bala/CompilerPluginJson;Ljava/nio/file/Path;)V 22 <appendix> member <vmtarget> ; # io/ballerina/projects/internal/BalaFiles$$Lambda+0x000000010033c7e0
instanceKlass  @bci io/ballerina/projects/internal/TransactionImportValidator visit (Lio/ballerina/compiler/syntax/tree/FunctionDefinitionNode;)V 7 <appendix> argL0 ; # io/ballerina/projects/internal/TransactionImportValidator$$Lambda+0x000000010033c5b0
instanceKlass io/ballerina/compiler/syntax/tree/ChildNodeList$ChildNodeIterator
instanceKlass io/ballerina/compiler/syntax/tree/ChildNodeList
instanceKlass java/nio/file/TempFileHelper
instanceKlass  @bci io/ballerina/projects/repos/TempDirCompilationCache createTempProjectRoot ()Ljava/nio/file/Path; 3 <appendix> form vmentry <vmtarget> ; # java/lang/invoke/LambdaForm$MH+0x0000000100319400
instanceKlass  @bci io/ballerina/projects/repos/TempDirCompilationCache createTempProjectRoot ()Ljava/nio/file/Path; 3 <appendix> argL3 form vmentry <vmtarget> ; # java/lang/invoke/LambdaForm$MH+0x0000000100319000
# instanceKlass java/lang/invoke/LambdaForm$MH+0x0000000100318c00
# instanceKlass java/lang/invoke/LambdaForm$MH+0x0000000100318800
instanceKlass  @bci io/ballerina/projects/repos/TempDirCompilationCache createTempProjectRoot ()Ljava/nio/file/Path; 3 <appendix> argL1 form vmentry <vmtarget> ; # java/lang/invoke/LambdaForm$MH+0x0000000100318400
# instanceKlass java/lang/invoke/LambdaForm$MH+0x0000000100318000
instanceKlass io/ballerina/compiler/syntax/tree/NodeLocation
instanceKlass io/ballerina/projects/environment/ModuleLoadRequest
instanceKlass  @bci io/ballerina/projects/DocumentContext getModuleLoadRequest (Lio/ballerina/compiler/syntax/tree/ImportDeclarationNode;Lio/ballerina/projects/PackageDependencyScope;)Lio/ballerina/projects/environment/ModuleLoadRequest; 4 <appendix> argL0 ; # io/ballerina/projects/DocumentContext$$Lambda+0x0000000100312e48
instanceKlass io/ballerina/compiler/syntax/tree/NodeList$NodeListIterator
instanceKlass io/ballerina/compiler/syntax/tree/NodeList
instanceKlass  @bci io/ballerina/projects/directory/ProjectLoader loadProject (Ljava/nio/file/Path;Lio/ballerina/projects/ProjectEnvironmentBuilder;Lio/ballerina/projects/BuildOptions;)Lio/ballerina/projects/Project; 266 <appendix> argL0 ; # io/ballerina/projects/directory/ProjectLoader$$Lambda+0x0000000100307d00
instanceKlass io/ballerina/compiler/internal/syntax/NodeListUtils
instanceKlass io/ballerina/compiler/internal/parser/BallerinaParser$1
instanceKlass io/ballerina/compiler/internal/parser/tree/STNodeFlags
instanceKlass io/ballerina/compiler/internal/syntax/SyntaxUtils
instanceKlass io/ballerina/compiler/internal/parser/tree/STAbstractNodeFactory
instanceKlass io/ballerina/compiler/internal/parser/BallerinaLexer$1
instanceKlass io/ballerina/compiler/internal/parser/AbstractParserErrorHandler
instanceKlass io/ballerina/compiler/internal/parser/TokenReader$TokenBuffer
instanceKlass io/ballerina/compiler/internal/parser/tree/STNode
instanceKlass io/ballerina/compiler/internal/parser/AbstractLexer
instanceKlass io/ballerina/compiler/internal/parser/AbstractParser
instanceKlass io/ballerina/compiler/internal/parser/AbstractTokenReader
instanceKlass io/ballerina/compiler/internal/parser/ParserFactory
instanceKlass io/ballerina/projects/Module$Modifier
instanceKlass io/ballerina/projects/Document$Modifier
# instanceKlass java/lang/invoke/LambdaForm$MH+0x00000001002d1000
# instanceKlass java/lang/invoke/LambdaForm$MH+0x00000001002d0c00
instanceKlass java/lang/invoke/MethodHandleImpl$CountingWrapper$1
instanceKlass io/ballerina/projects/directory/ProjectLoader
instanceKlass org/ballerinalang/langserver/common/utils/ModuleUtil
instanceKlass io/ballerina/compiler/api/ModuleID
instanceKlass org/ballerinalang/langserver/LSPackageLoader$ModuleInfo
instanceKlass  @bci org/ballerinalang/langserver/LSPackageLoader lambda$checkAndResolvePackagesFromRepository$13 (Ljava/util/List;Ljava/lang/String;Ljava/util/Set;Lio/ballerina/projects/environment/PackageRepository;Ljava/util/List;Ljava/lang/String;)V 138 <appendix> member <vmtarget> ; # org/ballerinalang/langserver/LSPackageLoader$$Lambda+0x00000001002d6af8
instanceKlass  @bci io/ballerina/projects/internal/BalaFiles getPlatforms (Lio/ballerina/projects/internal/model/PackageJson;)Ljava/util/Map; 30 <appendix> member <vmtarget> ; # io/ballerina/projects/internal/BalaFiles$$Lambda+0x00000001002d68d0
instanceKlass io/ballerina/projects/CompilerBackend$TargetPlatform
instanceKlass  @bci org/ballerinalang/langserver/LSPackageLoader lambda$checkAndResolvePackagesFromRepository$14 (Ljava/util/List;Ljava/util/Set;Lio/ballerina/projects/environment/PackageRepository;Ljava/util/List;Ljava/lang/String;Ljava/util/List;)V 25 <appendix> member <vmtarget> ; # org/ballerinalang/langserver/LSPackageLoader$$Lambda+0x00000001002d5e98
instanceKlass  @bci io/ballerina/designmodelgenerator/extension/PublishArtifactsSubscriber onEvent (Lorg/ballerinalang/langserver/commons/client/ExtendedLanguageClient;Lorg/ballerinalang/langserver/commons/DocumentServiceContext;Lorg/ballerinalang/langserver/commons/LanguageServerContext;)V 176 <appendix> form vmentry <vmtarget> ; # java/lang/invoke/LambdaForm$DMH+0x00000001002d0800
instanceKlass  @bci org/ballerinalang/langserver/LSPackageLoader checkAndResolvePackagesFromRepository (Lio/ballerina/projects/environment/PackageRepository;Ljava/util/List;Ljava/util/Set;)Ljava/util/List; 25 <appendix> member <vmtarget> ; # org/ballerinalang/langserver/LSPackageLoader$$Lambda+0x00000001002d5c70
instanceKlass  @cpi org/ballerinalang/langserver/LSPackageLoader 780 form vmentry <vmtarget> ; # java/lang/invoke/LambdaForm$DMH+0x00000001002d0400
instanceKlass org/ballerinalang/langserver/workspace/BallerinaWorkspaceManager$ProjectContext
instanceKlass io/ballerina/projects/ProjectEnvironmentBuilder$1
instanceKlass  @bci io/ballerina/projects/internal/ProjectFiles createBuildOptions (Lio/ballerina/projects/PackageConfig;Lio/ballerina/projects/BuildOptions;Ljava/nio/file/Path;)Lio/ballerina/projects/BuildOptions; 59 <appendix> argL0 ; # io/ballerina/projects/internal/ProjectFiles$$Lambda+0x00000001002d4688
instanceKlass  @bci io/ballerina/projects/internal/ProjectFiles createBuildOptions (Lio/ballerina/projects/PackageConfig;Lio/ballerina/projects/BuildOptions;Ljava/nio/file/Path;)Lio/ballerina/projects/BuildOptions; 32 <appendix> argL0 ; # io/ballerina/projects/internal/ProjectFiles$$Lambda+0x00000001002d4458
instanceKlass  @bci io/ballerina/projects/internal/ProjectFiles createBuildOptions (Lio/ballerina/projects/PackageConfig;Lio/ballerina/projects/BuildOptions;Ljava/nio/file/Path;)Lio/ballerina/projects/BuildOptions; 6 <appendix> argL0 ; # io/ballerina/projects/internal/ProjectFiles$$Lambda+0x00000001002d4228
instanceKlass  @bci io/ballerina/projects/internal/DependencyManifestBuilder diagnostics ()Lio/ballerina/projects/DiagnosticResult; 17 <appendix> member <vmtarget> ; # io/ballerina/projects/internal/DependencyManifestBuilder$$Lambda+0x00000001002d4000
instanceKlass io/ballerina/projects/internal/DependencyManifestBuilder
instanceKlass io/ballerina/projects/internal/ManifestUtils
instanceKlass  @bci io/ballerina/compiler/api/impl/symbols/BallerinaSingletonTypeSymbol <init> (Lorg/wso2/ballerinalang/compiler/util/CompilerContext;Lorg/wso2/ballerinalang/compiler/semantics/model/types/BType;Ljava/lang/String;Lorg/wso2/ballerinalang/compiler/semantics/model/types/BType;)V 20 <appendix> argL2 form vmentry <vmtarget> ; # java/lang/invoke/LambdaForm$MH+0x00000001002d0000
instanceKlass  @bci io/ballerina/projects/util/ProjectUtils defaultName (Ljava/nio/file/Path;)Lio/ballerina/projects/PackageName; 9 <appendix> argL0 ; # io/ballerina/projects/util/ProjectUtils$$Lambda+0x00000001002cb1f8
instanceKlass io/ballerina/toml/semantic/ast/TomlTransformer$1
instanceKlass org/apache/commons/lang3/Validate
instanceKlass org/apache/commons/lang3/ArrayUtils
# instanceKlass java/lang/invoke/LambdaForm$MH+0x00000001002cac00
# instanceKlass java/lang/invoke/LambdaForm$MH+0x00000001002ca800
instanceKlass org/apache/commons/lang3/Range
instanceKlass java/util/stream/ForEachOps$ForEachOp
instanceKlass java/util/stream/ForEachOps
instanceKlass  @bci org/apache/commons/text/translate/AggregateTranslator <init> ([Lorg/apache/commons/text/translate/CharSequenceTranslator;)V 42 <appendix> member <vmtarget> ; # org/apache/commons/text/translate/AggregateTranslator$$Lambda+0x00000001002ce2d0
instanceKlass  @bci org/apache/commons/text/translate/AggregateTranslator <init> ([Lorg/apache/commons/text/translate/CharSequenceTranslator;)V 23 <appendix> argL0 ; # org/apache/commons/text/translate/AggregateTranslator$$Lambda+0x00000001002ce090
instanceKlass  @bci java/util/Collections$UnmodifiableMap$UnmodifiableEntrySet entryConsumer (Ljava/util/function/Consumer;)Ljava/util/function/Consumer; 1 <appendix> member <vmtarget> ; # java/util/Collections$UnmodifiableMap$UnmodifiableEntrySet$$Lambda+0x000000010026d1e0
instanceKlass  @bci org/apache/commons/text/translate/EntityArrays invert (Ljava/util/Map;)Ljava/util/Map; 16 <appendix> argL0 ; # org/apache/commons/text/translate/EntityArrays$$Lambda+0x00000001002cd838
instanceKlass  @bci org/apache/commons/text/translate/EntityArrays invert (Ljava/util/Map;)Ljava/util/Map; 11 <appendix> argL0 ; # org/apache/commons/text/translate/EntityArrays$$Lambda+0x00000001002cd608
instanceKlass java/util/Collections$UnmodifiableMap$UnmodifiableEntrySet$UnmodifiableEntrySetSpliterator
instanceKlass org/apache/commons/text/translate/EntityArrays
instanceKlass java/util/Collections$UnmodifiableMap$UnmodifiableEntrySet$UnmodifiableEntry
instanceKlass java/util/Collections$UnmodifiableMap$UnmodifiableEntrySet$1
instanceKlass org/apache/commons/text/translate/CharSequenceTranslator
instanceKlass org/apache/commons/text/StringEscapeUtils
instanceKlass io/ballerina/identifier/Utils
instanceKlass io/ballerina/toml/internal/parser/TomlParser$1
instanceKlass io/ballerina/projects/internal/ManifestBuilder
instanceKlass  @bci io/ballerina/projects/internal/PackageConfigCreator createBuildProjectConfig (Ljava/nio/file/Path;Z)Lio/ballerina/projects/PackageConfig; 95 <appendix> argL0 ; # io/ballerina/projects/internal/PackageConfigCreator$$Lambda+0x00000001002bf750
instanceKlass  @bci io/ballerina/projects/internal/PackageConfigCreator createBuildProjectConfig (Ljava/nio/file/Path;Z)Lio/ballerina/projects/PackageConfig; 74 <appendix> argL0 ; # io/ballerina/projects/internal/PackageConfigCreator$$Lambda+0x00000001002bf520
instanceKlass  @bci io/ballerina/projects/internal/PackageConfigCreator createBuildProjectConfig (Ljava/nio/file/Path;Z)Lio/ballerina/projects/PackageConfig; 53 <appendix> argL0 ; # io/ballerina/projects/internal/PackageConfigCreator$$Lambda+0x00000001002bf2f0
instanceKlass  @bci io/ballerina/projects/internal/PackageConfigCreator createBuildProjectConfig (Ljava/nio/file/Path;Z)Lio/ballerina/projects/PackageConfig; 33 <appendix> argL0 ; # io/ballerina/projects/internal/PackageConfigCreator$$Lambda+0x00000001002bf0c0
instanceKlass io/ballerina/projects/CompilerPluginCache
# instanceKlass java/lang/invoke/LambdaForm$MH+0x00000001002ca400
# instanceKlass java/lang/invoke/LambdaForm$MH+0x00000001002ca000
# instanceKlass java/lang/invoke/LambdaForm$MH+0x00000001002c9c00
# instanceKlass java/lang/invoke/LambdaForm$MH+0x00000001002c9800
# instanceKlass java/lang/invoke/LambdaForm$MH+0x00000001002c9400
# instanceKlass java/lang/invoke/LambdaForm$MH+0x00000001002c9000
# instanceKlass java/lang/invoke/LambdaForm$MH+0x00000001002c8c00
# instanceKlass java/lang/invoke/LambdaForm$MH+0x00000001002c8800
instanceKlass  @bci org/wso2/ballerinalang/compiler/semantics/analyzer/TypeParamAnalyzer createAnydataType (Lorg/wso2/ballerinalang/compiler/semantics/model/types/BUnionType;Lorg/ballerinalang/model/Name;J)Lorg/wso2/ballerinalang/compiler/semantics/model/types/BAnydataType; 35 <appendix> member <vmtarget> ; # org/wso2/ballerinalang/compiler/semantics/analyzer/TypeParamAnalyzer$$Lambda+0x00000001002be6d0
# instanceKlass java/lang/invoke/LambdaForm$MH+0x00000001002c8400
# instanceKlass java/lang/invoke/LambdaForm$MH+0x00000001002c8000
# instanceKlass java/lang/invoke/LambdaForm$MH+0x00000001002c7c00
# instanceKlass java/lang/invoke/LambdaForm$MH+0x00000001002c7800
# instanceKlass java/lang/invoke/LambdaForm$MH+0x00000001002c7400
# instanceKlass java/lang/invoke/LambdaForm$MH+0x00000001002c7000
# instanceKlass java/lang/invoke/LambdaForm$MH+0x00000001002c6c00
# instanceKlass java/lang/invoke/LambdaForm$MH+0x00000001002c6800
# instanceKlass java/lang/invoke/LambdaForm$MH+0x00000001002c6400
# instanceKlass java/lang/invoke/LambdaForm$MH+0x00000001002c6000
# instanceKlass java/lang/invoke/LambdaForm$MH+0x00000001002c5c00
instanceKlass jdk/internal/math/DoubleToDecimal
instanceKlass io/ballerina/types/EnumerableFloat
# instanceKlass java/lang/invoke/LambdaForm$MH+0x00000001002c5800
# instanceKlass io/ballerina/projects/CompilerPluginManager$$Lambda+0x00000001002bdca8
instanceKlass  @bci io/ballerina/projects/CompilerPluginManager loadEngagedCompilerPlugins (Ljava/util/List;)Ljava/util/List; 48 <appendix> member <vmtarget> ; # io/ballerina/projects/CompilerPluginManager$$Lambda+0x00000001002bda80
instanceKlass io/ballerina/projects/DependencyManifest$Dependency
instanceKlass org/wso2/ballerinalang/compiler/tree/BLangConstantValue
instanceKlass  @bci org/wso2/ballerinalang/compiler/desugar/Code2CloudDesugar <init> (Lorg/wso2/ballerinalang/compiler/util/CompilerContext;)V 89 <appendix> form vmentry <vmtarget> ; # java/lang/invoke/LambdaForm$MH+0x00000001002c5400
# instanceKlass java/lang/invoke/LambdaForm$MH+0x00000001002c4c00
instanceKlass  @bci org/wso2/ballerinalang/compiler/desugar/Code2CloudDesugar <init> (Lorg/wso2/ballerinalang/compiler/util/CompilerContext;)V 89 <appendix> argL3 form vmentry <vmtarget> ; # java/lang/invoke/LambdaForm$MH+0x00000001002c4400
# instanceKlass java/lang/invoke/LambdaForm$MH+0x00000001002c3c00
# instanceKlass java/lang/invoke/LambdaForm$MH+0x00000001002c3400
# instanceKlass java/lang/invoke/LambdaForm$MH+0x00000001002c2c00
# instanceKlass java/lang/invoke/LambdaForm$MH+0x00000001002c2000
instanceKlass  @bci org/wso2/ballerinalang/compiler/desugar/Code2CloudDesugar <init> (Lorg/wso2/ballerinalang/compiler/util/CompilerContext;)V 89 <appendix> argL1 form vmentry <vmtarget> ; # java/lang/invoke/LambdaForm$MH+0x00000001002c1c00
# instanceKlass java/lang/invoke/LambdaForm$MH+0x00000001002c1000
# instanceKlass java/lang/invoke/LambdaForm$MH+0x00000001002c0c00
# instanceKlass java/lang/invoke/LambdaForm$MH+0x00000001002c0400
instanceKlass org/wso2/ballerinalang/compiler/semantics/model/types/BTypeIdSet$BTypeId
instanceKlass org/wso2/ballerinalang/compiler/semantics/model/types/BObjectType$DistinctIdSupplier
instanceKlass io/ballerina/projects/plugins/CodeAnalyzer
instanceKlass io/ballerina/projects/plugins/codeaction/CodeAction
instanceKlass io/ballerina/projects/plugins/CompilerPlugin
instanceKlass io/ballerina/projects/internal/plugins/CompilerPlugins
instanceKlass  @bci io/ballerina/projects/CompilerPluginManager getDirectDependencies (Lio/ballerina/projects/ResolvedPackageDependency;Lio/ballerina/projects/DependencyGraph;)Ljava/util/List; 10 <appendix> argL0 ; # io/ballerina/projects/CompilerPluginManager$$Lambda+0x00000001002bb640
# instanceKlass io/ballerina/projects/CompilerPluginManager$$Lambda+0x00000001002bb410
instanceKlass io/ballerina/projects/CompilerPluginInfo
instanceKlass io/ballerina/projects/plugins/CompilerPluginContext
instanceKlass io/ballerina/projects/CompilerPluginManager
instanceKlass org/wso2/ballerinalang/compiler/util/CompilerUtils
instanceKlass  @bci org/wso2/ballerinalang/compiler/PackageCache putSymbol (Lorg/ballerinalang/model/elements/PackageID;Lorg/wso2/ballerinalang/compiler/semantics/model/symbols/BPackageSymbol;)V 21 <appendix> argL0 ; # org/wso2/ballerinalang/compiler/PackageCache$$Lambda+0x00000001002ba780
# instanceKlass org/wso2/ballerinalang/compiler/PackageCache$$Lambda+0x00000001002ba550
instanceKlass org/wso2/ballerinalang/compiler/semantics/model/SymbolEnv
# instanceKlass org/wso2/ballerinalang/compiler/BIRPackageSymbolEnter$$Lambda+0x00000001002ba118
instanceKlass  @bci org/wso2/ballerinalang/compiler/BIRPackageSymbolEnter definePackage (Ljava/io/DataInputStream;I)Lorg/wso2/ballerinalang/compiler/semantics/model/symbols/BPackageSymbol; 240 <appendix> member <vmtarget> ; # org/wso2/ballerinalang/compiler/BIRPackageSymbolEnter$$Lambda+0x00000001002b9f00
instanceKlass org/wso2/ballerinalang/util/AttachPoints$1
instanceKlass org/wso2/ballerinalang/util/AttachPoints
instanceKlass org/ballerinalang/model/elements/AttachPoint
# instanceKlass org/wso2/ballerinalang/compiler/BIRPackageSymbolEnter$$Lambda+0x00000001002b92d8
instanceKlass  @bci org/wso2/ballerinalang/compiler/BIRPackageSymbolEnter definePackage (Ljava/io/DataInputStream;I)Lorg/wso2/ballerinalang/compiler/semantics/model/symbols/BPackageSymbol; 226 <appendix> member <vmtarget> ; # org/wso2/ballerinalang/compiler/BIRPackageSymbolEnter$$Lambda+0x00000001002b90c0
# instanceKlass org/wso2/ballerinalang/compiler/BIRPackageSymbolEnter$$Lambda+0x00000001002b8ea8
instanceKlass  @bci org/wso2/ballerinalang/compiler/BIRPackageSymbolEnter definePackage (Ljava/io/DataInputStream;I)Lorg/wso2/ballerinalang/compiler/semantics/model/symbols/BPackageSymbol; 212 <appendix> member <vmtarget> ; # org/wso2/ballerinalang/compiler/BIRPackageSymbolEnter$$Lambda+0x00000001002b8c90
# instanceKlass org/wso2/ballerinalang/compiler/BIRPackageSymbolEnter$$Lambda+0x00000001002b8860
instanceKlass  @bci org/wso2/ballerinalang/compiler/BIRPackageSymbolEnter readTypeDefBodies (Ljava/io/DataInputStream;)V 56 <appendix> member <vmtarget> ; # org/wso2/ballerinalang/compiler/BIRPackageSymbolEnter$$Lambda+0x00000001002b8a78
# instanceKlass org/wso2/ballerinalang/compiler/BIRPackageSymbolEnter$$Lambda+0x00000001002b8430
instanceKlass  @bci org/wso2/ballerinalang/compiler/BIRPackageSymbolEnter readTypeDefBodies (Ljava/io/DataInputStream;)V 42 <appendix> member <vmtarget> ; # org/wso2/ballerinalang/compiler/BIRPackageSymbolEnter$$Lambda+0x00000001002b8648
# instanceKlass org/wso2/ballerinalang/compiler/BIRPackageSymbolEnter$$Lambda+0x00000001002b8000
instanceKlass  @bci org/wso2/ballerinalang/compiler/BIRPackageSymbolEnter definePackage (Ljava/io/DataInputStream;I)Lorg/wso2/ballerinalang/compiler/semantics/model/symbols/BPackageSymbol; 193 <appendix> member <vmtarget> ; # org/wso2/ballerinalang/compiler/BIRPackageSymbolEnter$$Lambda+0x00000001002b8218
instanceKlass org/ballerinalang/model/elements/MarkdownDocAttachment$Parameter
instanceKlass org/wso2/ballerinalang/compiler/semantics/model/types/BField
instanceKlass org/wso2/ballerinalang/compiler/semantics/model/types/NamedNode
instanceKlass org/ballerinalang/model/types/Field
instanceKlass org/ballerinalang/model/elements/MarkdownDocAttachment
instanceKlass java/util/LinkedList$Node
instanceKlass org/wso2/ballerinalang/compiler/BIRPackageSymbolEnter$BIRTypeReader
# instanceKlass org/wso2/ballerinalang/compiler/BIRPackageSymbolEnter$$Lambda+0x00000001002b79b0
instanceKlass  @bci org/wso2/ballerinalang/compiler/BIRPackageSymbolEnter definePackage (Ljava/io/DataInputStream;I)Lorg/wso2/ballerinalang/compiler/semantics/model/symbols/BPackageSymbol; 179 <appendix> member <vmtarget> ; # org/wso2/ballerinalang/compiler/BIRPackageSymbolEnter$$Lambda+0x00000001002b7798
# instanceKlass org/wso2/ballerinalang/compiler/BIRPackageSymbolEnter$$Lambda+0x00000001002b7580
instanceKlass  @bci org/wso2/ballerinalang/compiler/BIRPackageSymbolEnter definePackage (Ljava/io/DataInputStream;I)Lorg/wso2/ballerinalang/compiler/semantics/model/symbols/BPackageSymbol; 154 <appendix> member <vmtarget> ; # org/wso2/ballerinalang/compiler/BIRPackageSymbolEnter$$Lambda+0x00000001002b7368
# instanceKlass org/wso2/ballerinalang/util/LambdaExceptionUtils$$Lambda+0x00000001002b7140
instanceKlass  @bci org/wso2/ballerinalang/util/LambdaExceptionUtils rethrow (Lorg/wso2/ballerinalang/util/LambdaExceptionUtils$ConsumerWithExceptions;)Ljava/util/function/Consumer; 1 <appendix> member <vmtarget> ; # org/wso2/ballerinalang/util/LambdaExceptionUtils$$Lambda+0x00000001002b6f18
instanceKlass org/wso2/ballerinalang/util/LambdaExceptionUtils
# instanceKlass org/wso2/ballerinalang/compiler/BIRPackageSymbolEnter$$Lambda+0x00000001002b6b08
instanceKlass  @bci org/wso2/ballerinalang/compiler/BIRPackageSymbolEnter definePackage (Ljava/io/DataInputStream;I)Lorg/wso2/ballerinalang/compiler/semantics/model/symbols/BPackageSymbol; 140 <appendix> member <vmtarget> ; # org/wso2/ballerinalang/compiler/BIRPackageSymbolEnter$$Lambda+0x00000001002b68f0
instanceKlass org/wso2/ballerinalang/util/LambdaExceptionUtils$ConsumerWithExceptions
instanceKlass org/wso2/ballerinalang/compiler/BIRPackageSymbolEnter$1
instanceKlass jdk/internal/util/ByteArray
instanceKlass org/wso2/ballerinalang/programfile/CompiledBinaryFile
instanceKlass org/wso2/ballerinalang/compiler/BIRPackageSymbolEnter$BIRPackageSymbolEnv
instanceKlass org/wso2/ballerinalang/compiler/bir/writer/CPEntry
instanceKlass org/wso2/ballerinalang/compiler/BIRPackageSymbolEnter
instanceKlass org/apache/commons/io/filefilter/IOFileFilter
instanceKlass java/io/FilenameFilter
instanceKlass java/io/FileFilter
instanceKlass org/apache/commons/io/file/PathFilter
instanceKlass org/apache/commons/io/FileUtils
# instanceKlass io/ballerina/projects/Diagnostics$$Lambda+0x00000001002ae090
instanceKlass  @bci io/ballerina/projects/Diagnostics filterDiagnostics (Ljava/util/Collection;Lio/ballerina/tools/diagnostics/DiagnosticSeverity;)Ljava/util/Collection; 2 <appendix> member <vmtarget> ; # io/ballerina/projects/Diagnostics$$Lambda+0x00000001002ade48
instanceKlass io/ballerina/projects/Diagnostics
# instanceKlass io/ballerina/projects/Module$$Lambda+0x00000001002ad5f8
instanceKlass  @bci io/ballerina/projects/Module <init> (Lio/ballerina/projects/ModuleContext;Lio/ballerina/projects/Package;)V 50 <appendix> member <vmtarget> ; # io/ballerina/projects/Module$$Lambda+0x00000001002ad3c0
# instanceKlass io/ballerina/projects/DependencyGraph$$Lambda+0x00000001002ad1a0
instanceKlass  @bci io/ballerina/projects/DependencyGraph toTopologicallySortedList ()Ljava/util/List; 133 <appendix> argL0 ; # io/ballerina/projects/DependencyGraph$$Lambda+0x00000001002acf80
instanceKlass  @bci org/ballerinalang/langserver/LSPackageLoader$ModuleInfo <init> (Lio/ballerina/projects/Package;)V 82 <appendix> form vmentry <vmtarget> ; # java/lang/invoke/LambdaForm$MH+0x00000001002b2c00
# instanceKlass java/lang/invoke/LambdaForm$MH+0x00000001002b2000
instanceKlass  @bci org/ballerinalang/langserver/LSPackageLoader$ModuleInfo <init> (Lio/ballerina/projects/Package;)V 82 <appendix> argL3 form vmentry <vmtarget> ; # java/lang/invoke/LambdaForm$MH+0x00000001002b1c00
# instanceKlass java/lang/invoke/LambdaForm$MH+0x00000001002b1400
# instanceKlass java/lang/invoke/LambdaForm$MH+0x00000001002b0c00
# instanceKlass java/lang/invoke/LambdaForm$MH+0x00000001002b0400
instanceKlass io/ballerina/projects/PackageResolution$DependencyResolution
instanceKlass  @bci io/ballerina/projects/PackageResolution buildPackageGraph (Lio/ballerina/projects/DependencyGraph;Lio/ballerina/projects/Package;Lio/ballerina/projects/environment/PackageResolver;)Lio/ballerina/projects/DependencyGraph; 368 <appendix> argL0 ; # io/ballerina/projects/PackageResolution$$Lambda+0x00000001002acb38
# instanceKlass io/ballerina/projects/PackageResolution$$Lambda+0x00000001002ac908
# instanceKlass io/ballerina/projects/PackageResolution$$Lambda+0x00000001002ac6d0
instanceKlass  @bci io/ballerina/projects/PackageResolution buildPackageGraph (Lio/ballerina/projects/DependencyGraph;Lio/ballerina/projects/Package;Lio/ballerina/projects/environment/PackageResolver;)Lio/ballerina/projects/DependencyGraph; 358 <appendix> member <vmtarget> ; # io/ballerina/projects/PackageResolution$$Lambda+0x00000001002ac498
# instanceKlass io/ballerina/projects/PackageResolution$$Lambda+0x00000001002ac260
instanceKlass  @bci io/ballerina/projects/PackageResolution buildPackageGraph (Lio/ballerina/projects/DependencyGraph;Lio/ballerina/projects/Package;Lio/ballerina/projects/environment/PackageResolver;)Lio/ballerina/projects/DependencyGraph; 83 <appendix> member <vmtarget> ; # io/ballerina/projects/PackageResolution$$Lambda+0x00000001002ac028
# instanceKlass io/ballerina/projects/PackageResolution$$Lambda+0x00000001002abde0
instanceKlass  @bci io/ballerina/projects/PackageResolution buildPackageGraph (Lio/ballerina/projects/DependencyGraph;Lio/ballerina/projects/Package;Lio/ballerina/projects/environment/PackageResolver;)Lio/ballerina/projects/DependencyGraph; 72 <appendix> member <vmtarget> ; # io/ballerina/projects/PackageResolution$$Lambda+0x00000001002abb98
instanceKlass io/ballerina/projects/internal/ResolutionEngine$DependencyNode
instanceKlass io/ballerina/projects/internal/ModuleResolver
# instanceKlass io/ballerina/projects/PackageResolution$$Lambda+0x00000001002ab2e0
instanceKlass  @bci io/ballerina/projects/PackageResolution createModuleResolver (Lio/ballerina/projects/PackageContext;Lio/ballerina/projects/environment/ProjectEnvironment;)Lio/ballerina/projects/internal/ModuleResolver; 25 <appendix> argL0 ; # io/ballerina/projects/PackageResolution$$Lambda+0x00000001002ab510
# instanceKlass io/ballerina/projects/PackageResolution$$Lambda+0x00000001002ab0a8
instanceKlass  @bci io/ballerina/projects/PackageResolution createModuleResolver (Lio/ballerina/projects/PackageContext;Lio/ballerina/projects/environment/ProjectEnvironment;)Lio/ballerina/projects/internal/ModuleResolver; 15 <appendix> member <vmtarget> ; # io/ballerina/projects/PackageResolution$$Lambda+0x00000001002aae70
# instanceKlass io/ballerina/projects/internal/BlendedManifest$$Lambda+0x00000001002aa820
instanceKlass  @bci io/ballerina/projects/internal/BlendedManifest moduleNames (Lio/ballerina/projects/DependencyManifest$Package;)Ljava/util/Collection; 9 <appendix> argL0 ; # io/ballerina/projects/internal/BlendedManifest$$Lambda+0x00000001002aa5f0
instanceKlass io/ballerina/projects/DependencyManifest$Module
instanceKlass io/ballerina/projects/internal/BlendedManifest$Dependency
instanceKlass io/ballerina/projects/internal/BlendedManifest$Repository
instanceKlass io/ballerina/projects/internal/BlendedManifest
instanceKlass io/ballerina/projects/PackageResolution
instanceKlass  @bci io/ballerina/projects/Bootstrap loadLangLibFromBala (Lio/ballerina/projects/environment/ResolutionRequest;)V 25 <appendix> argL0 ; # io/ballerina/projects/Bootstrap$$Lambda+0x00000001002a8f40
# instanceKlass io/ballerina/projects/Bootstrap$$Lambda+0x00000001002a8d20
# instanceKlass io/ballerina/projects/internal/environment/EnvironmentPackageCache$$Lambda+0x00000001002a88b8
instanceKlass  @bci io/ballerina/projects/internal/environment/EnvironmentPackageCache cache (Lio/ballerina/projects/Package;)V 43 <appendix> argL0 ; # io/ballerina/projects/internal/environment/EnvironmentPackageCache$$Lambda+0x00000001002a8688
instanceKlass  @bci io/ballerina/projects/internal/environment/EnvironmentPackageCache cache (Lio/ballerina/projects/Package;)V 26 <appendix> argL0 ; # io/ballerina/projects/internal/environment/EnvironmentPackageCache$$Lambda+0x00000001002a8228
# instanceKlass io/ballerina/projects/internal/environment/EnvironmentPackageCache$$Lambda+0x00000001002a8458
# instanceKlass io/ballerina/projects/internal/environment/DefaultPackageResolver$$Lambda+0x00000001002a8000
instanceKlass  @bci io/ballerina/projects/internal/environment/DefaultPackageResolver resolvePackage (Lio/ballerina/projects/environment/ResolutionRequest;Lio/ballerina/projects/environment/ResolutionOptions;)Lio/ballerina/projects/environment/ResolutionResponse; 30 <appendix> member <vmtarget> ; # io/ballerina/projects/internal/environment/DefaultPackageResolver$$Lambda+0x00000001002a7c90
# instanceKlass io/ballerina/projects/Package$$Lambda+0x00000001002a7a58
instanceKlass  @bci io/ballerina/projects/Package <init> (Lio/ballerina/projects/PackageContext;Lio/ballerina/projects/Project;)V 108 <appendix> member <vmtarget> ; # io/ballerina/projects/Package$$Lambda+0x00000001002a7820
instanceKlass io/ballerina/projects/Resource
instanceKlass  @bci io/ballerina/projects/Package <init> (Lio/ballerina/projects/PackageContext;Lio/ballerina/projects/Project;)V 76 <appendix> member <vmtarget> ; # io/ballerina/projects/Package$$Lambda+0x00000001002a7180
# instanceKlass io/ballerina/projects/Package$$Lambda+0x00000001002a73b8
# instanceKlass io/ballerina/projects/PackageContext$$Lambda+0x00000001002a6f50
instanceKlass  @bci io/ballerina/projects/PackageContext from (Lio/ballerina/projects/Project;Lio/ballerina/projects/PackageConfig;Lio/ballerina/projects/CompilationOptions;)Lio/ballerina/projects/PackageContext; 308 <appendix> argL0 ; # io/ballerina/projects/PackageContext$$Lambda+0x00000001002a6d20
# instanceKlass io/ballerina/projects/PackageContext$$Lambda+0x00000001002a6af0
instanceKlass  @bci io/ballerina/projects/PackageContext from (Lio/ballerina/projects/Project;Lio/ballerina/projects/PackageConfig;Lio/ballerina/projects/CompilationOptions;)Lio/ballerina/projects/PackageContext; 289 <appendix> argL0 ; # io/ballerina/projects/PackageContext$$Lambda+0x00000001002a68c0
instanceKlass  @bci io/ballerina/projects/PackageContext from (Lio/ballerina/projects/Project;Lio/ballerina/projects/PackageConfig;Lio/ballerina/projects/CompilationOptions;)Lio/ballerina/projects/PackageContext; 270 <appendix> argL0 ; # io/ballerina/projects/PackageContext$$Lambda+0x00000001002a6460
# instanceKlass io/ballerina/projects/PackageContext$$Lambda+0x00000001002a6690
instanceKlass  @bci io/ballerina/projects/PackageContext from (Lio/ballerina/projects/Project;Lio/ballerina/projects/PackageConfig;Lio/ballerina/projects/CompilationOptions;)Lio/ballerina/projects/PackageContext; 251 <appendix> argL0 ; # io/ballerina/projects/PackageContext$$Lambda+0x00000001002a6230
# instanceKlass io/ballerina/projects/PackageContext$$Lambda+0x00000001002a6000
# instanceKlass io/ballerina/projects/PackageContext$$Lambda+0x00000001002a5dd0
instanceKlass  @bci io/ballerina/projects/PackageContext from (Lio/ballerina/projects/Project;Lio/ballerina/projects/PackageConfig;Lio/ballerina/projects/CompilationOptions;)Lio/ballerina/projects/PackageContext; 232 <appendix> argL0 ; # io/ballerina/projects/PackageContext$$Lambda+0x00000001002a5ba0
# instanceKlass io/ballerina/projects/PackageContext$$Lambda+0x00000001002a5970
instanceKlass  @bci io/ballerina/projects/PackageContext from (Lio/ballerina/projects/Project;Lio/ballerina/projects/PackageConfig;Lio/ballerina/projects/CompilationOptions;)Lio/ballerina/projects/PackageContext; 213 <appendix> argL0 ; # io/ballerina/projects/PackageContext$$Lambda+0x00000001002a5740
instanceKlass io/ballerina/projects/TomlDocumentContext
# instanceKlass io/ballerina/projects/ModuleContext$$Lambda+0x00000001002a5308
instanceKlass  @bci io/ballerina/projects/ModuleContext from (Lio/ballerina/projects/Project;Lio/ballerina/projects/ModuleConfig;Z)Lio/ballerina/projects/ModuleContext; 150 <appendix> argL0 ; # io/ballerina/projects/ModuleContext$$Lambda+0x00000001002a50d8
instanceKlass io/ballerina/projects/MdDocumentContext
instanceKlass io/ballerina/projects/DocumentContext
instanceKlass io/ballerina/projects/ModuleContext
instanceKlass io/ballerina/projects/PackageContext
instanceKlass io/ballerina/projects/internal/bala/BalaJson
instanceKlass io/ballerina/projects/internal/environment/ProjectPackageCache
instanceKlass io/ballerina/projects/PackageConfig
# instanceKlass io/ballerina/projects/internal/PackageConfigCreator$$Lambda+0x00000001002a3d00
instanceKlass  @bci io/ballerina/projects/internal/PackageConfigCreator createPackageConfig (Lio/ballerina/projects/internal/PackageData;Lio/ballerina/projects/PackageManifest;Lio/ballerina/projects/DependencyManifest;Lio/ballerina/projects/DependencyGraph;Ljava/util/Map;Z)Lio/ballerina/projects/PackageConfig; 245 <appendix> argL0 ; # io/ballerina/projects/internal/PackageConfigCreator$$Lambda+0x00000001002a3ad0
# instanceKlass io/ballerina/projects/internal/PackageConfigCreator$$Lambda+0x00000001002a38a0
instanceKlass  @bci io/ballerina/projects/internal/PackageConfigCreator createPackageConfig (Lio/ballerina/projects/internal/PackageData;Lio/ballerina/projects/PackageManifest;Lio/ballerina/projects/DependencyManifest;Lio/ballerina/projects/DependencyGraph;Ljava/util/Map;Z)Lio/ballerina/projects/PackageConfig; 156 <appendix> argL0 ; # io/ballerina/projects/internal/PackageConfigCreator$$Lambda+0x00000001002a3670
# instanceKlass io/ballerina/projects/internal/PackageConfigCreator$$Lambda+0x00000001002a3440
instanceKlass  @bci io/ballerina/projects/internal/PackageConfigCreator createPackageConfig (Lio/ballerina/projects/internal/PackageData;Lio/ballerina/projects/PackageManifest;Lio/ballerina/projects/DependencyManifest;Lio/ballerina/projects/DependencyGraph;Ljava/util/Map;Z)Lio/ballerina/projects/PackageConfig; 135 <appendix> argL0 ; # io/ballerina/projects/internal/PackageConfigCreator$$Lambda+0x00000001002a3210
# instanceKlass io/ballerina/projects/internal/PackageConfigCreator$$Lambda+0x00000001002a2fe0
instanceKlass  @bci io/ballerina/projects/internal/PackageConfigCreator createPackageConfig (Lio/ballerina/projects/internal/PackageData;Lio/ballerina/projects/PackageManifest;Lio/ballerina/projects/DependencyManifest;Lio/ballerina/projects/DependencyGraph;Ljava/util/Map;Z)Lio/ballerina/projects/PackageConfig; 114 <appendix> argL0 ; # io/ballerina/projects/internal/PackageConfigCreator$$Lambda+0x00000001002a2db0
# instanceKlass io/ballerina/projects/internal/PackageConfigCreator$$Lambda+0x00000001002a2b80
instanceKlass  @bci io/ballerina/projects/internal/PackageConfigCreator createPackageConfig (Lio/ballerina/projects/internal/PackageData;Lio/ballerina/projects/PackageManifest;Lio/ballerina/projects/DependencyManifest;Lio/ballerina/projects/DependencyGraph;Ljava/util/Map;Z)Lio/ballerina/projects/PackageConfig; 93 <appendix> argL0 ; # io/ballerina/projects/internal/PackageConfigCreator$$Lambda+0x00000001002a2950
# instanceKlass io/ballerina/projects/internal/PackageConfigCreator$$Lambda+0x00000001002a2720
instanceKlass  @bci io/ballerina/projects/internal/PackageConfigCreator createPackageConfig (Lio/ballerina/projects/internal/PackageData;Lio/ballerina/projects/PackageManifest;Lio/ballerina/projects/DependencyManifest;Lio/ballerina/projects/DependencyGraph;Ljava/util/Map;Z)Lio/ballerina/projects/PackageConfig; 72 <appendix> argL0 ; # io/ballerina/projects/internal/PackageConfigCreator$$Lambda+0x00000001002a24f0
# instanceKlass java/util/stream/StreamSpliterators$WrappingSpliterator$$Lambda+0x0000000100269368
instanceKlass  @bci java/util/stream/StreamSpliterators$WrappingSpliterator forEachRemaining (Ljava/util/function/Consumer;)V 33 <appendix> member <vmtarget> ; # java/util/stream/StreamSpliterators$WrappingSpliterator$$Lambda+0x00000001002690c8
instanceKlass java/util/stream/StreamSpliterators
instanceKlass java/util/stream/Streams$2
instanceKlass java/util/stream/StreamSpliterators$AbstractWrappingSpliterator
instanceKlass  @bci java/util/stream/AbstractPipeline spliterator ()Ljava/util/Spliterator; 103 <appendix> member <vmtarget> ; # java/util/stream/AbstractPipeline$$Lambda+0x0000000100268588
# instanceKlass java/util/stream/AbstractPipeline$$Lambda+0x0000000100268370
instanceKlass java/util/stream/Streams$ConcatSpliterator
instanceKlass  @bci io/ballerina/projects/internal/PackageConfigCreator createModuleConfig (Lio/ballerina/projects/ModuleDescriptor;Lio/ballerina/projects/internal/ModuleData;Lio/ballerina/projects/PackageId;Ljava/util/List;)Lio/ballerina/projects/ModuleConfig; 39 <appendix> argL0 ; # io/ballerina/projects/internal/PackageConfigCreator$$Lambda+0x00000001002a2090
# instanceKlass io/ballerina/projects/internal/PackageConfigCreator$$Lambda+0x00000001002a22c0
# instanceKlass io/ballerina/projects/internal/PackageConfigCreator$$Lambda+0x00000001002a1e58
instanceKlass  @bci io/ballerina/projects/internal/PackageConfigCreator getDocumentConfigs (Lio/ballerina/projects/ModuleId;Ljava/util/List;)Ljava/util/List; 20 <appendix> member <vmtarget> ; # io/ballerina/projects/internal/PackageConfigCreator$$Lambda+0x00000001002a1c20
instanceKlass io/ballerina/projects/DocumentConfig
instanceKlass java/util/stream/SortedOps
# instanceKlass io/ballerina/projects/internal/PackageConfigCreator$$Lambda+0x00000001002a17d8
instanceKlass  @bci io/ballerina/projects/internal/PackageConfigCreator getDocumentConfigs (Lio/ballerina/projects/ModuleId;Ljava/util/List;)Ljava/util/List; 6 <appendix> argL0 ; # io/ballerina/projects/internal/PackageConfigCreator$$Lambda+0x00000001002a15a8
# instanceKlass io/ballerina/projects/internal/PackageConfigCreator$$Lambda+0x00000001002a1138
instanceKlass  @bci io/ballerina/projects/internal/PackageConfigCreator createPackageConfig (Lio/ballerina/projects/internal/PackageData;Lio/ballerina/projects/PackageManifest;Lio/ballerina/projects/DependencyManifest;Lio/ballerina/projects/DependencyGraph;Ljava/util/Map;Z)Lio/ballerina/projects/PackageConfig; 30 <appendix> member <vmtarget> ; # io/ballerina/projects/internal/PackageConfigCreator$$Lambda+0x00000001002a1370
instanceKlass io/ballerina/projects/ModuleConfig
instanceKlass io/ballerina/projects/PackageId
instanceKlass io/ballerina/projects/internal/BalaFiles$DependencyGraphResult
instanceKlass  @bci io/ballerina/projects/internal/BalaFiles createModDescriptorList (Ljava/util/List;)Ljava/util/List; 6 <appendix> argL0 ; # io/ballerina/projects/internal/BalaFiles$$Lambda+0x00000001002a08a8
# instanceKlass io/ballerina/projects/internal/BalaFiles$$Lambda+0x00000001002a0678
instanceKlass io/ballerina/projects/ModuleName
instanceKlass  @bci io/ballerina/projects/internal/BalaFiles createModuleDescDependencies (Ljava/util/List;)Ljava/util/Map; 11 <appendix> argL0 ; # io/ballerina/projects/internal/BalaFiles$$Lambda+0x00000001002a0230
# instanceKlass io/ballerina/projects/internal/BalaFiles$$Lambda+0x00000001002a0000
instanceKlass  @bci io/ballerina/projects/internal/BalaFiles createModuleDescDependencies (Ljava/util/List;)Ljava/util/Map; 6 <appendix> argL0 ; # io/ballerina/projects/internal/BalaFiles$$Lambda+0x000000010029d400
# instanceKlass io/ballerina/projects/internal/BalaFiles$$Lambda+0x000000010029dc80
instanceKlass io/ballerina/projects/ModuleDescriptor
# instanceKlass io/ballerina/projects/DependencyGraph$DependencyGraphBuilder$$Lambda+0x000000010029d800
instanceKlass  @bci io/ballerina/projects/DependencyGraph$DependencyGraphBuilder addDependencies (Ljava/lang/Object;Ljava/util/Collection;)Lio/ballerina/projects/DependencyGraph$DependencyGraphBuilder; 14 <appendix> member <vmtarget> ; # io/ballerina/projects/DependencyGraph$DependencyGraphBuilder$$Lambda+0x000000010029fd78
instanceKlass  @cpi io/ballerina/artifactsgenerator/ModuleNodeTransformer 564 form vmentry <vmtarget> ; # java/lang/invoke/LambdaForm$DMH+0x000000010029cc00
instanceKlass io/ballerina/projects/DependencyGraph$DependencyGraphBuilder
instanceKlass io/ballerina/projects/DependencyGraph
instanceKlass io/ballerina/projects/internal/PackageData
# instanceKlass io/ballerina/projects/internal/BalaFiles$$Lambda+0x000000010029f438
instanceKlass  @bci io/ballerina/projects/internal/BalaFiles loadOtherModules (Ljava/lang/String;Ljava/nio/file/Path;Lio/ballerina/projects/internal/model/PackageJson;)Ljava/util/List; 67 <appendix> member <vmtarget> ; # io/ballerina/projects/internal/BalaFiles$$Lambda+0x000000010029f200
# instanceKlass io/ballerina/projects/internal/BalaFiles$$Lambda+0x000000010029efd0
instanceKlass  @bci io/ballerina/projects/internal/BalaFiles loadOtherModules (Ljava/lang/String;Ljava/nio/file/Path;Lio/ballerina/projects/internal/model/PackageJson;)Ljava/util/List; 54 <appendix> argL0 ; # io/ballerina/projects/internal/BalaFiles$$Lambda+0x000000010029eda0
instanceKlass  @bci io/ballerina/projects/internal/BalaFiles loadOtherModules (Ljava/lang/String;Ljava/nio/file/Path;Lio/ballerina/projects/internal/model/PackageJson;)Ljava/util/List; 44 <appendix> argL0 ; # io/ballerina/projects/internal/BalaFiles$$Lambda+0x000000010029eb60
# instanceKlass io/ballerina/projects/internal/BalaFiles$$Lambda+0x000000010029e920
# instanceKlass io/ballerina/projects/internal/BalaFiles$$Lambda+0x000000010029e6d8
instanceKlass  @bci io/ballerina/projects/internal/BalaFiles loadOtherModules (Ljava/lang/String;Ljava/nio/file/Path;Lio/ballerina/projects/internal/model/PackageJson;)Ljava/util/List; 34 <appendix> member <vmtarget> ; # io/ballerina/projects/internal/BalaFiles$$Lambda+0x000000010029e490
instanceKlass  @bci io/ballerina/projects/internal/BalaFiles loadOtherModules (Ljava/lang/String;Ljava/nio/file/Path;Lio/ballerina/projects/internal/model/PackageJson;)Ljava/util/List; 23 <appendix> member <vmtarget> ; # io/ballerina/projects/internal/BalaFiles$$Lambda+0x000000010029e248
# instanceKlass io/ballerina/projects/internal/BalaFiles$$Lambda+0x000000010029e000
instanceKlass io/ballerina/projects/internal/ModuleData
# instanceKlass java/util/stream/Collectors$$Lambda+0x0000000100266ae8
instanceKlass  @bci java/util/stream/Collectors toList ()Ljava/util/stream/Collector; 14 <appendix> argL0 ; # java/util/stream/Collectors$$Lambda+0x00000001002668b0
# instanceKlass java/util/stream/Collectors$$Lambda+0x0000000100266690
instanceKlass  @bci java/util/stream/Collectors toList ()Ljava/util/stream/Collector; 9 <appendix> argL0 ; # java/util/stream/Collectors$$Lambda+0x0000000100266470
# instanceKlass java/util/stream/Collectors$$Lambda+0x0000000100266260
instanceKlass  @bci java/util/stream/Collectors toList ()Ljava/util/stream/Collector; 4 <appendix> argL0 ; # java/util/stream/Collectors$$Lambda+0x0000000100266050
# instanceKlass io/ballerina/projects/internal/ProjectFiles$$Lambda+0x000000010029bb90
instanceKlass  @bci io/ballerina/projects/internal/ProjectFiles loadDocuments (Ljava/nio/file/Path;)Ljava/util/List; 47 <appendix> argL0 ; # io/ballerina/projects/internal/ProjectFiles$$Lambda+0x000000010029b960
instanceKlass io/ballerina/projects/internal/DocumentData
# instanceKlass io/ballerina/projects/internal/ProjectFiles$$Lambda+0x000000010029b510
instanceKlass  @bci io/ballerina/projects/internal/ProjectFiles loadDocuments (Ljava/nio/file/Path;)Ljava/util/List; 37 <appendix> argL0 ; # io/ballerina/projects/internal/ProjectFiles$$Lambda+0x000000010029b2d0
# instanceKlass io/ballerina/projects/internal/ProjectFiles$$Lambda+0x000000010029b088
instanceKlass  @bci io/ballerina/projects/internal/ProjectFiles loadDocuments (Ljava/nio/file/Path;)Ljava/util/List; 27 <appendix> member <vmtarget> ; # io/ballerina/projects/internal/ProjectFiles$$Lambda+0x000000010029ae40
# instanceKlass java/nio/file/Files$$Lambda+0x0000000100265e20
instanceKlass  @bci java/nio/file/Files walk (Ljava/nio/file/Path;I[Ljava/nio/file/FileVisitOption;)Ljava/util/stream/Stream; 43 <appendix> argL0 ; # java/nio/file/Files$$Lambda+0x0000000100265bf0
instanceKlass  @bci io/ballerina/modelgenerator/commons/CommonUtils hasAiTypeInclusion (Lio/ballerina/compiler/api/symbols/ClassSymbol;Ljava/lang/String;)Z 11 <bsm> form vmentry <vmtarget> ; # java/lang/invoke/LambdaForm$DMH+0x000000010029c800
instanceKlass  @bci java/nio/file/Files walk (Ljava/nio/file/Path;I[Ljava/nio/file/FileVisitOption;)Ljava/util/stream/Stream; 30 <appendix> member <vmtarget> ; # java/nio/file/Files$$Lambda+0x00000001002659d8
# instanceKlass java/nio/file/Files$$Lambda+0x00000001002657c0
instanceKlass  @cpi java/nio/file/Files 1117 form vmentry <vmtarget> ; # java/lang/invoke/LambdaForm$DMH+0x000000010029c400
instanceKlass java/nio/file/FileTreeWalker$Event
instanceKlass java/nio/file/FileTreeWalker$DirectoryNode
instanceKlass java/nio/file/FileTreeWalker
instanceKlass java/nio/file/FileTreeIterator
# instanceKlass io/ballerina/projects/internal/PackageContainer$$Lambda+0x000000010029ac10
instanceKlass  @bci io/ballerina/projects/internal/PackageContainer add (Lio/ballerina/projects/PackageOrg;Lio/ballerina/projects/PackageName;Ljava/lang/Object;)V 5 <appendix> argL0 ; # io/ballerina/projects/internal/PackageContainer$$Lambda+0x000000010029a9e0
instanceKlass io/ballerina/projects/internal/PackageContainer
instanceKlass io/ballerina/projects/DependencyManifest
instanceKlass io/ballerina/projects/DependencyManifest$Package
instanceKlass io/ballerina/projects/internal/bala/ModuleDependency
instanceKlass io/ballerina/projects/internal/model/Dependency$Module
instanceKlass com/google/gson/internal/bind/TypeAdapters$EnumTypeAdapter$1
instanceKlass io/ballerina/projects/internal/model/Dependency
instanceKlass io/ballerina/projects/internal/bala/DependencyGraphJson
instanceKlass io/ballerina/projects/PackageManifest
# instanceKlass io/ballerina/projects/internal/BalaFiles$$Lambda+0x0000000100299118
instanceKlass  @bci io/ballerina/projects/internal/BalaFiles getPackageManifest (Lio/ballerina/projects/internal/model/PackageJson;Ljava/util/Optional;Ljava/util/Optional;Ljava/lang/String;)Lio/ballerina/projects/PackageManifest; 121 <appendix> argL0 ; # io/ballerina/projects/internal/BalaFiles$$Lambda+0x0000000100298ee8
instanceKlass io/ballerina/projects/internal/bala/BalToolJson
instanceKlass io/ballerina/projects/internal/model/BalToolDescriptor
instanceKlass  @bci io/ballerina/projects/internal/BalaFiles getPackageManifest (Lio/ballerina/projects/internal/model/PackageJson;Ljava/util/Optional;Ljava/util/Optional;Ljava/lang/String;)Lio/ballerina/projects/PackageManifest; 103 <appendix> argL0 ; # io/ballerina/projects/internal/BalaFiles$$Lambda+0x0000000100298658
# instanceKlass io/ballerina/projects/internal/BalaFiles$$Lambda+0x0000000100298888
instanceKlass io/ballerina/projects/internal/bala/CompilerPluginJson
instanceKlass io/ballerina/projects/internal/model/CompilerPluginDescriptor
instanceKlass io/ballerina/projects/PackageManifest$Platform
instanceKlass jdk/internal/vm/annotation/ForceInline
instanceKlass com/google/gson/internal/UnsafeAllocator
instanceKlass io/ballerina/projects/internal/model/LocalDependency
instanceKlass io/ballerina/projects/internal/model/PlatformLibrary
instanceKlass io/ballerina/projects/internal/model/PackageJson
instanceKlass io/ballerina/projects/internal/BalaFiles
instanceKlass io/ballerina/projects/internal/ProjectFiles
instanceKlass io/ballerina/projects/ResourceConfig
instanceKlass io/ballerina/projects/internal/PackageConfigCreator
instanceKlass io/ballerina/projects/repos/FileSystemCache$FileSystemCacheFactory
instanceKlass  @bci io/ballerina/projects/internal/environment/EnvironmentPackageCache getPackage (Lio/ballerina/projects/PackageOrg;Lio/ballerina/projects/PackageName;Lio/ballerina/projects/PackageVersion;)Ljava/util/Optional; 48 <appendix> argL0 ; # io/ballerina/projects/internal/environment/EnvironmentPackageCache$$Lambda+0x0000000100295ea8
# instanceKlass io/ballerina/projects/internal/environment/EnvironmentPackageCache$$Lambda+0x0000000100295c78
instanceKlass  @bci io/ballerina/projects/internal/environment/DefaultPackageResolver resolvePackages (Ljava/util/Collection;Lio/ballerina/projects/environment/ResolutionOptions;)Ljava/util/Collection; 21 <appendix> member <vmtarget> ; # io/ballerina/projects/internal/environment/DefaultPackageResolver$$Lambda+0x0000000100295808
# instanceKlass io/ballerina/projects/internal/environment/DefaultPackageResolver$$Lambda+0x0000000100295a40
instanceKlass io/ballerina/projects/environment/ResolutionResponse
instanceKlass java/util/Collections$2
instanceKlass io/ballerina/projects/environment/ResolutionOptions$ResolutionOptionBuilder
instanceKlass io/ballerina/projects/environment/ResolutionOptions
instanceKlass io/ballerina/projects/environment/ResolutionRequest
instanceKlass io/ballerina/projects/PackageDescriptor
instanceKlass io/ballerina/projects/SemanticVersion
instanceKlass io/ballerina/projects/PackageVersion
instanceKlass io/ballerina/projects/PackageName
instanceKlass io/ballerina/projects/PackageOrg
instanceKlass org/wso2/ballerinalang/compiler/SourceDirectory
instanceKlass org/wso2/ballerinalang/compiler/semantics/model/TypeVisitor
instanceKlass org/wso2/ballerinalang/compiler/util/Unifier
instanceKlass org/wso2/ballerinalang/compiler/semantics/model/types/BTypeVisitor
instanceKlass org/wso2/ballerinalang/compiler/tree/BLangNodeAnalyzer
instanceKlass org/wso2/ballerinalang/compiler/parser/BLangMissingNodesHelper
instanceKlass org/wso2/ballerinalang/compiler/semantics/analyzer/TypeResolver
instanceKlass org/wso2/ballerinalang/compiler/semantics/analyzer/TypeParamAnalyzer
instanceKlass org/wso2/ballerinalang/compiler/semantics/model/symbols/BAttachedFunction
instanceKlass org/ballerinalang/model/symbols/AnnotationSymbol
instanceKlass org/wso2/ballerinalang/compiler/tree/BLangNodeVisitor
instanceKlass org/wso2/ballerinalang/util/Flags$1
instanceKlass java/util/RegularEnumSet$EnumSetIterator
instanceKlass org/wso2/ballerinalang/util/Flags
instanceKlass org/wso2/ballerinalang/compiler/util/ImmutableTypeCloner
instanceKlass io/ballerina/types/subtypedata/BooleanSubtype
instanceKlass org/wso2/ballerinalang/compiler/semantics/model/types/BErrorType$DistinctIdSupplier
instanceKlass org/wso2/ballerinalang/compiler/semantics/model/types/BTypeIdSet
# instanceKlass io/ballerina/types/definition/MappingDefinition$$Lambda+0x000000010025a7e8
instanceKlass  @bci io/ballerina/types/definition/MappingDefinition define (Lio/ballerina/types/Env;Ljava/util/List;Lio/ballerina/types/CellSemType;)Lio/ballerina/types/SemType; 30 <appendix> argL0 ; # io/ballerina/types/definition/MappingDefinition$$Lambda+0x000000010025a9f8
instanceKlass  @bci io/ballerina/types/definition/MappingDefinition define (Lio/ballerina/types/Env;Ljava/util/List;Lio/ballerina/types/CellSemType;)Lio/ballerina/types/SemType; 12 <appendix> argL0 ; # io/ballerina/types/definition/MappingDefinition$$Lambda+0x000000010025a5d8
# instanceKlass io/ballerina/types/definition/MappingDefinition$$Lambda+0x000000010025a3c8
instanceKlass io/ballerina/types/definition/SplitField
instanceKlass java/util/TimSort
instanceKlass java/util/Arrays$LegacyMergeSort
# instanceKlass java/util/Comparator$$Lambda+0x0000000100262260
instanceKlass  @bci java/util/Comparator comparing (Ljava/util/function/Function;)Ljava/util/Comparator; 6 <appendix> member <vmtarget> ; # java/util/Comparator$$Lambda+0x0000000100261fd0
instanceKlass  @bci java/lang/invoke/BootstrapMethodInvoker invoke (Ljava/lang/Class;Ljava/lang/invoke/MethodHandle;Ljava/lang/String;Ljava/lang/Object;Ljava/lang/Object;Ljava/lang/Class;)Ljava/lang/Object; 462 <adapter> ; # java/lang/invoke/LambdaForm$MH+0x0000000100283000
instanceKlass  @cpi io/ballerina/types/typeops/CellOps 240 form vmentry <vmtarget> ; # java/lang/invoke/LambdaForm$DMH+0x0000000100282800
instanceKlass  @bci io/ballerina/types/definition/MappingDefinition splitFields (Ljava/util/List;)Lio/ballerina/types/definition/SplitField; 16 <appendix> argL0 ; # io/ballerina/types/definition/MappingDefinition$$Lambda+0x0000000100259f98
# instanceKlass io/ballerina/types/definition/MappingDefinition$$Lambda+0x0000000100259d68
instanceKlass  @bci io/ballerina/types/definition/MappingDefinition splitFields (Ljava/util/List;)Lio/ballerina/types/definition/SplitField; 1 <appendix> argL0 ; # io/ballerina/types/definition/MappingDefinition$$Lambda+0x0000000100259b58
# instanceKlass io/ballerina/types/definition/MappingDefinition$$Lambda+0x0000000100259948
instanceKlass  @bci io/ballerina/types/subtypedata/BddNodeImpl equals (Ljava/lang/Object;)Z 2 <adapter> ; # java/lang/invoke/LambdaForm$MH+0x0000000100282400
# instanceKlass java/lang/invoke/LambdaForm$MH+0x0000000100281800
instanceKlass  @bci io/ballerina/types/subtypedata/BddNodeImpl equals (Ljava/lang/Object;)Z 2 <appendix> form vmentry <vmtarget> ; # java/lang/invoke/LambdaForm$MH+0x0000000100281400
instanceKlass  @bci io/ballerina/types/subtypedata/BddNodeImpl equals (Ljava/lang/Object;)Z 2 <appendix> argL1 form vmentry <vmtarget> ; # java/lang/invoke/LambdaForm$MH+0x0000000100280c00
instanceKlass  @bci io/ballerina/types/subtypedata/BddNodeImpl equals (Ljava/lang/Object;)Z 2 <appendix> form names 9 function resolvedHandle form vmentry <vmtarget> ; # java/lang/invoke/LambdaForm$MH+0x0000000100280400
instanceKlass  @bci io/ballerina/types/subtypedata/BddNodeImpl equals (Ljava/lang/Object;)Z 2 <appendix> form names 9 function resolvedHandle form names 5 function resolvedHandle form vmentry <vmtarget> ; # java/lang/invoke/LambdaForm$DMH+0x000000010025f800
# instanceKlass java/lang/invoke/LambdaForm$DMH+0x000000010025f400
# instanceKlass java/lang/invoke/LambdaForm$MH+0x000000010025ec00
# instanceKlass java/lang/invoke/LambdaForm$MH+0x000000010025e400
# instanceKlass java/lang/invoke/LambdaForm$MH+0x000000010025dc00
instanceKlass  @cpi org/wso2/ballerinalang/compiler/semantics/analyzer/TypeChecker 6321 form vmentry <vmtarget> ; # java/lang/invoke/LambdaForm$DMH+0x000000010025d000
# instanceKlass java/lang/invoke/LambdaForm$MH+0x000000010025cc00
# instanceKlass java/lang/invoke/LambdaForm$MH+0x000000010025c400
instanceKlass io/ballerina/types/subtypedata/CellSubtype
# instanceKlass io/ballerina/types/definition/ListDefinition$$Lambda+0x0000000100259130
instanceKlass  @bci io/ballerina/types/definition/ListDefinition defineListTypeWrapped (Lio/ballerina/types/Env;Ljava/util/List;ILio/ballerina/types/SemType;Lio/ballerina/types/CellAtomicType$CellMutability;)Lio/ballerina/types/SemType; 28 <appendix> member <vmtarget> ; # io/ballerina/types/definition/ListDefinition$$Lambda+0x0000000100258ef8
instanceKlass java/util/AbstractList$RandomAccessSpliterator
instanceKlass io/ballerina/types/subtypedata/TableSubtype
instanceKlass  @bci org/wso2/ballerinalang/compiler/semantics/model/types/BTableType semTypeInner ()Lio/ballerina/types/SemType; 139 <appendix> argL0 ; # org/wso2/ballerinalang/compiler/semantics/model/types/BTableType$$Lambda+0x0000000100258af0
# instanceKlass org/wso2/ballerinalang/compiler/semantics/model/types/BTableType$$Lambda+0x00000001002588e0
instanceKlass io/ballerina/types/definition/MappingDefinition
instanceKlass io/ballerina/types/definition/ListDefinition
instanceKlass io/ballerina/types/Definition
instanceKlass org/wso2/ballerinalang/compiler/semantics/model/types/BTupleMember
instanceKlass org/wso2/ballerinalang/compiler/semantics/model/symbols/Symbols
# instanceKlass java/util/stream/Collectors$$Lambda+0x0000000100260fa8
instanceKlass  @bci java/util/stream/Collectors toCollection (Ljava/util/function/Supplier;)Ljava/util/stream/Collector; 10 <appendix> argL0 ; # java/util/stream/Collectors$$Lambda+0x0000000100260d70
instanceKlass  @bci java/util/stream/Collectors toCollection (Ljava/util/function/Supplier;)Ljava/util/stream/Collector; 5 <appendix> argL0 ; # java/util/stream/Collectors$$Lambda+0x0000000100260b50
# instanceKlass java/util/stream/Collectors$$Lambda+0x0000000100260930
# instanceKlass org/wso2/ballerinalang/compiler/semantics/model/types/BUnionType$$Lambda+0x00000001002577c8
instanceKlass  @bci org/wso2/ballerinalang/compiler/semantics/model/types/BUnionType toFlatTypeSet (Ljava/util/LinkedHashSet;)Ljava/util/LinkedHashSet; 14 <appendix> argL0 ; # org/wso2/ballerinalang/compiler/semantics/model/types/BUnionType$$Lambda+0x00000001002575b8
# instanceKlass org/wso2/ballerinalang/compiler/semantics/model/types/BUnionType$$Lambda+0x0000000100257388
instanceKlass  @bci org/wso2/ballerinalang/compiler/semantics/model/types/BUnionType toFlatTypeSet (Ljava/util/LinkedHashSet;)Ljava/util/LinkedHashSet; 4 <appendix> argL0 ; # org/wso2/ballerinalang/compiler/semantics/model/types/BUnionType$$Lambda+0x0000000100257158
instanceKlass java/util/Spliterators$IteratorSpliterator
instanceKlass org/wso2/ballerinalang/compiler/semantics/model/Scope$ScopeEntry
instanceKlass org/ballerinalang/model/ScopeEntry
instanceKlass org/wso2/ballerinalang/compiler/semantics/model/Scope
instanceKlass org/ballerinalang/model/Scope
instanceKlass org/wso2/ballerinalang/compiler/diagnostic/BLangDiagnosticLocation
instanceKlass org/wso2/ballerinalang/compiler/diagnostic/DiagnosticComparator
instanceKlass org/ballerinalang/model/tree/expressions/CollectContextInvocationNode
instanceKlass org/ballerinalang/model/TreeBuilder
instanceKlass org/wso2/ballerinalang/compiler/parser/BLangAnonymousModelHelper
instanceKlass io/ballerina/compiler/api/symbols/PathParameterSymbol
instanceKlass io/ballerina/compiler/api/symbols/resourcepath/util/PathSegment
instanceKlass org/ballerinalang/model/symbols/ConstantSymbol
instanceKlass io/ballerina/compiler/api/values/ConstantValue
instanceKlass io/ballerina/compiler/api/symbols/AnnotationSymbol
instanceKlass io/ballerina/compiler/api/symbols/ServiceAttachPoint
instanceKlass io/ballerina/compiler/api/symbols/FunctionSymbol
instanceKlass io/ballerina/compiler/api/symbols/Documentable
instanceKlass io/ballerina/compiler/api/symbols/Deprecatable
instanceKlass io/ballerina/compiler/api/symbols/AnnotationAttachmentSymbol
instanceKlass io/ballerina/compiler/api/impl/SymbolFactory
instanceKlass io/ballerina/compiler/api/symbols/IntTypeSymbol
instanceKlass io/ballerina/compiler/api/symbols/XMLTypeSymbol
instanceKlass io/ballerina/compiler/api/symbols/ObjectTypeSymbol
instanceKlass io/ballerina/compiler/api/impl/symbols/TypesFactory
instanceKlass org/wso2/ballerinalang/compiler/PackageCache
instanceKlass java/util/ResourceBundle$Control$2
instanceKlass java/util/ResourceBundle$CacheKeyReference
instanceKlass java/util/ResourceBundle$CacheKey
instanceKlass  @bci java/util/ResourceBundle getLoader (Ljava/lang/Module;)Ljava/lang/ClassLoader; 6 <appendix> member <vmtarget> ; # java/util/ResourceBundle$$Lambda+0x000000010013edc8
instanceKlass  @bci java/util/ResourceBundle$ResourceBundleControlProviderHolder lambda$static$0 ()Ljava/util/List; 11 <appendix> argL0 ; # java/util/ResourceBundle$ResourceBundleControlProviderHolder$$Lambda+0x000000010013eb98
instanceKlass java/util/ServiceLoader$ProviderSpliterator
instanceKlass java/util/spi/ResourceBundleControlProvider
instanceKlass  @bci java/util/ResourceBundle$ResourceBundleControlProviderHolder <clinit> ()V 0 <appendix> argL0 ; # java/util/ResourceBundle$ResourceBundleControlProviderHolder$$Lambda+0x000000010013e508
instanceKlass java/util/ResourceBundle$ResourceBundleControlProviderHolder
instanceKlass io/ballerina/tools/diagnostics/DiagnosticProperty
instanceKlass org/wso2/ballerinalang/compiler/diagnostic/BLangDiagnosticLog
instanceKlass org/ballerinalang/util/diagnostic/DiagnosticLog
instanceKlass io/ballerina/types/Context
# instanceKlass io/ballerina/types/PredefinedTypeEnv$$Lambda+0x0000000100250f50
instanceKlass  @bci io/ballerina/types/PredefinedTypeEnv initializeEnv (Lio/ballerina/types/Env;)V 44 <appendix> member <vmtarget> ; # io/ballerina/types/PredefinedTypeEnv$$Lambda+0x0000000100250d28
instanceKlass  @bci io/ballerina/types/PredefinedTypeEnv initializeEnv (Lio/ballerina/types/Env;)V 29 <appendix> member <vmtarget> ; # io/ballerina/types/PredefinedTypeEnv$$Lambda+0x0000000100250b00
# instanceKlass io/ballerina/types/PredefinedTypeEnv$$Lambda+0x00000001002508d8
instanceKlass io/ballerina/types/Env
instanceKlass java/math/MathContext
instanceKlass org/wso2/ballerinalang/compiler/semantics/analyzer/Types
instanceKlass io/ballerina/types/Common
instanceKlass io/ballerina/types/typeops/XmlOps
instanceKlass io/ballerina/types/typeops/StringOps
instanceKlass io/ballerina/types/typeops/CommonOps
instanceKlass io/ballerina/types/typeops/IntOps
instanceKlass io/ballerina/types/typeops/BooleanOps
instanceKlass io/ballerina/types/typeops/BasicTypeOpsPanicImpl
instanceKlass io/ballerina/types/BasicTypeOps
instanceKlass io/ballerina/types/CommonBasicTypeOps
instanceKlass io/ballerina/types/IsEmptyOp
instanceKlass io/ballerina/types/OpsTable
instanceKlass io/ballerina/types/SemTypes
instanceKlass io/ballerina/types/typeops/SubtypePair
instanceKlass io/ballerina/types/typeops/UnpackComplexSemType
instanceKlass io/ballerina/types/typeops/SubtypePairIterator
instanceKlass io/ballerina/types/typeops/SubtypePairs
instanceKlass io/ballerina/types/CellSemType
instanceKlass  @bci io/ballerina/types/FunctionAtomicType hashCode ()I 1 <appendix> argL1 form vmentry <vmtarget> ; # java/lang/invoke/LambdaForm$MH+0x0000000100248400
instanceKlass  @bci io/ballerina/types/FunctionAtomicType hashCode ()I 1 <appendix> argL1 form names 5 function resolvedHandle form vmentry <vmtarget> ; # java/lang/invoke/LambdaForm$DMH+0x0000000100248000
# instanceKlass java/lang/invoke/LambdaForm$MH+0x0000000100247400
# instanceKlass java/lang/invoke/LambdaForm$MH+0x0000000100247000
# instanceKlass java/lang/invoke/LambdaForm$MH+0x0000000100246c00
# instanceKlass java/lang/invoke/LambdaForm$MH+0x0000000100246800
instanceKlass  @bci io/ballerina/types/FunctionAtomicType hashCode ()I 1 <adapter> ; # java/lang/invoke/LambdaForm$MH+0x0000000100246400
instanceKlass  @bci io/ballerina/types/FunctionAtomicType hashCode ()I 1 <appendix> form vmentry <vmtarget> ; # java/lang/invoke/LambdaForm$MH+0x0000000100246000
# instanceKlass java/lang/invoke/LambdaForm$MH+0x0000000100245c00
# instanceKlass java/lang/invoke/LambdaForm$MH+0x0000000100245800
instanceKlass  @bci io/ballerina/types/FunctionAtomicType hashCode ()I 1 <appendix> form names 7 function resolvedHandle form vmentry <vmtarget> ; # java/lang/invoke/LambdaForm$DMH+0x0000000100245400
instanceKlass  @bci io/ballerina/types/FunctionAtomicType hashCode ()I 1 <appendix> argL2 argL2 argL2 argL2 form vmentry <vmtarget> ; # java/lang/invoke/LambdaForm$MH+0x0000000100245000
instanceKlass  @bci java/lang/runtime/ObjectMethods bootstrap (Ljava/lang/invoke/MethodHandles$Lookup;Ljava/lang/String;Ljava/lang/invoke/TypeDescriptor;Ljava/lang/Class;Ljava/lang/String;[Ljava/lang/invoke/MethodHandle;)Ljava/lang/Object; 37 <appendix> argL0 ; # java/lang/runtime/ObjectMethods$$Lambda+0x000000010013d518
instanceKlass java/lang/invoke/DirectMethodHandle$1
# instanceKlass java/lang/invoke/LambdaForm$DMH+0x0000000100244c00
# instanceKlass java/lang/invoke/LambdaForm$DMH+0x0000000100244800
# instanceKlass java/lang/invoke/LambdaForm$DMH+0x0000000100244400
# instanceKlass java/lang/invoke/LambdaForm$DMH+0x0000000100244000
# instanceKlass java/lang/invoke/LambdaForm$DMH+0x0000000100243c00
# instanceKlass java/lang/invoke/LambdaForm$DMH+0x0000000100243800
# instanceKlass java/lang/invoke/LambdaForm$DMH+0x0000000100243400
# instanceKlass java/lang/invoke/LambdaForm$DMH+0x0000000100243000
# instanceKlass java/lang/invoke/LambdaForm$DMH+0x0000000100242c00
# instanceKlass java/lang/invoke/LambdaForm$DMH+0x0000000100242800
# instanceKlass java/lang/invoke/LambdaForm$DMH+0x0000000100242400
instanceKlass  @cpi org/wso2/ballerinalang/compiler/semantics/analyzer/CodeAnalyzer$WorkerActionSystem 180 form vmentry <vmtarget> ; # java/lang/invoke/LambdaForm$DMH+0x0000000100242000
instanceKlass  @cpi org/wso2/ballerinalang/compiler/util/Unifier 992 form vmentry <vmtarget> ; # java/lang/invoke/LambdaForm$DMH+0x0000000100241c00
instanceKlass java/lang/runtime/ObjectMethods$1
# instanceKlass java/lang/invoke/LambdaForm$MH+0x0000000100241800
# instanceKlass java/lang/invoke/LambdaForm$MH+0x0000000100241400
# instanceKlass java/lang/invoke/LambdaForm$MH+0x0000000100241000
# instanceKlass java/lang/invoke/LambdaForm$MH+0x0000000100240c00
# instanceKlass java/lang/invoke/LambdaForm$MH+0x0000000100240800
# instanceKlass java/lang/invoke/LambdaForm$MH+0x0000000100240400
# instanceKlass java/lang/invoke/LambdaForm$MH+0x0000000100240000
# instanceKlass java/lang/invoke/LambdaForm$MH+0x000000010023cc00
instanceKlass java/lang/invoke/MethodHandleImpl$Makers$2
instanceKlass java/lang/invoke/MethodHandleImpl$Makers$1
instanceKlass java/lang/invoke/MethodHandleImpl$Makers
instanceKlass  @bci java/lang/invoke/BootstrapMethodInvoker invoke (Ljava/lang/Class;Ljava/lang/invoke/MethodHandle;Ljava/lang/String;Ljava/lang/Object;Ljava/lang/Object;Ljava/lang/Class;)Ljava/lang/Object; 862 <adapter> ; # java/lang/invoke/LambdaForm$MH+0x000000010023c800
# instanceKlass java/lang/invoke/LambdaForm$DMH+0x000000010023c400
instanceKlass java/lang/runtime/ObjectMethods
instanceKlass io/ballerina/types/subtypedata/BddNode
instanceKlass io/ballerina/types/typeops/BddCommonOps
instanceKlass io/ballerina/types/RecAtom
instanceKlass io/ballerina/types/Core
instanceKlass io/ballerina/types/subtypedata/AllOrNothingSubtype
instanceKlass io/ballerina/types/subtypedata/BddAllOrNothing
instanceKlass io/ballerina/types/Bdd
instanceKlass io/ballerina/types/subtypedata/XmlSubtype
instanceKlass io/ballerina/types/EnumerableSubtype
instanceKlass io/ballerina/types/EnumerableCharString
instanceKlass io/ballerina/types/EnumerableString
instanceKlass io/ballerina/types/EnumerableType
instanceKlass io/ballerina/types/subtypedata/StringSubtype
instanceKlass  @bci io/ballerina/types/ComplexSemType createComplexSemType (ILjava/util/List;)Lio/ballerina/types/ComplexSemType; 73 <appendix> argL0 ; # io/ballerina/types/ComplexSemType$$Lambda+0x000000010023b890
instanceKlass io/ballerina/types/BasicSubtype
instanceKlass io/ballerina/types/subtypedata/Range
instanceKlass io/ballerina/types/subtypedata/IntSubtype
# instanceKlass java/lang/invoke/LambdaForm$MH+0x000000010023c000
instanceKlass io/ballerina/types/BasicTypeCode
instanceKlass io/ballerina/types/BasicTypeBitSet$BitSetCache
instanceKlass io/ballerina/types/BasicTypeBitSet
instanceKlass io/ballerina/types/AtomicType
instanceKlass io/ballerina/types/PredefinedTypeEnv
instanceKlass io/ballerina/types/ComplexSemType
instanceKlass io/ballerina/types/ProperSubtypeData
instanceKlass io/ballerina/types/SubtypeData
instanceKlass io/ballerina/types/Atom
instanceKlass io/ballerina/types/PredefinedType
instanceKlass  @bci org/ballerinalang/model/elements/PackageID createNameComps (Lorg/wso2/ballerinalang/compiler/util/Name;)Ljava/util/List; 33 <appendix> argL0 ; # org/ballerinalang/model/elements/PackageID$$Lambda+0x0000000100238c30
instanceKlass  @bci java/util/stream/Collectors joining (Ljava/lang/CharSequence;Ljava/lang/CharSequence;Ljava/lang/CharSequence;)Ljava/util/stream/Collector; 22 <appendix> argL0 ; # java/util/stream/Collectors$$Lambda+0x000000010013ba00
instanceKlass  @bci java/util/stream/Collectors joining (Ljava/lang/CharSequence;Ljava/lang/CharSequence;Ljava/lang/CharSequence;)Ljava/util/stream/Collector; 17 <appendix> argL0 ; # java/util/stream/Collectors$$Lambda+0x000000010013b7c8
instanceKlass  @bci java/util/stream/Collectors joining (Ljava/lang/CharSequence;Ljava/lang/CharSequence;Ljava/lang/CharSequence;)Ljava/util/stream/Collector; 12 <appendix> argL0 ; # java/util/stream/Collectors$$Lambda+0x000000010013b5a8
instanceKlass  @bci java/util/stream/Collectors joining (Ljava/lang/CharSequence;Ljava/lang/CharSequence;Ljava/lang/CharSequence;)Ljava/util/stream/Collector; 7 <appendix> member <vmtarget> ; # java/util/stream/Collectors$$Lambda+0x000000010013b390
instanceKlass  @bci org/ballerinalang/model/elements/PackageID <init> (Lorg/wso2/ballerinalang/compiler/util/Name;Ljava/util/List;Lorg/wso2/ballerinalang/compiler/util/Name;)V 50 <appendix> argL0 ; # org/ballerinalang/model/elements/PackageID$$Lambda+0x0000000100238a00
instanceKlass org/wso2/ballerinalang/compiler/util/Name
instanceKlass org/ballerinalang/model/Name
instanceKlass org/wso2/ballerinalang/compiler/util/Names
instanceKlass org/ballerinalang/model/elements/PackageID
instanceKlass io/ballerina/types/SemType
instanceKlass org/ballerinalang/model/types/NoType
instanceKlass org/wso2/ballerinalang/compiler/semantics/model/SymbolTable
instanceKlass org/ballerinalang/model/types/IntersectionType
instanceKlass org/ballerinalang/model/symbols/AnnotationAttachmentSymbol
instanceKlass org/ballerinalang/model/types/RecordType
instanceKlass org/ballerinalang/model/types/ObjectType
instanceKlass org/ballerinalang/model/types/ArrayType
instanceKlass org/ballerinalang/model/types/UnionType
instanceKlass org/ballerinalang/model/types/ErrorType
instanceKlass org/ballerinalang/model/symbols/VariableSymbol
instanceKlass org/ballerinalang/model/symbols/InvokableSymbol
instanceKlass org/ballerinalang/model/symbols/Annotatable
instanceKlass org/ballerinalang/model/types/InvokableType
instanceKlass org/ballerinalang/model/types/StreamType
instanceKlass org/ballerinalang/model/types/ConstrainedType
instanceKlass org/ballerinalang/model/types/TableType
instanceKlass org/ballerinalang/model/types/TupleType
instanceKlass org/ballerinalang/model/types/SelectivelyImmutableReferenceType
instanceKlass org/wso2/ballerinalang/compiler/semantics/model/types/BType
instanceKlass org/ballerinalang/model/types/ValueType
instanceKlass org/ballerinalang/model/types/Type
instanceKlass org/ballerinalang/model/symbols/TypeSymbol
instanceKlass org/wso2/ballerinalang/compiler/semantics/model/symbols/BSymbol
instanceKlass org/ballerinalang/model/symbols/Symbol
instanceKlass org/ballerinalang/model/tree/expressions/GroupExpressionNode
instanceKlass org/ballerinalang/model/tree/expressions/IgnoreNode
instanceKlass org/ballerinalang/model/tree/expressions/InferredTypedescDefaultNode
instanceKlass org/ballerinalang/model/tree/expressions/IndexBasedAccessNode
instanceKlass org/ballerinalang/model/tree/statements/ConstantNode
instanceKlass org/ballerinalang/model/tree/expressions/CommitExpressionNode
instanceKlass org/ballerinalang/model/tree/expressions/CheckPanickedExpressionNode
instanceKlass org/ballerinalang/model/tree/expressions/AnnotAccessNode
instanceKlass org/ballerinalang/model/tree/expressions/ArrowFunctionNode
instanceKlass org/ballerinalang/model/tree/expressions/BinaryExpressionNode
instanceKlass org/ballerinalang/model/tree/expressions/CheckedExpressionNode
instanceKlass org/ballerinalang/model/tree/expressions/FieldBasedAccessNode
instanceKlass org/ballerinalang/model/tree/expressions/ErrorVariableReferenceNode
instanceKlass org/ballerinalang/model/tree/expressions/DynamicArgNode
instanceKlass org/ballerinalang/model/tree/expressions/ElvisExpressionNode
instanceKlass org/ballerinalang/model/tree/expressions/ErrorConstructorExpressionNode
instanceKlass org/ballerinalang/model/tree/expressions/RawTemplateLiteralNode
instanceKlass org/ballerinalang/model/tree/expressions/QueryExpressionNode
instanceKlass org/ballerinalang/model/tree/expressions/MatchGuard
instanceKlass org/ballerinalang/model/tree/expressions/NamedArgNode
instanceKlass org/ballerinalang/model/tree/statements/QueryActionNode
instanceKlass org/ballerinalang/model/tree/expressions/RecordVariableReferenceNode
instanceKlass org/ballerinalang/model/tree/expressions/RecordLiteralNode
instanceKlass org/ballerinalang/model/tree/expressions/RecordLiteralNode$RecordKeyValueFieldNode
instanceKlass org/ballerinalang/model/tree/expressions/RecordLiteralNode$RecordVarNameFieldNode
instanceKlass org/ballerinalang/model/tree/expressions/RecordLiteralNode$RecordSpreadOperatorFieldNode
instanceKlass org/ballerinalang/model/tree/expressions/RecordLiteralNode$RecordField
instanceKlass org/ballerinalang/model/tree/expressions/LetExpressionNode
instanceKlass org/ballerinalang/model/tree/expressions/LambdaFunctionNode
instanceKlass org/ballerinalang/model/tree/expressions/IsLikeExpressionNode
instanceKlass org/ballerinalang/model/tree/expressions/InvocationNode
instanceKlass org/ballerinalang/model/tree/expressions/IsAssignableNode
instanceKlass org/ballerinalang/model/tree/expressions/MarkDownDocumentationDeprecationAttributeNode
instanceKlass org/ballerinalang/model/tree/expressions/MarkdownDocumentationTextAttributeNode
instanceKlass org/ballerinalang/model/tree/expressions/MarkdownDocumentationParameterAttributeNode
instanceKlass org/ballerinalang/model/tree/expressions/MarkdownDocumentationReturnParameterAttributeNode
instanceKlass org/ballerinalang/model/tree/expressions/ListConstructorExprNode
instanceKlass org/ballerinalang/model/tree/expressions/LiteralNode
instanceKlass org/ballerinalang/model/tree/expressions/MarkDownDocumentationDeprecatedParametersAttributeNode
instanceKlass org/ballerinalang/model/tree/SimpleVariableNode
instanceKlass org/ballerinalang/model/tree/ServiceNode
instanceKlass org/ballerinalang/model/tree/RetrySpecNode
instanceKlass org/ballerinalang/model/tree/RecordVariableNode
instanceKlass org/ballerinalang/model/tree/RecordVariableNode$BLangRecordVariableKeyValueNode
instanceKlass org/ballerinalang/model/tree/TypeDefinition
instanceKlass org/ballerinalang/model/tree/TableKeySpecifierNode
instanceKlass org/ballerinalang/model/tree/TableKeyTypeConstraintNode
instanceKlass org/ballerinalang/model/tree/TupleVariableNode
instanceKlass org/ballerinalang/model/tree/ErrorVariableNode$ErrorDetailEntry
instanceKlass org/ballerinalang/model/tree/ErrorVariableNode
instanceKlass org/ballerinalang/model/tree/VariableNode
instanceKlass org/ballerinalang/model/tree/CompilationUnitNode
instanceKlass org/ballerinalang/model/tree/AnnotationNode
instanceKlass org/ballerinalang/model/tree/AnnotationAttachmentNode
instanceKlass org/ballerinalang/model/tree/BlockFunctionBodyNode
instanceKlass org/ballerinalang/model/tree/ClassDefinition
instanceKlass org/ballerinalang/model/tree/OrderedNode
instanceKlass org/ballerinalang/model/tree/ImportPackageNode
instanceKlass org/ballerinalang/model/tree/MarkdownDocumentationNode
instanceKlass org/ballerinalang/model/tree/MarkdownDocumentationReferenceAttributeNode
instanceKlass org/ballerinalang/model/tree/PackageNode
instanceKlass org/ballerinalang/model/tree/ExprFunctionBodyNode
instanceKlass org/ballerinalang/model/tree/ExternalFunctionBodyNode
instanceKlass org/ballerinalang/model/tree/FunctionBodyNode
instanceKlass org/ballerinalang/model/tree/FunctionNode
instanceKlass org/ballerinalang/model/tree/InvokableNode
instanceKlass org/ballerinalang/model/tree/DocumentableNode
instanceKlass org/ballerinalang/model/tree/IdentifierNode
instanceKlass org/ballerinalang/model/clauses/OnFailClauseNode
instanceKlass org/ballerinalang/model/clauses/OnConflictClauseNode
instanceKlass org/ballerinalang/model/clauses/OnClauseNode
instanceKlass org/ballerinalang/model/clauses/LetClauseNode
instanceKlass org/ballerinalang/model/clauses/LimitClauseNode
instanceKlass org/ballerinalang/model/clauses/MatchClauseNode
instanceKlass org/ballerinalang/model/clauses/WhereClauseNode
instanceKlass org/ballerinalang/model/clauses/CollectClauseNode
instanceKlass org/ballerinalang/model/clauses/SelectClauseNode
instanceKlass org/ballerinalang/model/clauses/OrderByClauseNode
instanceKlass org/ballerinalang/model/clauses/OrderKeyNode
instanceKlass org/ballerinalang/model/clauses/GroupByClauseNode
instanceKlass org/ballerinalang/model/clauses/GroupingKeyNode
instanceKlass org/ballerinalang/model/tree/bindingpattern/FieldBindingPatternNode
instanceKlass org/ballerinalang/model/tree/bindingpattern/ErrorMessageBindingPatternNode
instanceKlass org/ballerinalang/model/tree/bindingpattern/ErrorFieldBindingPatternsNode
instanceKlass org/ballerinalang/model/tree/XMLNSDeclarationNode
instanceKlass org/ballerinalang/model/tree/TopLevelNode
instanceKlass org/ballerinalang/model/tree/bindingpattern/CaptureBindingPatternNode
instanceKlass org/ballerinalang/model/tree/bindingpattern/ErrorBindingPatternNode
instanceKlass org/ballerinalang/model/tree/bindingpattern/ErrorCauseBindingPatternNode
instanceKlass org/ballerinalang/model/tree/bindingpattern/SimpleBindingPatternNode
instanceKlass org/ballerinalang/model/tree/bindingpattern/WildCardBindingPatternNode
instanceKlass org/ballerinalang/model/clauses/DoClauseNode
instanceKlass org/ballerinalang/model/clauses/InputClauseNode
instanceKlass org/ballerinalang/model/tree/bindingpattern/ListBindingPatternNode
instanceKlass org/ballerinalang/model/tree/bindingpattern/MappingBindingPatternNode
instanceKlass org/ballerinalang/model/tree/bindingpattern/NamedArgBindingPatternNode
instanceKlass org/ballerinalang/model/tree/bindingpattern/BindingPatternNode
instanceKlass org/ballerinalang/model/tree/bindingpattern/RestBindingPatternNode
instanceKlass org/ballerinalang/model/tree/statements/LockNode
instanceKlass org/ballerinalang/model/tree/statements/IfNode
instanceKlass org/ballerinalang/model/tree/statements/ExpressionStatementNode
instanceKlass org/ballerinalang/model/tree/statements/FailStatementNode
instanceKlass org/ballerinalang/model/tree/statements/ForeachNode
instanceKlass org/ballerinalang/model/tree/statements/ForkJoinNode
instanceKlass org/ballerinalang/model/tree/RetryTransactionNode
instanceKlass org/ballerinalang/model/tree/statements/RetryNode
instanceKlass org/ballerinalang/model/tree/statements/MatchStatementNode
instanceKlass org/ballerinalang/model/tree/statements/PanicNode
instanceKlass org/ballerinalang/model/tree/statements/RecordDestructureNode
instanceKlass org/ballerinalang/model/tree/matchpatterns/WildCardMatchPatternNode
instanceKlass org/ballerinalang/model/tree/matchpatterns/VarBindingPatternMatchPatternNode
instanceKlass org/ballerinalang/model/tree/matchpatterns/SimpleMatchPatternNode
instanceKlass org/ballerinalang/model/tree/matchpatterns/ListMatchPatternNode
instanceKlass org/ballerinalang/model/tree/matchpatterns/MappingMatchPatternNode
instanceKlass org/ballerinalang/model/tree/matchpatterns/NamedArgMatchPatternNode
instanceKlass org/ballerinalang/model/tree/matchpatterns/RestMatchPatternNode
instanceKlass org/ballerinalang/model/tree/statements/ContinueNode
instanceKlass org/ballerinalang/model/tree/statements/DoNode
instanceKlass org/ballerinalang/model/tree/statements/ErrorDestructureNode
instanceKlass org/ballerinalang/model/tree/statements/AssignmentNode
instanceKlass org/ballerinalang/model/tree/statements/BlockStatementNode
instanceKlass org/ballerinalang/model/tree/BlockNode
instanceKlass org/ballerinalang/model/tree/statements/BreakNode
instanceKlass org/ballerinalang/model/tree/statements/CompoundAssignmentNode
instanceKlass org/ballerinalang/model/tree/types/TupleTypeNode
instanceKlass org/ballerinalang/model/tree/types/TableTypeNode
instanceKlass org/ballerinalang/model/tree/types/StreamTypeNode
instanceKlass org/ballerinalang/model/tree/types/IntersectionTypeNode
instanceKlass org/ballerinalang/model/tree/types/ObjectTypeNode
instanceKlass org/ballerinalang/model/tree/types/RecordTypeNode
instanceKlass org/ballerinalang/model/tree/types/StructureTypeNode
instanceKlass org/ballerinalang/model/tree/types/UnionTypeNode
instanceKlass org/ballerinalang/model/tree/types/UserDefinedTypeNode
instanceKlass org/ballerinalang/model/tree/types/ValueTypeNode
instanceKlass org/ballerinalang/model/tree/statements/WhileNode
instanceKlass org/ballerinalang/model/tree/statements/TupleDestructureNode
instanceKlass org/ballerinalang/model/tree/statements/ReturnNode
instanceKlass org/ballerinalang/model/tree/statements/RollbackNode
instanceKlass org/ballerinalang/model/tree/statements/VariableDefinitionNode
instanceKlass org/ballerinalang/model/tree/statements/TransactionNode
instanceKlass org/ballerinalang/model/tree/types/ConstrainedTypeNode
instanceKlass org/ballerinalang/model/tree/types/ErrorTypeNode
instanceKlass org/ballerinalang/model/tree/types/FiniteTypeNode
instanceKlass org/ballerinalang/model/tree/types/FunctionTypeNode
instanceKlass org/ballerinalang/model/tree/statements/XMLNSDeclStatementNode
instanceKlass org/ballerinalang/model/tree/statements/StatementNode
instanceKlass org/ballerinalang/model/tree/types/ArrayTypeNode
instanceKlass org/ballerinalang/model/tree/types/BuiltInReferenceTypeNode
instanceKlass org/ballerinalang/model/tree/types/ReferenceTypeNode
instanceKlass org/ballerinalang/model/tree/types/TypeNode
instanceKlass org/ballerinalang/model/tree/expressions/ReDisjunctionNode
instanceKlass org/ballerinalang/model/tree/expressions/ReCapturingGroupsNode
instanceKlass org/ballerinalang/model/tree/expressions/ReAssertionNode
instanceKlass org/ballerinalang/model/tree/expressions/ReQuantifierNode
instanceKlass org/ballerinalang/model/tree/expressions/ReCharacterClassNode
instanceKlass org/ballerinalang/model/tree/expressions/ReCharSetNode
instanceKlass org/ballerinalang/model/tree/expressions/ReCharSetRangeNode
instanceKlass org/ballerinalang/model/tree/expressions/TupleVariableReferenceNode
instanceKlass org/ballerinalang/model/tree/expressions/TrapExpressionNode
instanceKlass org/ballerinalang/model/tree/expressions/TransactionalExpressionNode
instanceKlass org/ballerinalang/model/tree/expressions/ReFlagsOnOffNode
instanceKlass org/ballerinalang/model/tree/expressions/ReFlagExpressionNode
instanceKlass org/ballerinalang/model/tree/expressions/TableConstructorExprNode
instanceKlass org/ballerinalang/model/tree/expressions/TernaryExpressionNode
instanceKlass org/ballerinalang/model/tree/expressions/RecordVariableReferenceNode$BLangRecordVarRefKeyValueNode
instanceKlass org/ballerinalang/model/tree/NodeEntry
instanceKlass org/ballerinalang/model/tree/expressions/RestArgsNode
instanceKlass org/ballerinalang/model/tree/expressions/ServiceConstructorNode
instanceKlass org/ballerinalang/model/tree/expressions/RegExpTemplateLiteralNode
instanceKlass org/ballerinalang/model/tree/expressions/ReSequenceNode
instanceKlass org/ballerinalang/model/tree/expressions/ReTermNode
instanceKlass org/ballerinalang/model/tree/expressions/ReAtomQuantifierNode
instanceKlass org/ballerinalang/model/tree/expressions/ReAtomNode
instanceKlass org/ballerinalang/model/tree/expressions/ReAtomCharOrEscapeNode
instanceKlass org/ballerinalang/model/tree/expressions/SimpleVariableReferenceNode
instanceKlass org/ballerinalang/model/tree/expressions/StatementExpressionNode
instanceKlass org/ballerinalang/model/tree/expressions/StringTemplateLiteralNode
instanceKlass org/ballerinalang/model/tree/expressions/XMLQuotedStringNode
instanceKlass org/ballerinalang/model/tree/expressions/XMLQNameNode
instanceKlass org/ballerinalang/model/tree/expressions/XMLProcessingInstructionLiteralNode
instanceKlass org/ballerinalang/model/tree/expressions/XMLElementAccess
instanceKlass org/ballerinalang/model/tree/expressions/XMLElementFilter
instanceKlass org/ballerinalang/model/tree/expressions/XMLElementLiteralNode
instanceKlass org/ballerinalang/model/tree/expressions/XMLNavigationAccess
instanceKlass org/ballerinalang/model/tree/expressions/VariableReferenceNode
instanceKlass org/ballerinalang/model/tree/matchpatterns/ErrorFieldMatchPatternsNode
instanceKlass org/ballerinalang/model/tree/matchpatterns/ErrorMatchPatternNode
instanceKlass org/ballerinalang/model/tree/matchpatterns/ErrorMessageMatchPatternNode
instanceKlass org/ballerinalang/model/tree/matchpatterns/FieldMatchPatternNode
instanceKlass org/ballerinalang/model/tree/expressions/XMLTextLiteralNode
instanceKlass org/ballerinalang/model/tree/matchpatterns/ConstPatternNode
instanceKlass org/ballerinalang/model/tree/matchpatterns/MatchPatternNode
instanceKlass org/ballerinalang/model/tree/matchpatterns/ErrorCauseMatchPatternNode
instanceKlass org/ballerinalang/model/tree/expressions/WaitForAllExpressionNode
instanceKlass org/ballerinalang/model/tree/expressions/WaitExpressionNode
instanceKlass org/ballerinalang/model/tree/expressions/UnaryExpressionNode
instanceKlass org/ballerinalang/model/tree/expressions/TypeConversionNode
instanceKlass org/ballerinalang/model/tree/AnnotatableNode
instanceKlass org/ballerinalang/model/tree/expressions/TypedescExpressionNode
instanceKlass org/ballerinalang/model/tree/expressions/TypeInitNode
instanceKlass org/ballerinalang/model/tree/expressions/TypeTestExpressionNode
instanceKlass org/ballerinalang/model/tree/expressions/WorkerSendExpressionNode
instanceKlass org/ballerinalang/model/tree/expressions/XMLAttributeNode
instanceKlass org/ballerinalang/model/tree/expressions/XMLCommentLiteralNode
instanceKlass org/ballerinalang/model/tree/expressions/XMLLiteralNode
instanceKlass org/ballerinalang/model/tree/expressions/WaitForAllExpressionNode$WaitKeyValueNode
instanceKlass org/ballerinalang/model/tree/expressions/WorkerFlushExpressionNode
instanceKlass org/ballerinalang/model/tree/statements/WorkerReceiveNode
instanceKlass org/ballerinalang/model/tree/expressions/ExpressionNode
instanceKlass org/ballerinalang/model/tree/ActionNode
instanceKlass org/wso2/ballerinalang/compiler/tree/BLangNode
instanceKlass org/ballerinalang/model/tree/Node
instanceKlass org/wso2/ballerinalang/compiler/tree/BLangNodeTransformer
instanceKlass io/ballerina/projects/Bootstrap
instanceKlass org/wso2/ballerinalang/compiler/util/CompilerContext$Key
instanceKlass org/wso2/ballerinalang/compiler/util/CompilerOptions
instanceKlass org/wso2/ballerinalang/compiler/util/CompilerContext
instanceKlass io/ballerina/projects/internal/environment/DefaultPackageResolver
instanceKlass java/util/stream/ReduceOps$Box
instanceKlass java/util/stream/ReduceOps$AccumulatingSink
instanceKlass java/util/stream/ReduceOps$ReduceOp
instanceKlass java/util/stream/ReduceOps
instanceKlass  @bci java/util/stream/Collectors castingIdentity ()Ljava/util/function/Function; 0 <appendix> argL0 ; # java/util/stream/Collectors$$Lambda+0x000000010013a398
# instanceKlass java/util/stream/Collectors$$Lambda+0x000000010013a168
instanceKlass  @bci java/util/stream/Collectors uniqKeysMapMerger ()Ljava/util/function/BinaryOperator; 0 <appendix> argL0 ; # java/util/stream/Collectors$$Lambda+0x0000000100139f30
# instanceKlass java/util/stream/Collectors$$Lambda+0x0000000100139cf8
instanceKlass java/util/function/BinaryOperator
# instanceKlass java/util/stream/Collectors$$Lambda+0x00000001001398e0
instanceKlass  @bci java/util/stream/Collectors uniqKeysMapAccumulator (Ljava/util/function/Function;Ljava/util/function/Function;)Ljava/util/function/BiConsumer; 2 <appendix> member <vmtarget> ; # java/util/stream/Collectors$$Lambda+0x00000001001396b8
instanceKlass java/util/function/BiConsumer
# instanceKlass java/util/stream/Collectors$$Lambda+0x00000001001392b8
instanceKlass  @bci java/util/stream/Collectors toMap (Ljava/util/function/Function;Ljava/util/function/Function;)Ljava/util/stream/Collector; 4 <appendix> argL0 ; # java/util/stream/Collectors$$Lambda+0x00000001001390a8
instanceKlass java/util/stream/Collector
instanceKlass java/util/stream/Collectors
instanceKlass  @bci io/ballerina/projects/environment/EnvironmentBuilder build ()Lio/ballerina/projects/environment/Environment; 99 <appendix> argL0 ; # io/ballerina/projects/environment/EnvironmentBuilder$$Lambda+0x00000001001e3f88
# instanceKlass io/ballerina/projects/environment/EnvironmentBuilder$$Lambda+0x00000001001e3d58
# instanceKlass io/ballerina/projects/environment/EnvironmentBuilder$$Lambda+0x00000001001e3b28
instanceKlass  @bci io/ballerina/projects/environment/EnvironmentBuilder build ()Lio/ballerina/projects/environment/Environment; 94 <appendix> argL0 ; # io/ballerina/projects/environment/EnvironmentBuilder$$Lambda+0x00000001001e38f8
instanceKlass java/util/HashMap$HashMapSpliterator
instanceKlass io/ballerina/projects/internal/repositories/CustomPkgRepositoryContainer
instanceKlass okhttp3/MediaType
instanceKlass okhttp3/RequestBody
instanceKlass org/ballerinalang/central/client/LogFormatter
instanceKlass okhttp3/Interceptor
instanceKlass org/ballerinalang/central/client/CentralAPIClient
instanceKlass org/wso2/ballerinalang/util/Lists
instanceKlass  @bci java/util/regex/Pattern negate (Ljava/util/regex/Pattern$CharPredicate;)Ljava/util/regex/Pattern$CharPredicate; 1 <appendix> member <vmtarget> ; # java/util/regex/Pattern$$Lambda+0x0000000100137fa8
instanceKlass org/apache/commons/compress/archivers/EntryStreamOffsets
instanceKlass org/apache/commons/compress/archivers/ArchiveEntry
instanceKlass java/net/SocketAddress
instanceKlass io/ballerina/projects/util/ProjectUtils
instanceKlass io/ballerina/projects/internal/repositories/RemotePackageRepository
instanceKlass io/ballerina/projects/Settings
instanceKlass io/ballerina/projects/internal/model/Repository
instanceKlass io/ballerina/projects/internal/model/Central
instanceKlass io/ballerina/projects/internal/model/Proxy
instanceKlass io/ballerina/toml/syntax/tree/NodeList$NodeListIterator
instanceKlass  @bci io/ballerina/toml/syntax/tree/NonTerminalNode diagnostics ()Ljava/lang/Iterable; 10 <appendix> argL0 ; # io/ballerina/toml/syntax/tree/NonTerminalNode$$Lambda+0x00000001001df418
# instanceKlass io/ballerina/toml/syntax/tree/NonTerminalNode$$Lambda+0x00000001001df1e8
instanceKlass io/ballerina/toml/semantic/diagnostics/DiagnosticComparator
instanceKlass io/ballerina/toml/syntax/tree/NodeList
instanceKlass io/ballerina/toml/syntax/tree/Minutiae
instanceKlass io/ballerina/toml/internal/syntax/NodeListUtils
instanceKlass io/ballerina/toml/syntax/tree/MinutiaeList
instanceKlass io/ballerina/toml/syntax/tree/AbstractNodeFactory
instanceKlass io/ballerina/tools/text/LineRange
instanceKlass io/ballerina/tools/text/TextLine
instanceKlass io/ballerina/tools/text/LineMap
instanceKlass io/ballerina/tools/text/TextRange
instanceKlass io/ballerina/toml/semantic/diagnostics/TomlNodeLocation
instanceKlass io/ballerina/toml/semantic/diagnostics/DiagnosticLog
instanceKlass io/ballerina/toml/syntax/tree/NodeTransformer
instanceKlass io/ballerina/toml/internal/syntax/SyntaxUtils
instanceKlass io/ballerina/toml/internal/parser/tree/STAbstractNodeFactory
instanceKlass io/ballerina/toml/internal/parser/TomlLexer$1
instanceKlass io/ballerina/toml/internal/parser/AbstractParserErrorHandler
instanceKlass io/ballerina/toml/internal/parser/AbstractParser
instanceKlass io/ballerina/toml/internal/parser/TokenReader$TokenBuffer
instanceKlass io/ballerina/tools/text/CharReader
instanceKlass io/ballerina/tools/diagnostics/DiagnosticCode
instanceKlass io/ballerina/toml/internal/parser/tree/STNode
instanceKlass io/ballerina/toml/internal/parser/AbstractTokenReader
instanceKlass io/ballerina/toml/internal/parser/AbstractLexer
instanceKlass io/ballerina/toml/internal/parser/ParserFactory
instanceKlass io/ballerina/toml/syntax/tree/Node
instanceKlass io/ballerina/toml/syntax/tree/SyntaxTree
instanceKlass io/ballerina/tools/text/TextDocument
instanceKlass io/ballerina/tools/text/TextDocuments
instanceKlass com/google/gson/internal/bind/JsonTreeReader$2
instanceKlass com/google/gson/internal/bind/TreeTypeAdapter$GsonContextImpl
instanceKlass com/google/gson/internal/bind/TreeTypeAdapter$SingleTypeFactory
instanceKlass com/google/gson/JsonDeserializationContext
instanceKlass com/google/gson/JsonSerializationContext
instanceKlass com/google/gson/InstanceCreator
instanceKlass io/ballerina/projects/environment/ProjectEnvironment
instanceKlass io/ballerina/projects/CompilationCache
instanceKlass io/ballerina/toml/validator/schema/SchemaDeserializer
instanceKlass io/ballerina/projects/ProjectEnvironmentBuilder
instanceKlass io/ballerina/toml/validator/schema/AbstractSchema
instanceKlass com/google/common/cache/LocalCache$StrongValueReference
instanceKlass com/google/common/util/concurrent/Uninterruptibles
instanceKlass sun/nio/fs/WindowsFileSystem$2
instanceKlass java/nio/file/PathMatcher
instanceKlass  @bci java/util/regex/Pattern DOT ()Ljava/util/regex/Pattern$CharPredicate; 0 <appendix> argL0 ; # java/util/regex/Pattern$$Lambda+0x0000000100136ab0
instanceKlass sun/nio/fs/Globs
instanceKlass com/google/common/util/concurrent/ImmediateFuture
instanceKlass io/ballerina/projects/util/FileUtils
instanceKlass io/ballerina/toml/semantic/ast/TomlNodeVisitor
instanceKlass com/google/common/util/concurrent/GwtFuturesCatchingSpecialization
instanceKlass io/ballerina/toml/validator/TomlValidator
instanceKlass io/ballerina/projects/DiagnosticResult
instanceKlass io/ballerina/projects/internal/SettingsBuilder
instanceKlass io/ballerina/projects/TomlDocument
instanceKlass sun/nio/ch/Util$BufferCache
instanceKlass sun/nio/ch/Util
instanceKlass sun/nio/ch/IOStatus
instanceKlass sun/nio/ch/NativeThread
instanceKlass java/nio/channels/NetworkChannel
instanceKlass io/ballerina/projects/util/ProjectPaths
instanceKlass sun/nio/ch/SelChImpl
instanceKlass sun/nio/ch/Streams
instanceKlass java/nio/channels/Channels
instanceKlass sun/nio/ch/FileChannelImpl$Closer
instanceKlass sun/nio/ch/NativeThreadSet
instanceKlass com/google/common/base/Stopwatch
instanceKlass com/google/common/util/concurrent/AbstractFuture$Waiter
instanceKlass com/google/common/util/concurrent/AbstractFuture$Listener
instanceKlass sun/nio/ch/IOUtil
# instanceKlass java/lang/invoke/LambdaForm$MH+0x00000001001c4800
instanceKlass sun/nio/ch/NativeDispatcher
instanceKlass java/nio/channels/spi/AbstractInterruptibleChannel
instanceKlass com/google/common/util/concurrent/AbstractFuture$UnsafeAtomicHelper$1
instanceKlass java/nio/channels/InterruptibleChannel
instanceKlass java/nio/channels/ScatteringByteChannel
instanceKlass java/nio/channels/GatheringByteChannel
instanceKlass java/nio/channels/SeekableByteChannel
instanceKlass java/nio/channels/ByteChannel
instanceKlass java/nio/channels/WritableByteChannel
instanceKlass java/nio/channels/ReadableByteChannel
instanceKlass java/nio/channels/Channel
instanceKlass sun/misc/Unsafe
instanceKlass sun/nio/fs/WindowsChannelFactory$Flags
instanceKlass sun/nio/fs/WindowsChannelFactory$1
instanceKlass sun/nio/fs/WindowsChannelFactory
instanceKlass com/google/common/util/concurrent/AbstractFuture$AtomicHelper
instanceKlass sun/nio/fs/WindowsSecurityDescriptor
instanceKlass com/google/common/util/concurrent/internal/InternalFutureFailureAccess
instanceKlass java/nio/file/attribute/FileAttribute
instanceKlass io/ballerina/projects/internal/environment/BallerinaUserHome
instanceKlass io/ballerina/projects/internal/environment/EnvironmentPackageCache
instanceKlass io/ballerina/projects/internal/environment/WritablePackageCache
instanceKlass com/google/common/util/concurrent/AbstractFuture$Trusted
instanceKlass sun/nio/fs/WindowsPath$1
instanceKlass com/google/common/util/concurrent/ListenableFuture
instanceKlass io/ballerina/projects/CompilationCacheFactory
instanceKlass io/ballerina/projects/internal/repositories/AbstractPackageRepository
instanceKlass  @bci com/google/common/cache/LocalCache computeIfAbsent (Ljava/lang/Object;Ljava/util/function/Function;)Ljava/lang/Object; 14 <appendix> member <vmtarget> ; # com/google/common/cache/LocalCache$$Lambda+0x00000001001c2f50
instanceKlass  @bci org/ballerinalang/langserver/workspace/BallerinaWorkspaceManager projectRoot (Ljava/nio/file/Path;)Ljava/nio/file/Path; 6 <appendix> member <vmtarget> ; # org/ballerinalang/langserver/workspace/BallerinaWorkspaceManager$$Lambda+0x00000001001c2d18
instanceKlass sun/nio/fs/WindowsUriSupport
instanceKlass org/ballerinalang/langserver/contexts/AbstractDocumentServiceContext
instanceKlass io/ballerina/projects/internal/environment/BallerinaDistribution
instanceKlass org/ballerinalang/langserver/contexts/AbstractDocumentServiceContext$AbstractContextBuilder
instanceKlass io/ballerina/projects/environment/Environment
instanceKlass io/ballerina/projects/environment/PackageResolver
instanceKlass io/ballerina/projects/environment/PackageCache
instanceKlass io/ballerina/projects/environment/EnvironmentBuilder
instanceKlass org/ballerinalang/langserver/contexts/ContextBuilder
instanceKlass org/eclipse/lsp4j/adapters/WorkDoneProgressNotificationAdapter$1
instanceKlass  @bci org/eclipse/lsp4j/adapters/ProgressNotificationAdapter create (Lcom/google/gson/Gson;Lcom/google/gson/reflect/TypeToken;)Lcom/google/gson/TypeAdapter; 63 <appendix> argL0 ; # org/eclipse/lsp4j/adapters/ProgressNotificationAdapter$$Lambda+0x00000001001c0830
instanceKlass org/ballerinalang/langserver/common/utils/PathUtil
instanceKlass  @bci java/util/function/Predicate or (Ljava/util/function/Predicate;)Ljava/util/function/Predicate; 7 <appendix> member <vmtarget> ; # java/util/function/Predicate$$Lambda+0x000000010012e750
instanceKlass  @cpi java/util/function/Predicate 78 form vmentry <vmtarget> ; # java/lang/invoke/LambdaForm$DMH+0x00000001001c4000
# instanceKlass java/lang/invoke/LambdaForm$MH+0x00000001001c4400
instanceKlass org/eclipse/lsp4j/jsonrpc/json/adapters/EitherTypeAdapter$PropertyChecker
instanceKlass com/google/gson/JsonDeserializer
instanceKlass com/google/gson/JsonSerializer
instanceKlass org/eclipse/lsp4j/TextDocumentItem
instanceKlass org/eclipse/lsp4j/adapters/ProgressNotificationAdapter
instanceKlass  @bci org/ballerinalang/langserver/LSPackageLoader loadModules (Lorg/ballerinalang/langserver/commons/LanguageServerContext;)V 71 <appendix> member <vmtarget> ; # org/ballerinalang/langserver/LSPackageLoader$$Lambda+0x00000001001bfcb0
instanceKlass org/eclipse/lsp4j/WorkDoneProgressBegin
instanceKlass  @bci org/ballerinalang/langserver/LSPackageLoader loadModules (Lorg/ballerinalang/langserver/commons/LanguageServerContext;)V 61 <appendix> member <vmtarget> ; # org/ballerinalang/langserver/LSPackageLoader$$Lambda+0x00000001001bf838
instanceKlass org/eclipse/lsp4j/WorkDoneProgressNotification
instanceKlass  @bci org/ballerinalang/langserver/LSPackageLoader loadModules (Lorg/ballerinalang/langserver/commons/LanguageServerContext;)V 51 <appendix> member <vmtarget> ; # org/ballerinalang/langserver/LSPackageLoader$$Lambda+0x00000001001bf430
instanceKlass  @bci org/ballerinalang/langserver/LSPackageLoader loadModules (Lorg/ballerinalang/langserver/commons/LanguageServerContext;)V 41 <appendix> member <vmtarget> ; # org/ballerinalang/langserver/LSPackageLoader$$Lambda+0x00000001001bf218
instanceKlass  @bci org/ballerinalang/langserver/LSPackageLoader loadModules (Lorg/ballerinalang/langserver/commons/LanguageServerContext;)V 29 <appendix> member <vmtarget> ; # org/ballerinalang/langserver/LSPackageLoader$$Lambda+0x00000001001bf000
instanceKlass org/ballerinalang/langserver/CentralPackageDescriptorLoader
instanceKlass io/ballerina/projects/environment/PackageRepository
instanceKlass org/ballerinalang/langserver/LSPackageLoader
instanceKlass org/eclipse/lsp4j/RelativePattern
instanceKlass org/eclipse/lsp4j/DidChangeWatchedFilesRegistrationOptions
instanceKlass org/eclipse/lsp4j/FileSystemWatcher
instanceKlass org/ballerinalang/langserver/BallerinaLanguageServer$3
instanceKlass org/eclipse/lsp4j/jsonrpc/RemoteEndpoint$PendingRequestInfo
instanceKlass org/eclipse/lsp4j/Registration
instanceKlass  @bci org/ballerinalang/langserver/BallerinaLanguageServer initialized (Lorg/eclipse/lsp4j/InitializedParams;)V 12 <appendix> form vmentry <vmtarget> ; # java/lang/invoke/LambdaForm$MH+0x00000001001be000
instanceKlass  @bci org/ballerinalang/langserver/BallerinaLanguageServer initialized (Lorg/eclipse/lsp4j/InitializedParams;)V 12 <appendix> argL3 form vmentry <vmtarget> ; # java/lang/invoke/LambdaForm$MH+0x00000001001bdc00
# instanceKlass java/lang/invoke/LambdaForm$MH+0x00000001001bd800
# instanceKlass java/lang/invoke/LambdaForm$MH+0x00000001001bd400
instanceKlass  @bci org/ballerinalang/langserver/BallerinaLanguageServer initialized (Lorg/eclipse/lsp4j/InitializedParams;)V 12 <appendix> argL1 form vmentry <vmtarget> ; # java/lang/invoke/LambdaForm$MH+0x00000001001bd000
# instanceKlass java/lang/invoke/LambdaForm$MH+0x00000001001bcc00
# instanceKlass java/lang/invoke/LambdaForm$MH+0x00000001001bc800
instanceKlass  @cpi io/ballerina/stdlib/http/compiler/HttpCompilerPlugin 155 form vmentry <vmtarget> ; # java/lang/invoke/LambdaForm$DMH+0x00000001001bc400
instanceKlass  @bci org/eclipse/lsp4j/jsonrpc/RemoteEndpoint handleRequest (Lorg/eclipse/lsp4j/jsonrpc/messages/RequestMessage;)V 142 <appendix> member <vmtarget> ; # org/eclipse/lsp4j/jsonrpc/RemoteEndpoint$$Lambda+0x00000001001b9ad8
instanceKlass  @bci org/eclipse/lsp4j/jsonrpc/RemoteEndpoint handleRequest (Lorg/eclipse/lsp4j/jsonrpc/messages/RequestMessage;)V 132 <appendix> member <vmtarget> ; # org/eclipse/lsp4j/jsonrpc/RemoteEndpoint$$Lambda+0x00000001001b98a0
# instanceKlass java/lang/invoke/LambdaForm$MH+0x00000001001bc000
instanceKlass org/eclipse/lsp4j/SemanticTokensServerFull
instanceKlass org/eclipse/lsp4j/SemanticTokensLegend
instanceKlass org/eclipse/lsp4j/FileOperationPatternOptions
instanceKlass org/eclipse/lsp4j/FileOperationPattern
instanceKlass org/eclipse/lsp4j/FileOperationFilter
instanceKlass org/eclipse/lsp4j/FileOperationOptions
instanceKlass org/eclipse/lsp4j/FileOperationsServerCapabilities
instanceKlass org/eclipse/lsp4j/WorkspaceFoldersOptions
instanceKlass org/eclipse/lsp4j/DocumentFilter
instanceKlass org/eclipse/lsp4j/CompletionItemOptions
instanceKlass org/eclipse/lsp4j/NotebookSelectorCell
instanceKlass org/eclipse/lsp4j/NotebookDocumentFilter
instanceKlass org/eclipse/lsp4j/NotebookSelector
instanceKlass org/eclipse/lsp4j/SaveOptions
instanceKlass org/eclipse/lsp4j/TextDocumentSyncOptions
instanceKlass org/eclipse/lsp4j/WorkspaceServerCapabilities
instanceKlass org/eclipse/lsp4j/DocumentOnTypeFormattingOptions
instanceKlass org/eclipse/lsp4j/NotebookDocumentSyncRegistrationOptions
instanceKlass org/eclipse/lsp4j/ServerInfo
instanceKlass  @bci org/eclipse/lsp4j/jsonrpc/RemoteEndpoint handleRequest (Lorg/eclipse/lsp4j/jsonrpc/messages/RequestMessage;)V 121 <appendix> member <vmtarget> ; # org/eclipse/lsp4j/jsonrpc/RemoteEndpoint$$Lambda+0x00000001001b24a0
instanceKlass jdk/internal/util/random/RandomSupport
instanceKlass java/util/concurrent/ForkJoinTask$Aux
instanceKlass java/util/concurrent/ForkJoinTask
instanceKlass java/util/concurrent/CompletableFuture$AsynchronousCompletionTask
instanceKlass java/util/concurrent/CompletableFuture$AltResult
instanceKlass  @bci org/ballerinalang/langserver/BallerinaLanguageServer initialize (Lorg/eclipse/lsp4j/InitializeParams;)Ljava/util/concurrent/CompletableFuture; 729 <appendix> member <vmtarget> ; # org/ballerinalang/langserver/BallerinaLanguageServer$$Lambda+0x00000001001b2288
instanceKlass org/ballerinalang/langserver/command/executors/RunExecutor
instanceKlass org/ballerinalang/langserver/command/executors/AddAllDocumentationExecutor
instanceKlass org/ballerinalang/langserver/command/executors/AbstractDocumentationExecutor
instanceKlass org/ballerinalang/langserver/command/executors/PullModuleExecutor
instanceKlass org/ballerinalang/langserver/command/executors/MessageExecutor
instanceKlass org/ballerinalang/langserver/command/executors/StopExecutor
instanceKlass org/ballerinalang/langserver/command/executors/ReportFeatureUsageExecutor
instanceKlass io/ballerina/c2c/tooling/command/CreateCloudTomlExecutor
instanceKlass org/ballerinalang/langserver/commons/command/spi/LSCommandExecutor
instanceKlass org/ballerinalang/langserver/command/LSCommandExecutorProvidersHolder
instanceKlass org/eclipse/lsp4j/TextDocumentRegistrationOptions
instanceKlass sun/security/provider/AbstractDrbg$NonceProvider
instanceKlass  @bci sun/security/provider/AbstractDrbg$SeederHolder <clinit> ()V 42 <appendix> member <vmtarget> ; # sun/security/provider/AbstractDrbg$SeederHolder$$Lambda+0x000000010012b250
instanceKlass  @cpi sun/security/provider/AbstractDrbg$SeederHolder 91 form vmentry <vmtarget> ; # java/lang/invoke/LambdaForm$DMH+0x00000001001b4c00
# instanceKlass java/lang/invoke/LambdaForm$DMH+0x00000001001b4800
instanceKlass sun/nio/fs/BasicFileAttributesHolder
instanceKlass sun/nio/fs/WindowsDirectoryStream$WindowsDirectoryIterator
instanceKlass sun/nio/fs/WindowsDirectoryStream
instanceKlass java/nio/file/DirectoryStream
instanceKlass java/nio/file/Files$AcceptAllFilter
instanceKlass java/nio/file/DirectoryStream$Filter
instanceKlass java/net/NetworkInterface$1
instanceKlass java/net/DefaultInterface
instanceKlass java/net/Inet6Address$Inet6AddressHolder
instanceKlass java/net/InetAddress$PlatformResolver
instanceKlass java/net/spi/InetAddressResolver
instanceKlass java/net/spi/InetAddressResolver$LookupPolicy
instanceKlass java/net/Inet4AddressImpl
instanceKlass java/net/Inet6AddressImpl
instanceKlass java/net/InetAddressImpl
instanceKlass java/util/concurrent/ConcurrentSkipListMap$Node
instanceKlass java/util/concurrent/ConcurrentSkipListMap$Index
instanceKlass java/net/InetAddress$InetAddressHolder
instanceKlass java/net/InetAddress$1
instanceKlass jdk/internal/access/JavaNetInetAddressAccess
instanceKlass java/net/InterfaceAddress
instanceKlass java/net/NetworkInterface
instanceKlass sun/security/provider/ByteArrayAccess$BE
instanceKlass sun/security/provider/ByteArrayAccess
instanceKlass sun/security/provider/SeedGenerator$1
instanceKlass sun/security/util/MessageDigestSpi2
instanceKlass sun/security/jca/GetInstance$Instance
instanceKlass sun/security/jca/GetInstance
instanceKlass java/security/MessageDigestSpi
instanceKlass sun/security/provider/SeedGenerator
instanceKlass sun/security/provider/AbstractDrbg$SeederHolder
instanceKlass java/security/DrbgParameters$NextBytes
instanceKlass  @bci sun/security/provider/AbstractDrbg <clinit> ()V 12 <appendix> argL0 ; # sun/security/provider/AbstractDrbg$$Lambda+0x0000000100122a60
instanceKlass  @cpi sun/security/provider/AbstractDrbg 383 form vmentry <vmtarget> ; # java/lang/invoke/LambdaForm$DMH+0x00000001001b4400
# instanceKlass java/lang/invoke/LambdaForm$DMH+0x00000001001b4000
instanceKlass sun/security/provider/EntropySource
instanceKlass sun/security/provider/AbstractDrbg
instanceKlass java/security/DrbgParameters$Instantiation
instanceKlass java/security/DrbgParameters
instanceKlass sun/security/provider/MoreDrbgParameters
instanceKlass  @bci sun/security/provider/DRBG <init> (Ljava/security/SecureRandomParameters;)V 26 <appendix> argL0 ; # sun/security/provider/DRBG$$Lambda+0x00000001001215a0
instanceKlass java/security/SecureRandomSpi
instanceKlass jdk/internal/event/Event
instanceKlass sun/security/util/SecurityProviderConstants
instanceKlass java/security/Provider$UString
instanceKlass java/security/Provider$Service
instanceKlass sun/security/provider/NativePRNG$NonBlocking
instanceKlass sun/security/provider/NativePRNG$Blocking
instanceKlass sun/security/provider/NativePRNG
instanceKlass sun/security/provider/SunEntries$1
instanceKlass sun/security/provider/SunEntries
instanceKlass sun/security/util/SecurityConstants
instanceKlass java/util/AbstractList$Itr
instanceKlass sun/security/jca/ProviderList$2
instanceKlass javax/security/auth/login/Configuration$Parameters
instanceKlass java/security/Policy$Parameters
instanceKlass java/security/cert/CertStoreParameters
instanceKlass java/security/SecureRandomParameters
instanceKlass java/security/Provider$EngineDescription
instanceKlass java/security/Provider$ServiceKey
instanceKlass sun/security/jca/ProviderConfig
instanceKlass sun/security/jca/ProviderList
instanceKlass sun/security/jca/Providers
instanceKlass java/util/Random
instanceKlass java/util/random/RandomGenerator
instanceKlass java/util/UUID$Holder
instanceKlass org/ballerinalang/langserver/util/LSClientUtil
instanceKlass org/eclipse/lsp4j/AbstractWorkDoneProgressOptions
instanceKlass org/eclipse/lsp4j/WorkDoneProgressOptions
instanceKlass org/ballerinalang/langserver/LSClientCapabilitiesImpl$InitializationOptionsImpl
instanceKlass org/ballerinalang/langserver/LSClientCapabilitiesImpl$ExperimentalClientCapabilitiesImpl
instanceKlass org/ballerinalang/langserver/commons/capability/InitializationOptions
instanceKlass org/ballerinalang/langserver/commons/capability/ExperimentalClientCapabilities
instanceKlass org/ballerinalang/langserver/LSClientCapabilitiesImpl
instanceKlass com/google/gson/internal/bind/ObjectTypeAdapter$2
instanceKlass com/google/gson/internal/LinkedTreeMap$LinkedTreeMapIterator
instanceKlass com/google/gson/internal/Streams
instanceKlass org/eclipse/lsp4j/ServerCapabilities
# instanceKlass java/lang/invoke/LambdaForm$MH+0x00000001001acc00
# instanceKlass java/lang/invoke/LambdaForm$MH+0x00000001001ac800
instanceKlass  @cpi io/ballerina/artifactsgenerator/ModuleNodeTransformer 561 form vmentry <vmtarget> ; # java/lang/invoke/LambdaForm$DMH+0x00000001001ac400
instanceKlass org/eclipse/lsp4j/jsonrpc/util/Preconditions
instanceKlass com/google/gson/internal/bind/TypeAdapters$35
instanceKlass  @bci jdk/internal/reflect/MethodHandleIntegerFieldAccessorImpl setInt (Ljava/lang/Object;I)V 41 <adapter> ; # java/lang/invoke/LambdaForm$MH+0x00000001001ac000
instanceKlass org/eclipse/lsp4j/jsonrpc/json/adapters/JsonElementTypeAdapter$Factory
instanceKlass org/eclipse/lsp4j/StaleRequestCapabilities
instanceKlass org/eclipse/lsp4j/MarkdownCapabilities
instanceKlass org/eclipse/lsp4j/RegularExpressionsCapabilities
instanceKlass org/eclipse/lsp4j/WindowShowMessageRequestActionItemCapabilities
instanceKlass org/eclipse/lsp4j/ShowDocumentCapabilities
instanceKlass org/eclipse/lsp4j/WindowShowMessageRequestCapabilities
instanceKlass org/eclipse/lsp4j/InlayHintResolveSupportCapabilities
instanceKlass org/eclipse/lsp4j/SemanticTokensClientCapabilitiesRequestsFull
instanceKlass org/eclipse/lsp4j/SemanticTokensClientCapabilitiesRequests
instanceKlass org/eclipse/lsp4j/FoldingRangeSupportCapabilities
instanceKlass org/eclipse/lsp4j/FoldingRangeKindSupportCapabilities
instanceKlass org/eclipse/lsp4j/jsonrpc/json/adapters/EitherTypeAdapter$EitherTypeArgument
instanceKlass org/eclipse/lsp4j/DiagnosticsTagSupport
instanceKlass org/eclipse/lsp4j/CodeActionKindCapabilities
instanceKlass org/eclipse/lsp4j/CodeActionResolveSupportCapabilities
instanceKlass org/eclipse/lsp4j/CodeActionLiteralSupportCapabilities
instanceKlass org/eclipse/lsp4j/ParameterInformationCapabilities
instanceKlass org/eclipse/lsp4j/SignatureInformationCapabilities
instanceKlass org/eclipse/lsp4j/CompletionItemInsertTextModeSupportCapabilities
instanceKlass org/eclipse/lsp4j/CompletionItemResolveSupportCapabilities
instanceKlass org/eclipse/lsp4j/CompletionItemTagSupportCapabilities
instanceKlass org/eclipse/lsp4j/CompletionListCapabilities
instanceKlass org/eclipse/lsp4j/CompletionItemCapabilities
instanceKlass org/eclipse/lsp4j/CompletionItemKindCapabilities
instanceKlass org/eclipse/lsp4j/PublishDiagnosticsCapabilities
instanceKlass org/eclipse/lsp4j/WorkspaceSymbolResolveSupportCapabilities
instanceKlass org/eclipse/lsp4j/SymbolTagSupportCapabilities
instanceKlass org/eclipse/lsp4j/SymbolKindCapabilities
instanceKlass  @bci org/eclipse/lsp4j/jsonrpc/json/adapters/CollectionTypeAdapter$Factory getConstructor (Ljava/lang/Class;)Ljava/util/function/Supplier; 62 <appendix> argL0 ; # org/eclipse/lsp4j/jsonrpc/json/adapters/CollectionTypeAdapter$Factory$$Lambda+0x00000001001a19b0
instanceKlass org/eclipse/lsp4j/jsonrpc/json/adapters/TypeUtils$ParameterizedTypeImpl
instanceKlass org/eclipse/lsp4j/WorkspaceEditChangeAnnotationSupportCapabilities
instanceKlass org/eclipse/lsp4j/DiagnosticWorkspaceCapabilities
instanceKlass org/eclipse/lsp4j/InlineValueWorkspaceCapabilities
instanceKlass org/eclipse/lsp4j/InlayHintWorkspaceCapabilities
instanceKlass org/eclipse/lsp4j/CodeLensWorkspaceCapabilities
instanceKlass org/eclipse/lsp4j/SemanticTokensWorkspaceCapabilities
instanceKlass org/eclipse/lsp4j/DynamicRegistrationCapabilities
instanceKlass org/eclipse/lsp4j/WorkspaceEditCapabilities
instanceKlass org/eclipse/lsp4j/GeneralClientCapabilities
instanceKlass org/eclipse/lsp4j/NotebookDocumentClientCapabilities
instanceKlass org/eclipse/lsp4j/WindowClientCapabilities
instanceKlass org/eclipse/lsp4j/TextDocumentClientCapabilities
instanceKlass org/eclipse/lsp4j/WorkspaceClientCapabilities
instanceKlass org/eclipse/lsp4j/ClientCapabilities
instanceKlass  @bci jdk/internal/reflect/MethodHandleObjectFieldAccessorImpl set (Ljava/lang/Object;Ljava/lang/Object;)V 41 <adapter> ; # java/lang/invoke/LambdaForm$MH+0x000000010019c800
instanceKlass org/eclipse/lsp4j/jsonrpc/validation/NonNull
instanceKlass org/eclipse/lsp4j/ClientInfo
instanceKlass org/eclipse/lsp4j/adapters/InitializeParamsTypeAdapter$Factory
instanceKlass org/eclipse/lsp4j/jsonrpc/messages/Tuple$Two
instanceKlass org/eclipse/lsp4j/jsonrpc/messages/Tuple
instanceKlass org/eclipse/lsp4j/jsonrpc/json/adapters/TypeUtils
instanceKlass org/eclipse/lsp4j/jsonrpc/json/StreamMessageProducer$Headers
instanceKlass org/eclipse/lsp4j/jsonrpc/json/ConcurrentMessageProcessor$1
instanceKlass java/lang/invoke/VarHandle$AccessDescriptor
instanceKlass java/util/concurrent/Executors$RunnableAdapter
instanceKlass java/util/concurrent/FutureTask$WaitNode
instanceKlass java/util/concurrent/FutureTask
instanceKlass org/eclipse/lsp4j/jsonrpc/StandardLauncher
instanceKlass java/util/concurrent/Executors$DefaultThreadFactory
instanceKlass java/util/concurrent/LinkedTransferQueue$DualNode
instanceKlass java/util/concurrent/TransferQueue
instanceKlass org/eclipse/lsp4j/jsonrpc/json/ConcurrentMessageProcessor
instanceKlass org/eclipse/lsp4j/jsonrpc/json/StreamMessageProducer
instanceKlass java/util/Arrays$ArrayItr
instanceKlass  @bci java/lang/reflect/Proxy getProxyConstructor (Ljava/lang/Class;Ljava/lang/ClassLoader;[Ljava/lang/Class;)Ljava/lang/reflect/Constructor; 80 <appendix> argL0 ; # java/lang/reflect/Proxy$$Lambda+0x0000000100115998
instanceKlass  @bci org/eclipse/lsp4j/jsonrpc/services/EndpointProxy <init> (Lorg/eclipse/lsp4j/jsonrpc/Endpoint;Ljava/util/Collection;)V 197 <appendix> member <vmtarget> ; # org/eclipse/lsp4j/jsonrpc/services/EndpointProxy$$Lambda+0x000000010019afe8
instanceKlass  @bci org/eclipse/lsp4j/jsonrpc/services/EndpointProxy <init> (Lorg/eclipse/lsp4j/jsonrpc/Endpoint;Ljava/util/Collection;)V 178 <appendix> member <vmtarget> ; # org/eclipse/lsp4j/jsonrpc/services/EndpointProxy$$Lambda+0x000000010019adc0
instanceKlass  @cpi org/wso2/ballerinalang/compiler/parser/BLangNodeBuilder 8213 form vmentry <vmtarget> ; # java/lang/invoke/LambdaForm$DMH+0x000000010019c400
instanceKlass org/eclipse/lsp4j/jsonrpc/services/EndpointProxy
instanceKlass  @bci org/eclipse/lsp4j/jsonrpc/RemoteEndpoint <clinit> ()V 11 <appendix> argL0 ; # org/eclipse/lsp4j/jsonrpc/RemoteEndpoint$$Lambda+0x000000010019a968
instanceKlass org/eclipse/lsp4j/jsonrpc/messages/ResponseError
instanceKlass org/eclipse/lsp4j/jsonrpc/messages/Message
instanceKlass org/eclipse/lsp4j/jsonrpc/RemoteEndpoint
instanceKlass org/ballerinalang/langserver/commons/ExecuteCommandContext
instanceKlass  @cpi io/ballerina/modelgenerator/commons/CommonUtils 1349 form vmentry <vmtarget> ; # java/lang/invoke/LambdaForm$DMH+0x000000010019c000
instanceKlass org/eclipse/lsp4j/jsonrpc/json/StreamMessageConsumer
instanceKlass org/eclipse/lsp4j/jsonrpc/json/MessageConstants
instanceKlass org/eclipse/lsp4j/jsonrpc/json/adapters/MessageTypeAdapter$Factory
instanceKlass org/eclipse/lsp4j/jsonrpc/json/adapters/EnumTypeAdapter$Factory
instanceKlass org/eclipse/lsp4j/jsonrpc/json/adapters/TupleTypeAdapters$TwoTypeAdapterFactory
instanceKlass org/eclipse/lsp4j/jsonrpc/json/adapters/EitherTypeAdapter$Factory
instanceKlass org/eclipse/lsp4j/jsonrpc/json/adapters/ThrowableTypeAdapter$Factory
instanceKlass org/eclipse/lsp4j/jsonrpc/json/adapters/CollectionTypeAdapter$Factory
instanceKlass org/eclipse/lsp4j/jsonrpc/messages/CancelParams
instanceKlass org/eclipse/lsp4j/jsonrpc/json/MessageJsonHandler
instanceKlass io/ballerina/servicemodelgenerator/extension/model/response/AddOrGetDefaultListenerResponse
instanceKlass io/ballerina/servicemodelgenerator/extension/model/Codedata
instanceKlass io/ballerina/sequencemodelgenerator/ls/extension/SequenceDiagramServiceResponse
instanceKlass io/ballerina/sequencemodelgenerator/ls/extension/SequenceDiagramServiceRequest
instanceKlass io/ballerina/flowmodelgenerator/core/AgentsGenerator
instanceKlass io/ballerina/flowmodelgenerator/extension/request/XMLToRecordRequest
instanceKlass io/ballerina/flowmodelgenerator/extension/request/JsonToRecordRequest
instanceKlass io/ballerina/projects/PackageDependency
instanceKlass io/ballerina/toml/api/Toml
instanceKlass io/ballerina/projects/ModuleDependency
instanceKlass io/ballerina/projects/Package
instanceKlass com/google/gson/GsonBuilder
instanceKlass io/ballerina/tools/text/TextEdit
# instanceKlass java/lang/invoke/LambdaForm$MH+0x0000000100184000
instanceKlass java/lang/invoke/MethodHandle$1
instanceKlass io/ballerina/flowmodelgenerator/core/AvailableNodesGenerator
instanceKlass io/ballerina/designmodelgenerator/extension/response/AbstractResponse
instanceKlass io/ballerina/artifactsgenerator/ArtifactsCache
instanceKlass io/ballerina/architecturemodelgenerator/extension/persist/PersistERModelRequest
instanceKlass io/ballerina/architecturemodelgenerator/extension/ModelResponse
instanceKlass io/ballerina/architecturemodelgenerator/extension/architecture/ArchitectureModelRequest
instanceKlass org/ballerinalang/langserver/extensions/ballerina/connector/BallerinaConnectorListResponse
instanceKlass org/ballerinalang/langserver/extensions/ballerina/connector/BallerinaRecordResponse
instanceKlass org/ballerinalang/langserver/extensions/ballerina/connector/BallerinaConnectorListRequest
instanceKlass org/ballerinalang/langserver/extensions/ballerina/connector/BallerinaConnectorRequest
instanceKlass org/ballerinalang/langserver/extensions/ballerina/connector/BallerinaRecordRequest
instanceKlass org/ballerinalang/langserver/extensions/ballerina/connector/ConnectorExtContext
instanceKlass io/ballerina/projects/PackageCompilation
instanceKlass org/ballerinalang/langserver/extensions/ballerina/packages/PackageComponentsResponse
instanceKlass org/ballerinalang/langserver/extensions/ballerina/packages/PackageConfigSchemaResponse
instanceKlass org/ballerinalang/langserver/extensions/ballerina/packages/PackageConfigSchemaRequest
instanceKlass org/ballerinalang/langserver/extensions/ballerina/packages/PackageComponentsRequest
instanceKlass org/ballerinalang/langserver/extensions/ballerina/packages/ModuleObject
instanceKlass io/ballerina/projects/ModuleId
instanceKlass org/ballerinalang/langserver/extensions/ballerina/packages/PackageObject
instanceKlass org/ballerinalang/langserver/extensions/ballerina/packages/PackageMetadataRequest
instanceKlass org/ballerinalang/langserver/extensions/ballerina/document/SyntaxApiCallsResponse
instanceKlass org/ballerinalang/langserver/extensions/ballerina/document/BallerinaTriggerModifyRequest
instanceKlass org/ballerinalang/langserver/extensions/ballerina/document/BallerinaSyntaxTreeModifyRequest
instanceKlass org/ballerinalang/langserver/extensions/ballerina/packages/PackageMetadataResponse
instanceKlass org/ballerinalang/langserver/extensions/ballerina/document/BallerinaSyntaxTreeByRangeRequest
instanceKlass org/ballerinalang/langserver/extensions/ballerina/document/SyntaxApiCallsRequest
instanceKlass org/eclipse/lsp4j/jsonrpc/CancelChecker
instanceKlass org/ballerinalang/langserver/extensions/ballerina/document/ExecutorPositionsResponse
instanceKlass io/ballerina/projects/Document
instanceKlass io/ballerina/projects/DocumentId
instanceKlass org/ballerinalang/langserver/extensions/ballerina/document/BallerinaSyntaxTreeByNameRequest
instanceKlass io/ballerina/projects/Module
instanceKlass org/ballerinalang/langserver/extensions/ballerina/document/SyntaxTreeNodeResponse
instanceKlass org/ballerinalang/langserver/extensions/ballerina/document/SyntaxTreeNodeRequest
instanceKlass org/ballerinalang/langserver/extensions/ballerina/document/ResolveModuleDependenciesResponse
instanceKlass org/ballerinalang/langserver/extensions/ballerina/document/BallerinaProjectParams
instanceKlass org/ballerinalang/langserver/extensions/ballerina/document/BallerinaSyntaxTreeRequest
instanceKlass org/ballerinalang/langserver/extensions/ballerina/document/BallerinaSyntaxTreeResponse
instanceKlass org/ballerinalang/langserver/extensions/ballerina/symbol/BallerinaEndpointsResponse
instanceKlass org/ballerinalang/langserver/extensions/ballerina/symbol/ExpressionTypeResponse
instanceKlass org/ballerinalang/langserver/extensions/ballerina/symbol/TypesFromExpressionResponse
instanceKlass io/ballerina/compiler/api/symbols/ParameterSymbol
instanceKlass io/ballerina/compiler/api/symbols/Qualifiable
instanceKlass io/ballerina/compiler/api/symbols/Annotatable
instanceKlass org/ballerinalang/langserver/extensions/ballerina/symbol/TypeFromExpressionRequest
instanceKlass org/ballerinalang/langserver/extensions/ballerina/symbol/TypesFromSymbolResponse
instanceKlass org/ballerinalang/langserver/extensions/ballerina/symbol/TypeFromSymbolRequest
instanceKlass org/ballerinalang/langserver/extensions/ballerina/symbol/TypesFromFnDefinitionRequest
instanceKlass org/ballerinalang/langserver/extensions/ballerina/symbol/SymbolInfoResponse
instanceKlass io/ballerina/tools/text/LinePosition
instanceKlass io/ballerina/compiler/api/symbols/FunctionTypeSymbol
instanceKlass io/ballerina/compiler/api/SemanticModel
instanceKlass io/ballerina/compiler/api/symbols/TypeSymbol
instanceKlass org/ballerinalang/langserver/extensions/ballerina/symbol/SymbolInfoRequest
instanceKlass org/ballerinalang/langserver/extensions/ballerina/symbol/ExpressionTypeRequest
instanceKlass org/ballerinalang/langserver/extensions/ballerina/runner/MainFunctionParamsRequest
instanceKlass org/ballerinalang/langserver/extensions/ballerina/runner/ProjectDiagnosticsResponse
instanceKlass org/ballerinalang/langserver/extensions/ballerina/runner/ProjectDiagnosticsRequest
instanceKlass org/ballerinalang/langserver/extensions/ballerina/example/BallerinaExampleListResponse
instanceKlass org/ballerinalang/langserver/extensions/ballerina/example/BallerinaExampleListRequest
instanceKlass io/ballerina/shell/service/BalShellGetResultResponse
instanceKlass io/ballerina/shell/service/ShellFileSourceResponse
instanceKlass io/ballerina/shell/service/DeleteRequest
instanceKlass io/ballerina/shell/service/BalShellGetResultRequest
instanceKlass io/ballerina/xmltorecordconverter/XMLToRecordResponse
instanceKlass io/ballerina/xmltorecordconverter/XMLToRecordRequest
instanceKlass io/ballerina/trigger/entity/CentralTriggerListResult
instanceKlass io/ballerina/trigger/entity/BallerinaTriggerListResponse
instanceKlass io/ballerina/trigger/entity/BallerinaTriggerListRequest
instanceKlass io/ballerina/trigger/entity/BallerinaTriggerRequest
instanceKlass io/ballerina/PerformanceAnalyzerRequest
instanceKlass io/ballerina/PerformanceAnalyzerGraphRequest
instanceKlass io/ballerina/parsers/STResponse
instanceKlass io/ballerina/compiler/syntax/tree/SyntaxTree
instanceKlass io/ballerina/parsers/PartialSTRequest
instanceKlass io/ballerina/tools/diagnostics/Diagnostic
instanceKlass io/ballerina/openapi/extension/OpenAPIConverterResponse
instanceKlass io/ballerina/openapi/service/mapper/model/OASResult
instanceKlass io/ballerina/openapi/extension/OpenAPIConverterRequest
instanceKlass com/google/common/collect/LinkedListMultimap$KeyList
instanceKlass com/google/common/collect/AbstractMapEntry
instanceKlass  @bci org/eclipse/lsp4j/jsonrpc/services/GenericEndpoint recursiveFindRpcMethods (Ljava/lang/Object;Ljava/util/Set;Ljava/util/Set;)V 24 <appendix> member <vmtarget> ; # org/eclipse/lsp4j/jsonrpc/services/GenericEndpoint$$Lambda+0x00000001001715f8
instanceKlass  @cpi org/ballerinalang/langserver/diagnostic/DiagnosticsHelper 547 form vmentry <vmtarget> ; # java/lang/invoke/LambdaForm$DMH+0x0000000100174000
instanceKlass  @bci org/eclipse/lsp4j/jsonrpc/services/GenericEndpoint lambda$recursiveFindRpcMethods$1 (Ljava/lang/Object;Lorg/eclipse/lsp4j/jsonrpc/services/AnnotationUtil$MethodInfo;)V 3 <appendix> member <vmtarget> ; # org/eclipse/lsp4j/jsonrpc/services/GenericEndpoint$$Lambda+0x00000001001713c0
instanceKlass  @bci org/eclipse/lsp4j/jsonrpc/services/GenericEndpoint recursiveFindRpcMethods (Ljava/lang/Object;Ljava/util/Set;Ljava/util/Set;)V 7 <appendix> member <vmtarget> ; # org/eclipse/lsp4j/jsonrpc/services/GenericEndpoint$$Lambda+0x0000000100171198
instanceKlass org/eclipse/lsp4j/jsonrpc/services/GenericEndpoint
instanceKlass io/ballerina/jsonmapper/JsonToRecordResponse
instanceKlass io/ballerina/converters/JsonToRecordRequest
instanceKlass org/eclipse/lsp4j/DidOpenNotebookDocumentParams
instanceKlass org/eclipse/lsp4j/DidSaveNotebookDocumentParams
instanceKlass org/eclipse/lsp4j/DidCloseNotebookDocumentParams
instanceKlass org/eclipse/lsp4j/DidChangeNotebookDocumentParams
instanceKlass org/eclipse/lsp4j/WorkspaceDiagnosticReport
instanceKlass org/eclipse/lsp4j/adapters/WorkspaceSymbolResponseAdapter
instanceKlass org/eclipse/lsp4j/WorkspaceSymbol
instanceKlass org/eclipse/lsp4j/DidChangeWorkspaceFoldersParams
instanceKlass org/eclipse/lsp4j/DidChangeWatchedFilesParams
instanceKlass org/eclipse/lsp4j/DidChangeConfigurationParams
instanceKlass org/eclipse/lsp4j/RenameFilesParams
instanceKlass org/eclipse/lsp4j/ExecuteCommandParams
instanceKlass org/eclipse/lsp4j/CreateFilesParams
instanceKlass org/eclipse/lsp4j/DeleteFilesParams
instanceKlass org/eclipse/lsp4j/CallHierarchyIncomingCall
instanceKlass org/eclipse/lsp4j/SemanticTokensDelta
instanceKlass org/eclipse/lsp4j/adapters/SemanticTokensFullDeltaResponseAdapter
instanceKlass org/eclipse/lsp4j/CallHierarchyOutgoingCall
instanceKlass org/eclipse/lsp4j/CallHierarchyItem
instanceKlass org/eclipse/lsp4j/TypeHierarchyItem
instanceKlass org/eclipse/lsp4j/adapters/DocumentDiagnosticReportTypeAdapter
instanceKlass org/eclipse/lsp4j/Command
instanceKlass org/eclipse/lsp4j/adapters/CodeActionResponseAdapter
instanceKlass org/eclipse/lsp4j/Hover
instanceKlass org/eclipse/lsp4j/Moniker
instanceKlass org/eclipse/lsp4j/CompletionList
instanceKlass org/eclipse/lsp4j/TextEdit
instanceKlass org/eclipse/lsp4j/InlineValueEvaluatableExpression
instanceKlass org/eclipse/lsp4j/InlineValueVariableLookup
instanceKlass org/eclipse/lsp4j/adapters/InlineValueResponseAdapter
instanceKlass org/eclipse/lsp4j/FoldingRange
instanceKlass org/eclipse/lsp4j/DocumentSymbol
instanceKlass org/eclipse/lsp4j/SymbolInformation
instanceKlass org/eclipse/lsp4j/adapters/DocumentSymbolResponseAdapter
instanceKlass org/eclipse/lsp4j/SelectionRange
instanceKlass org/eclipse/lsp4j/ColorPresentation
instanceKlass org/eclipse/lsp4j/PrepareRenameDefaultBehavior
instanceKlass org/eclipse/lsp4j/PrepareRenameResult
instanceKlass org/eclipse/lsp4j/Range
instanceKlass org/eclipse/lsp4j/adapters/PrepareRenameResponseAdapter
instanceKlass org/eclipse/lsp4j/LinkedEditingRanges
instanceKlass org/eclipse/lsp4j/LocationLink
instanceKlass com/google/gson/internal/$Gson$Types$WildcardTypeImpl
instanceKlass org/eclipse/lsp4j/jsonrpc/messages/Either
instanceKlass org/eclipse/lsp4j/adapters/LocationLinkListAdapter
instanceKlass sun/reflect/generics/tree/Wildcard
instanceKlass sun/reflect/generics/tree/BottomSignature
instanceKlass org/eclipse/lsp4j/SemanticTokens
instanceKlass org/eclipse/lsp4j/ColorInformation
instanceKlass org/eclipse/lsp4j/SignatureHelp
instanceKlass org/eclipse/lsp4j/WorkspaceEdit
instanceKlass org/eclipse/lsp4j/DocumentLink
instanceKlass org/eclipse/lsp4j/CompletionItem
instanceKlass org/eclipse/lsp4j/DidOpenTextDocumentParams
instanceKlass org/eclipse/lsp4j/InlayHintParams
instanceKlass org/eclipse/lsp4j/DidSaveTextDocumentParams
instanceKlass org/eclipse/lsp4j/DocumentFormattingParams
instanceKlass org/eclipse/lsp4j/DidCloseTextDocumentParams
instanceKlass org/eclipse/lsp4j/DidChangeTextDocumentParams
instanceKlass org/eclipse/lsp4j/WillSaveTextDocumentParams
instanceKlass org/eclipse/lsp4j/InlineValueParams
instanceKlass org/eclipse/lsp4j/InlayHint
instanceKlass org/eclipse/lsp4j/DocumentRangeFormattingParams
instanceKlass org/eclipse/lsp4j/CodeAction
instanceKlass org/eclipse/lsp4j/WorkDoneProgressAndPartialResultParams
instanceKlass org/eclipse/lsp4j/PartialResultParams
instanceKlass org/eclipse/lsp4j/CodeLens
instanceKlass org/eclipse/lsp4j/TextDocumentPositionParams
instanceKlass org/ballerinalang/langserver/commons/registration/BallerinaInitializeResult
instanceKlass org/ballerinalang/langserver/commons/registration/BallerinaInitializeParams
instanceKlass org/eclipse/lsp4j/InitializeResult
instanceKlass org/eclipse/lsp4j/SetTraceParams
instanceKlass org/eclipse/lsp4j/WorkDoneProgressCancelParams
instanceKlass org/eclipse/lsp4j/InitializedParams
instanceKlass org/eclipse/lsp4j/InitializeParams
instanceKlass org/eclipse/lsp4j/WorkDoneProgressParams
instanceKlass jdk/internal/vm/annotation/IntrinsicCandidate
instanceKlass java/lang/annotation/Documented
instanceKlass java/lang/Deprecated
instanceKlass org/eclipse/lsp4j/jsonrpc/services/JsonDelegate
instanceKlass  @bci org/eclipse/lsp4j/jsonrpc/services/ServiceEndpoints getSupportedMethods (Ljava/lang/Class;Ljava/util/Set;)Ljava/util/Map; 29 <appendix> member <vmtarget> ; # org/eclipse/lsp4j/jsonrpc/services/ServiceEndpoints$$Lambda+0x000000010015eef8
instanceKlass  @cpi org/ballerinalang/langserver/diagnostic/DiagnosticsHelper 551 form vmentry <vmtarget> ; # java/lang/invoke/LambdaForm$DMH+0x000000010015a800
instanceKlass org/eclipse/lsp4j/Location
instanceKlass org/ballerinalang/langserver/commons/trace/TraceRecord
instanceKlass org/eclipse/lsp4j/ApplyWorkspaceEditResponse
instanceKlass org/eclipse/lsp4j/WorkspaceFolder
instanceKlass org/eclipse/lsp4j/MessageActionItem
instanceKlass org/eclipse/lsp4j/ShowDocumentResult
instanceKlass org/eclipse/lsp4j/jsonrpc/services/JsonNotification
instanceKlass org/eclipse/lsp4j/jsonrpc/json/JsonRpcMethod
instanceKlass org/eclipse/lsp4j/jsonrpc/json/ResponseJsonAdapter
instanceKlass sun/reflect/generics/tree/MethodTypeSignature
instanceKlass java/util/stream/Nodes$ArrayNode
instanceKlass  @bci org/eclipse/lsp4j/jsonrpc/services/AnnotationUtil getParameterTypes (Ljava/lang/reflect/Method;)[Ljava/lang/reflect/Type; 17 <appendix> argL0 ; # org/eclipse/lsp4j/jsonrpc/services/AnnotationUtil$$Lambda+0x000000010015d7c0
instanceKlass  @bci org/eclipse/lsp4j/jsonrpc/services/AnnotationUtil getParameterTypes (Ljava/lang/reflect/Method;)[Ljava/lang/reflect/Type; 7 <appendix> argL0 ; # org/eclipse/lsp4j/jsonrpc/services/AnnotationUtil$$Lambda+0x000000010015d590
instanceKlass jdk/internal/foreign/MemorySessionImpl
instanceKlass java/lang/foreign/MemorySegment$Scope
instanceKlass org/eclipse/lsp4j/jsonrpc/services/JsonRequest
instanceKlass org/eclipse/lsp4j/ApplyWorkspaceEditParams
instanceKlass org/eclipse/lsp4j/LogTraceParams
instanceKlass org/eclipse/lsp4j/UnregistrationParams
instanceKlass org/eclipse/lsp4j/PublishDiagnosticsParams
instanceKlass org/eclipse/lsp4j/MessageParams
instanceKlass org/eclipse/lsp4j/ShowDocumentParams
instanceKlass org/eclipse/lsp4j/WorkDoneProgressCreateParams
instanceKlass org/eclipse/lsp4j/ProgressParams
instanceKlass org/eclipse/lsp4j/RegistrationParams
instanceKlass java/util/concurrent/CompletableFuture
instanceKlass java/util/concurrent/CompletionStage
instanceKlass org/eclipse/lsp4j/ConfigurationParams
instanceKlass org/eclipse/lsp4j/jsonrpc/services/JsonSegment
instanceKlass org/eclipse/lsp4j/jsonrpc/services/AnnotationUtil
instanceKlass  @bci org/eclipse/lsp4j/jsonrpc/services/ServiceEndpoints getSupportedMethods (Ljava/lang/Class;Ljava/util/Set;)Ljava/util/Map; 11 <appendix> member <vmtarget> ; # org/eclipse/lsp4j/jsonrpc/services/ServiceEndpoints$$Lambda+0x00000001001573b8
instanceKlass org/eclipse/lsp4j/jsonrpc/services/AnnotationUtil$MethodInfo
instanceKlass org/eclipse/lsp4j/jsonrpc/services/ServiceEndpoints
instanceKlass org/eclipse/lsp4j/jsonrpc/json/MethodProvider
instanceKlass org/eclipse/lsp4j/jsonrpc/MessageProducer
instanceKlass org/eclipse/lsp4j/jsonrpc/MessageConsumer
instanceKlass org/eclipse/lsp4j/jsonrpc/MessageIssueHandler
instanceKlass org/eclipse/lsp4j/jsonrpc/Launcher$Builder
instanceKlass org/eclipse/lsp4j/jsonrpc/Launcher
instanceKlass org/ballerinalang/langserver/commons/client/ExtendedLanguageClient
instanceKlass org/ballerinalang/langserver/BallerinaNotebookDocumentService
# instanceKlass java/lang/invoke/LambdaForm$MH+0x000000010015a400
# instanceKlass java/lang/invoke/LambdaForm$MH+0x000000010015a000
instanceKlass  @bci jdk/internal/reflect/MethodHandleIntegerFieldAccessorImpl getInt (Ljava/lang/Object;)I 20 <adapter> ; # java/lang/invoke/LambdaForm$MH+0x0000000100159c00
# instanceKlass java/lang/invoke/LambdaForm$MH+0x0000000100159800
# instanceKlass java/lang/invoke/LambdaForm$BMH+0x0000000100159400
# instanceKlass java/lang/invoke/LambdaForm$DMH+0x0000000100159000
# instanceKlass java/lang/invoke/LambdaForm$MH+0x0000000100158c00
# instanceKlass java/lang/invoke/LambdaForm$MH+0x0000000100158800
# instanceKlass java/lang/invoke/LambdaForm$MH+0x0000000100158400
instanceKlass  @bci io/ballerina/types/ListAtomicType hashCode ()I 1 <appendix> argL1 argL1 form vmentry <vmtarget> ; # java/lang/invoke/LambdaForm$MH+0x0000000100158000
instanceKlass com/google/gson/internal/ConstructorConstructor$19
instanceKlass com/google/gson/internal/ConstructorConstructor$9
instanceKlass org/ballerinalang/langserver/config/CodeLensConfig$Enabled
instanceKlass org/ballerinalang/langserver/config/CodeLensConfig
instanceKlass org/ballerinalang/langserver/config/LSClientConfig
instanceKlass org/ballerinalang/langserver/config/LSClientConfigHolder
instanceKlass org/ballerinalang/langserver/telemetry/LSTelemetryEvent
instanceKlass org/ballerinalang/langserver/commons/WorkspaceServiceContext
instanceKlass org/ballerinalang/langserver/BallerinaWorkspaceService
instanceKlass org/ballerinalang/langserver/commons/PositionedOperationContext
instanceKlass org/eclipse/lsp4j/TextDocumentIdentifier
instanceKlass org/ballerinalang/langserver/BallerinaTextDocumentService
instanceKlass sun/util/resources/Bundles$2
instanceKlass sun/util/resources/Bundles$CacheKeyReference
instanceKlass  @bci java/util/ResourceBundle$ResourceBundleProviderHelper newResourceBundle (Ljava/lang/Class;)Ljava/util/ResourceBundle; 22 <appendix> member <vmtarget> ; # java/util/ResourceBundle$ResourceBundleProviderHelper$$Lambda+0x000000010010dc90
instanceKlass java/util/ResourceBundle$ResourceBundleProviderHelper
instanceKlass java/util/ArrayList$SubList$1
instanceKlass  @bci sun/util/cldr/CLDRLocaleProviderAdapter applyAliases (Ljava/util/Locale;)Ljava/util/Locale; 4 <appendix> argL0 ; # sun/util/cldr/CLDRLocaleProviderAdapter$$Lambda+0x000000010010cc90
instanceKlass sun/util/resources/LocaleData$LocaleDataResourceBundleProvider
instanceKlass java/util/spi/ResourceBundleProvider
instanceKlass sun/util/resources/Bundles$CacheKey
instanceKlass java/util/ResourceBundle$1
instanceKlass jdk/internal/access/JavaUtilResourceBundleAccess
instanceKlass sun/util/resources/Bundles
instanceKlass sun/util/resources/LocaleData$LocaleDataStrategy
instanceKlass sun/util/resources/Bundles$Strategy
instanceKlass sun/util/resources/LocaleData$1
instanceKlass java/util/ResourceBundle
instanceKlass java/util/ResourceBundle$Control
instanceKlass sun/util/resources/LocaleData
instanceKlass java/util/regex/ASCII
instanceKlass sun/util/locale/provider/LocaleResources
instanceKlass java/util/Locale$Builder
instanceKlass sun/util/locale/provider/CalendarDataUtility
instanceKlass java/util/regex/IntHashSet
instanceKlass java/util/regex/Matcher
instanceKlass java/util/regex/MatchResult
instanceKlass sun/util/locale/provider/AvailableLanguageTags
instanceKlass  @bci sun/util/locale/provider/JRELocaleProviderAdapter getDecimalFormatSymbolsProvider ()Ljava/text/spi/DecimalFormatSymbolsProvider; 8 <appendix> member <vmtarget> ; # sun/util/locale/provider/JRELocaleProviderAdapter$$Lambda+0x0000000100108ad8
instanceKlass sun/util/resources/cldr/provider/CLDRLocaleDataMetaInfo
instanceKlass  @bci sun/util/cldr/CLDRLocaleProviderAdapter <init> ()V 4 <appendix> argL0 ; # sun/util/cldr/CLDRLocaleProviderAdapter$$Lambda+0x00000001001088c8
instanceKlass sun/util/locale/InternalLocaleBuilder$CaseInsensitiveChar
instanceKlass sun/util/locale/InternalLocaleBuilder
instanceKlass sun/util/locale/StringTokenIterator
instanceKlass sun/util/locale/ParseStatus
instanceKlass sun/util/locale/LanguageTag
instanceKlass sun/util/cldr/CLDRBaseLocaleDataMetaInfo
instanceKlass sun/util/locale/provider/LocaleDataMetaInfo
instanceKlass sun/util/locale/provider/ResourceBundleBasedAdapter
instanceKlass sun/util/locale/provider/LocaleProviderAdapter
instanceKlass java/util/spi/LocaleServiceProvider
instanceKlass java/text/DecimalFormatSymbols
instanceKlass java/util/Formatter$Flags
instanceKlass java/util/Formatter$FixedString
instanceKlass java/util/Formatter$FormatSpecifier
instanceKlass java/util/Formatter$FormatString
instanceKlass java/util/Formatter$Conversion
instanceKlass sun/util/locale/LocaleObjectCache
instanceKlass sun/util/locale/BaseLocale$Key
instanceKlass  @bci java/util/regex/Pattern Range (II)Ljava/util/regex/Pattern$CharPredicate; 23 <appendix> member <vmtarget> ; # java/util/regex/Pattern$$Lambda+0x0000000100103f18
instanceKlass  @bci java/util/regex/CharPredicates ASCII_DIGIT ()Ljava/util/regex/Pattern$BmpCharPredicate; 0 <appendix> argL0 ; # java/util/regex/CharPredicates$$Lambda+0x0000000100103c98
instanceKlass java/util/Formatter
instanceKlass com/github/zafarkhaja/semver/MetadataVersion
instanceKlass com/github/zafarkhaja/semver/NormalVersion
instanceKlass com/github/zafarkhaja/semver/util/Stream
instanceKlass com/github/zafarkhaja/semver/util/Stream$ElementType
instanceKlass com/github/zafarkhaja/semver/VersionParser
instanceKlass com/github/zafarkhaja/semver/Parser
instanceKlass com/github/zafarkhaja/semver/Version$BuildAwareOrder
instanceKlass com/github/zafarkhaja/semver/Version
instanceKlass java/lang/ProcessEnvironment$CheckedEntry
instanceKlass java/lang/ProcessEnvironment$CheckedEntrySet$1
instanceKlass java/lang/ProcessEnvironment$EntryComparator
instanceKlass java/lang/ProcessEnvironment$NameComparator
instanceKlass org/wso2/ballerinalang/util/RepoUtils
instanceKlass org/ballerinalang/langserver/commons/BallerinaCompilerApi
instanceKlass io/ballerina/testmanagerservice/extension/TestManagerService
instanceKlass io/ballerina/servicemodelgenerator/extension/core/ServiceModelGeneratorService
instanceKlass io/ballerina/sequencemodelgenerator/ls/extension/SequenceModelGeneratorService
instanceKlass io/ballerina/flowmodelgenerator/extension/CopilotLibraryService
instanceKlass io/ballerina/flowmodelgenerator/extension/AgentsManagerService
instanceKlass io/ballerina/flowmodelgenerator/extension/ICPEnablerService
instanceKlass io/ballerina/flowmodelgenerator/extension/InitializerService
instanceKlass io/ballerina/flowmodelgenerator/extension/XMLToRecordConverterService
instanceKlass io/ballerina/flowmodelgenerator/extension/JsonToRecordConverterService
instanceKlass io/ballerina/flowmodelgenerator/extension/OpenAPIService
instanceKlass io/ballerina/flowmodelgenerator/extension/TypesManagerService
instanceKlass io/ballerina/flowmodelgenerator/extension/DataMapperService
instanceKlass io/ballerina/toml/semantic/ast/TomlNode
instanceKlass io/ballerina/flowmodelgenerator/core/DiagnosticHandler$DiagnosticCapable
instanceKlass io/ballerina/flowmodelgenerator/extension/ConfigEditorV2Service
instanceKlass java/nio/file/FileVisitor
instanceKlass io/ballerina/flowmodelgenerator/extension/ConfigEditorService
instanceKlass io/ballerina/flowmodelgenerator/extension/response/AbstractFlowModelResponse
instanceKlass io/ballerina/flowmodelgenerator/core/expressioneditor/services/DebouncedExpressionEditorRequest
instanceKlass java/util/concurrent/Callable
instanceKlass io/ballerina/flowmodelgenerator/extension/ExpressionEditorService
instanceKlass io/ballerina/flowmodelgenerator/extension/FlowModelGeneratorService
# instanceKlass java/lang/invoke/LambdaForm$MH+0x000000010014a800
# instanceKlass java/lang/invoke/LambdaForm$MH+0x000000010014a400
# instanceKlass java/lang/invoke/LambdaForm$MH+0x000000010014a000
# instanceKlass java/lang/invoke/LambdaForm$MH+0x0000000100149c00
# instanceKlass java/lang/invoke/LambdaForm$MH+0x0000000100149800
# instanceKlass java/lang/invoke/LambdaForm$BMH+0x0000000100149400
# instanceKlass java/lang/invoke/LambdaForm$DMH+0x0000000100149000
# instanceKlass java/lang/invoke/LambdaForm$MH+0x0000000100148c00
# instanceKlass java/lang/invoke/LambdaForm$DMH+0x0000000100148800
instanceKlass java/lang/invoke/ClassSpecializer$Factory$1Var
# instanceKlass java/lang/invoke/LambdaForm$DMH+0x0000000100148400
instanceKlass sun/invoke/util/ValueConversions$1
# instanceKlass java/lang/invoke/LambdaForm$DMH+0x0000000100148000
# instanceKlass java/lang/invoke/LambdaForm$MH+0x0000000100143c00
# instanceKlass java/lang/invoke/LambdaForm$MH+0x0000000100143800
# instanceKlass java/lang/invoke/LambdaForm$MH+0x0000000100143400
instanceKlass  @bci org/wso2/ballerinalang/compiler/semantics/analyzer/SymbolEnter resolveIncludedFields (Lorg/wso2/ballerinalang/compiler/tree/types/BLangStructureTypeNode;)V 128 <appendix> form vmentry <vmtarget> ; # java/lang/invoke/LambdaForm$DMH+0x0000000100143000
instanceKlass io/ballerina/projectservice/extension/ProjectService
instanceKlass io/ballerina/designmodelgenerator/extension/DesignModelGeneratorService
instanceKlass io/ballerina/architecturemodelgenerator/extension/persist/PersistERModelGeneratorService
instanceKlass io/ballerina/architecturemodelgenerator/extension/architecture/ArchitectureModelGeneratorService
instanceKlass org/ballerinalang/langserver/extensions/ballerina/connector/BallerinaConnectorService
instanceKlass org/ballerinalang/langserver/extensions/ballerina/packages/BallerinaPackageService
instanceKlass io/ballerina/tools/diagnostics/Location
instanceKlass org/ballerinalang/langserver/extensions/ballerina/document/BallerinaDocumentService
instanceKlass io/ballerina/compiler/api/symbols/Symbol
instanceKlass org/ballerinalang/langserver/extensions/ballerina/symbol/BallerinaSymbolService
instanceKlass org/ballerinalang/langserver/extensions/ballerina/runner/BallerinaRunnerService
instanceKlass org/ballerinalang/langserver/extensions/ballerina/example/BallerinaExampleCategory
instanceKlass org/ballerinalang/langserver/extensions/ballerina/example/BallerinaExampleService
instanceKlass io/ballerina/shell/service/BalShellService
instanceKlass io/ballerina/xmltorecordconverter/XMLToRecordConverterService
# instanceKlass java/lang/invoke/LambdaForm$MH+0x0000000100142c00
# instanceKlass java/lang/invoke/LambdaForm$MH+0x0000000100142800
# instanceKlass java/lang/invoke/LambdaForm$MH+0x0000000100142400
instanceKlass  @bci io/ballerina/artifactsgenerator/ArtifactGenerationDebouncer debounce (Ljava/lang/String;Ljava/lang/Runnable;J)V 18 <appendix> form vmentry <vmtarget> ; # java/lang/invoke/LambdaForm$DMH+0x0000000100142000
instanceKlass com/google/gson/internal/LinkedTreeMap$Node
instanceKlass com/google/gson/internal/LinkedTreeMap$1
instanceKlass com/google/gson/internal/ConstructorConstructor$18
instanceKlass java/util/concurrent/ConcurrentNavigableMap
instanceKlass  @bci jdk/internal/reflect/DirectMethodHandleAccessor invokeImpl (Ljava/lang/Object;[Ljava/lang/Object;Ljava/lang/Class;)Ljava/lang/Object; 136 <adapter> ; # java/lang/invoke/LambdaForm$MH+0x0000000100141c00
# instanceKlass com/google/gson/internal/reflect/ReflectionHelper$RecordSupportedHelper$$InjectedInvoker+0x0000000100141800
instanceKlass java/lang/invoke/MethodHandleImpl$BindCaller$InjectedInvokerHolder
instanceKlass java/lang/invoke/MethodHandleImpl$BindCaller
# instanceKlass java/lang/invoke/LambdaForm$MH+0x0000000100141400
# instanceKlass java/lang/invoke/LambdaForm$MH+0x0000000100141000
# instanceKlass java/lang/invoke/LambdaForm$MH+0x0000000100140c00
# instanceKlass java/lang/invoke/LambdaForm$DMH+0x0000000100140800
# instanceKlass java/lang/invoke/LambdaForm$DMH+0x0000000100140400
# instanceKlass java/lang/invoke/LambdaForm$DMH+0x0000000100140000
instanceKlass java/lang/invoke/MethodHandleImpl$ArrayAccessor
instanceKlass java/lang/invoke/MethodHandleImpl$LoopClauses
instanceKlass java/lang/invoke/MethodHandleImpl$CasesHolder
instanceKlass java/lang/annotation/Target
# instanceKlass java/lang/invoke/LambdaForm$MH+0x00000001000f1c00
instanceKlass java/lang/reflect/Proxy$ProxyBuilder$1
instanceKlass jdk/internal/org/objectweb/asm/Edge
instanceKlass  @bci java/lang/reflect/ProxyGenerator addProxyMethod (Ljava/lang/reflect/Method;Ljava/lang/Class;)V 23 <appendix> argL0 ; # java/lang/reflect/ProxyGenerator$$Lambda+0x00000001000ff178
instanceKlass  @bci java/lang/reflect/ProxyGenerator addProxyMethod (Ljava/lang/reflect/ProxyGenerator$ProxyMethod;)V 10 <appendix> argL0 ; # java/lang/reflect/ProxyGenerator$$Lambda+0x00000001000fef48
instanceKlass java/util/StringJoiner
instanceKlass java/lang/reflect/ProxyGenerator$ProxyMethod
instanceKlass  @bci java/lang/reflect/Proxy getLoader (Ljava/lang/Module;)Ljava/lang/ClassLoader; 6 <appendix> member <vmtarget> ; # java/lang/reflect/Proxy$$Lambda+0x00000001000fe620
instanceKlass  @bci java/lang/WeakPairMap computeIfAbsent (Ljava/lang/Object;Ljava/lang/Object;Ljava/util/function/BiFunction;)Ljava/lang/Object; 18 <appendix> member <vmtarget> ; # java/lang/WeakPairMap$$Lambda+0x00000001000fe1e8
instanceKlass  @bci java/lang/Module implAddExportsOrOpens (Ljava/lang/String;Ljava/lang/Module;ZZ)V 145 <appendix> argL0 ; # java/lang/Module$$Lambda+0x00000001000fdfc8
instanceKlass  @bci java/lang/module/ModuleDescriptor$Builder packages (Ljava/util/Set;)Ljava/lang/module/ModuleDescriptor$Builder; 17 <appendix> argL0 ; # java/lang/module/ModuleDescriptor$Builder$$Lambda+0x00000001000fd6b0
instanceKlass java/lang/WeakPairMap$Pair$Lookup
instanceKlass java/lang/WeakPairMap$Pair
instanceKlass java/lang/WeakPairMap
instanceKlass java/lang/Module$ReflectionData
instanceKlass jdk/internal/module/Checks
instanceKlass java/lang/module/ModuleDescriptor$Builder
instanceKlass  @bci java/lang/reflect/Proxy$ProxyBuilder getDynamicModule (Ljava/lang/ClassLoader;)Ljava/lang/Module; 4 <appendix> argL0 ; # java/lang/reflect/Proxy$ProxyBuilder$$Lambda+0x00000001000fc890
instanceKlass java/lang/PublicMethods
instanceKlass java/util/Collections$1
instanceKlass java/lang/reflect/Proxy$ProxyBuilder
instanceKlass  @bci java/lang/reflect/Proxy getProxyConstructor (Ljava/lang/Class;Ljava/lang/ClassLoader;[Ljava/lang/Class;)Ljava/lang/reflect/Constructor; 35 <appendix> argL0 ; # java/lang/reflect/Proxy$$Lambda+0x00000001000fb9c8
instanceKlass java/lang/reflect/Proxy
instanceKlass sun/reflect/annotation/AnnotationInvocationHandler
instanceKlass java/lang/reflect/InvocationHandler
instanceKlass sun/reflect/annotation/AnnotationParser$1
instanceKlass sun/reflect/annotation/ExceptionProxy
instanceKlass java/lang/annotation/Inherited
instanceKlass java/lang/annotation/Retention
instanceKlass sun/reflect/annotation/AnnotationType$1
instanceKlass sun/reflect/annotation/AnnotationType
instanceKlass com/google/gson/internal/ConstructorConstructor$13
instanceKlass sun/reflect/misc/ReflectUtil
instanceKlass com/google/gson/internal/Primitives
instanceKlass com/google/gson/annotations/SerializedName
# instanceKlass java/lang/invoke/LambdaForm$MH+0x00000001000f1800
instanceKlass  @bci io/ballerina/types/FunctionAtomicType hashCode ()I 1 <appendix> argL2 argL1 form vmentry <vmtarget> ; # java/lang/invoke/LambdaForm$MH+0x00000001000f1400
instanceKlass  @cpi org/wso2/ballerinalang/compiler/semantics/analyzer/SemanticAnalyzer 4835 form vmentry <vmtarget> ; # java/lang/invoke/LambdaForm$DMH+0x00000001000f1000
instanceKlass sun/invoke/util/ValueConversions$WrapperCache
instanceKlass java/lang/reflect/AnnotatedType
instanceKlass com/google/gson/internal/reflect/ReflectionHelper$RecordHelper
instanceKlass com/google/gson/internal/reflect/ReflectionHelper
instanceKlass com/google/gson/internal/ReflectionAccessFilterHelper
instanceKlass java/lang/Class$AnnotationData
instanceKlass com/google/gson/annotations/JsonAdapter
instanceKlass java/util/Collections$UnmodifiableCollection$1
instanceKlass com/google/gson/internal/$Gson$Preconditions
instanceKlass com/google/gson/internal/$Gson$Types$ParameterizedTypeImpl
instanceKlass java/lang/reflect/GenericArrayType
instanceKlass com/google/gson/internal/$Gson$Types
instanceKlass java/util/Collections$UnmodifiableCollection
instanceKlass com/google/gson/internal/bind/ReflectiveTypeAdapterFactory$BoundField
instanceKlass com/google/gson/internal/bind/ReflectiveTypeAdapterFactory
instanceKlass com/google/gson/internal/bind/JsonAdapterAnnotationTypeAdapterFactory
instanceKlass com/google/gson/internal/bind/MapTypeAdapterFactory
instanceKlass com/google/gson/internal/bind/CollectionTypeAdapterFactory
instanceKlass com/google/gson/internal/bind/ArrayTypeAdapter$1
instanceKlass com/google/gson/internal/sql/SqlTimestampTypeAdapter$1
instanceKlass com/google/gson/internal/sql/SqlTimeTypeAdapter$1
instanceKlass com/google/gson/internal/sql/SqlDateTypeAdapter$1
instanceKlass java/text/Format
instanceKlass sun/util/calendar/CalendarSystem$GregorianHolder
instanceKlass sun/util/calendar/CalendarSystem
instanceKlass java/util/Date
instanceKlass jdk/internal/module/ModulePatcher$PatchedModuleReader
instanceKlass com/google/gson/internal/bind/DefaultDateTypeAdapter$DateType
instanceKlass com/google/gson/internal/sql/SqlTypesSupport
instanceKlass com/google/gson/internal/bind/DateTypeAdapter$1
instanceKlass java/util/concurrent/atomic/AtomicLongArray
instanceKlass com/google/gson/internal/bind/NumberTypeAdapter$1
instanceKlass com/google/gson/internal/bind/ObjectTypeAdapter$1
instanceKlass com/google/gson/internal/bind/TypeAdapters$29
instanceKlass com/google/gson/internal/bind/TypeAdapters$33
instanceKlass java/util/Calendar
instanceKlass java/util/Currency
instanceKlass java/util/UUID
instanceKlass com/google/gson/internal/bind/TypeAdapters$34
instanceKlass java/net/InetAddress
instanceKlass java/util/concurrent/atomic/AtomicIntegerArray
instanceKlass java/util/concurrent/atomic/AtomicBoolean
instanceKlass com/google/gson/internal/bind/TypeAdapters$32
instanceKlass java/util/BitSet
instanceKlass com/google/gson/internal/bind/TypeAdapters$31
instanceKlass com/google/gson/internal/bind/TypeAdapters
instanceKlass com/google/gson/internal/ObjectConstructor
instanceKlass com/google/gson/internal/ConstructorConstructor
instanceKlass com/google/gson/internal/Excluder
instanceKlass com/google/gson/TypeAdapterFactory
instanceKlass com/google/gson/TypeAdapter
instanceKlass com/google/gson/stream/JsonWriter
instanceKlass com/google/gson/ToNumberStrategy
instanceKlass com/google/gson/FieldNamingStrategy
instanceKlass com/google/gson/Gson
instanceKlass com/google/gson/internal/JsonReaderInternalAccess
instanceKlass com/google/gson/stream/JsonReader
instanceKlass sun/reflect/generics/tree/TypeVariableSignature
instanceKlass sun/reflect/generics/reflectiveObjects/LazyReflectiveObjectGenerator
instanceKlass sun/reflect/generics/reflectiveObjects/ParameterizedTypeImpl
instanceKlass java/lang/reflect/ParameterizedType
instanceKlass sun/reflect/generics/visitor/Reifier
instanceKlass sun/reflect/generics/visitor/TypeTreeVisitor
instanceKlass sun/reflect/generics/tree/ClassSignature
instanceKlass sun/reflect/generics/tree/Signature
instanceKlass sun/reflect/generics/tree/ClassTypeSignature
instanceKlass sun/reflect/generics/tree/SimpleClassTypeSignature
instanceKlass sun/reflect/generics/tree/FieldTypeSignature
instanceKlass sun/reflect/generics/tree/BaseType
instanceKlass sun/reflect/generics/tree/TypeSignature
instanceKlass sun/reflect/generics/tree/ReturnType
instanceKlass sun/reflect/generics/tree/TypeArgument
instanceKlass sun/reflect/generics/tree/FormalTypeParameter
instanceKlass sun/reflect/generics/tree/TypeTree
instanceKlass sun/reflect/generics/tree/Tree
instanceKlass sun/reflect/generics/parser/SignatureParser
instanceKlass java/lang/reflect/TypeVariable
instanceKlass sun/reflect/generics/repository/AbstractRepository
instanceKlass sun/reflect/generics/factory/CoreReflectionFactory
instanceKlass sun/reflect/generics/factory/GenericsFactory
instanceKlass sun/reflect/generics/scope/AbstractScope
instanceKlass sun/reflect/generics/scope/Scope
instanceKlass java/lang/reflect/WildcardType
instanceKlass com/google/common/reflect/Invokable
instanceKlass com/google/common/reflect/TypeCapture
instanceKlass io/ballerina/trigger/BallerinaTriggerService$MapTypeToken
instanceKlass io/ballerina/trigger/BallerinaTriggerService
instanceKlass io/ballerina/compiler/syntax/tree/NodeVisitor
instanceKlass io/ballerina/PerformanceAnalyzerService
instanceKlass io/ballerina/parsers/PartialParserService
instanceKlass com/google/gson/JsonElement
instanceKlass io/ballerina/openapi/extension/OpenAPIConverterService
instanceKlass io/ballerina/converters/JsonToRecordConverterService
instanceKlass java/util/LinkedHashMap$LinkedHashIterator
instanceKlass java/io/Reader
instanceKlass sun/net/www/MessageHeader
instanceKlass sun/net/www/protocol/jar/JarFileFactory
instanceKlass sun/net/www/protocol/jar/URLJarFile$URLJarFileCloseController
instanceKlass java/net/URLConnection
instanceKlass org/ballerinalang/langserver/commons/service/spi/ExtendedLanguageServerService
instanceKlass  @bci io/ballerina/stdlib/kafka/plugin/KafkaCodeTemplateWithoutCallerParameter <clinit> ()V 12 <appendix> form vmentry <vmtarget> ; # java/lang/invoke/LambdaForm$MH+0x00000001000db800
instanceKlass java/lang/invoke/LambdaFormEditor$1
# instanceKlass java/lang/invoke/LambdaForm$MH+0x00000001000db400
instanceKlass  @bci io/ballerina/stdlib/kafka/plugin/KafkaCodeTemplateWithoutCallerParameter <clinit> ()V 12 <appendix> argL3 form vmentry <vmtarget> ; # java/lang/invoke/LambdaForm$MH+0x00000001000db000
instanceKlass java/lang/invoke/MethodHandles$1
instanceKlass  @bci org/wso2/ballerinalang/compiler/util/ImmutableTypeCloner getSymbolFQN (Lorg/wso2/ballerinalang/compiler/semantics/model/symbols/BTypeSymbol;)Ljava/lang/String; 83 <appendix> argL4 form vmentry <vmtarget> ; # java/lang/invoke/LambdaForm$MH+0x00000001000dac00
# instanceKlass java/lang/invoke/LambdaForm$MH+0x00000001000da800
instanceKlass  @bci io/ballerina/stdlib/kafka/plugin/KafkaCodeTemplateWithoutCallerParameter <clinit> ()V 12 <appendix> argL3 argL2 form vmentry <vmtarget> ; # java/lang/invoke/LambdaForm$MH+0x00000001000da400
# instanceKlass java/lang/invoke/LambdaForm$MH+0x00000001000da000
# instanceKlass java/lang/invoke/LambdaForm$MH+0x00000001000d9c00
# instanceKlass java/lang/invoke/LambdaForm$MH+0x00000001000d9800
instanceKlass  @bci io/ballerina/stdlib/kafka/plugin/KafkaCodeTemplateWithoutCallerParameter <clinit> ()V 12 <appendix> argL1 form vmentry <vmtarget> ; # java/lang/invoke/LambdaForm$MH+0x00000001000d9400
# instanceKlass java/lang/invoke/LambdaForm$MH+0x00000001000d9000
instanceKlass  @bci io/ballerina/stdlib/kafka/plugin/KafkaCodeTemplateWithoutCallerParameter <clinit> ()V 12 <appendix> argL1 argL0 form vmentry <vmtarget> ; # java/lang/invoke/LambdaForm$MH+0x00000001000d8c00
# instanceKlass java/lang/invoke/LambdaForm$MH+0x00000001000d8800
instanceKlass  @bci io/ballerina/stdlib/kafka/plugin/KafkaCodeTemplateWithoutCallerParameter <clinit> ()V 12 <appendix> argL1 argL0 argL0 form vmentry <vmtarget> ; # java/lang/invoke/LambdaForm$MH+0x00000001000d8400
# instanceKlass java/lang/invoke/LambdaForm$MH+0x00000001000d8000
# instanceKlass java/lang/invoke/LambdaForm$MH+0x00000001000d5c00
# instanceKlass java/lang/invoke/LambdaForm$MH+0x00000001000d5800
# instanceKlass java/lang/invoke/LambdaForm$MH+0x00000001000d5400
instanceKlass  @bci org/apache/commons/lang3/SystemUtils <clinit> ()V 222 <appendix> argL0 ; # org/apache/commons/lang3/SystemUtils$$Lambda+0x00000001000d78a8
instanceKlass jdk/internal/math/MathUtils
instanceKlass jdk/internal/math/FloatToDecimal
instanceKlass jdk/internal/math/FloatingDecimal$ASCIIToBinaryBuffer
instanceKlass jdk/internal/math/FloatingDecimal$PreparedASCIIToBinaryBuffer
instanceKlass jdk/internal/math/FloatingDecimal$ASCIIToBinaryConverter
instanceKlass jdk/internal/math/FloatingDecimal$BinaryToASCIIBuffer
instanceKlass jdk/internal/math/FloatingDecimal$ExceptionalBinaryToASCIIBuffer
instanceKlass jdk/internal/math/FloatingDecimal$BinaryToASCIIConverter
instanceKlass jdk/internal/math/FloatingDecimal
instanceKlass java/lang/Byte$ByteCache
instanceKlass java/lang/Short$ShortCache
instanceKlass java/lang/Long$LongCache
instanceKlass org/apache/commons/lang3/math/NumberUtils
instanceKlass  @bci java/util/regex/CharPredicates forUnicodeBlock (Ljava/lang/String;)Ljava/util/regex/Pattern$CharPredicate; 6 <appendix> member <vmtarget> ; # java/util/regex/CharPredicates$$Lambda+0x00000001000ac870
instanceKlass java/lang/Character$Subset
instanceKlass org/apache/commons/lang3/StringUtils
instanceKlass  @bci org/apache/commons/lang3/function/Suppliers <clinit> ()V 0 <appendix> argL0 ; # org/apache/commons/lang3/function/Suppliers$$Lambda+0x00000001000d6e80
instanceKlass org/apache/commons/lang3/function/Suppliers
instanceKlass org/apache/commons/lang3/SystemProperties
instanceKlass org/apache/commons/lang3/SystemUtils
instanceKlass  @bci java/util/regex/Pattern union (Ljava/util/regex/Pattern$CharPredicate;Ljava/util/regex/Pattern$CharPredicate;Z)Ljava/util/regex/Pattern$CharPredicate; 6 <appendix> member <vmtarget> ; # java/util/regex/Pattern$$Lambda+0x00000001000ab778
instanceKlass  @bci java/util/regex/CharPredicates ASCII_WORD ()Ljava/util/regex/Pattern$BmpCharPredicate; 0 <appendix> argL0 ; # java/util/regex/CharPredicates$$Lambda+0x00000001000ab4f8
instanceKlass java/util/regex/Pattern$BitClass
instanceKlass java/util/stream/AbstractSpinedBuffer
instanceKlass java/util/stream/Node$Builder
instanceKlass java/util/stream/Node$OfDouble
instanceKlass java/util/stream/Node$OfLong
instanceKlass java/util/stream/Node$OfInt
instanceKlass java/util/stream/Node$OfPrimitive
instanceKlass java/util/stream/Nodes$EmptyNode
instanceKlass java/util/stream/Node
instanceKlass java/util/stream/Nodes
instanceKlass  @bci java/util/stream/ReferencePipeline toArray ()[Ljava/lang/Object; 1 <appendix> argL0 ; # java/util/stream/ReferencePipeline$$Lambda+0x00000001000a84a8
instanceKlass java/util/function/IntFunction
instanceKlass java/util/ImmutableCollections$Access$1
instanceKlass jdk/internal/access/JavaUtilCollectionAccess
instanceKlass java/util/ImmutableCollections$Access
instanceKlass  @bci io/ballerina/compiler/syntax/tree/SyntaxInfo <clinit> ()V 16 <appendix> argL0 ; # io/ballerina/compiler/syntax/tree/SyntaxInfo$$Lambda+0x00000001000d6668
instanceKlass  @bci io/ballerina/compiler/syntax/tree/SyntaxInfo <clinit> ()V 6 <appendix> argL0 ; # io/ballerina/compiler/syntax/tree/SyntaxInfo$$Lambda+0x00000001000d6428
instanceKlass io/ballerina/compiler/syntax/tree/SyntaxInfo
instanceKlass java/util/regex/Pattern$TreeInfo
instanceKlass  @bci java/util/regex/Pattern Single (I)Ljava/util/regex/Pattern$BmpCharPredicate; 1 <appendix> member <vmtarget> ; # java/util/regex/Pattern$$Lambda+0x00000001000a5e78
instanceKlass  @bci java/util/regex/CharPredicates ASCII_SPACE ()Ljava/util/regex/Pattern$BmpCharPredicate; 0 <appendix> argL0 ; # java/util/regex/CharPredicates$$Lambda+0x00000001000a57b0
instanceKlass java/util/regex/Pattern$BmpCharPredicate
instanceKlass java/util/regex/Pattern$CharPredicate
instanceKlass java/util/regex/CharPredicates
instanceKlass java/util/regex/Pattern$Node
instanceKlass java/util/regex/Pattern
instanceKlass  @bci io/ballerina/projects/internal/PackageDiagnostic$DiagnosticLocation <init> (Ljava/lang/String;Lio/ballerina/tools/diagnostics/Location;)V 53 <appendix> form vmentry <vmtarget> ; # java/lang/invoke/LambdaForm$MH+0x00000001000d5000
instanceKlass io/ballerina/compiler/syntax/tree/Node
instanceKlass org/ballerinalang/langserver/commons/DocumentServiceContext
instanceKlass org/ballerinalang/langserver/common/utils/CommonUtil
instanceKlass io/ballerina/projects/CompilationOptions$CompilationOptionsBuilder
instanceKlass io/ballerina/projects/CompilationOptions
instanceKlass io/ballerina/projects/BuildOptions$BuildOptionsBuilder
instanceKlass io/ballerina/projects/BuildOptions
instanceKlass  @bci java/lang/VirtualThread <init> (Ljava/util/concurrent/Executor;Ljava/lang/String;ILjava/lang/Runnable;)V 71 <appendix> member <vmtarget> ; # java/lang/VirtualThread$$Lambda+0x00000001000a41c8
instanceKlass java/lang/VirtualThread$VThreadContinuation$1
instanceKlass java/lang/Thread$Constants$1
instanceKlass java/util/concurrent/RunnableScheduledFuture
instanceKlass java/util/concurrent/ScheduledFuture
instanceKlass java/util/concurrent/Delayed
instanceKlass java/util/concurrent/RunnableFuture
instanceKlass java/util/concurrent/BlockingQueue
instanceKlass java/util/concurrent/ThreadPoolExecutor$AbortPolicy
instanceKlass java/util/concurrent/RejectedExecutionHandler
instanceKlass java/util/concurrent/ScheduledExecutorService
instanceKlass java/util/concurrent/Executors
instanceKlass  @bci java/lang/VirtualThread createDelayedTaskScheduler ()Ljava/util/concurrent/ScheduledExecutorService; 22 <appendix> argL0 ; # java/lang/VirtualThread$$Lambda+0x00000001000a0b08
instanceKlass  @bci java/lang/VirtualThread lambda$createDefaultScheduler$4 (Ljava/util/concurrent/ForkJoinPool$ForkJoinWorkerThreadFactory;)Ljava/util/concurrent/ForkJoinPool; 118 <appendix> argL0 ; # java/lang/VirtualThread$$Lambda+0x00000001000a08c8
instanceKlass  @cpi io/ballerina/compiler/syntax/tree/SyntaxInfo 130 form vmentry <vmtarget> ; # java/lang/invoke/LambdaForm$DMH+0x00000001000d4c00
instanceKlass java/util/concurrent/ForkJoinPool$2
instanceKlass jdk/internal/access/JavaUtilConcurrentFJPAccess
instanceKlass jdk/internal/vm/ThreadContainers
instanceKlass java/util/concurrent/ForkJoinPool$DefaultForkJoinWorkerThreadFactory
instanceKlass jdk/internal/vm/StackableScope
instanceKlass java/util/concurrent/ForkJoinPool$WorkQueue
instanceKlass  @bci java/lang/VirtualThread lambda$createDefaultScheduler$4 (Ljava/util/concurrent/ForkJoinPool$ForkJoinWorkerThreadFactory;)Ljava/util/concurrent/ForkJoinPool; 95 <appendix> argL0 ; # java/lang/VirtualThread$$Lambda+0x000000010009e748
instanceKlass  @cpi java/lang/VirtualThread 875 form vmentry <vmtarget> ; # java/lang/invoke/LambdaForm$DMH+0x00000001000d4800
instanceKlass  @cpi org/wso2/ballerinalang/compiler/parser/BLangNodeBuilder 8176 form vmentry <vmtarget> ; # java/lang/invoke/LambdaForm$DMH+0x00000001000d4400
instanceKlass  @bci java/lang/VirtualThread createDefaultScheduler ()Ljava/util/concurrent/ForkJoinPool; 7 <appendix> member <vmtarget> ; # java/lang/VirtualThread$$Lambda+0x000000010009e530
instanceKlass  @bci java/lang/VirtualThread createDefaultScheduler ()Ljava/util/concurrent/ForkJoinPool; 0 <appendix> argL0 ; # java/lang/VirtualThread$$Lambda+0x000000010009e320
instanceKlass java/util/concurrent/AbstractExecutorService
instanceKlass java/util/concurrent/ExecutorService
instanceKlass java/util/concurrent/Executor
instanceKlass java/util/concurrent/ForkJoinPool$ForkJoinWorkerThreadFactory
instanceKlass jdk/internal/vm/ContinuationSupport
instanceKlass  @bci org/ballerinalang/langserver/workspace/BallerinaWorkspaceManager <init> (Lorg/ballerinalang/langserver/commons/LanguageServerContext;)V 105 <appendix> member <vmtarget> ; # org/ballerinalang/langserver/workspace/BallerinaWorkspaceManager$$Lambda+0x00000001000d25f0
instanceKlass  @cpi org/ballerinalang/pkgsemanticanalyzer/PackageSemanticAnalyzerPlugin$PackageSemanticAnalyzer 141 form vmentry <vmtarget> ; # java/lang/invoke/LambdaForm$DMH+0x00000001000d4000
instanceKlass java/lang/ThreadBuilders
instanceKlass java/lang/ThreadBuilders$BaseThreadBuilder
instanceKlass java/lang/Thread$Builder$OfVirtual
instanceKlass java/lang/Thread$Builder
instanceKlass com/google/common/cache/LocalCache$AbstractReferenceEntry
instanceKlass java/util/concurrent/ConcurrentLinkedQueue$Node
instanceKlass java/lang/invoke/VarForm
instanceKlass java/lang/invoke/VarHandleGuards
instanceKlass java/lang/ClassValue$Version
instanceKlass java/lang/ClassValue$Identity
instanceKlass java/lang/ClassValue
instanceKlass java/lang/invoke/VarHandles
instanceKlass java/util/concurrent/atomic/AtomicReferenceArray
instanceKlass java/util/concurrent/Future
instanceKlass com/google/common/cache/LocalCache$LoadingValueReference
instanceKlass com/google/common/cache/RemovalListener
instanceKlass com/google/common/cache/Weigher
instanceKlass com/google/common/base/Predicate
instanceKlass com/google/common/base/Equivalence
instanceKlass java/util/function/BiPredicate
instanceKlass com/google/common/base/MoreObjects
instanceKlass com/google/common/cache/LocalCache$1
instanceKlass com/google/common/cache/ReferenceEntry
instanceKlass com/google/common/cache/LocalCache$ValueReference
instanceKlass com/google/common/cache/CacheLoader
instanceKlass com/google/common/cache/LocalCache$LocalManualCache
instanceKlass  @bci com/google/common/cache/CacheBuilder <clinit> ()V 29 <appendix> argL0 ; # com/google/common/cache/CacheBuilder$$Lambda+0x00000001000c9c80
instanceKlass com/google/common/base/Preconditions
instanceKlass com/google/common/cache/CacheStats
instanceKlass com/google/common/base/Suppliers$SupplierOfInstance
instanceKlass com/google/common/base/Supplier
instanceKlass com/google/common/base/Suppliers
instanceKlass com/google/common/cache/CacheBuilder$1
instanceKlass com/google/common/cache/AbstractCache$StatsCounter
instanceKlass com/google/common/cache/LoadingCache
instanceKlass com/google/common/cache/Cache
instanceKlass com/google/common/base/Ticker
instanceKlass com/google/common/cache/CacheBuilder
instanceKlass org/ballerinalang/langserver/commons/LanguageServerContext$Key
instanceKlass org/ballerinalang/langserver/LSClientLogger
instanceKlass io/ballerina/projects/Project
instanceKlass org/apache/commons/lang3/tuple/Pair
instanceKlass org/ballerinalang/langserver/commons/LSOperation
instanceKlass org/ballerinalang/langserver/workspace/BallerinaWorkspaceManager
instanceKlass org/ballerinalang/langserver/commons/workspace/WorkspaceManager
instanceKlass org/ballerinalang/langserver/workspace/BallerinaWorkspaceManagerProxyImpl
instanceKlass com/google/common/collect/SortedMapDifference
instanceKlass com/google/common/collect/MapDifference
instanceKlass com/google/common/base/Converter
instanceKlass com/google/common/collect/ImmutableMap
instanceKlass com/google/common/collect/Maps$EntryTransformer
instanceKlass com/google/common/collect/BiMap
instanceKlass com/google/common/collect/UnmodifiableIterator
instanceKlass com/google/common/base/Function
instanceKlass com/google/common/collect/Maps
instanceKlass com/google/common/collect/Platform
instanceKlass com/google/common/collect/Multiset
instanceKlass com/google/common/collect/AbstractMultimap
instanceKlass com/google/common/collect/ListMultimap
instanceKlass org/ballerinalang/langserver/contexts/LanguageServerContextImpl
instanceKlass org/ballerinalang/langserver/config/ClientConfigListener
instanceKlass org/eclipse/lsp4j/services/LanguageClient
instanceKlass org/ballerinalang/langserver/commons/capability/LSClientCapabilities
instanceKlass com/google/gson/reflect/TypeToken
instanceKlass org/eclipse/lsp4j/services/NotebookDocumentService
instanceKlass org/eclipse/lsp4j/services/WorkspaceService
instanceKlass org/eclipse/lsp4j/services/TextDocumentService
instanceKlass org/ballerinalang/langserver/commons/LanguageServerContext
instanceKlass org/ballerinalang/langserver/workspace/BallerinaWorkspaceManagerProxy
instanceKlass org/ballerinalang/langserver/commons/workspace/WorkspaceManagerProxy
instanceKlass com/google/common/collect/Multimap
instanceKlass org/ballerinalang/langserver/extensions/AbstractExtendedLanguageServer
instanceKlass org/eclipse/lsp4j/jsonrpc/json/JsonRpcMethodProvider
instanceKlass org/eclipse/lsp4j/jsonrpc/Endpoint
instanceKlass org/ballerinalang/langserver/extensions/ExtendedLanguageServer
instanceKlass org/eclipse/lsp4j/services/LanguageServer
instanceKlass org/ballerinalang/langserver/commons/client/ExtendedLanguageClientAware
instanceKlass jdk/internal/logger/DefaultLoggerFinder$1
instanceKlass java/util/logging/Logger$SystemLoggerHelper$1
instanceKlass java/util/logging/Logger$SystemLoggerHelper
instanceKlass java/util/logging/LogManager$4
instanceKlass jdk/internal/logger/BootstrapLogger$BootstrapExecutors
instanceKlass jdk/internal/logger/BootstrapLogger$RedirectedLoggers
instanceKlass java/util/ServiceLoader$ProviderImpl
instanceKlass java/util/ServiceLoader$Provider
instanceKlass java/util/ServiceLoader$1
instanceKlass java/util/concurrent/CopyOnWriteArrayList$COWIterator
instanceKlass jdk/internal/loader/URLClassPath$1
instanceKlass java/lang/CompoundEnumeration
instanceKlass jdk/internal/loader/BuiltinClassLoader$1
instanceKlass java/util/Collections$EmptyEnumeration
instanceKlass java/util/Collections$EmptyIterator
instanceKlass jdk/internal/jimage/ImageLocation
instanceKlass jdk/internal/jimage/decompressor/Decompressor
instanceKlass jdk/internal/jimage/ImageStringsReader
instanceKlass jdk/internal/jimage/ImageStrings
instanceKlass jdk/internal/jimage/ImageHeader
instanceKlass jdk/internal/jimage/NativeImageBuffer$1
instanceKlass jdk/internal/jimage/NativeImageBuffer
instanceKlass jdk/internal/jimage/BasicImageReader$1
instanceKlass jdk/internal/jimage/BasicImageReader
instanceKlass jdk/internal/jimage/ImageReader
instanceKlass jdk/internal/jimage/ImageReaderFactory$1
instanceKlass jdk/internal/jimage/ImageReaderFactory
instanceKlass jdk/internal/module/SystemModuleFinders$SystemImage
instanceKlass jdk/internal/module/SystemModuleFinders$SystemModuleReader
instanceKlass java/lang/module/ModuleReader
instanceKlass jdk/internal/loader/BuiltinClassLoader$5
instanceKlass jdk/internal/loader/BuiltinClassLoader$2
instanceKlass jdk/internal/module/Resources
instanceKlass java/util/ServiceLoader$3
instanceKlass java/util/ServiceLoader$2
instanceKlass java/util/ServiceLoader$LazyClassPathLookupIterator
instanceKlass java/util/Spliterators$1Adapter
instanceKlass java/util/Spliterators$ArraySpliterator
instanceKlass java/util/Spliterator$OfDouble
instanceKlass java/util/Spliterator$OfLong
instanceKlass java/util/Spliterator$OfInt
instanceKlass java/util/Spliterator$OfPrimitive
instanceKlass java/util/Spliterators$EmptySpliterator
instanceKlass java/util/Spliterators
instanceKlass java/util/ServiceLoader$ModuleServicesLookupIterator
instanceKlass java/util/ServiceLoader
instanceKlass jdk/internal/logger/BootstrapLogger$DetectBackend$1
instanceKlass jdk/internal/logger/BootstrapLogger$DetectBackend
instanceKlass jdk/internal/logger/BootstrapLogger
instanceKlass sun/util/logging/PlatformLogger$ConfigurableBridge
instanceKlass sun/util/logging/PlatformLogger$Bridge
instanceKlass java/lang/System$Logger
instanceKlass java/util/stream/Streams
instanceKlass java/util/stream/Streams$AbstractStreamBuilderImpl
instanceKlass java/util/stream/Stream$Builder
instanceKlass java/util/stream/Sink$ChainedReference
instanceKlass  @bci java/util/stream/FindOps$FindSink$OfRef <clinit> ()V 43 <appendix> argL0 ; # java/util/stream/FindOps$FindSink$OfRef$$Lambda+0x000000010008cd50
instanceKlass  @bci java/util/stream/FindOps$FindSink$OfRef <clinit> ()V 38 <appendix> argL0 ; # java/util/stream/FindOps$FindSink$OfRef$$Lambda+0x000000010008cb10
instanceKlass  @bci java/util/stream/FindOps$FindSink$OfRef <clinit> ()V 16 <appendix> argL0 ; # java/util/stream/FindOps$FindSink$OfRef$$Lambda+0x000000010008c900
instanceKlass  @bci java/util/stream/FindOps$FindSink$OfRef <clinit> ()V 11 <appendix> argL0 ; # java/util/stream/FindOps$FindSink$OfRef$$Lambda+0x000000010008c6c0
instanceKlass java/util/stream/FindOps$FindOp
instanceKlass java/util/stream/TerminalOp
instanceKlass java/util/stream/FindOps$FindSink
instanceKlass java/util/stream/TerminalSink
instanceKlass java/util/stream/Sink
instanceKlass java/util/function/Consumer
instanceKlass java/util/stream/FindOps
instanceKlass  @bci java/util/logging/Level$KnownLevel findByName (Ljava/lang/String;Ljava/util/function/Function;)Ljava/util/Optional; 29 <appendix> argL0 ; # java/util/logging/Level$KnownLevel$$Lambda+0x000000010008adf0
# instanceKlass java/lang/invoke/LambdaForm$MH+0x00000001000c0400
instanceKlass jdk/internal/reflect/MethodHandleAccessorFactory$LazyStaticHolder
instanceKlass sun/reflect/annotation/AnnotationParser
instanceKlass java/lang/Class$3
instanceKlass java/util/EnumMap$1
instanceKlass java/util/stream/StreamOpFlag$MaskBuilder
instanceKlass java/util/stream/PipelineHelper
instanceKlass java/util/stream/Stream
instanceKlass java/util/stream/BaseStream
instanceKlass java/util/stream/StreamSupport
instanceKlass java/util/ArrayList$ArrayListSpliterator
instanceKlass java/util/Spliterator
instanceKlass  @bci java/util/logging/Level findLevel (Ljava/lang/String;)Ljava/util/logging/Level; 13 <appendix> argL0 ; # java/util/logging/Level$$Lambda+0x0000000100086a28
instanceKlass java/util/Hashtable$Enumerator
instanceKlass java/util/Collections$SynchronizedCollection
instanceKlass java/util/Properties$EntrySet
instanceKlass java/util/Collections$3
instanceKlass java/util/logging/LogManager$LoggerContext$1
instanceKlass java/util/logging/LogManager$VisitedLoggers
instanceKlass java/util/function/Predicate
instanceKlass  @bci io/ballerina/projects/internal/BalaFiles getModuleDescriptorFromDependencyEntry (Lio/ballerina/projects/internal/bala/ModuleDependency;)Lio/ballerina/projects/ModuleDescriptor; 61 <appendix> form vmentry <vmtarget> ; # java/lang/invoke/LambdaForm$MH+0x00000001000c0000
instanceKlass java/net/URI$Parser
instanceKlass java/nio/file/FileSystems$DefaultFileSystemHolder$1
instanceKlass java/nio/file/FileSystems$DefaultFileSystemHolder
instanceKlass java/nio/file/FileSystems
instanceKlass java/nio/file/Paths
instanceKlass java/util/logging/Logger$ConfigurationData
instanceKlass java/util/logging/Logger$LoggerBundle
instanceKlass java/util/logging/Handler
instanceKlass java/util/logging/Logger
instanceKlass java/util/logging/LogManager$2
instanceKlass java/lang/System$LoggerFinder
instanceKlass java/security/Security$1
instanceKlass jdk/internal/access/JavaSecurityPropertiesAccess
instanceKlass java/util/concurrent/ConcurrentHashMap$MapEntry
instanceKlass java/io/FileInputStream$1
instanceKlass java/util/Properties$LineReader
instanceKlass  @bci java/security/Security <clinit> ()V 9 <appendix> argL0 ; # java/security/Security$$Lambda+0x0000000100080dd0
instanceKlass java/security/Security
instanceKlass sun/security/util/SecurityProperties
instanceKlass sun/security/util/FilePermCompat
instanceKlass java/util/logging/LogManager$LoggingProviderAccess
instanceKlass sun/util/logging/internal/LoggingProviderImpl$LogManagerAccess
instanceKlass java/lang/Shutdown$Lock
instanceKlass java/lang/Shutdown
instanceKlass java/lang/ApplicationShutdownHooks$1
instanceKlass java/lang/ApplicationShutdownHooks
instanceKlass java/util/Collections$SynchronizedMap
instanceKlass java/util/logging/LogManager$LogNode
instanceKlass java/util/logging/LogManager$LoggerContext
instanceKlass java/util/logging/LogManager$1
instanceKlass  @bci java/util/logging/Level$KnownLevel add (Ljava/util/logging/Level;)V 49 <appendix> argL0 ; # java/util/logging/Level$KnownLevel$$Lambda+0x0000000100002ee8
instanceKlass  @bci io/ballerina/modelgenerator/commons/CommonUtils hasAiTypeInclusion (Lio/ballerina/compiler/api/symbols/ClassSymbol;Ljava/lang/String;)Z 11 <appendix> form vmentry <vmtarget> ; # java/lang/invoke/LambdaForm$MH+0x0000000100000400
instanceKlass jdk/internal/org/objectweb/asm/FieldVisitor
instanceKlass java/util/ArrayList$Itr
instanceKlass java/lang/invoke/InvokerBytecodeGenerator$ClassData
instanceKlass jdk/internal/org/objectweb/asm/Frame
instanceKlass java/lang/invoke/LambdaFormBuffer
instanceKlass java/lang/invoke/LambdaFormEditor$TransformKey
instanceKlass java/lang/invoke/LambdaFormEditor
instanceKlass java/lang/invoke/DelegatingMethodHandle$Holder
instanceKlass java/lang/invoke/DirectMethodHandle$2
instanceKlass java/lang/invoke/ClassSpecializer$Factory
instanceKlass java/lang/invoke/ClassSpecializer$SpeciesData
instanceKlass java/lang/invoke/ClassSpecializer$1
instanceKlass java/lang/invoke/ClassSpecializer
instanceKlass sun/invoke/empty/Empty
instanceKlass sun/invoke/util/VerifyType
instanceKlass  @bci java/util/logging/Level$KnownLevel add (Ljava/util/logging/Level;)V 19 <appendix> argL0 ; # java/util/logging/Level$KnownLevel$$Lambda+0x0000000100004000
instanceKlass java/lang/invoke/MethodHandles$Lookup$ClassDefiner
instanceKlass java/lang/invoke/MethodHandles$Lookup$ClassFile
instanceKlass jdk/internal/org/objectweb/asm/AnnotationVisitor
instanceKlass jdk/internal/org/objectweb/asm/Attribute
instanceKlass jdk/internal/org/objectweb/asm/Handler
instanceKlass jdk/internal/org/objectweb/asm/Label
instanceKlass jdk/internal/org/objectweb/asm/MethodVisitor
instanceKlass java/lang/invoke/LambdaProxyClassArchive
instanceKlass jdk/internal/org/objectweb/asm/ByteVector
instanceKlass jdk/internal/org/objectweb/asm/Symbol
instanceKlass jdk/internal/org/objectweb/asm/SymbolTable
instanceKlass jdk/internal/org/objectweb/asm/ClassVisitor
instanceKlass java/lang/invoke/InfoFromMemberName
instanceKlass java/lang/invoke/MethodHandleInfo
instanceKlass jdk/internal/org/objectweb/asm/ConstantDynamic
instanceKlass sun/invoke/util/BytecodeDescriptor
instanceKlass jdk/internal/org/objectweb/asm/Handle
instanceKlass sun/security/action/GetBooleanAction
instanceKlass jdk/internal/org/objectweb/asm/Type
instanceKlass java/lang/invoke/AbstractValidatingLambdaMetafactory
instanceKlass java/lang/invoke/MethodHandleImpl$1
instanceKlass jdk/internal/access/JavaLangInvokeAccess
instanceKlass java/lang/invoke/Invokers$Holder
instanceKlass java/lang/invoke/BootstrapMethodInvoker
instanceKlass java/lang/invoke/InvokerBytecodeGenerator$1
instanceKlass java/lang/invoke/InvokerBytecodeGenerator
instanceKlass java/lang/invoke/LambdaForm$Holder
instanceKlass java/lang/invoke/LambdaForm$Name
instanceKlass java/lang/invoke/Invokers
instanceKlass java/lang/invoke/MethodHandleImpl
instanceKlass sun/invoke/util/ValueConversions
instanceKlass java/lang/invoke/DirectMethodHandle$Holder
instanceKlass java/lang/invoke/LambdaForm$NamedFunction
instanceKlass sun/invoke/util/Wrapper$Format
instanceKlass java/lang/invoke/MethodTypeForm
instanceKlass jdk/internal/util/StrongReferenceKey
instanceKlass jdk/internal/util/ReferenceKey
instanceKlass jdk/internal/util/ReferencedKeyMap
instanceKlass java/lang/invoke/MethodType$1
instanceKlass java/lang/invoke/LambdaMetafactory
instanceKlass java/util/logging/Level
instanceKlass java/util/logging/LogManager
instanceKlass java/lang/Void
instanceKlass java/lang/PublicMethods$Key
instanceKlass java/lang/PublicMethods$MethodList
instanceKlass jdk/internal/misc/PreviewFeatures
instanceKlass jdk/internal/misc/MainMethodFinder
instanceKlass org/ballerinalang/langserver/launchers/stdio/Main
instanceKlass java/security/SecureClassLoader$DebugHolder
instanceKlass java/security/Permission
instanceKlass java/security/Guard
instanceKlass java/security/PermissionCollection
instanceKlass java/security/SecureClassLoader$1
instanceKlass java/util/zip/Checksum$1
instanceKlass java/util/zip/CRC32
instanceKlass java/util/zip/Checksum
instanceKlass sun/nio/ByteBuffered
instanceKlass java/lang/Package$VersionInfo
instanceKlass java/lang/NamedPackage
instanceKlass jdk/internal/loader/Resource
instanceKlass java/lang/reflect/Array
instanceKlass java/util/jar/Attributes$Name
instanceKlass java/util/jar/Attributes
instanceKlass java/util/TreeMap$PrivateEntryIterator
instanceKlass java/util/TreeMap$Entry
instanceKlass java/util/NavigableMap
instanceKlass java/util/SortedMap
instanceKlass java/util/SequencedMap
instanceKlass java/util/NavigableSet
instanceKlass java/util/SortedSet
instanceKlass java/util/SequencedSet
instanceKlass sun/security/action/GetIntegerAction
instanceKlass sun/security/util/Debug
instanceKlass sun/security/util/SignatureFileVerifier
instanceKlass java/util/zip/ZipFile$InflaterCleanupAction
instanceKlass java/util/zip/Inflater$InflaterZStreamRef
instanceKlass java/util/zip/Inflater
instanceKlass java/util/zip/ZipEntry
instanceKlass java/util/zip/ZipFile$2
instanceKlass java/nio/Bits$1
instanceKlass jdk/internal/misc/VM$BufferPool
instanceKlass java/nio/Bits
instanceKlass sun/nio/ch/DirectBuffer
instanceKlass jdk/internal/perf/PerfCounter$CoreCounters
instanceKlass jdk/internal/perf/Perf
instanceKlass jdk/internal/perf/Perf$GetPerfAction
instanceKlass jdk/internal/perf/PerfCounter
instanceKlass sun/util/locale/LocaleUtils
instanceKlass sun/util/locale/BaseLocale
instanceKlass java/util/Locale
instanceKlass java/nio/file/attribute/FileTime
instanceKlass java/util/zip/ZipUtils
instanceKlass java/util/zip/ZipFile$Source$End
instanceKlass java/io/RandomAccessFile$2
instanceKlass jdk/internal/access/JavaIORandomAccessFileAccess
instanceKlass java/io/RandomAccessFile
instanceKlass java/io/DataInput
instanceKlass java/io/DataOutput
instanceKlass sun/nio/fs/WindowsNativeDispatcher$CompletionStatus
instanceKlass sun/nio/fs/WindowsNativeDispatcher$AclInformation
instanceKlass sun/nio/fs/WindowsNativeDispatcher$Account
instanceKlass sun/nio/fs/WindowsNativeDispatcher$DiskFreeSpace
instanceKlass sun/nio/fs/WindowsNativeDispatcher$VolumeInformation
instanceKlass sun/nio/fs/WindowsNativeDispatcher$FirstStream
instanceKlass sun/nio/fs/WindowsNativeDispatcher$FirstFile
instanceKlass java/util/concurrent/ConcurrentHashMap$Traverser
instanceKlass java/util/Enumeration
instanceKlass jdk/internal/loader/NativeLibraries$3
instanceKlass jdk/internal/loader/NativeLibrary
instanceKlass java/util/ArrayDeque$DeqIterator
instanceKlass jdk/internal/loader/NativeLibraries$NativeLibraryContext$1
instanceKlass jdk/internal/loader/NativeLibraries$NativeLibraryContext
instanceKlass jdk/internal/loader/NativeLibraries$2
instanceKlass jdk/internal/loader/NativeLibraries$1
instanceKlass jdk/internal/loader/NativeLibraries$LibraryPaths
instanceKlass sun/nio/fs/WindowsNativeDispatcher
instanceKlass sun/nio/fs/NativeBuffer$Deallocator
instanceKlass sun/nio/fs/NativeBuffer
instanceKlass java/lang/ThreadLocal$ThreadLocalMap
instanceKlass java/lang/ThreadLocal
instanceKlass sun/nio/fs/NativeBuffers
instanceKlass sun/nio/fs/WindowsFileAttributes
instanceKlass java/nio/file/attribute/DosFileAttributes
instanceKlass sun/nio/fs/AbstractBasicFileAttributeView
instanceKlass sun/nio/fs/DynamicFileAttributeView
instanceKlass sun/nio/fs/WindowsFileAttributeViews
instanceKlass sun/nio/fs/Util
instanceKlass java/nio/file/attribute/BasicFileAttributeView
instanceKlass java/nio/file/attribute/FileAttributeView
instanceKlass java/nio/file/attribute/AttributeView
instanceKlass java/nio/file/Files
instanceKlass java/nio/file/CopyOption
instanceKlass java/nio/file/attribute/BasicFileAttributes
instanceKlass sun/nio/fs/WindowsPath
instanceKlass java/nio/file/Path
instanceKlass java/nio/file/Watchable
instanceKlass java/util/zip/ZipFile$Source$Key
instanceKlass sun/nio/fs/WindowsPathParser$Result
instanceKlass sun/nio/fs/WindowsPathParser
instanceKlass java/nio/file/FileSystem
instanceKlass java/nio/file/OpenOption
instanceKlass java/nio/file/spi/FileSystemProvider
instanceKlass java/util/concurrent/ForkJoinPool$ManagedBlocker
instanceKlass java/util/concurrent/locks/AbstractQueuedSynchronizer$Node
instanceKlass sun/nio/fs/DefaultFileSystemProvider
instanceKlass java/util/zip/ZipFile$Source
instanceKlass java/lang/ref/Cleaner$Cleanable
instanceKlass jdk/internal/ref/CleanerImpl
instanceKlass java/lang/ref/Cleaner$1
instanceKlass java/lang/ref/Cleaner
instanceKlass jdk/internal/ref/CleanerFactory$1
instanceKlass java/util/concurrent/ThreadFactory
instanceKlass jdk/internal/ref/CleanerFactory
instanceKlass java/util/zip/ZipCoder
instanceKlass java/util/zip/ZipFile$CleanableResource
instanceKlass java/lang/Runtime$Version
instanceKlass java/util/jar/JavaUtilJarAccessImpl
instanceKlass jdk/internal/access/JavaUtilJarAccess
instanceKlass java/nio/charset/CoderResult
instanceKlass java/lang/Readable
instanceKlass jdk/internal/loader/FileURLMapper
instanceKlass jdk/internal/loader/URLClassPath$JarLoader$1
instanceKlass java/util/zip/ZipFile$1
instanceKlass jdk/internal/access/JavaUtilZipFileAccess
instanceKlass java/util/zip/ZipFile
instanceKlass java/util/zip/ZipConstants
instanceKlass jdk/internal/loader/URLClassPath$Loader
instanceKlass jdk/internal/loader/URLClassPath$3
instanceKlass java/security/PrivilegedExceptionAction
instanceKlass sun/net/util/URLUtil
instanceKlass java/lang/StringCoding
instanceKlass java/nio/charset/CharsetDecoder
instanceKlass sun/nio/cs/ArrayDecoder
instanceKlass sun/launcher/LauncherHelper
instanceKlass java/lang/invoke/StringConcatFactory
instanceKlass java/lang/ModuleLayer$Controller
instanceKlass java/util/concurrent/CopyOnWriteArrayList
instanceKlass jdk/internal/module/ServicesCatalog$ServiceProvider
instanceKlass jdk/internal/loader/AbstractClassLoaderValue$Memoizer
instanceKlass java/util/ImmutableCollections$ListItr
instanceKlass java/util/ListIterator
instanceKlass java/lang/ModuleLayer
instanceKlass jdk/internal/module/ModuleLoaderMap$Modules
instanceKlass jdk/internal/module/ModuleLoaderMap$Mapper
instanceKlass jdk/internal/module/ModuleLoaderMap
instanceKlass java/util/AbstractMap$1$1
instanceKlass java/lang/module/ResolvedModule
instanceKlass java/lang/module/Configuration
instanceKlass jdk/internal/loader/BuiltinClassLoader$LoadedModule
instanceKlass jdk/internal/loader/AbstractClassLoaderValue
instanceKlass jdk/internal/module/ServicesCatalog
instanceKlass java/util/Deque
instanceKlass java/util/Queue
instanceKlass sun/net/util/IPAddressUtil$MASKS
instanceKlass sun/net/util/IPAddressUtil
instanceKlass java/net/URLStreamHandler
instanceKlass sun/net/www/ParseUtil
instanceKlass java/net/URL$3
instanceKlass jdk/internal/access/JavaNetURLAccess
instanceKlass java/net/URL$DefaultFactory
instanceKlass java/net/URLStreamHandlerFactory
instanceKlass jdk/internal/loader/URLClassPath
instanceKlass java/security/Principal
instanceKlass java/security/ProtectionDomain$Key
instanceKlass java/security/ProtectionDomain$JavaSecurityAccessImpl
instanceKlass jdk/internal/access/JavaSecurityAccess
instanceKlass java/lang/ClassLoader$ParallelLoaders
instanceKlass java/security/cert/Certificate
instanceKlass jdk/internal/loader/ArchivedClassLoaders
instanceKlass java/util/concurrent/ConcurrentHashMap$CollectionView
instanceKlass jdk/internal/loader/ClassLoaderHelper
instanceKlass jdk/internal/loader/NativeLibraries
instanceKlass java/lang/Module$EnableNativeAccess
instanceKlass jdk/internal/loader/BootLoader
instanceKlass java/util/Optional
instanceKlass jdk/internal/module/SystemModuleFinders$SystemModuleFinder
instanceKlass java/lang/module/ModuleFinder
instanceKlass jdk/internal/module/SystemModuleFinders$3
instanceKlass jdk/internal/module/ModuleHashes$HashSupplier
instanceKlass jdk/internal/module/SystemModuleFinders$2
instanceKlass java/util/function/Supplier
instanceKlass java/lang/module/ModuleReference
instanceKlass jdk/internal/module/ModuleResolution
instanceKlass java/util/Collections$UnmodifiableMap
instanceKlass jdk/internal/module/ModuleHashes$Builder
instanceKlass jdk/internal/module/ModuleHashes
instanceKlass jdk/internal/module/ModuleTarget
instanceKlass java/util/ImmutableCollections$Set12$1
instanceKlass java/lang/reflect/AccessFlag$18
instanceKlass java/lang/reflect/AccessFlag$17
instanceKlass java/lang/reflect/AccessFlag$16
instanceKlass java/lang/reflect/AccessFlag$15
instanceKlass java/lang/reflect/AccessFlag$14
instanceKlass java/lang/reflect/AccessFlag$13
instanceKlass java/lang/reflect/AccessFlag$12
instanceKlass java/lang/reflect/AccessFlag$11
instanceKlass java/lang/reflect/AccessFlag$10
instanceKlass java/lang/reflect/AccessFlag$9
instanceKlass java/lang/reflect/AccessFlag$8
instanceKlass java/lang/reflect/AccessFlag$7
instanceKlass java/lang/reflect/AccessFlag$6
instanceKlass java/lang/reflect/AccessFlag$5
instanceKlass java/lang/reflect/AccessFlag$4
instanceKlass java/lang/reflect/AccessFlag$3
instanceKlass java/lang/reflect/AccessFlag$2
instanceKlass java/lang/reflect/AccessFlag$1
instanceKlass java/lang/module/ModuleDescriptor$Version
instanceKlass java/lang/module/ModuleDescriptor$Provides
instanceKlass java/lang/module/ModuleDescriptor$Opens
instanceKlass java/util/ImmutableCollections$SetN$SetNIterator
instanceKlass java/lang/module/ModuleDescriptor$Exports
instanceKlass java/lang/module/ModuleDescriptor$Requires
instanceKlass jdk/internal/module/Builder
instanceKlass jdk/internal/module/SystemModules$default
instanceKlass jdk/internal/module/SystemModules
instanceKlass jdk/internal/module/SystemModulesMap
instanceKlass java/net/URI$1
instanceKlass jdk/internal/access/JavaNetUriAccess
instanceKlass java/net/URI
instanceKlass jdk/internal/module/SystemModuleFinders
instanceKlass jdk/internal/module/ArchivedModuleGraph
instanceKlass jdk/internal/module/ArchivedBootLayer
instanceKlass jdk/internal/module/ModuleBootstrap$Counters
instanceKlass jdk/internal/module/ModulePatcher
instanceKlass java/io/FileSystem
instanceKlass java/io/DefaultFileSystem
instanceKlass java/io/File
instanceKlass java/lang/module/ModuleDescriptor$1
instanceKlass jdk/internal/access/JavaLangModuleAccess
instanceKlass sun/invoke/util/VerifyAccess
instanceKlass java/util/KeyValueHolder
instanceKlass java/util/ImmutableCollections$MapN$MapNIterator
instanceKlass java/lang/StrictMath
instanceKlass java/lang/invoke/MethodHandles$Lookup
instanceKlass java/lang/invoke/MemberName$Factory
instanceKlass java/lang/invoke/MethodHandles
instanceKlass java/lang/module/ModuleDescriptor
instanceKlass jdk/internal/module/ModuleBootstrap
instanceKlass java/lang/Character$CharacterCache
instanceKlass java/util/HexFormat
instanceKlass jdk/internal/util/ClassFileDumper
instanceKlass sun/security/action/GetPropertyAction
instanceKlass java/lang/invoke/MethodHandleStatics
instanceKlass jdk/internal/misc/Blocker
instanceKlass java/util/Collections
instanceKlass java/util/concurrent/locks/AbstractQueuedSynchronizer$ConditionObject
instanceKlass java/util/concurrent/locks/Condition
instanceKlass java/lang/Thread$ThreadIdentifiers
instanceKlass sun/io/Win32ErrorMode
instanceKlass jdk/internal/misc/OSEnvironment
instanceKlass java/lang/Integer$IntegerCache
instanceKlass jdk/internal/misc/Signal$NativeHandler
instanceKlass java/util/Hashtable$Entry
instanceKlass jdk/internal/misc/Signal
instanceKlass java/lang/Terminator$1
instanceKlass jdk/internal/misc/Signal$Handler
instanceKlass java/lang/Terminator
instanceKlass java/nio/ByteOrder
instanceKlass java/nio/Buffer$2
instanceKlass jdk/internal/access/JavaNioAccess
instanceKlass java/nio/Buffer$1
instanceKlass jdk/internal/misc/ScopedMemoryAccess
instanceKlass java/nio/charset/CodingErrorAction
instanceKlass sun/nio/cs/SingleByte
instanceKlass java/lang/StringUTF16
instanceKlass sun/nio/cs/MS1252$Holder
instanceKlass java/nio/charset/CharsetEncoder
instanceKlass sun/nio/cs/ArrayEncoder
instanceKlass java/io/Writer
instanceKlass java/io/PrintStream$1
instanceKlass jdk/internal/access/JavaIOPrintStreamAccess
instanceKlass jdk/internal/misc/InternalLock
instanceKlass java/io/OutputStream
instanceKlass java/io/Flushable
instanceKlass java/io/FileDescriptor$1
instanceKlass jdk/internal/access/JavaIOFileDescriptorAccess
instanceKlass java/io/FileDescriptor
instanceKlass jdk/internal/util/StaticProperty
instanceKlass jdk/internal/reflect/MethodHandleAccessorFactory
instanceKlass java/lang/reflect/Modifier
instanceKlass java/lang/Class$1
instanceKlass java/lang/Class$Atomic
instanceKlass java/lang/Class$ReflectionData
instanceKlass java/nio/charset/StandardCharsets
instanceKlass sun/nio/cs/HistoricallyNamedCharset
instanceKlass java/nio/charset/spi/CharsetProvider
instanceKlass java/nio/charset/Charset
instanceKlass java/util/HashMap$HashIterator
instanceKlass java/util/concurrent/locks/LockSupport
instanceKlass java/util/concurrent/ConcurrentHashMap$Node
instanceKlass java/util/concurrent/ConcurrentHashMap$CounterCell
instanceKlass java/util/concurrent/locks/ReentrantLock
instanceKlass java/util/concurrent/locks/Lock
instanceKlass java/lang/CharacterData
instanceKlass java/util/Arrays
instanceKlass jdk/internal/util/Preconditions$3
instanceKlass jdk/internal/util/Preconditions$2
instanceKlass jdk/internal/util/Preconditions$4
instanceKlass java/util/function/BiFunction
instanceKlass jdk/internal/util/Preconditions$1
instanceKlass java/util/function/Function
instanceKlass jdk/internal/util/Preconditions
instanceKlass java/lang/Runtime
instanceKlass java/lang/VersionProps
instanceKlass java/lang/StringConcatHelper
instanceKlass java/util/HashMap$Node
instanceKlass java/util/Map$Entry
instanceKlass jdk/internal/util/ArraysSupport
instanceKlass jdk/internal/util/SystemProps$Raw
instanceKlass jdk/internal/util/SystemProps
instanceKlass java/lang/System$2
instanceKlass jdk/internal/access/JavaLangAccess
instanceKlass java/lang/ref/NativeReferenceQueue$Lock
instanceKlass java/lang/ref/ReferenceQueue
instanceKlass java/lang/ref/Reference$1
instanceKlass jdk/internal/access/JavaLangRefAccess
instanceKlass jdk/internal/reflect/ReflectionFactory
instanceKlass java/lang/Math
instanceKlass java/lang/StringLatin1
instanceKlass jdk/internal/reflect/Reflection
instanceKlass jdk/internal/reflect/ReflectionFactory$GetReflectionFactoryAction
instanceKlass java/security/PrivilegedAction
instanceKlass jdk/internal/access/SharedSecrets
instanceKlass java/lang/reflect/ReflectAccess
instanceKlass jdk/internal/access/JavaLangReflectAccess
instanceKlass java/util/ImmutableCollections
instanceKlass java/util/Objects
instanceKlass java/util/Set
instanceKlass jdk/internal/misc/CDS
instanceKlass java/lang/Module$ArchivedData
instanceKlass jdk/internal/misc/VM
instanceKlass java/lang/String$CaseInsensitiveComparator
instanceKlass java/util/Comparator
instanceKlass java/io/ObjectStreamField
instanceKlass jdk/internal/vm/FillerObject
instanceKlass jdk/internal/vm/vector/VectorSupport$VectorPayload
instanceKlass jdk/internal/vm/vector/VectorSupport
instanceKlass java/lang/reflect/RecordComponent
instanceKlass java/util/Iterator
instanceKlass java/lang/Number
instanceKlass java/lang/Character
instanceKlass java/lang/Boolean
instanceKlass java/util/concurrent/locks/AbstractOwnableSynchronizer
instanceKlass java/lang/LiveStackFrame
instanceKlass java/lang/StackFrameInfo
instanceKlass java/lang/StackWalker$StackFrame
instanceKlass java/lang/StackStreamFactory$AbstractStackWalker
instanceKlass java/lang/StackWalker
instanceKlass java/nio/Buffer
instanceKlass java/lang/StackTraceElement
instanceKlass java/util/AbstractCollection
instanceKlass java/util/RandomAccess
instanceKlass java/util/List
instanceKlass java/util/SequencedCollection
instanceKlass java/util/Collection
instanceKlass java/lang/Iterable
instanceKlass java/util/AbstractMap
instanceKlass java/util/concurrent/ConcurrentMap
instanceKlass java/security/CodeSource
instanceKlass jdk/internal/loader/ClassLoaders
instanceKlass java/util/jar/Manifest
instanceKlass java/lang/Enum
instanceKlass java/net/URL
instanceKlass java/io/InputStream
instanceKlass java/io/Closeable
instanceKlass java/lang/AutoCloseable
instanceKlass jdk/internal/module/Modules
instanceKlass jdk/internal/misc/Unsafe
instanceKlass jdk/internal/misc/UnsafeConstants
instanceKlass java/lang/AbstractStringBuilder
instanceKlass java/lang/Appendable
instanceKlass java/lang/AssertionStatusDirectives
instanceKlass java/lang/invoke/MethodHandleNatives$CallSiteContext
instanceKlass jdk/internal/foreign/abi/ABIDescriptor
instanceKlass jdk/internal/foreign/abi/NativeEntryPoint
instanceKlass java/lang/invoke/CallSite
instanceKlass java/lang/invoke/MethodType
instanceKlass java/lang/invoke/TypeDescriptor$OfMethod
instanceKlass java/lang/invoke/LambdaForm
instanceKlass java/lang/invoke/MethodHandleNatives
instanceKlass java/lang/invoke/ResolvedMethodName
instanceKlass java/lang/invoke/MemberName
instanceKlass java/lang/invoke/VarHandle
instanceKlass java/lang/invoke/MethodHandle
instanceKlass jdk/internal/reflect/CallerSensitive
instanceKlass java/lang/annotation/Annotation
instanceKlass jdk/internal/reflect/FieldAccessor
instanceKlass jdk/internal/reflect/ConstantPool
instanceKlass jdk/internal/reflect/ConstructorAccessor
instanceKlass jdk/internal/reflect/MethodAccessor
instanceKlass jdk/internal/reflect/MagicAccessorImpl
instanceKlass jdk/internal/vm/StackChunk
instanceKlass jdk/internal/vm/Continuation
instanceKlass jdk/internal/vm/ContinuationScope
instanceKlass java/lang/reflect/Parameter
instanceKlass java/lang/reflect/Member
instanceKlass java/lang/reflect/AccessibleObject
instanceKlass java/lang/Module
instanceKlass java/util/Dictionary
instanceKlass java/util/Map
instanceKlass java/lang/ThreadGroup
instanceKlass java/lang/Thread$UncaughtExceptionHandler
instanceKlass java/lang/Thread$Constants
instanceKlass java/lang/Thread$FieldHolder
instanceKlass java/lang/Thread
instanceKlass java/lang/Runnable
instanceKlass java/lang/ref/Reference
instanceKlass java/lang/Record
instanceKlass java/security/AccessController
instanceKlass java/security/AccessControlContext
instanceKlass java/security/ProtectionDomain
instanceKlass java/lang/SecurityManager
instanceKlass java/lang/Throwable
instanceKlass java/lang/System
instanceKlass java/lang/ClassLoader
instanceKlass java/lang/Cloneable
instanceKlass java/lang/Class
instanceKlass java/lang/invoke/TypeDescriptor$OfField
instanceKlass java/lang/invoke/TypeDescriptor
instanceKlass java/lang/reflect/Type
instanceKlass java/lang/reflect/GenericDeclaration
instanceKlass java/lang/reflect/AnnotatedElement
instanceKlass java/lang/String
instanceKlass java/lang/constant/ConstantDesc
instanceKlass java/lang/constant/Constable
instanceKlass java/lang/CharSequence
instanceKlass java/lang/Comparable
instanceKlass java/io/Serializable
ciInstanceKlass java/lang/Object 1 1 124 100 1 10 12 1 1 10 7 12 1 1 1 10 100 12 1 1 1 10 12 1 1 8 1 10 12 1 1 10 100 12 1 1 1 10 12 1 10 12 1 1 10 7 12 1 1 1 10 12 1 10 12 1 7 1 10 100 12 1 1 1 10 12 1 1 10 12 1 100 1 8 1 10 12 1 3 8 1 100 1 5 0 1 1 1 1 1 1 1 1 1 1 1 1 1 1 1 1 7 1 1 1 1 1 1 1 1 1 1 7 1 1 1 1 1 1 1 1 1 1 3 1 1
ciInstanceKlass java/io/Serializable 1 0 7 100 1 100 1 1 1
ciInstanceKlass java/lang/Comparable 1 0 12 100 1 100 1 1 1 1 1 1 1 1
ciInstanceKlass java/lang/CharSequence 1 1 131 11 7 12 1 1 1 18 12 1 1 100 1 10 100 12 1 1 1 18 10 100 12 1 1 1 11 12 1 1 11 100 1 11 12 1 1 10 100 12 1 1 1 11 12 1 1 100 1 10 12 1 1 10 100 12 1 1 1 100 1 10 10 12 1 1 100 1 1 1 1 1 1 1 1 1 1 1 1 1 1 1 1 1 1 1 1 1 1 1 1 1 1 1 1 1 1 1 1 1 16 1 15 11 12 16 15 11 12 15 10 100 12 1 1 1 1 1 100 1 100 1 1 100 1 1 100 1 100 1 1
ciInstanceKlass java/lang/constant/Constable 1 0 11 100 1 100 1 1 1 1 1 1 1
ciInstanceKlass java/lang/constant/ConstantDesc 1 0 37 100 1 100 1 1 1 1 100 1 1 1 1 100 1 100 1 100 1 100 1 100 1 100 1 100 1 100 1 100 1 1 100 1 100 1 1
ciInstanceKlass java/lang/String 1 1 1443 10 7 12 1 1 1 8 1 9 7 12 1 1 1 9 12 1 1 9 12 1 1 9 12 1 1 10 12 1 10 12 1 1 10 12 1 1 9 12 1 10 7 12 1 1 1 10 7 1 10 7 12 1 1 1 10 12 1 1 10 12 1 1 10 12 1 10 12 1 1 10 12 1 10 7 12 1 1 1 7 1 9 7 12 1 1 1 10 7 12 1 1 1 10 7 12 1 1 1 10 12 1 1 10 12 1 1 10 12 1 1 10 12 1 1 9 7 12 1 1 10 12 9 7 12 1 1 10 12 1 1 3 10 12 1 1 7 1 11 12 1 1 11 12 1 11 12 1 1 10 100 12 1 1 1 10 12 1 1 9 100 12 1 1 1 10 12 1 1 10 12 1 11 12 1 1 10 12 1 1 10 12 10 12 1 1 10 100 12 1 1 1 10 12 1 1 10 12 1 1 100 1 100 1 10 12 1 10 12 1 10 12 1 1 100 1 10 12 1 1 100 1 10 12 1 1 10 12 1 1 10 12 1 10 10 12 1 100 1 100 1 100 1 10 12 1 10 12 1 1 10 12 1 1 10 12 1 10 12 1 1 10 12 1 1 10 100 12 1 1 100 1 11 10 7 12 1 1 11 12 1 11 12 1 10 12 1 1 10 12 1 10 12 10 12 1 1 10 10 100 12 1 1 1 10 100 12 1 1 10 12 1 1 10 100 12 1 1 10 12 1 10 12 1 1 10 12 1 1 10 12 1 10 12 1 10 12 1 1 100 1 10 12 1 1 10 12 10 12 1 10 12 1 1 10 12 1 1 10 7 12 1 1 1 10 12 1 10 12 1 1 10 12 1 10 12 1 3 3 10 12 1 1 10 12 1 10 12 1 1 10 12 1 1 10 12 1 1 10 12 1 10 12 1 1 10 12 1 1 10 12 1 10 12 1 10 12 1 10 12 1 1 10 12 1 10 12 1 10 12 1 10 12 1 10 12 1 10 12 1 10 100 1 10 8 1 10 12 1 1 10 12 1 8 1 10 12 1 1 10 12 10 12 1 8 1 10 10 12 1 1 10 12 1 1 10 12 1 1 10 100 1 10 10 12 1 10 12 1 10 12 1 10 10 12 1 10 12 1 10 12 1 10 12 1 10 12 1 10 12 1 10 12 1 1 10 12 1 1 10 12 1 1 10 10 12 1 1 10 10 12 1 100 1 10 10 12 1 1 10 12 1 1 10 7 1 10 12 1 10 12 1 10 7 12 1 1 1 10 12 1 10 12 1 1 10 12 1 11 7 1 11 12 10 12 1 10 12 1 1 10 12 1 1 10 10 12 1 10 12 1 9 12 1 1 11 7 12 1 1 1 10 12 10 10 12 1 10 12 1 1 10 10 12 1 10 12 1 10 12 1 1 10 12 1 1 10 10 12 1 1 10 12 1 10 10 12 1 10 12 10 10 12 10 10 12 1 10 12 1 10 10 12 10 7 12 1 1 1 10 12 10 10 12 10 12 1 10 12 10 12 10 10 12 1 10 12 1 1 10 12 1 1 10 10 12 1 10 7 12 1 1 1 10 12 1 1 10 10 7 12 1 1 1 11 10 12 1 10 12 1 1 10 12 1 1 10 7 12 1 1 1 10 12 1 10 12 1 10 12 1 10 12 1 10 12 1 10 12 1 100 1 100 1 8 1 10 10 10 12 1 10 12 1 1 8 1 10 12 1 3 3 10 12 1 10 12 1 1 10 12 7 1 10 10 12 1 1 10 12 1 10 12 1 10 12 1 1 10 12 1 1 11 7 12 1 1 1 7 1 10 12 1 10 12 1 1 8 1 10 12 1 1 10 12 1 11 7 12 1 1 1 11 7 12 1 1 11 12 1 10 12 1 10 12 1 1 10 10 100 12 1 1 1 10 12 1 10 12 1 10 10 12 10 12 1 1 10 10 12 1 10 10 12 1 10 10 12 1 10 10 12 1 10 12 1 1 10 10 12 1 8 1 10 12 1 1 18 12 1 1 11 100 12 1 1 1 7 1 3 18 12 1 18 12 1 8 1 10 100 12 1 1 1 11 12 1 1 10 12 10 10 12 1 10 11 12 1 1 10 12 1 1 11 12 1 18 3 11 10 12 1 11 11 10 12 1 10 12 1 1 8 1 10 12 1 10 12 1 10 12 1 1 10 10 12 1 11 100 12 1 7 1 100 1 10 12 100 1 10 10 7 12 1 1 1 100 1 10 7 1 10 10 12 1 10 10 12 1 8 1 10 10 12 1 8 1 8 1 10 12 1 10 12 1 10 10 12 10 100 12 1 1 10 100 12 1 1 10 100 12 1 1 8 1 10 12 1 10 12 1 10 9 12 1 10 12 9 7 12 1 1 1 10 12 1 10 12 1 10 12 1 10 12 1 10 12 1 8 1 10 100 12 1 1 1 10 12 10 12 1 1 10 12 10 10 12 10 12 7 1 9 12 1 1 7 1 10 100 1 100 1 100 1 100 1 1 1 1 1 1 5 0 1 1 1 1 1 3 1 3 1 1 1 1 1 1 1 1 1 1 1 1 1 1 1 100 1 1 1 1 1 1 1 1 1 1 1 1 1 1 1 1 1 1 1 1 1 1 1 1 1 1 1 1 1 1 1 100 1 1 1 1 1 1 1 1 1 1 100 1 1 1 1 1 1 1 1 1 1 1 1 1 1 1 1 1 1 1 1 1 1 1 1 1 1 1 1 1 1 1 1 1 1 1 1 1 1 1 1 1 1 1 1 1 1 1 1 1 1 1 1 1 1 1 1 1 1 1 1 1 1 1 1 1 1 1 1 1 1 1 1 1 1 1 1 1 1 1 1 1 1 1 1 1 1 1 1 1 1 1 1 1 1 1 1 1 1 1 1 1 1 1 1 1 1 1 1 1 1 1 1 1 1 1 1 1 1 1 1 1 1 1 1 1 1 1 1 1 1 1 1 1 1 1 1 1 1 1 1 1 1 1 1 1 1 1 1 1 1 1 1 1 1 1 1 1 1 1 1 1 1 1 1 1 1 1 1 1 1 1 1 1 1 1 100 1 1 1 1 1 1 1 1 1 1 1 1 1 1 1 1 1 1 1 1 1 1 1 100 1 1 1 1 1 1 1 1 1 1 1 1 1 1 1 100 1 1 1 1 1 1 1 1 1 1 1 1 1 1 1 16 15 10 12 16 15 10 12 15 10 12 15 10 12 15 10 100 12 1 1 1 1 1 1 1 100 1 100 1 1 1
staticfield java/lang/String COMPACT_STRINGS Z 1
staticfield java/lang/String serialPersistentFields [Ljava/io/ObjectStreamField; 0 [Ljava/io/ObjectStreamField;
staticfield java/lang/String CASE_INSENSITIVE_ORDER Ljava/util/Comparator; java/lang/String$CaseInsensitiveComparator
ciInstanceKlass java/lang/reflect/AnnotatedElement 1 1 164 11 7 12 1 1 1 11 12 1 1 100 1 10 100 12 1 1 1 10 12 1 1 10 12 1 1 10 12 1 10 100 12 1 1 1 11 12 1 1 11 100 12 1 1 10 100 12 1 1 1 10 12 1 10 100 12 1 1 1 18 12 1 1 11 100 12 1 1 18 12 1 18 12 1 1 10 100 12 1 1 1 11 100 12 1 1 1 100 1 10 100 12 1 1 1 1 1 1 1 1 1 1 1 1 1 1 1 1 1 1 1 1 1 1 1 1 1 100 1 1 1 1 1 1 1 1 1 1 1 16 15 16 1 16 1 15 11 12 16 16 1 15 10 100 12 1 1 1 16 1 15 10 100 12 1 1 1 1 100 1 100 1 1
ciInstanceKlass java/lang/reflect/GenericDeclaration 1 0 30 100 1 100 1 100 1 1 1 1 1 1 1 1 100 1 8 1 1 12 10 1 1 1 8 1 1 1 8 1
ciInstanceKlass java/lang/reflect/Type 1 1 17 11 100 12 1 1 1 100 1 1 1 1 1 1 1 1 1
ciInstanceKlass java/lang/invoke/TypeDescriptor 1 0 17 100 1 100 1 1 1 1 1 1 100 1 100 1 1 1 1
ciInstanceKlass java/lang/invoke/TypeDescriptor$OfField 1 0 21 100 1 100 1 100 1 1 1 1 1 1 1 1 1 1 1 1 1 1 1
ciInstanceKlass java/lang/Class 1 1 1698 10 7 12 1 1 1 9 7 12 1 1 1 9 12 1 1 10 12 1 1 8 1 10 12 1 8 1 8 1 10 12 1 1 10 7 12 1 1 1 10 12 1 7 1 10 10 12 1 10 12 1 1 10 12 1 1 10 12 1 1 10 7 12 1 1 10 12 1 10 12 1 10 12 1 8 1 10 12 1 8 1 10 12 1 8 1 8 1 10 12 1 1 10 100 12 1 1 1 18 12 1 1 11 100 12 1 1 1 8 1 8 1 8 1 10 100 12 1 1 1 11 12 1 1 8 1 10 12 1 10 11 100 12 1 1 1 11 100 12 1 1 1 11 8 1 18 8 1 10 12 1 10 7 12 1 1 10 12 1 1 10 7 12 1 1 1 10 12 1 1 10 12 1 1 10 7 12 1 1 1 10 12 9 100 12 1 1 1 10 100 12 1 1 1 10 12 1 10 7 12 1 1 1 10 12 1 1 18 12 1 1 10 7 12 1 1 1 10 7 12 1 10 12 1 1 10 7 1 100 1 10 12 1 1 9 12 1 1 7 1 8 1 10 12 1 10 12 1 1 10 12 1 1 10 7 12 1 1 1 7 1 10 12 1 7 1 7 1 10 10 12 1 1 10 12 1 1 100 1 10 100 12 1 1 1 10 12 1 1 10 12 1 1 9 12 1 1 10 12 1 10 12 1 1 9 12 1 1 9 12 1 1 10 12 1 1 10 7 1 10 12 1 10 12 1 10 12 1 1 10 9 12 1 10 12 1 8 1 10 12 1 1 10 12 1 1 10 12 1 10 12 1 1 10 12 1 1 10 12 1 1 9 7 12 1 1 1 10 7 12 1 1 10 12 10 12 1 10 12 1 10 12 1 10 12 1 9 100 12 1 1 1 9 12 1 10 12 1 10 100 12 1 1 1 10 12 1 1 10 100 12 1 1 10 12 1 10 12 1 1 10 100 12 1 1 1 10 12 1 10 12 1 1 10 12 1 10 12 1 10 12 1 1 10 7 1 10 10 10 12 1 1 10 12 1 1 10 12 10 10 12 1 1 100 1 8 1 10 10 12 1 1 10 12 1 100 1 11 12 1 10 100 12 1 1 10 12 1 10 12 1 10 100 12 1 1 10 10 12 1 1 8 1 10 12 1 10 12 1 1 8 1 10 12 1 9 12 1 10 12 1 10 12 1 10 12 1 10 12 100 1 9 12 1 10 12 1 9 12 1 10 12 1 10 12 1 10 12 1 10 10 12 1 10 12 1 10 7 12 1 1 10 12 1 10 12 1 10 12 1 1 10 12 1 10 12 1 10 12 1 100 1 10 12 1 10 12 1 1 10 12 1 1 10 12 1 1 10 12 1 1 10 12 1 1 10 12 1 1 7 1 10 10 12 1 1 10 12 1 1 10 12 1 1 10 10 12 1 10 12 1 1 10 12 1 1 10 12 1 1 10 12 1 1 7 1 10 10 12 11 100 12 1 1 10 12 1 10 12 1 10 100 12 1 1 1 10 12 1 1 10 10 12 1 1 100 1 10 10 12 1 1 10 100 12 1 1 1 100 1 7 1 10 12 1 1 10 12 1 10 10 12 1 1 10 12 1 10 12 1 10 12 1 10 100 12 1 1 1 11 7 12 1 1 10 12 1 10 12 1 9 12 1 10 12 1 1 10 12 1 9 12 1 1 100 1 10 9 12 1 1 10 12 100 1 10 12 1 9 12 1 10 100 12 1 1 1 10 12 1 10 12 1 10 100 12 1 1 1 10 12 1 10 12 10 12 1 1 100 1 10 8 1 10 12 1 11 11 12 1 1 11 7 12 1 1 11 12 1 8 1 10 12 1 10 12 1 1 9 12 1 9 12 1 1 10 7 12 1 1 9 12 1 10 12 1 1 10 10 12 1 10 7 12 1 1 1 10 7 12 1 1 10 7 12 1 1 9 12 1 1 10 12 1 9 12 1 10 12 1 10 12 1 1 9 12 1 1 9 12 1 10 12 1 10 12 1 1 9 12 1 100 1 10 10 12 1 1 7 1 10 12 1 1 100 11 100 1 9 12 1 1 9 12 1 7 1 10 12 1 9 12 1 1 9 12 1 10 12 1 10 12 1 1 9 12 1 7 1 10 10 12 1 1 10 10 12 1 10 12 10 10 12 1 9 12 1 10 12 1 1 10 7 12 1 1 1 10 12 1 1 10 12 1 8 10 100 8 1 18 8 1 8 1 10 12 1 9 12 1 9 12 1 1 10 12 1 7 1 7 1 10 12 1 9 12 1 1 7 1 10 10 12 1 10 7 1 9 12 1 8 1 10 12 1 7 1 10 12 1 10 12 1 1 100 1 100 1 9 12 1 100 1 8 1 10 10 7 12 1 1 1 10 12 11 7 12 1 1 1 10 12 1 10 12 1 1 10 8 1 8 1 10 12 1 1 9 7 12 1 1 11 12 7 1 11 100 12 1 1 9 12 1 10 100 12 1 1 1 10 7 12 1 1 10 12 1 1 9 12 1 9 10 12 1 1 10 12 1 1 10 12 1 1 10 12 1 1 10 12 1 1 11 12 1 100 1 11 12 1 10 100 12 1 1 1 10 12 1 11 12 1 10 100 12 1 1 1 10 12 1 10 100 12 1 1 1 11 12 1 11 12 1 1 10 12 1 10 12 1 1 9 12 1 1 9 100 12 1 1 10 12 1 10 100 12 1 1 1 10 12 1 1 10 12 1 10 12 1 10 12 1 10 7 12 1 1 1 10 12 1 8 1 10 12 1 10 12 1 10 12 1 100 1 10 12 10 100 12 1 1 1 11 100 12 1 1 1 10 12 1 1 10 12 1 18 12 1 1 11 12 1 1 18 11 12 1 18 12 1 11 12 1 10 12 1 1 10 12 1 10 12 1 10 12 1 10 12 1 10 12 10 12 1 8 1 10 12 1 7 1 9 12 1 1 100 1 100 1 100 1 100 1 1 1 3 1 3 1 3 1 1 1 1 1 1 1 5 0 1 1 1 1 1 1 1 1 1 1 1 1 1 1 1 1 1 1 1 1 1 1 1 1 100 1 1 1 1 1 1 1 100 1 1 1 1 1 7 1 1 1 1 1 1 1 1 1 1 1 1 1 1 1 1 1 1 1 1 1 1 1 1 1 1 1 1 1 1 1 1 1 1 1 1 1 1 1 1 1 1 100 1 1 1 1 1 1 1 1 1 1 1 1 1 1 1 1 1 1 1 1 1 1 1 1 1 1 1 1 1 1 1 100 1 1 1 1 1 1 1 1 1 1 1 1 1 1 1 1 1 1 1 1 3 1 1 1 1 1 1 1 1 1 1 1 1 1 1 1 1 1 1 1 1 1 1 1 1 1 1 1 1 1 1 1 1 1 1 1 100 1 100 1 1 1 1 1 1 1 1 1 1 1 1 1 1 1 1 1 1 1 1 1 1 1 1 1 1 1 1 1 1 1 1 1 1 1 1 1 1 1 1 1 1 1 1 1 1 1 1 1 1 1 1 1 1 1 1 1 1 1 1 1 1 1 1 1 1 1 1 1 1 1 1 1 1 1 1 1 1 1 1 1 1 1 1 1 1 1 1 1 1 1 1 1 1 1 1 1 1 1 1 1 1 1 1 1 1 1 1 1 1 1 1 1 1 1 1 1 1 1 1 1 1 1 1 1 1 1 1 1 1 1 1 16 15 10 12 16 15 11 12 16 1 16 15 16 15 10 12 16 16 15 10 12 16 15 16 1 15 10 12 16 15 10 100 12 1 1 1 1 1 1 1 1 1 1 1 1 100 1 1 100 1 100 1 1 100 1 100 1 1 100 1 100 1 1
staticfield java/lang/Class EMPTY_CLASS_ARRAY [Ljava/lang/Class; 0 [Ljava/lang/Class;
staticfield java/lang/Class serialPersistentFields [Ljava/io/ObjectStreamField; 0 [Ljava/io/ObjectStreamField;
ciInstanceKlass java/lang/Cloneable 1 0 7 100 1 100 1 1 1
instanceKlass jdk/internal/reflect/DelegatingClassLoader
instanceKlass java/security/SecureClassLoader
ciInstanceKlass java/lang/ClassLoader 1 1 1108 9 7 12 1 1 1 10 7 12 1 1 1 9 12 1 1 10 7 12 1 1 1 7 1 10 12 1 1 10 12 1 1 9 12 1 1 10 12 1 1 100 1 10 12 1 10 12 1 1 10 7 12 1 1 1 100 1 8 1 10 12 1 10 7 12 1 1 1 10 100 12 1 10 7 1 10 7 1 7 1 7 1 10 12 1 10 12 1 9 12 1 1 10 10 7 12 1 1 1 9 12 1 1 9 12 1 9 12 1 1 9 12 1 9 12 1 1 9 12 1 1 7 1 10 12 1 9 12 1 1 10 12 1 1 10 7 12 1 1 1 9 12 1 9 12 1 1 9 12 1 10 12 1 1 9 12 10 12 1 1 7 1 10 8 1 10 12 1 1 10 12 1 10 7 1 7 1 10 12 1 1 10 7 12 1 1 1 8 1 10 12 1 10 12 1 10 12 1 1 10 12 1 1 10 12 1 1 10 12 1 1 10 12 1 1 10 12 1 7 1 10 12 1 10 7 12 1 1 1 10 12 1 1 10 12 1 10 12 1 10 12 1 10 12 1 10 12 1 1 10 10 12 1 10 12 1 10 100 12 1 1 10 12 1 1 10 12 1 1 10 12 1 100 1 10 12 1 100 1 10 12 1 10 100 12 1 1 1 10 10 12 1 1 10 12 1 1 100 1 8 1 10 8 1 10 12 1 10 12 1 100 1 8 1 10 12 1 1 10 12 1 1 10 10 12 1 1 10 12 1 1 10 12 1 1 10 7 1 10 12 1 1 10 12 1 1 10 12 1 1 10 12 1 1 10 12 1 1 10 12 1 1 10 12 1 10 7 12 1 1 1 10 12 1 10 12 1 10 12 1 1 10 12 1 10 12 1 10 12 1 10 12 1 1 10 12 1 10 12 1 1 8 1 9 12 1 10 12 1 1 8 1 8 1 10 7 12 1 1 100 1 10 10 12 10 12 1 10 12 1 10 12 1 10 12 1 1 10 7 12 1 1 10 12 1 10 7 1 7 1 10 12 1 1 10 12 1 10 7 1 10 12 1 100 1 18 12 1 10 100 12 1 1 1 10 100 12 1 1 1 10 7 12 1 1 10 12 1 10 12 1 100 1 10 12 1 8 1 10 10 12 1 1 10 12 1 10 12 1 1 100 1 10 12 1 10 12 1 1 10 7 12 1 1 10 12 1 8 1 100 1 10 10 12 1 9 12 1 10 7 12 1 1 10 12 1 100 1 8 1 10 12 1 10 8 1 8 1 10 12 1 1 10 12 1 1 10 12 1 1 10 100 12 1 1 100 1 100 1 10 12 1 1 100 1 100 1 10 100 12 1 1 10 12 1 10 12 1 1 10 12 1 10 12 1 1 10 12 1 1 9 100 12 1 1 1 10 12 1 1 10 12 1 10 12 1 10 12 1 1 10 12 1 8 1 7 1 18 12 1 1 10 12 1 1 10 12 1 10 12 1 10 12 1 8 1 10 12 1 10 12 1 18 12 1 11 100 12 1 1 1 100 1 10 12 1 1 10 12 1 10 11 12 1 1 10 18 10 12 1 1 11 100 12 1 18 12 1 11 12 1 1 10 12 10 12 1 1 10 12 1 1 100 1 8 1 10 10 12 1 8 1 8 1 10 100 12 1 1 10 12 1 100 1 10 10 12 1 8 1 8 1 8 1 10 12 1 10 12 1 1 10 12 1 10 100 12 1 1 1 11 100 12 1 1 100 1 10 11 10 12 1 10 12 1 10 12 1 1 9 100 12 1 1 9 12 1 1 9 12 9 12 1 9 12 1 9 12 1 8 10 12 1 1 10 7 12 1 1 1 10 12 1 1 10 12 1 1 10 12 1 10 10 12 1 11 12 1 1 10 100 12 1 1 1 100 1 10 12 1 10 12 1 10 12 1 1 1 1 1 1 1 1 1 1 1 1 1 1 1 1 1 1 1 1 1 1 1 1 1 1 1 1 100 1 1 1 1 1 1 1 1 1 1 1 1 1 1 1 1 1 1 1 1 1 100 1 1 1 1 1 1 1 1 1 1 100 1 1 1 1 1 1 1 1 1 1 1 1 1 1 1 1 1 1 1 1 1 1 1 1 1 1 1 1 1 1 1 1 1 1 1 1 1 1 1 1 1 100 1 1 1 1 1 1 1 1 1 1 1 1 1 1 1 1 1 1 1 100 1 1 1 1 1 1 1 1 1 1 1 1 1 1 1 1 1 1 1 1 1 1 1 1 1 1 1 1 1 1 1 1 1 1 1 1 1 1 1 1 1 1 1 1 1 1 1 1 1 1 100 1 1 1 1 1 1 1 1 1 1 1 1 1 1 1 1 1 1 1 1 1 1 1 1 1 1 1 1 1 1 1 1 1 1 1 1 1 1 1 1 1 1 1 1 1 1 16 1 15 10 12 16 1 16 15 10 12 16 1 16 1 15 10 12 16 15 10 12 16 15 10 12 16 15 10 100 12 1 1 1 1 1 100 1 100 1 1
staticfield java/lang/ClassLoader nocerts [Ljava/security/cert/Certificate; 0 [Ljava/security/cert/Certificate;
staticfield java/lang/ClassLoader $assertionsDisabled Z 1
ciInstanceKlass java/lang/System 1 1 834 10 100 12 1 1 1 9 7 12 1 1 1 10 12 1 10 12 1 1 10 12 1 1 10 12 1 9 12 1 1 10 7 12 1 1 1 11 100 12 1 1 1 10 100 12 1 1 1 10 12 1 1 10 12 1 1 100 1 8 1 10 12 1 10 100 12 1 1 1 10 100 12 1 1 1 18 12 1 1 10 100 12 1 1 1 100 1 10 12 1 1 10 100 12 1 1 1 10 12 1 10 7 12 1 1 1 9 100 12 1 1 1 10 100 12 1 1 1 11 7 12 1 1 1 10 12 1 1 10 100 12 1 1 1 100 1 10 10 12 1 1 8 1 10 12 1 8 1 10 12 1 9 12 1 1 8 1 10 7 12 1 1 1 10 12 1 1 100 1 8 1 10 9 12 1 1 8 1 10 12 1 1 10 100 12 1 1 1 8 1 10 12 1 100 1 10 12 1 8 1 10 12 1 10 12 1 1 100 1 10 12 10 12 1 9 12 1 1 9 12 1 1 10 7 12 1 1 1 10 7 12 1 1 1 10 12 1 1 10 12 1 10 12 1 10 7 12 1 1 1 10 12 1 100 1 100 1 8 1 10 12 1 10 12 1 1 7 1 10 12 1 100 1 8 1 10 10 12 1 100 1 8 1 10 8 1 10 7 12 1 1 8 1 10 12 100 1 8 1 10 10 12 1 1 10 100 12 1 1 1 100 1 18 12 1 100 1 9 100 12 1 1 1 10 12 1 100 1 10 12 1 1 10 12 1 1 10 7 12 1 1 1 10 12 1 1 10 12 1 10 12 1 10 12 1 1 10 12 1 7 1 10 12 1 9 7 12 1 1 1 10 7 12 1 1 1 10 12 1 10 12 1 10 7 12 1 1 1 100 1 8 1 10 9 12 1 9 12 1 10 12 1 10 100 12 1 1 10 12 1 10 12 1 1 8 1 10 12 1 1 8 1 11 12 1 10 12 11 12 1 1 11 7 12 1 1 1 11 7 12 1 1 11 12 1 1 7 1 11 12 1 10 12 1 8 1 10 12 1 1 8 1 8 1 8 1 8 1 11 12 1 10 12 1 10 12 1 10 12 1 8 1 10 12 1 1 8 1 9 12 1 8 1 10 7 12 1 1 8 1 7 1 9 7 12 1 1 1 10 12 1 7 1 9 12 10 9 12 7 1 10 12 9 12 1 1 8 1 10 12 1 1 8 1 10 7 12 1 1 10 12 1 10 12 1 1 11 7 12 1 1 10 12 10 7 12 1 1 1 9 12 1 1 100 1 8 1 10 12 1 1 10 7 12 1 1 1 7 1 10 12 1 1 10 12 1 8 1 8 1 10 8 1 8 1 8 1 8 1 10 10 7 12 1 1 10 12 1 10 12 1 1 10 12 1 1 10 12 1 10 100 12 1 1 1 10 100 1 8 1 10 10 10 12 1 1 10 12 1 1 8 1 10 12 1 8 1 8 1 10 12 1 10 7 12 1 1 1 10 12 1 1 7 1 10 10 12 1 10 12 1 9 12 1 1 3 1 3 1 1 1 1 1 1 1 1 1 1 1 1 100 1 1 100 1 1 1 1 1 1 1 1 1 1 1 100 1 100 1 1 1 1 1 1 1 1 1 1 1 1 1 1 1 1 1 1 1 1 1 1 1 1 1 1 1 1 1 1 1 1 1 1 1 1 1 1 1 1 1 1 1 1 1 1 1 1 1 1 1 1 1 1 1 1 1 1 100 1 1 1 1 1 1 1 1 1 1 1 1 1 1 1 1 1 1 1 1 1 1 1 1 1 1 1 1 1 1 1 1 1 100 1 1 16 15 10 12 1 1 16 15 10 12 16 1 15 10 100 12 1 1 1 1 1 1 1 1 1 100 1 100 1 1
staticfield java/lang/System in Ljava/io/InputStream; java/io/BufferedInputStream
staticfield java/lang/System out Ljava/io/PrintStream; java/io/PrintStream
staticfield java/lang/System err Ljava/io/PrintStream; java/io/PrintStream
instanceKlass java/lang/Exception
instanceKlass java/lang/Error
ciInstanceKlass java/lang/Throwable 1 1 404 10 7 12 1 1 1 9 7 12 1 1 1 9 12 1 1 9 12 1 9 12 1 1 9 12 1 10 12 1 1 9 12 1 1 10 12 1 1 10 12 1 100 1 100 1 10 8 1 10 12 1 1 8 1 10 100 12 1 1 10 10 12 1 100 1 8 1 10 10 12 1 1 10 7 12 1 1 10 12 1 8 1 9 100 12 1 1 1 10 12 1 1 100 1 10 12 10 12 1 10 100 12 1 1 1 100 1 10 12 10 12 1 10 12 1 100 1 10 10 7 12 1 1 1 11 100 12 1 1 1 10 12 1 1 10 12 1 1 8 1 10 12 1 10 12 1 1 8 1 8 1 10 12 1 1 10 12 1 8 1 8 1 9 12 1 1 10 12 1 1 100 1 10 11 12 1 8 1 8 1 10 7 12 1 1 8 1 10 12 1 8 1 100 1 10 12 1 9 12 1 1 10 12 1 10 100 12 1 9 12 1 1 10 12 1 1 100 1 8 1 10 12 1 10 100 12 1 1 10 12 1 1 100 1 10 100 12 1 1 1 10 12 1 11 100 12 1 1 1 11 100 12 1 1 11 12 1 8 1 10 12 1 1 8 1 10 10 9 100 12 1 1 1 8 1 10 12 1 1 11 10 100 1 8 1 10 11 12 1 1 8 1 9 12 1 10 100 12 1 1 11 9 12 1 1 11 12 1 1 100 10 12 1 10 12 1 1 100 1 1 1 1 5 0 1 1 1 1 1 1 1 1 1 1 1 1 1 100 1 1 1 1 1 1 1 1 1 1 1 1 1 1 1 1 1 1 1 1 1 1 1 1 1 1 1 1 1 1 1 1 1 1 1 1 1 1 1 1 1 1 1 1 100 1 100 1 1 1 1 1 1 1 1 1 1 1 1 1 1 1 1 1 1
staticfield java/lang/Throwable UNASSIGNED_STACK [Ljava/lang/StackTraceElement; 0 [Ljava/lang/StackTraceElement;
staticfield java/lang/Throwable SUPPRESSED_SENTINEL Ljava/util/List; java/util/Collections$EmptyList
staticfield java/lang/Throwable EMPTY_THROWABLE_ARRAY [Ljava/lang/Throwable; 0 [Ljava/lang/Throwable;
staticfield java/lang/Throwable $assertionsDisabled Z 1
instanceKlass com/google/common/util/concurrent/ExecutionError
instanceKlass java/lang/AssertionError
instanceKlass java/lang/VirtualMachineError
instanceKlass java/lang/LinkageError
ciInstanceKlass java/lang/Error 1 1 40 10 7 12 1 1 1 10 12 1 10 12 1 10 12 1 10 12 1 100 1 1 1 1 5 0 1 1 1 1 1 1 1 1 1 1 1 1 1 1
instanceKlass java/security/PrivilegedActionException
instanceKlass java/util/concurrent/TimeoutException
instanceKlass sun/nio/fs/WindowsException
instanceKlass org/ballerinalang/langserver/commons/command/LSCommandExecutorException
instanceKlass org/ballerinalang/toml/exceptions/TomlException
instanceKlass org/ballerinalang/langserver/commons/eventsync/exceptions/EventSyncException
instanceKlass io/ballerina/architecturemodelgenerator/core/diagnostics/ArchitectureModelException
instanceKlass org/ballerinalang/langserver/exception/LSConnectorException
instanceKlass java/text/ParseException
instanceKlass java/lang/CloneNotSupportedException
instanceKlass org/ballerinalang/toml/exceptions/SettingsTomlException
instanceKlass org/ballerinalang/central/client/exceptions/CentralClientException
instanceKlass java/net/URISyntaxException
instanceKlass org/ballerinalang/formatter/core/FormatterException
instanceKlass io/ballerina/converters/exception/JsonToRecordConverterException
instanceKlass org/ballerinalang/langserver/commons/workspace/WorkspaceDocumentException
instanceKlass java/io/IOException
instanceKlass java/util/concurrent/ExecutionException
instanceKlass java/lang/InterruptedException
instanceKlass java/lang/ReflectiveOperationException
instanceKlass java/lang/RuntimeException
ciInstanceKlass java/lang/Exception 1 1 40 10 7 12 1 1 1 10 12 1 10 12 1 10 12 1 10 12 1 100 1 1 1 1 5 0 1 1 1 1 1 1 1 1 1 1 1 1 1 1
instanceKlass java/io/UncheckedIOException
instanceKlass io/ballerina/projects/exceptions/InvalidBalaException
instanceKlass io/ballerina/toml/validator/schema/JsonSchemaException
instanceKlass java/lang/MatchException
instanceKlass java/util/MissingResourceException
instanceKlass java/util/ConcurrentModificationException
instanceKlass org/eclipse/lsp4j/jsonrpc/JsonRpcException
instanceKlass org/eclipse/lsp4j/jsonrpc/MessageIssueException
instanceKlass org/eclipse/lsp4j/jsonrpc/ResponseErrorException
instanceKlass java/lang/reflect/UndeclaredThrowableException
instanceKlass com/github/zafarkhaja/semver/util/UnexpectedElementException
instanceKlass com/github/zafarkhaja/semver/ParseException
instanceKlass org/ballerinalang/compiler/BLangCompilerException
instanceKlass java/util/NoSuchElementException
instanceKlass com/google/gson/JsonParseException
instanceKlass java/lang/SecurityException
instanceKlass com/google/common/cache/CacheLoader$InvalidCacheLoadException
instanceKlass com/google/common/util/concurrent/UncheckedExecutionException
instanceKlass java/lang/IndexOutOfBoundsException
instanceKlass java/lang/IllegalStateException
instanceKlass io/ballerina/projects/ProjectException
instanceKlass org/ballerinalang/langserver/exception/UserErrorException
instanceKlass java/lang/UnsupportedOperationException
instanceKlass java/lang/IllegalArgumentException
instanceKlass java/lang/ArithmeticException
instanceKlass java/lang/NullPointerException
instanceKlass java/lang/IllegalMonitorStateException
instanceKlass java/lang/ArrayStoreException
instanceKlass java/lang/ClassCastException
ciInstanceKlass java/lang/RuntimeException 1 1 40 10 7 12 1 1 1 10 12 1 10 12 1 10 12 1 10 12 1 100 1 1 1 1 5 0 1 1 1 1 1 1 1 1 1 1 1 1 1 1
ciInstanceKlass java/lang/SecurityManager 0 0 576 10 100 12 1 1 1 9 100 12 1 1 1 10 100 12 1 1 1 100 1 8 1 10 12 1 10 12 1 1 10 100 12 1 1 1 10 100 1 10 100 1 10 9 100 12 1 1 1 10 100 12 1 1 1 10 12 1 1 10 100 12 1 1 100 1 8 1 10 9 12 1 1 9 12 1 8 1 9 12 1 100 1 10 8 1 10 12 1 1 10 12 1 10 12 1 1 100 1 10 10 12 1 1 100 1 8 1 10 12 1 8 1 8 1 8 1 8 1 8 1 8 1 10 12 1 8 1 8 1 8 1 8 1 8 1 10 100 12 1 1 1 10 12 1 1 8 1 100 1 8 1 10 8 1 8 1 8 1 8 1 8 1 10 100 12 1 1 8 1 100 1 8 1 8 1 10 8 1 10 12 1 100 1 8 1 10 10 12 1 1 10 12 1 10 12 1 10 12 1 10 100 12 1 1 1 10 12 1 10 100 12 1 1 11 100 12 1 1 1 18 12 1 1 11 100 12 1 1 1 18 12 1 1 11 12 1 1 18 18 11 12 1 18 12 1 11 12 1 1 9 12 1 1 9 12 1 9 12 1 9 12 1 100 1 10 100 12 1 1 10 12 1 10 12 1 18 12 1 18 10 100 12 1 1 1 18 12 1 10 12 1 18 18 8 1 10 12 1 9 12 1 1 11 100 12 1 1 1 8 1 100 1 10 12 1 10 12 1 1 10 12 1 1 9 12 1 1 10 12 1 10 12 1 1 8 1 100 1 10 9 12 1 8 1 10 12 1 8 1 100 1 10 10 100 12 1 1 10 100 1 9 100 12 1 1 1 11 12 1 1 10 12 1 11 12 1 10 12 1 100 1 10 10 12 1 1 10 12 1 1 1 1 1 1 1 1 1 1 1 100 1 1 1 1 1 1 1 1 1 1 1 1 1 1 1 1 1 1 1 1 1 1 1 1 1 1 1 1 1 1 1 1 1 1 1 1 1 1 1 1 1 1 1 1 1 1 1 1 1 1 1 1 1 1 1 1 3 1 1 1 1 1 1 1 1 1 1 100 1 1 1 1 1 1 1 1 1 1 1 1 1 1 1 1 1 1 1 1 1 1 1 1 1 1 1 1 1 1 1 1 1 1 1 1 1 1 16 15 10 100 12 1 1 1 16 1 16 15 10 12 16 1 15 10 12 16 15 11 100 1 16 1 16 1 15 10 12 16 15 10 12 16 15 10 12 1 16 1 15 11 12 1 15 10 12 16 15 10 16 1 15 10 100 12 1 1 1 1 1 1 100 1 100 1 1
ciInstanceKlass java/security/ProtectionDomain 1 1 348 10 7 12 1 1 1 9 7 12 1 1 1 7 1 10 9 12 1 1 9 12 1 1 9 12 1 1 10 7 12 1 1 7 1 9 12 1 9 12 1 1 7 1 9 12 1 1 9 12 1 10 100 12 1 1 10 100 12 1 1 1 10 12 1 1 10 12 1 9 12 1 9 100 12 1 1 10 12 1 1 10 100 1 10 12 1 1 8 1 100 1 8 1 10 12 1 10 11 10 100 12 1 1 1 10 12 1 1 8 1 11 8 1 10 12 1 8 1 8 1 10 12 1 1 10 12 1 10 12 1 1 10 12 1 8 1 10 12 1 8 1 8 1 10 100 12 1 1 1 9 100 12 1 1 1 10 12 1 1 9 100 12 1 1 1 10 100 12 1 1 1 100 1 18 12 1 1 10 100 12 1 1 1 10 100 1 10 12 1 10 12 1 1 11 100 12 1 1 11 12 1 100 1 11 100 12 1 1 1 10 12 1 10 11 12 1 1 11 12 1 1 10 12 1 10 7 12 1 1 10 100 12 1 1 11 12 1 10 12 10 12 1 8 1 8 1 10 7 12 1 1 1 7 1 10 10 7 12 1 1 1 1 1 1 1 1 1 1 100 1 1 100 1 1 1 1 1 1 1 1 1 1 1 1 1 1 1 1 1 1 1 1 1 1 1 1 1 1 1 1 1 1 1 1 1 1 1 1 1 1 1 1 1 1 1 1 100 1 1 1 1 1 1 100 1 1 16 15 10 12 16 15 10 100 12 1 1 1 1 1 1 1 100 1 100 1 1
staticfield java/security/ProtectionDomain filePermCompatInPD Z 0
ciInstanceKlass java/security/AccessControlContext 1 1 374 9 7 12 1 1 1 9 12 1 1 10 100 12 1 1 1 8 1 10 100 12 1 1 1 10 7 12 1 1 1 9 12 1 9 12 1 1 9 12 1 1 10 7 12 1 1 100 1 10 12 1 11 100 12 1 1 1 11 12 1 11 12 1 11 12 1 1 100 1 11 12 1 1 10 12 1 10 100 12 1 1 1 9 100 12 1 1 1 10 100 12 1 1 1 11 100 12 1 1 1 10 7 1 100 1 8 1 10 12 1 10 12 1 1 7 1 10 7 12 1 1 1 9 12 1 9 12 1 9 12 1 9 12 1 1 9 12 1 1 9 12 1 9 12 1 10 7 12 1 1 1 9 12 1 10 12 1 1 10 12 1 1 8 1 10 12 1 1 10 12 1 1 10 100 12 1 1 1 100 1 10 10 12 1 1 10 100 12 1 1 1 10 8 1 10 100 12 1 1 8 1 10 100 12 1 1 8 1 8 1 10 12 1 8 1 10 12 1 8 1 10 12 1 10 12 1 10 12 1 1 8 1 8 1 100 1 10 12 1 10 12 1 1 100 1 10 12 1 8 1 10 12 1 10 12 1 10 8 1 10 12 1 1 10 12 1 1 10 12 1 1 10 12 1 1 10 12 1 10 12 1 11 10 12 1 10 12 1 1 10 10 10 12 1 1 1 1 1 1 1 1 1 1 1 1 1 1 1 1 1 1 1 1 1 1 1 1 100 1 1 1 1 1 1 1 1 1 1 1 1 1 1 1 1 1 1 1 1 1 1 1 1 1 1 1 1 1 1 1 1 1 1 1 1 1 1 1 1 1 1 1 1 1 1 1 1 1 1 1 1 3 1 1
ciInstanceKlass java/security/AccessController 1 1 295 10 100 12 1 1 1 10 7 12 1 1 1 10 7 12 1 1 1 10 12 1 1 10 12 1 1 10 7 12 1 1 1 10 12 1 1 10 12 1 10 12 1 1 10 12 1 100 1 8 1 10 12 1 10 12 1 10 12 1 1 10 12 1 100 1 100 1 10 12 1 1 10 12 1 10 12 1 10 12 1 1 10 7 12 1 1 1 10 12 1 1 9 100 12 1 1 1 10 100 12 1 1 1 10 12 1 10 12 1 9 100 12 1 1 1 10 12 1 10 12 1 1 9 12 1 1 10 100 1 10 11 7 12 1 1 1 10 7 12 1 1 11 7 1 100 1 10 12 1 10 12 1 10 12 1 8 1 10 12 1 1 8 1 10 100 12 1 1 1 8 1 100 1 10 10 12 1 1 10 12 1 10 7 12 1 1 1 10 12 1 8 1 10 100 12 1 1 8 1 8 1 10 12 1 8 1 10 12 1 10 12 1 1 10 12 1 1 1 1 1 1 1 1 1 1 1 1 1 1 1 1 1 1 1 1 1 1 1 1 1 1 1 1 100 1 1 1 1 1 1 1 1 1 1 1 1 1 1 1 1 1 1 1 1 1 1 1 1 1 1 1 1 1 1 1 1 1 1 100 1 100 1 1 1 1 1 1 1 1 1 3 1 1 1
staticfield java/security/AccessController $assertionsDisabled Z 1
instanceKlass jdk/internal/loader/BuiltinClassLoader
instanceKlass java/net/URLClassLoader
ciInstanceKlass java/security/SecureClassLoader 1 1 102 10 7 12 1 1 1 7 1 10 12 1 9 7 12 1 1 1 10 12 1 10 12 1 10 12 1 1 10 12 1 1 10 12 1 7 1 10 7 1 10 12 1 7 1 10 12 1 11 7 12 1 1 1 7 1 11 12 1 10 12 1 1 1 1 1 1 1 1 1 1 1 1 1 1 1 1 1 1 1 1 1 1 1 1 1 1 1 1 1 1 1 1 1 1 1 1 100 1 1 1 1
instanceKlass java/lang/reflect/InvocationTargetException
instanceKlass java/lang/InstantiationException
instanceKlass java/lang/IllegalAccessException
instanceKlass java/lang/NoSuchFieldException
instanceKlass java/lang/NoSuchMethodException
instanceKlass java/lang/ClassNotFoundException
ciInstanceKlass java/lang/ReflectiveOperationException 1 1 34 10 7 12 1 1 1 10 12 1 10 12 1 10 12 1 100 1 1 1 1 5 0 1 1 1 1 1 1 1 1 1 1 1
ciInstanceKlass java/lang/ClassNotFoundException 1 1 96 7 1 10 7 12 1 1 1 10 12 1 10 12 1 1 10 100 12 1 1 1 8 1 10 100 12 1 1 1 10 7 12 1 1 10 100 12 1 1 1 10 100 12 1 1 1 10 12 1 1 7 1 10 12 1 9 12 1 1 1 1 1 5 0 1 1 1 1 1 1 1 1 1 1 1 1 1 1 1 1 1 1 100 1 1 1 1 1 1 1 1 1 1 1 1
staticfield java/lang/ClassNotFoundException serialPersistentFields [Ljava/io/ObjectStreamField; 1 [Ljava/io/ObjectStreamField;
instanceKlass io/ballerina/artifactsgenerator/Artifact
instanceKlass io/ballerina/artifactsgenerator/ArtifactGenerationDebouncer$ScheduledTaskHolder
instanceKlass io/ballerina/types/typeops/FieldPair
instanceKlass org/wso2/ballerinalang/compiler/semantics/analyzer/TypeChecker$GlobalStateSnapshot
instanceKlass io/ballerina/types/definition/Member
instanceKlass io/ballerina/types/definition/ObjectQualifiers
instanceKlass io/ballerina/types/FunctionAtomicType
instanceKlass io/ballerina/types/definition/FunctionQualifiers
instanceKlass io/ballerina/types/definition/Field
instanceKlass org/wso2/ballerinalang/compiler/BIRPackageSymbolEnter$AtomOffsets
instanceKlass io/ballerina/projects/PackageManifest$Module
instanceKlass org/wso2/ballerinalang/compiler/semantics/model/types/SemNamedType
instanceKlass io/ballerina/types/definition/CellField
instanceKlass io/ballerina/types/subtypedata/BddNodeImpl
instanceKlass io/ballerina/types/ListAtomicType
instanceKlass io/ballerina/types/FixedLengthArray
instanceKlass io/ballerina/types/MappingAtomicType
instanceKlass io/ballerina/types/TypeAtom
instanceKlass io/ballerina/types/PredefinedTypeEnv$InitializedTypeAtom
instanceKlass io/ballerina/types/CellAtomicType
instanceKlass io/ballerina/types/Atom$AtomIdentifier
instanceKlass io/ballerina/types/typeops/BddCommonOps$BddOpMemoKey
instanceKlass io/ballerina/types/typeops/BddCommonOps$BddOpMemo
instanceKlass io/ballerina/types/subtypedata/BddNodeSimple
instanceKlass io/ballerina/types/ListMemberTypes
instanceKlass io/ballerina/types/ComplexSemTypeImpl
instanceKlass java/util/stream/Collectors$CollectorImpl
instanceKlass java/nio/DirectByteBuffer$Deallocator
instanceKlass io/ballerina/testmanagerservice/extension/request/UpdateTestFunctionRequest
instanceKlass io/ballerina/testmanagerservice/extension/response/GetTestFunctionResponse
instanceKlass io/ballerina/testmanagerservice/extension/request/GetTestFunctionRequest
instanceKlass io/ballerina/testmanagerservice/extension/response/TestsDiscoveryResponse
instanceKlass io/ballerina/testmanagerservice/extension/request/TestsDiscoveryRequest
instanceKlass io/ballerina/testmanagerservice/extension/response/CommonSourceResponse
instanceKlass io/ballerina/testmanagerservice/extension/request/AddTestFunctionRequest
instanceKlass io/ballerina/servicemodelgenerator/extension/model/response/ListenerFromSourceResponse
instanceKlass io/ballerina/servicemodelgenerator/extension/model/response/ServiceFromSourceResponse
instanceKlass io/ballerina/servicemodelgenerator/extension/model/response/FunctionFromSourceResponse
instanceKlass io/ballerina/servicemodelgenerator/extension/model/request/AddFieldRequest
instanceKlass io/ballerina/servicemodelgenerator/extension/model/request/ServiceClassSourceRequest
instanceKlass io/ballerina/servicemodelgenerator/extension/model/response/TypeResponse
instanceKlass io/ballerina/servicemodelgenerator/extension/model/request/ServiceModifierRequest
instanceKlass io/ballerina/servicemodelgenerator/extension/model/response/FunctionModelResponse
instanceKlass io/ballerina/servicemodelgenerator/extension/model/request/FunctionModelRequest
instanceKlass io/ballerina/servicemodelgenerator/extension/model/request/ClassFieldModifierRequest
instanceKlass io/ballerina/servicemodelgenerator/extension/model/request/ListenerModifierRequest
instanceKlass io/ballerina/servicemodelgenerator/extension/model/response/ServiceModelResponse
instanceKlass io/ballerina/servicemodelgenerator/extension/model/request/ServiceModelRequest
instanceKlass io/ballerina/servicemodelgenerator/extension/model/response/TriggerListResponse
instanceKlass io/ballerina/servicemodelgenerator/extension/model/request/TriggerListRequest
instanceKlass io/ballerina/servicemodelgenerator/extension/model/response/ListenerModelResponse
instanceKlass io/ballerina/servicemodelgenerator/extension/model/request/ListenerModelRequest
instanceKlass io/ballerina/servicemodelgenerator/extension/model/response/TriggerResponse
instanceKlass io/ballerina/servicemodelgenerator/extension/model/request/TriggerRequest
instanceKlass io/ballerina/servicemodelgenerator/extension/model/request/ServiceSourceRequest
instanceKlass io/ballerina/servicemodelgenerator/extension/model/request/CommonModelFromSourceRequest
instanceKlass io/ballerina/servicemodelgenerator/extension/model/response/ListenerDiscoveryResponse
instanceKlass io/ballerina/servicemodelgenerator/extension/model/request/ListenerDiscoveryRequest
instanceKlass io/ballerina/servicemodelgenerator/extension/model/response/CommonSourceResponse
instanceKlass io/ballerina/servicemodelgenerator/extension/model/request/FunctionSourceRequest
instanceKlass io/ballerina/servicemodelgenerator/extension/model/response/ServiceClassModelResponse
instanceKlass io/ballerina/servicemodelgenerator/extension/model/request/ClassModelFromSourceRequest
instanceKlass io/ballerina/servicemodelgenerator/extension/model/request/ListenerSourceRequest
instanceKlass io/ballerina/servicemodelgenerator/extension/model/request/FunctionModifierRequest
instanceKlass io/ballerina/servicemodelgenerator/extension/model/request/TypesRequest
instanceKlass io/ballerina/flowmodelgenerator/extension/request/GetAllLibrariesRequest
instanceKlass io/ballerina/flowmodelgenerator/extension/request/GetSelectedLibrariesRequest
instanceKlass io/ballerina/flowmodelgenerator/extension/request/GetToolsRequest
instanceKlass io/ballerina/flowmodelgenerator/extension/request/GetModelsRequest
instanceKlass io/ballerina/flowmodelgenerator/extension/request/GenToolRequest
instanceKlass io/ballerina/flowmodelgenerator/extension/request/GetToolRequest
instanceKlass io/ballerina/flowmodelgenerator/extension/request/GetAllAgentsRequest
instanceKlass io/ballerina/flowmodelgenerator/extension/request/GetAiModuleOrgRequest
instanceKlass io/ballerina/flowmodelgenerator/extension/request/GetAllModelsRequest
instanceKlass io/ballerina/flowmodelgenerator/extension/request/McpToolsRequest
instanceKlass io/ballerina/flowmodelgenerator/extension/request/GetAllMemoryManagersRequest
instanceKlass io/ballerina/flowmodelgenerator/extension/request/GetConnectorActionsRequest
instanceKlass io/ballerina/flowmodelgenerator/extension/request/CreateFilesRequest
instanceKlass io/ballerina/flowmodelgenerator/extension/request/OpenAPIClientGenerationRequest
instanceKlass io/ballerina/flowmodelgenerator/extension/request/OpenAPIGeneratedModulesRequest
instanceKlass io/ballerina/flowmodelgenerator/extension/request/OpenAPIClientDeleteRequest
instanceKlass io/ballerina/flowmodelgenerator/extension/TypesManagerService$CacheKey
instanceKlass io/ballerina/flowmodelgenerator/extension/request/UpdatedRecordConfigRequest
instanceKlass io/ballerina/flowmodelgenerator/extension/request/FindTypeRequest$TypePackageInfo
instanceKlass io/ballerina/flowmodelgenerator/extension/request/RecordConfigRequest
instanceKlass io/ballerina/flowmodelgenerator/extension/request/RecordValueGenerateRequest
instanceKlass io/ballerina/flowmodelgenerator/extension/request/FindTypeRequest
instanceKlass io/ballerina/flowmodelgenerator/extension/request/MultipleTypeUpdateRequest
instanceKlass io/ballerina/flowmodelgenerator/extension/request/JsonToTypeRequest
instanceKlass io/ballerina/flowmodelgenerator/extension/request/DeleteTypeRequest
instanceKlass io/ballerina/flowmodelgenerator/extension/request/VerifyTypeDeleteRequest
instanceKlass io/ballerina/flowmodelgenerator/extension/request/TypeUpdateRequest
instanceKlass io/ballerina/flowmodelgenerator/extension/request/GetTypeRequest
instanceKlass io/ballerina/flowmodelgenerator/extension/request/DataMappingDeleteRequest
instanceKlass io/ballerina/flowmodelgenerator/extension/request/DataMapperTransformFunctionRequest
instanceKlass io/ballerina/flowmodelgenerator/extension/request/DataMapperSubMappingRequest
instanceKlass io/ballerina/flowmodelgenerator/extension/request/DataMapperNodePositionRequest
instanceKlass io/ballerina/flowmodelgenerator/extension/request/DataMapperAddElementRequest
instanceKlass io/ballerina/flowmodelgenerator/extension/request/DataMapperQueryConvertRequest
instanceKlass io/ballerina/flowmodelgenerator/extension/request/DataMapperDeleteClauseRequest
instanceKlass io/ballerina/flowmodelgenerator/extension/request/DataMapperAddClausesRequest
instanceKlass io/ballerina/flowmodelgenerator/extension/request/DataMapperVisualizeRequest
instanceKlass io/ballerina/flowmodelgenerator/extension/request/DataMapperDeleteSubMappingRequest
instanceKlass io/ballerina/flowmodelgenerator/extension/request/DataMapperCustomFunctionRequest
instanceKlass io/ballerina/flowmodelgenerator/extension/request/DataMapperSubMappingSourceRequest
instanceKlass io/ballerina/flowmodelgenerator/extension/request/DataMapperFieldPositionRequest
instanceKlass io/ballerina/flowmodelgenerator/extension/request/DataMapperSourceRequest
instanceKlass io/ballerina/flowmodelgenerator/extension/request/DataMapperModelRequest
instanceKlass io/ballerina/flowmodelgenerator/extension/request/DataMapperTypesRequest
instanceKlass io/ballerina/flowmodelgenerator/core/model/Property
instanceKlass io/ballerina/flowmodelgenerator/extension/request/ConfigVariableNodeTemplateRequest
instanceKlass io/ballerina/flowmodelgenerator/extension/request/ConfigVariableDeleteRequest
instanceKlass io/ballerina/flowmodelgenerator/extension/request/ConfigVariableUpdateRequest
instanceKlass io/ballerina/flowmodelgenerator/extension/request/ConfigVariableGetRequest
instanceKlass io/ballerina/flowmodelgenerator/core/model/FlowNode
instanceKlass io/ballerina/flowmodelgenerator/extension/request/ConfigVariablesUpdateRequest
instanceKlass io/ballerina/flowmodelgenerator/extension/request/ConfigVariablesGetRequest
instanceKlass io/ballerina/flowmodelgenerator/core/expressioneditor/services/DiagnosticsRequest$Diagnostics
instanceKlass io/ballerina/flowmodelgenerator/extension/request/ImportModuleRequest
instanceKlass io/ballerina/flowmodelgenerator/extension/request/VisibleVariableTypeRequest
instanceKlass io/ballerina/flowmodelgenerator/extension/request/FunctionCallTemplateRequest
instanceKlass io/ballerina/flowmodelgenerator/extension/request/ExpressionEditorDiagnosticsRequest
instanceKlass io/ballerina/flowmodelgenerator/extension/request/ExpressionEditorCompletionRequest
instanceKlass io/ballerina/flowmodelgenerator/extension/request/ExpressionEditorSignatureRequest
instanceKlass io/ballerina/flowmodelgenerator/extension/request/ExpressionEditorTypesRequest
instanceKlass io/ballerina/flowmodelgenerator/extension/request/FlowModelGeneratorRequest
instanceKlass io/ballerina/flowmodelgenerator/extension/request/ComponentDeleteRequest
instanceKlass io/ballerina/flowmodelgenerator/extension/request/FilePathRequest
instanceKlass io/ballerina/flowmodelgenerator/extension/request/FlowModelNodeTemplateRequest
instanceKlass io/ballerina/flowmodelgenerator/extension/request/ServiceFieldNodesRequest
instanceKlass io/ballerina/flowmodelgenerator/extension/request/FlowNodeDeleteRequest
instanceKlass io/ballerina/flowmodelgenerator/extension/request/FlowModelSourceGeneratorRequest
instanceKlass io/ballerina/flowmodelgenerator/extension/request/EnclosedFuncDefRequest
instanceKlass io/ballerina/flowmodelgenerator/extension/request/FunctionDefinitionRequest
instanceKlass io/ballerina/flowmodelgenerator/extension/request/CopilotContextRequest
instanceKlass io/ballerina/flowmodelgenerator/extension/request/OpenAPIServiceGenerationRequest
instanceKlass io/ballerina/flowmodelgenerator/extension/request/FlowModelSuggestedGenerationRequest
instanceKlass io/ballerina/flowmodelgenerator/extension/request/SearchRequest
instanceKlass io/ballerina/flowmodelgenerator/extension/request/SuggestedComponentRequest
instanceKlass io/ballerina/flowmodelgenerator/extension/request/FlowModelAvailableNodesRequest
instanceKlass io/ballerina/projectservice/extension/response/MigrationToolListResponse
instanceKlass io/ballerina/projectservice/extension/response/ImportMuleResponse
instanceKlass io/ballerina/projectservice/extension/response/ImportTibcoResponse
instanceKlass io/ballerina/projectservice/extension/request/ImportTibcoRequest
instanceKlass io/ballerina/projectservice/extension/request/ImportMuleRequest
instanceKlass io/ballerina/designmodelgenerator/extension/request/GetDesignModelRequest
instanceKlass io/ballerina/designmodelgenerator/extension/request/ArtifactsRequest
instanceKlass org/ballerinalang/langserver/extensions/ballerina/runner/BallerinaRunnerService$MainFunctionParamsResponse
instanceKlass java/lang/reflect/Executable$ParameterData
instanceKlass io/ballerina/servicemodelgenerator/extension/model/TriggerProperty
instanceKlass io/ballerina/projectservice/core/MigrationToolParameter
instanceKlass io/ballerina/projectservice/core/MigrationTool
instanceKlass java/lang/reflect/Proxy$ProxyBuilder$ProxyClassContext
instanceKlass io/ballerina/trigger/BallerinaTriggerService$InBuiltTrigger
instanceKlass java/security/SecureClassLoader$CodeSourceKey
instanceKlass jdk/internal/reflect/ReflectionFactory$Config
instanceKlass jdk/internal/foreign/abi/UpcallLinker$CallRegs
instanceKlass jdk/internal/foreign/abi/VMStorage
ciInstanceKlass java/lang/Record 1 1 22 10 7 12 1 1 1 100 1 1 1 1 1 1 1 1 1 1 1 1 1 1
instanceKlass java/lang/IncompatibleClassChangeError
instanceKlass java/lang/BootstrapMethodError
instanceKlass java/lang/NoClassDefFoundError
ciInstanceKlass java/lang/LinkageError 1 1 31 10 7 12 1 1 1 10 12 1 10 12 1 100 1 1 1 1 5 0 1 1 1 1 1 1 1 1 1 1 1
ciInstanceKlass java/lang/NoClassDefFoundError 0 0 26 10 100 12 1 1 1 10 12 1 100 1 1 1 1 5 0 1 1 1 1 1 1 1 1 1
ciInstanceKlass java/lang/ClassCastException 1 1 26 10 100 12 1 1 1 10 12 1 100 1 1 1 1 5 0 1 1 1 1 1 1 1 1 1
ciInstanceKlass java/lang/ArrayStoreException 1 1 26 10 100 12 1 1 1 10 12 1 100 1 1 1 1 5 0 1 1 1 1 1 1 1 1 1
instanceKlass java/lang/StackOverflowError
instanceKlass java/lang/OutOfMemoryError
instanceKlass java/lang/InternalError
ciInstanceKlass java/lang/VirtualMachineError 1 1 34 10 100 12 1 1 1 10 12 1 10 12 1 10 12 1 100 1 1 1 1 5 0 1 1 1 1 1 1 1 1 1 1 1
ciInstanceKlass java/lang/InternalError 0 0 34 10 100 12 1 1 1 10 12 1 10 12 1 10 12 1 100 1 1 1 1 5 0 1 1 1 1 1 1 1 1 1 1 1
ciInstanceKlass java/lang/OutOfMemoryError 1 1 26 10 100 12 1 1 1 10 12 1 100 1 1 1 1 5 0 1 1 1 1 1 1 1 1 1
ciInstanceKlass java/lang/StackOverflowError 1 1 26 10 100 12 1 1 1 10 12 1 100 1 1 1 1 5 0 1 1 1 1 1 1 1 1 1
ciInstanceKlass java/lang/IllegalMonitorStateException 1 1 26 10 100 12 1 1 1 10 12 1 100 1 1 1 1 5 0 1 1 1 1 1 1 1 1 1
instanceKlass java/lang/ref/PhantomReference
instanceKlass java/lang/ref/FinalReference
instanceKlass java/lang/ref/WeakReference
instanceKlass java/lang/ref/SoftReference
ciInstanceKlass java/lang/ref/Reference 1 1 190 9 7 12 1 1 1 9 7 12 1 1 10 12 1 1 10 12 1 1 9 12 1 1 10 12 1 1 9 12 1 1 9 12 1 1 7 1 10 12 1 10 7 12 1 1 10 12 1 10 12 1 1 10 12 1 7 1 8 1 10 12 1 1 7 1 10 12 1 1 10 12 1 1 10 12 1 9 12 1 10 12 1 1 10 12 1 10 12 1 9 12 1 100 1 100 1 10 12 9 12 1 9 12 1 100 1 10 10 12 1 10 10 7 12 1 1 7 1 10 10 7 12 1 1 1 1 1 1 1 1 1 1 1 1 1 1 1 1 1 1 1 100 1 1 1 100 1 1 1 1 1 1 1 1 1 1 1 1 1 1 1 1 1 1 1 1 1 1 1 1 1 1 1 1 1 1 1 1 1 1 1 100 1 100 1 100 1 1 1
staticfield java/lang/ref/Reference processPendingLock Ljava/lang/Object; java/lang/Object
staticfield java/lang/ref/Reference $assertionsDisabled Z 1
instanceKlass java/util/ResourceBundle$BundleReference
instanceKlass sun/util/locale/provider/LocaleResources$ResourceReference
instanceKlass sun/util/resources/Bundles$BundleReference
instanceKlass sun/util/locale/LocaleObjectCache$CacheEntry
instanceKlass java/lang/invoke/LambdaFormEditor$Transform
ciInstanceKlass java/lang/ref/SoftReference 1 1 47 10 7 12 1 1 1 9 7 12 1 1 1 9 12 1 10 12 1 10 12 1 1 1 1 1 1 1 1 1 1 1 1 1 1 1 1 1 1 1 1 100 1 1 1 1 1
instanceKlass java/util/ResourceBundle$KeyElementReference
instanceKlass java/lang/WeakPairMap$WeakRefPeer
instanceKlass java/lang/ClassValue$Entry
instanceKlass java/util/logging/LogManager$LoggerWeakRef
instanceKlass jdk/internal/util/WeakReferenceKey
instanceKlass java/util/logging/Level$KnownLevel
instanceKlass java/lang/ThreadLocal$ThreadLocalMap$Entry
instanceKlass java/util/WeakHashMap$Entry
ciInstanceKlass java/lang/ref/WeakReference 1 1 31 10 7 12 1 1 1 10 12 1 100 1 1 1 1 1 1 1 1 1 1 1 1 1 1 1 1 1 1 1 1
instanceKlass java/lang/ref/Finalizer
ciInstanceKlass java/lang/ref/FinalReference 1 1 50 10 100 12 1 1 1 10 100 12 1 1 1 10 12 1 1 100 1 8 1 10 12 1 1 1 1 1 1 1 1 1 1 1 1 1 1 1 1 1 1 1 1 1 1 1 1 1 100 1
instanceKlass jdk/internal/ref/PhantomCleanable
instanceKlass jdk/internal/ref/Cleaner
ciInstanceKlass java/lang/ref/PhantomReference 1 1 39 10 100 12 1 1 1 10 7 12 1 1 1 1 1 1 1 1 1 1 1 1 1 1 1 1 1 1 1 1 1 1 1 1 1 1 1 1 1
ciInstanceKlass java/lang/ref/Finalizer 1 1 155 9 7 12 1 1 1 10 100 12 1 1 1 9 12 1 1 9 12 1 1 9 12 1 9 12 1 9 12 1 1 10 12 1 100 1 8 1 10 12 1 10 12 1 1 9 12 1 100 1 10 12 1 100 1 11 100 12 1 1 10 12 1 100 1 10 12 1 100 1 10 12 1 10 100 12 1 1 1 10 100 12 1 1 1 100 1 10 10 12 1 7 1 10 12 1 7 1 10 12 1 1 10 12 1 1 10 12 1 10 7 12 1 1 1 7 1 10 7 1 10 10 12 1 1 1 1 1 1 1 1 1 1 1 1 1 1 1 1 1 1 1 1 1 1 1 1 1 1 1 1 1 1 1 1
staticfield java/lang/ref/Finalizer lock Ljava/lang/Object; java/lang/Object
staticfield java/lang/ref/Finalizer ENABLED Z 1
staticfield java/lang/ref/Finalizer $assertionsDisabled Z 1
ciInstanceKlass java/lang/Runnable 1 0 11 100 1 100 1 1 1 1 1 1 1
instanceKlass java/util/logging/LogManager$Cleaner
instanceKlass jdk/internal/misc/InnocuousThread
instanceKlass java/util/concurrent/ForkJoinWorkerThread
instanceKlass java/lang/ref/Finalizer$FinalizerThread
instanceKlass java/lang/ref/Reference$ReferenceHandler
instanceKlass java/lang/BaseVirtualThread
ciInstanceKlass java/lang/Thread 1 1 870 10 7 12 1 1 1 9 12 1 1 10 7 12 1 1 10 12 1 10 100 12 1 1 100 1 8 1 10 12 1 1 9 12 1 9 12 1 1 9 12 1 1 100 1 10 12 1 1 10 12 1 10 100 12 1 1 1 10 12 9 12 1 1 10 12 1 100 1 10 12 1 100 1 8 1 10 9 100 12 1 1 1 10 12 1 1 10 12 1 1 10 12 1 1 10 12 1 10 12 1 1 3 8 1 100 1 5 0 10 7 12 1 1 1 9 12 1 10 12 1 1 10 7 12 1 1 1 10 7 12 1 1 1 10 12 1 1 10 12 1 1 9 12 1 1 10 100 1 8 1 10 7 1 10 12 1 9 12 1 1 10 100 12 1 1 1 10 10 12 1 1 9 100 12 1 1 1 10 12 1 1 10 12 1 1 10 7 12 1 1 10 12 1 10 12 1 10 7 12 1 1 9 12 1 10 7 12 1 1 1 10 12 1 1 9 12 1 1 9 12 1 1 10 7 12 1 1 1 9 12 1 1 10 100 12 1 1 10 100 12 1 1 1 10 12 1 10 12 1 10 7 12 1 1 9 12 1 8 1 9 7 12 1 1 9 12 1 1 5 0 100 1 10 7 1 10 100 1 10 7 1 10 8 1 10 12 1 1 10 7 12 1 10 12 1 10 12 1 100 1 8 1 10 10 12 1 10 12 1 1 10 100 12 1 1 1 10 100 12 1 1 1 10 12 1 7 1 9 12 1 1 100 1 10 10 12 1 9 12 1 1 10 12 1 1 10 12 1 1 10 12 1 10 12 1 9 12 1 1 10 10 12 1 1 10 12 1 1 11 7 12 1 1 10 100 12 1 1 9 12 1 9 12 1 1 9 12 1 1 10 100 12 1 1 10 12 1 1 9 100 12 1 1 1 10 100 12 1 1 10 12 1 10 12 1 100 1 10 10 12 9 12 1 1 10 12 1 11 100 12 1 1 10 12 1 10 12 1 10 12 1 9 12 1 10 10 12 1 10 12 1 1 9 12 1 9 12 10 12 1 8 1 10 12 1 10 12 1 10 12 1 10 12 1 10 12 1 1 10 12 1 10 12 1 1 10 12 1 10 12 1 10 12 1 10 12 1 10 12 1 1 9 7 12 1 1 1 8 1 10 9 12 1 10 12 1 100 1 8 1 10 10 12 1 8 1 10 12 1 1 9 12 10 12 8 1 10 10 12 1 10 12 1 8 1 10 12 1 10 8 1 10 100 12 1 1 10 12 1 1 100 1 8 1 10 9 12 1 9 12 1 1 10 12 1 1 10 10 12 1 10 12 1 100 10 7 12 1 1 1 9 12 1 10 12 1 1 10 12 1 1 10 100 12 1 1 1 11 100 12 1 1 1 9 100 12 1 1 1 10 100 12 1 1 1 100 1 10 12 1 100 1 10 12 1 10 12 1 1 10 12 1 1 8 1 9 12 1 10 12 1 10 12 1 1 11 100 12 1 1 1 10 12 1 1 1 1 3 1 3 1 3 1 3 1 1 1 1 1 1 1 1 1 1 1 1 1 1 1 1 1 1 1 1 1 100 1 1 1 1 1 1 1 1 1 1 1 1 1 1 1 1 1 1 1 1 1 1 100 1 1 1 1 1 1 1 1 1 1 1 1 1 1 1 1 100 1 100 1 1 1 1 1 1 1 1 1 1 1 1 1 1 1 1 1 1 1 1 1 1 1 1 1 1 1 1 1 1 1 1 1 1 1 1 1 1 1 1 1 1 1 1 1 1 1 1 1 1 1 1 1 1 1 1 1 1 1 1 1 1 1 1 1 1 1 1 1 1 1 1 1 1 1 1 100 100 1 1 1 1 1 1 1 1 1 1 1 1 1 1 1 1 1 1 1 1 1 1 1 1 1 1 100 1 100 1 100 1 100 1 100 1 1 100 1 1 1 1 1 1 1 1 1 1 1 1 1 1 1
staticfield java/lang/Thread NEW_THREAD_BINDINGS Ljava/lang/Object; java/lang/Class
staticfield java/lang/Thread EMPTY_STACK_TRACE [Ljava/lang/StackTraceElement; 0 [Ljava/lang/StackTraceElement;
ciInstanceKlass java/lang/Thread$FieldHolder 1 1 48 10 7 12 1 1 1 9 7 12 1 1 1 9 12 1 1 9 12 1 1 9 12 1 1 9 12 1 1 1 1 1 1 1 1 1 1 100 1 100 1 1 1 1 100 1 1 1
ciInstanceKlass java/lang/Thread$Constants 1 1 59 100 1 10 100 12 1 1 1 7 1 10 10 7 12 1 1 1 7 1 8 1 10 12 1 9 7 12 1 1 1 7 1 7 1 10 12 1 10 12 1 9 12 1 1 1 1 1 1 1 1 1 1 1 1 1 1 1 1
staticfield java/lang/Thread$Constants VTHREAD_GROUP Ljava/lang/ThreadGroup; java/lang/ThreadGroup
staticfield java/lang/Thread$Constants NO_PERMISSIONS_ACC Ljava/security/AccessControlContext; java/security/AccessControlContext
ciInstanceKlass java/lang/Thread$UncaughtExceptionHandler 1 0 16 100 1 100 1 1 1 1 1 1 1 1 100 1 1 1
ciInstanceKlass java/lang/ThreadGroup 1 1 411 10 7 12 1 1 1 9 7 12 1 1 1 8 1 9 12 1 1 100 1 9 12 1 1 9 12 1 1 10 7 12 1 1 1 10 12 1 1 10 12 1 10 12 1 10 12 1 10 12 1 1 10 12 1 1 10 12 1 10 12 1 1 10 12 1 10 12 1 10 100 12 1 1 1 10 12 1 1 18 12 1 1 11 100 12 1 1 1 10 7 12 1 1 1 10 100 12 1 10 12 1 1 10 12 1 1 10 12 1 1 10 100 12 1 1 1 10 12 1 11 12 1 1 11 100 12 1 1 11 12 1 1 10 12 1 1 10 12 1 10 12 1 11 12 1 11 12 1 1 100 1 10 10 12 1 100 1 10 18 12 1 1 11 100 12 1 1 1 11 12 1 1 9 12 1 1 10 12 1 1 8 1 10 100 12 1 1 1 10 100 12 1 1 1 10 12 1 1 11 12 10 12 1 1 10 12 1 1 11 100 1 9 12 1 100 1 10 8 1 10 12 1 1 10 12 1 1 8 1 10 12 1 10 100 12 1 1 1 10 12 1 1 10 7 1 8 1 10 8 1 10 12 1 10 12 1 8 1 9 12 1 1 9 12 1 10 100 12 1 1 1 100 9 12 1 1 7 1 9 12 1 10 12 10 12 1 1 100 10 12 9 12 1 10 12 1 100 1 10 11 12 1 1 100 1 10 10 12 1 10 12 1 1 1 1 1 1 1 1 1 1 1 1 1 1 1 1 1 1 3 1 1 1 1 1 1 1 1 1 1 1 1 100 1 1 1 1 1 1 1 1 1 1 1 1 1 1 1 1 1 1 1 1 1 1 1 1 1 1 1 1 1 1 1 1 1 1 1 1 1 1 1 1 1 1 1 16 15 10 12 16 16 15 10 12 16 15 10 100 12 1 1 1 1 1 100 1 100 1 1
staticfield java/lang/ThreadGroup $assertionsDisabled Z 1
instanceKlass java/lang/ThreadBuilders$BoundVirtualThread
instanceKlass java/lang/VirtualThread
ciInstanceKlass java/lang/BaseVirtualThread 1 1 36 10 7 12 1 1 1 100 1 1 1 1 1 1 1 1 1 1 1 1 1 1 1 1 1 1 1 1 100 1 100 1 1 100 1 1
ciInstanceKlass java/lang/VirtualThread 1 1 907 9 7 12 1 1 1 10 7 12 1 1 1 10 7 12 1 1 1 10 7 12 1 1 1 9 12 1 1 9 12 1 1 7 1 10 12 1 9 12 1 1 18 12 1 1 9 12 1 1 10 12 1 1 100 1 10 12 1 10 12 1 1 10 12 1 1 10 12 1 1 10 12 1 10 100 12 1 10 12 1 10 12 1 10 12 1 10 12 1 11 100 12 1 1 1 100 1 10 12 1 1 10 100 12 1 1 1 10 7 12 1 1 1 10 12 1 100 1 10 10 12 1 10 12 1 1 9 12 1 1 10 12 1 1 9 12 1 1 10 12 1 9 12 1 1 9 12 1 100 1 10 10 12 1 10 100 12 1 1 10 9 10 10 12 1 1 10 12 1 1 10 100 12 1 1 10 100 1 10 9 10 10 12 1 100 1 10 12 1 1 10 12 1 10 12 1 10 12 1 1 9 12 1 10 12 1 10 12 1 9 12 1 1 10 12 1 10 12 1 9 12 1 1 10 12 1 10 12 1 10 12 1 11 100 12 1 1 10 12 1 1 10 12 1 1 10 12 1 1 9 12 1 10 100 1 10 12 1 1 10 12 1 1 10 12 1 10 12 1 10 12 1 10 12 9 12 1 1 10 100 12 1 1 10 12 1 10 12 1 1 10 100 12 1 1 10 12 1 100 1 8 1 10 12 1 10 12 1 1 10 12 1 10 12 1 10 100 12 1 1 10 12 1 10 12 1 1 10 12 1 10 12 1 1 10 7 12 1 1 10 12 1 1 10 12 1 1 100 1 10 10 12 1 100 1 9 12 1 1 10 7 12 1 1 10 9 12 1 1 18 9 7 12 1 1 1 11 100 12 1 1 1 11 100 1 11 12 10 12 1 10 12 1 1 10 12 1 100 1 10 10 12 1 10 12 1 1 10 12 1 1 10 12 1 10 12 1 10 12 1 9 12 1 1 11 100 12 1 1 10 12 9 100 12 1 1 1 9 12 1 10 12 1 1 9 12 1 9 12 1 9 12 1 100 1 10 10 12 1 1 10 12 1 10 12 100 1 100 1 10 8 1 10 12 1 1 10 12 1 10 12 1 10 10 12 1 8 1 10 10 12 1 10 12 1 10 100 12 1 1 8 1 8 1 10 9 100 12 1 1 1 10 12 1 1 10 12 1 10 10 10 12 9 12 1 10 12 1 1 9 12 1 10 12 1 1 9 12 1 10 12 1 1 18 12 1 1 18 12 1 10 7 12 1 1 1 8 1 10 7 12 1 1 1 10 7 12 1 1 1 18 12 1 10 7 12 1 1 1 7 1 10 12 1 8 1 10 12 1 8 1 10 12 1 1 8 1 8 1 10 100 12 1 1 8 1 10 12 1 8 1 8 1 10 7 12 1 1 1 10 12 1 10 12 1 1 10 12 1 18 12 1 1 18 12 1 1 5 0 9 12 1 10 12 1 18 12 1 100 1 10 12 10 7 12 1 1 10 12 1 1 7 1 8 1 10 10 12 1 10 12 1 1 10 12 1 9 12 1 8 10 12 1 1 8 8 9 12 1 8 10 12 1 1 3 1 3 1 3 1 3 1 3 1 3 1 3 1 3 1 3 1 3 1 3 1 3 3 1 3 1 1 1 1 1 1 1 1 1 1 1 1 1 1 100 1 1 1 1 1 1 1 1 1 1 1 1 1 1 100 1 1 1 1 1 1 1 1 1 1 1 100 1 1 1 1 1 1 1 1 1 1 1 1 1 1 1 1 1 1 1 1 1 1 1 1 1 1 1 1 1 1 1 1 1 1 1 1 1 1 1 100 1 1 1 1 1 1 1 1 1 1 1 1 1 1 1 1 1 1 1 1 1 1 1 1 1 1 1 1 1 1 1 1 1 1 1 100 1 1 1 1 1 1 1 1 1 1 1 1 1 1 100 1 1 16 15 10 12 15 16 15 10 12 16 15 10 12 16 16 15 10 12 16 15 10 12 16 15 10 12 16 15 10 12 16 1 15 10 7 12 1 1 1 1 1 1 1 100 1 1 100 1 100 1 1
staticfield java/lang/VirtualThread U Ljdk/internal/misc/Unsafe; jdk/internal/misc/Unsafe
staticfield java/lang/VirtualThread VTHREAD_SCOPE Ljdk/internal/vm/ContinuationScope; jdk/internal/vm/ContinuationScope
staticfield java/lang/VirtualThread DEFAULT_SCHEDULER Ljava/util/concurrent/ForkJoinPool; java/util/concurrent/ForkJoinPool
staticfield java/lang/VirtualThread UNPARKER Ljava/util/concurrent/ScheduledExecutorService; java/util/concurrent/ScheduledThreadPoolExecutor
staticfield java/lang/VirtualThread TRACE_PINNING_MODE I 0
staticfield java/lang/VirtualThread STATE J 116
staticfield java/lang/VirtualThread PARK_PERMIT J 120
staticfield java/lang/VirtualThread CARRIER_THREAD J 136
staticfield java/lang/VirtualThread TERMINATION J 140
staticfield java/lang/VirtualThread $assertionsDisabled Z 1
ciInstanceKlass java/lang/ThreadBuilders$BoundVirtualThread 0 0 132 10 100 12 1 1 1 9 100 12 1 1 1 10 100 12 1 1 1 9 12 1 1 10 12 1 1 10 12 1 1 9 12 1 1 10 100 12 1 1 1 10 12 1 1 100 1 8 1 10 12 1 10 12 1 1 10 12 1 1 10 12 1 1 10 100 12 1 1 1 8 1 10 12 1 8 1 10 12 1 1 10 100 12 1 1 9 100 12 1 1 1 10 12 1 1 10 10 12 1 1 1 1 1 1 1 1 1 1 1 1 1 1 1 1 1 1 1 1 1 1 1 1 1 1 1 1 100 1 1 1 1
ciInstanceKlass java/util/Map 1 1 263 11 7 12 1 1 1 11 12 1 1 10 100 12 1 1 11 12 1 1 11 7 12 1 1 1 11 100 12 1 1 1 11 12 1 1 7 1 11 12 1 11 12 1 100 1 100 1 10 12 1 1 11 100 12 1 1 1 11 100 12 1 1 1 11 12 1 11 12 1 10 12 1 1 11 12 1 11 100 12 1 9 7 12 1 1 1 100 1 10 12 7 1 7 1 10 12 1 7 1 10 7 1 11 12 1 11 12 1 1 11 12 1 1 7 1 11 12 1 1 1 1 1 1 1 1 1 1 1 1 1 1 1 1 1 1 1 1 1 1 1 1 1 1 1 1 1 1 1 1 1 1 1 1 1 1 1 1 1 1 1 1 1 1 1 1 1 1 1 1 1 1 1 1 1 1 1 1 1 1 1 1 1 1 1 1 1 1 1 1 1 1 1 1 1 1 1 1 1 1 1 1 1 1 1 1 1 1 1 1 1 1 1 1 1 1 1 1 1 1 1 1 1 1 1 1 1 1 1 1 1 1 1 1 1 1 1 1 1 1 1 1 1 1 100 1 1 1 1 1 1 1 1 1 1 1 1 1 1 1 1 1 1
instanceKlass java/util/Hashtable
ciInstanceKlass java/util/Dictionary 1 1 36 10 7 12 1 1 1 100 1 1 1 1 1 1 1 1 1 1 1 1 1 1 1 1 1 1 1 1 1 1 1 1 1 1 1 1
instanceKlass java/util/Properties
ciInstanceKlass java/util/Hashtable 1 1 516 100 1 10 7 12 1 1 1 9 7 12 1 1 1 100 1 100 1 10 8 1 10 12 1 1 10 12 1 10 12 1 1 10 12 1 10 7 12 1 1 1 8 1 10 12 1 9 12 1 1 7 1 9 12 1 1 4 10 7 12 1 1 1 9 12 1 4 10 12 1 11 100 12 1 1 1 10 12 1 1 10 12 1 1 9 12 1 10 12 1 1 100 1 10 9 12 1 1 10 7 12 1 1 1 9 12 1 1 10 12 1 10 12 1 3 9 12 1 9 12 1 3 10 12 1 10 12 1 10 12 1 1 11 12 1 1 11 100 12 1 1 1 11 100 12 1 1 1 11 12 1 100 1 11 12 1 11 12 1 10 12 1 1 10 12 1 1 10 12 1 9 12 1 1 9 12 9 12 1 1 10 100 1 100 1 10 12 1 10 8 1 10 10 12 1 8 1 10 8 1 10 100 12 1 1 1 7 1 10 12 1 10 12 1 100 1 10 12 1 10 12 1 1 100 1 10 100 1 10 10 12 1 1 11 12 1 1 11 12 1 100 1 10 10 10 100 12 1 1 11 100 12 1 1 1 100 1 10 11 100 12 1 1 11 100 12 1 10 12 1 10 12 1 1 10 100 12 1 1 10 12 1 1 10 12 1 1 10 12 1 1 10 100 12 1 1 1 8 10 100 12 1 1 100 1 8 1 10 4 4 10 12 1 1 10 12 1 8 1 4 10 12 10 100 12 1 1 1 100 1 11 100 12 1 1 1 10 100 12 1 1 1 10 12 1 10 12 1 1 10 100 1 100 1 1 1 1 1 1 5 0 1 1 1 1 1 3 1 3 1 3 1 1 1 1 1 1 1 1 1 1 1 1 1 1 1 1 1 1 1 1 1 1 1 1 1 100 1 1 1 1 1 1 1 1 1 1 1 1 1 1 1 1 1 1 1 1 1 1 1 1 1 1 1 1 1 100 1 1 1 1 1 1 1 1 1 1 1 1 1 1 100 1 1 1 1 1 1 1 1 1 1 1 1 1 1 1 1 1 1 1 1 1 1 1 1 1 1 1 1 1 1 1 1 1 1 1 1 1 1 1 1 1 1 1 1 100 1 1 1 100 1 1 1 1 1 100 1 1 1 1 1 1 1 1 1 1 1 1 1 1 1 1 1 1
instanceKlass java/security/Provider
ciInstanceKlass java/util/Properties 1 1 690 10 7 12 1 1 1 100 1 10 7 12 1 1 7 1 10 12 1 9 12 1 1 9 12 1 1 9 12 1 1 10 7 12 1 1 1 10 12 1 1 8 1 10 7 12 1 1 1 7 1 10 12 1 10 12 1 1 8 1 10 12 1 7 1 10 12 10 12 1 1 9 12 1 1 10 12 1 1 7 1 10 12 1 10 12 1 10 12 1 1 100 1 8 1 10 12 1 10 12 1 10 12 1 1 10 12 1 100 1 3 10 10 100 12 1 1 1 10 12 1 10 12 1 1 8 1 10 12 1 10 12 1 1 8 1 10 100 12 1 1 10 12 1 1 10 12 1 10 12 1 1 100 1 10 12 1 10 12 1 1 100 1 9 100 12 1 1 1 10 12 1 10 12 1 1 10 12 1 1 10 12 1 1 100 1 9 12 1 1 7 1 100 1 10 12 1 100 1 11 7 12 1 1 1 11 12 1 1 11 100 12 1 1 1 11 7 12 1 1 1 11 12 1 1 11 12 1 11 12 1 10 12 1 1 8 1 10 12 1 10 100 12 1 1 10 12 1 100 1 10 10 12 1 10 12 1 100 1 10 10 12 1 1 10 100 12 1 1 9 100 12 1 1 10 12 1 1 10 100 12 1 1 1 100 1 100 1 100 1 10 8 1 8 1 10 12 1 10 12 1 10 12 1 1 10 10 12 1 1 10 12 1 1 7 1 10 10 12 1 11 7 12 1 1 10 7 12 1 1 1 8 1 10 100 12 1 1 11 11 7 1 8 1 10 100 1 11 10 12 1 10 10 12 1 10 12 1 1 10 12 1 1 10 12 1 1 10 12 1 10 12 1 10 10 12 1 10 12 1 10 12 1 10 10 12 1 1 10 12 1 1 10 10 12 1 10 12 1 10 12 1 10 12 1 10 12 1 1 10 12 1 1 10 12 1 10 12 1 10 12 1 1 10 12 10 12 1 1 10 12 1 1 10 12 1 10 12 1 1 10 12 1 1 10 12 10 11 12 1 4 11 10 12 1 1 10 100 12 1 1 11 12 1 10 12 1 1 10 100 12 1 1 10 12 1 100 1 8 1 10 12 1 10 10 100 12 1 1 1 100 1 6 0 10 12 1 1 11 100 12 1 1 1 10 12 1 10 12 1 1 1 1 1 5 0 1 1 1 1 1 1 1 1 1 1 1 1 1 1 1 1 1 1 1 1 1 1 1 1 1 1 1 1 1 1 1 1 1 1 1 1 1 1 1 100 1 1 1 1 1 1 1 1 1 1 1 1 1 1 1 1 1 1 1 1 100 1 1 1 1 1 1 1 1 1 1 1 1 100 1 100 1 1 1 1 1 100 1 1 1 1 1 1 1 1 1 1 1 1 1 1 1 1 1 1 1 1 1 1 1 1 1 1 1 1 1 1 1 1 1 1 1 1 1 1 1 1 1 1 1 1 1 1 1 1 1 1 1 1 1 1 1 1 1 1 1 1 1 1 1 1 1 1 1 1 1 1 1 1 1 1 1 1 1 100 1 1 1 1 1 1 1 1 1 1 1 100 1 1
staticfield java/util/Properties UNSAFE Ljdk/internal/misc/Unsafe; jdk/internal/misc/Unsafe
ciInstanceKlass java/lang/Module 1 1 1070 10 7 12 1 1 1 9 7 12 1 1 1 10 7 12 1 1 1 9 12 1 9 12 1 1 9 12 1 1 10 12 1 1 10 12 1 10 12 1 1 10 7 12 1 1 1 7 1 10 7 12 1 1 1 10 12 1 1 11 7 12 1 1 1 10 12 1 1 10 7 12 1 1 1 10 12 1 1 10 7 12 1 1 1 9 100 12 1 1 1 10 100 12 1 1 1 10 12 1 8 1 10 7 12 1 1 1 10 7 12 1 1 1 10 7 12 1 1 1 10 12 1 10 12 1 9 12 1 1 10 100 12 1 1 100 1 100 1 10 8 1 10 12 1 1 10 12 1 10 12 10 12 1 10 7 12 1 1 8 1 8 1 10 8 1 8 1 9 12 1 1 8 1 10 100 12 1 1 1 10 12 1 9 12 1 1 11 12 1 9 7 12 1 1 10 7 12 1 1 1 10 100 12 1 1 1 10 12 1 1 8 1 10 12 1 1 10 12 1 10 12 1 1 9 7 12 1 1 1 10 12 1 1 10 12 1 1 9 12 1 10 12 1 10 12 1 9 12 1 1 11 7 12 1 1 10 12 1 1 9 12 1 9 12 1 10 12 1 10 12 1 100 1 8 1 10 10 12 1 1 10 12 1 8 1 10 12 1 1 8 1 8 1 10 12 1 1 10 12 1 10 12 1 1 18 12 1 1 10 12 1 1 11 12 1 9 12 1 11 12 10 100 12 1 1 100 1 8 1 10 11 12 1 1 10 7 12 1 1 1 10 12 1 10 12 1 1 11 12 1 1 11 7 12 1 1 11 12 1 1 9 12 1 11 12 1 10 12 1 1 10 12 1 1 9 12 1 10 12 10 7 12 1 1 10 7 1 18 12 1 1 11 100 12 1 1 1 18 12 1 11 12 1 1 10 100 12 1 1 1 11 12 1 1 10 7 12 1 1 7 1 11 12 1 7 1 7 1 10 12 1 10 7 12 1 1 1 10 11 7 12 1 8 1 10 10 12 1 1 10 7 12 1 1 10 12 1 10 12 1 7 1 10 12 1 10 11 12 1 1 10 12 10 12 1 1 9 12 1 1 100 1 10 10 12 1 1 11 7 1 10 12 1 1 11 12 1 10 10 12 1 11 10 12 1 1 10 12 1 1 10 12 1 1 10 7 12 1 1 10 12 1 10 12 1 1 10 10 12 1 1 10 12 1 18 12 1 11 12 1 18 12 1 10 12 1 10 12 1 10 12 7 1 10 12 1 10 12 1 10 12 1 9 12 1 7 1 10 10 10 10 12 1 10 12 1 10 12 1 10 12 1 1 10 12 1 1 10 12 1 9 12 1 18 12 1 1 10 100 12 1 1 1 100 1 8 1 10 12 1 1 10 12 1 1 10 100 12 1 1 100 1 10 12 1 1 100 1 8 1 10 12 1 1 100 1 11 12 1 1 10 100 12 1 1 1 18 12 1 1 11 100 12 1 1 1 100 1 10 12 1 10 12 1 1 100 1 100 1 10 12 8 1 10 12 1 1 10 12 1 1 10 100 12 1 1 10 12 1 1 10 12 1 10 12 10 12 1 1 100 1 10 10 12 1 1 10 100 12 1 1 1 100 1 10 12 1 1 10 100 12 1 1 8 1 18 12 1 1 100 1 100 1 9 12 1 1 9 12 1 9 12 1 11 100 12 1 1 1 100 1 11 12 1 1 100 1 10 12 1 8 1 10 12 1 10 12 10 12 1 8 1 10 10 100 12 1 1 7 1 10 10 12 1 10 7 12 1 1 9 12 1 9 12 1 9 12 1 9 12 1 10 12 11 12 1 10 12 1 100 1 1 1 1 1 1 1 1 1 1 1 1 1 1 1 1 1 1 1 100 1 1 1 1 1 1 1 1 1 1 1 1 1 1 1 1 1 1 1 1 1 1 1 1 1 1 1 1 1 1 1 1 1 1 1 1 1 1 1 1 1 1 1 1 1 1 1 1 1 1 1 1 1 1 1 1 1 1 1 1 1 1 1 1 1 1 1 1 1 1 1 1 1 1 1 1 1 1 1 1 1 1 1 1 1 1 1 1 1 1 1 1 1 1 1 100 100 1 1 1 1 1 1 1 1 1 1 1 1 1 1 1 1 1 1 1 1 1 1 1 1 1 1 1 100 1 100 1 1 1 1 1 1 1 1 1 1 1 1 1 1 1 1 1 1 1 1 100 1 1 1 1 1 1 1 1 1 1 1 1 1 1 1 1 1 1 1 1 1 1 1 16 15 10 12 16 16 15 10 12 16 16 15 10 16 1 15 10 12 16 1 15 10 12 16 1 16 15 10 12 16 16 1 15 10 12 16 15 10 7 12 1 1 1 15 10 100 12 1 1 1 1 1 1 1 1 1 1 1 100 1 100 1 1 100 1 100 1 1
staticfield java/lang/Module ALL_UNNAMED_MODULE Ljava/lang/Module; java/lang/Module
staticfield java/lang/Module ALL_UNNAMED_MODULE_SET Ljava/util/Set; java/util/ImmutableCollections$Set12
staticfield java/lang/Module EVERYONE_MODULE Ljava/lang/Module; java/lang/Module
staticfield java/lang/Module EVERYONE_SET Ljava/util/Set; java/util/ImmutableCollections$Set12
staticfield java/lang/Module $assertionsDisabled Z 1
instanceKlass java/lang/reflect/Executable
instanceKlass java/lang/reflect/Field
ciInstanceKlass java/lang/reflect/AccessibleObject 1 1 400 10 7 12 1 1 1 9 100 12 1 1 1 10 100 12 1 1 1 10 7 12 1 1 10 7 12 1 1 1 10 7 12 1 1 1 10 12 1 1 10 12 1 1 9 12 1 1 7 1 10 7 12 1 1 1 11 12 1 100 1 10 12 1 7 1 100 1 10 12 1 10 12 1 1 10 12 1 1 10 12 1 1 10 12 1 1 7 1 10 100 12 1 1 1 10 12 1 1 11 10 7 12 1 1 1 10 12 1 1 10 12 1 10 12 1 10 12 1 1 10 12 1 8 1 100 1 100 1 10 10 12 1 1 8 1 10 12 1 10 12 1 8 1 8 1 8 1 8 1 8 1 8 1 8 1 8 1 8 1 100 1 10 12 1 10 12 1 9 12 1 1 10 12 1 1 10 12 1 10 100 1 100 1 8 1 10 8 1 10 12 1 8 1 10 12 1 10 12 1 1 10 100 1 8 1 10 11 7 12 1 1 1 10 12 1 1 10 12 1 1 10 12 1 1 9 12 1 1 100 1 10 12 1 7 1 10 12 1 10 12 1 1 10 100 1 10 12 1 10 12 10 12 1 10 12 1 10 12 1 1 10 12 1 9 12 1 10 100 12 1 1 8 1 10 100 12 1 1 1 8 1 10 100 12 1 1 1 9 12 1 100 1 10 7 1 10 10 7 12 1 1 1 7 1 10 10 7 12 1 1 1 7 1 9 12 1 1 1 1 1 1 1 1 1 1 1 1 1 1 1 1 1 1 1 1 1 1 1 1 1 1 1 1 1 1 1 1 1 1 1 1 1 1 1 1 1 1 1 1 1 1 1 1 1 1 1 1 1 1 1 1 1 1 1 1 1 1 1 1 1 1 1 1 1 1 1 1 1 1 1 1 1 1 1 1 1 1 1 1
staticfield java/lang/reflect/AccessibleObject reflectionFactory Ljdk/internal/reflect/ReflectionFactory; jdk/internal/reflect/ReflectionFactory
ciInstanceKlass java/lang/reflect/Member 1 1 37 100 1 10 12 1 1 100 1 100 1 1 1 1 3 1 3 1 1 1 1 1 1 1 1 1 1 1 1 1 1 1 1 1 1 1 1
ciInstanceKlass java/lang/reflect/Field 1 1 457 9 7 12 1 1 1 10 12 1 1 10 7 12 1 1 1 10 7 12 1 1 9 12 1 1 10 12 1 1 10 12 1 1 10 7 12 1 1 10 7 12 1 1 1 9 12 1 1 9 12 1 9 12 1 9 12 1 1 9 12 1 1 9 12 1 9 12 1 1 9 12 1 1 100 1 8 1 10 12 1 10 12 1 9 12 1 1 9 12 1 10 12 1 10 7 12 1 1 10 12 1 1 10 12 1 1 10 12 1 10 12 1 1 9 100 12 1 1 1 10 100 12 1 1 1 7 1 10 12 1 1 10 12 1 1 10 12 1 1 10 12 1 10 12 1 10 7 1 10 100 12 1 1 100 1 10 8 1 10 12 1 1 10 12 1 1 8 1 10 12 10 12 1 8 1 8 1 10 11 100 1 9 12 1 10 12 1 1 10 12 1 1 11 7 12 1 1 1 10 12 1 11 12 1 1 11 12 1 1 11 12 1 1 11 12 1 1 11 12 1 1 11 12 1 1 11 12 1 1 11 12 1 1 11 12 1 1 11 12 1 1 11 12 1 1 11 12 1 1 11 12 1 1 11 12 1 1 11 12 1 1 11 12 1 1 11 12 1 1 10 12 1 10 100 12 1 1 10 12 1 10 12 1 10 12 1 9 12 1 1 10 7 12 1 1 1 10 12 1 1 10 12 1 10 7 12 1 1 10 12 1 1 11 7 1 10 12 1 100 1 10 100 12 1 1 1 10 7 12 1 1 1 9 12 1 10 7 12 1 1 1 11 7 12 1 1 1 10 12 1 1 10 12 1 1 9 100 12 1 1 10 100 12 1 1 1 10 12 1 1 100 1 1 1 1 1 1 1 1 1 1 1 1 1 1 1 1 1 1 1 1 1 1 1 1 1 1 1 1 1 1 1 1 1 1 1 1 1 1 1 100 1 1 1 1 1 1 1 1 1 1 1 1 1 1 1 1 1 1 1 1 1 1 1 1 1 1 1 1 1 1 1 1 100 1 1 1 1 1 1 1 1 1 100 1 1
ciInstanceKlass java/lang/reflect/Parameter 1 1 243 10 7 12 1 1 1 9 7 12 1 1 1 9 12 1 1 9 12 1 1 9 12 1 10 12 1 1 10 12 1 1 10 7 12 1 1 1 100 1 10 10 12 1 1 11 100 12 1 1 1 10 12 1 10 100 12 1 1 1 10 12 1 1 10 12 1 10 12 1 8 1 8 1 10 100 12 1 1 1 10 12 1 10 12 9 100 12 1 1 1 10 100 12 1 1 1 10 12 1 8 1 10 12 1 9 12 1 1 10 12 1 1 9 12 1 1 10 12 1 1 10 12 1 1 10 12 1 1 10 12 1 10 10 12 1 10 100 12 1 1 1 10 12 1 1 11 100 12 1 1 10 100 12 1 1 100 1 10 100 12 1 1 1 10 12 1 1 10 12 1 1 10 12 1 1 10 12 1 1 9 12 1 100 1 10 11 12 1 1 11 12 1 1 100 1 1 1 1 1 1 1 1 1 1 1 1 1 1 1 1 1 1 1 1 1 1 1 1 1 1 1 1 1 1 1 1 1 1 1 1 1 1 1 1 1 100 1 1 1 1 1 1
instanceKlass java/lang/reflect/Constructor
instanceKlass java/lang/reflect/Method
ciInstanceKlass java/lang/reflect/Executable 1 1 577 10 7 12 1 1 1 10 7 12 1 1 1 10 7 12 1 1 1 11 7 12 1 1 1 10 7 12 1 1 1 10 12 1 1 10 7 12 1 1 1 10 7 12 1 1 1 10 12 1 8 1 10 10 12 1 1 10 12 1 1 10 100 12 1 1 1 18 12 1 1 11 100 12 1 1 1 8 1 8 1 8 1 10 100 12 1 1 1 11 12 1 1 100 1 8 1 8 1 10 12 1 100 1 8 1 10 12 1 8 1 11 100 12 1 1 1 100 1 11 100 12 1 1 1 11 12 1 8 1 18 8 1 10 12 1 10 12 1 1 18 8 1 10 12 1 100 1 10 12 1 10 12 1 11 12 1 10 12 1 1 8 1 8 1 10 12 1 1 10 12 1 1 10 10 12 1 9 100 12 1 1 1 10 100 12 1 1 1 10 12 1 10 12 1 1 10 7 12 1 1 10 12 1 10 12 1 10 12 1 10 12 1 1 10 7 12 1 1 10 12 1 10 12 1 1 9 7 12 1 1 1 10 7 12 1 1 10 12 1 8 1 10 12 1 10 12 1 3 100 1 8 1 10 12 1 10 12 1 10 10 12 1 10 12 1 1 8 1 8 1 8 1 9 12 1 1 9 12 1 10 12 1 100 1 8 1 10 12 1 10 12 1 10 12 1 1 10 12 1 1 10 12 1 10 12 10 12 1 100 1 10 12 1 10 12 1 1 100 1 10 100 12 1 1 1 7 1 10 7 12 1 1 1 10 12 1 1 11 7 12 1 1 10 7 12 1 1 10 100 12 1 1 1 10 12 1 1 9 12 1 10 12 1 1 10 12 1 10 12 1 1 9 100 12 1 1 1 10 100 12 1 1 1 10 12 1 10 12 1 1 9 12 1 10 10 10 10 100 12 1 1 1 10 12 1 9 12 1 10 12 1 1 9 12 1 100 1 100 1 1 1 1 1 1 1 1 1 1 1 1 1 1 1 1 1 1 1 1 1 1 1 1 1 1 1 1 1 1 1 1 1 1 1 1 100 1 1 1 1 1 1 1 1 100 1 1 1 1 1 1 1 1 1 1 1 1 100 1 1 1 1 1 1 1 1 1 1 1 1 1 1 1 1 1 1 1 1 1 1 1 1 1 1 1 1 1 1 1 1 1 1 1 1 1 1 1 1 1 1 1 100 1 1 1 1 1 1 1 1 1 1 1 1 1 1 1 1 1 1 1 1 1 1 100 1 100 1 1 16 15 16 1 16 1 15 10 12 16 15 10 100 12 1 1 1 1 1 1 100 1 1 100 1 100 1 1
ciInstanceKlass java/lang/reflect/Method 1 1 472 9 7 12 1 1 1 10 7 12 1 1 1 10 7 12 1 1 9 12 1 1 10 12 1 1 10 12 1 1 10 7 12 1 1 10 7 12 1 1 1 9 12 1 1 9 12 1 9 12 1 1 9 12 1 9 12 1 9 12 1 1 9 12 1 9 12 1 1 9 12 1 9 12 1 9 12 1 1 100 1 8 1 10 12 1 10 12 1 9 12 1 1 8 1 10 7 12 1 1 10 7 12 1 1 1 10 12 1 1 10 12 1 1 10 12 1 10 12 1 1 10 12 1 1 9 100 12 1 1 1 10 12 1 1 10 12 10 7 12 1 1 10 12 1 1 10 12 1 10 12 1 10 12 1 10 7 12 1 1 1 10 12 1 1 10 7 1 10 100 12 1 1 1 10 7 12 1 1 10 12 1 1 10 12 1 1 10 12 1 10 7 12 1 1 1 10 12 1 10 8 1 10 12 1 10 12 1 7 1 8 1 8 1 8 1 10 12 1 10 12 1 1 10 12 1 1 10 10 12 1 1 10 12 1 11 100 1 10 12 1 9 12 1 1 10 12 1 1 10 12 1 10 12 1 1 10 12 1 1 11 7 12 1 1 1 11 12 1 9 12 1 1 10 12 1 10 12 1 10 12 1 10 12 1 10 12 1 10 12 1 9 12 1 1 10 7 12 1 1 1 10 7 12 1 1 10 12 1 1 10 7 12 1 1 1 10 7 12 1 1 1 10 7 12 1 1 1 11 7 12 1 1 1 10 7 12 1 1 1 7 1 100 1 100 1 10 12 1 10 12 1 1 10 12 1 100 1 8 1 10 12 1 10 10 12 1 1 10 12 1 1 10 12 1 1 10 12 1 1 8 1 10 12 1 1 1 1 1 1 1 1 1 1 1 1 1 1 1 1 1 1 1 1 1 1 1 1 1 1 1 1 1 1 1 1 1 1 1 1 1 1 1 1 1 1 1 1 1 1 1 1 1 1 1 1 1 100 1 100 1 100 1 1 1 1 1 1 1 1 1 1 1 1 1 1 1 1 1 1 1 1 1 1 1 1 1 1 1 1 1 1
ciInstanceKlass java/lang/reflect/Constructor 1 1 439 10 100 12 1 1 1 10 100 12 1 1 9 7 12 1 1 1 10 12 1 1 10 12 1 1 10 100 12 1 1 9 12 1 1 10 7 12 1 1 1 9 12 1 1 9 12 1 1 9 12 1 9 12 1 1 9 12 1 9 12 1 1 9 12 1 1 9 12 1 100 1 8 1 10 12 1 10 12 1 9 12 1 1 10 7 12 1 1 10 7 12 1 1 1 10 12 1 1 10 12 1 1 10 12 1 7 1 100 1 8 1 10 10 12 1 10 12 1 10 12 1 1 10 12 1 1 9 100 12 1 1 1 10 7 12 1 1 10 12 1 1 10 12 1 10 12 1 1 10 100 12 1 1 1 10 100 12 1 1 10 12 1 1 10 12 1 10 100 12 1 1 1 8 1 10 10 12 1 100 1 8 1 10 12 1 10 12 1 1 10 12 1 1 10 12 1 10 12 1 10 12 1 1 10 12 1 1 9 12 1 1 10 12 1 1 10 12 1 1 10 12 1 1 11 7 12 1 1 1 10 12 1 1 10 12 1 10 12 1 10 12 1 8 1 9 12 1 1 10 7 12 1 1 1 10 7 12 1 1 10 12 1 1 10 12 1 1 10 12 1 1 10 12 1 1 10 12 1 9 100 12 1 1 10 12 1 10 12 1 10 12 1 100 1 8 1 10 10 12 1 1 10 12 1 10 10 12 1 1 10 12 1 1 10 100 12 1 1 1 11 100 12 1 1 1 10 12 1 1 9 100 12 1 1 1 10 100 12 1 1 1 10 12 1 1 1 1 1 1 1 1 1 1 1 1 1 1 1 1 1 1 1 1 1 1 1 1 1 1 1 1 1 1 1 1 1 1 1 1 1 1 1 1 1 1 1 1 1 1 1 1 1 1 1 1 100 1 100 1 100 1 100 1 1 1 1 1 1 1 1 1 1 1 1 1 1 1 1 1 1 1 1 1 1 1 1 1 1 1 1 1 1 1 1 1 100 1 1
ciInstanceKlass jdk/internal/vm/ContinuationScope 1 1 50 10 7 12 1 1 1 10 7 12 1 1 1 7 1 9 7 12 1 1 1 10 12 1 1 10 100 12 1 1 1 10 12 1 1 10 12 1 1 1 1 1 1 1 1 1 1 1 1 1
instanceKlass java/lang/VirtualThread$VThreadContinuation
ciInstanceKlass jdk/internal/vm/Continuation 1 1 549 9 7 12 1 1 1 9 12 1 9 12 1 100 1 100 1 10 12 1 1 8 1 10 12 1 1 10 12 1 10 12 1 1 10 12 1 9 7 12 1 1 1 11 100 12 1 1 1 10 7 1 9 12 1 1 9 12 1 1 10 8 1 10 12 1 9 12 1 1 10 11 12 1 1 100 1 10 100 12 1 1 1 10 12 1 1 10 12 1 10 12 1 1 11 12 1 1 9 12 1 1 10 12 1 1 18 12 1 1 10 100 12 1 1 1 100 1 10 12 1 11 100 12 1 1 1 10 12 1 9 12 1 10 12 1 1 100 1 8 1 10 12 1 10 12 1 1 9 12 1 1 11 12 1 1 9 12 1 1 8 1 10 11 12 1 1 11 12 1 1 10 12 1 1 10 12 1 1 9 12 1 10 12 1 10 10 12 1 8 1 10 12 1 8 1 8 1 10 100 12 1 1 1 10 100 12 1 1 1 10 12 1 9 12 1 11 12 1 100 1 10 12 1 10 12 1 1 9 12 1 1 100 1 10 12 1 1 9 12 1 1 10 12 1 10 12 1 11 100 12 1 1 10 7 1 10 12 1 8 1 9 12 1 10 12 1 1 9 12 1 1 10 7 12 1 1 8 1 8 1 8 1 8 1 10 12 1 1 10 12 1 10 12 1 10 12 1 10 12 1 1 10 12 1 1 8 1 10 12 1 1 9 12 1 1 10 12 1 1 9 12 1 8 1 10 100 12 1 1 1 10 12 1 8 1 100 1 8 1 10 9 12 1 1 8 1 10 100 12 1 1 10 100 12 1 1 8 1 8 1 10 12 10 7 12 1 1 1 10 100 1 10 100 12 1 1 1 18 11 100 12 1 1 1 18 12 1 11 12 1 1 100 1 10 7 12 1 1 10 12 1 1 8 10 12 1 1 10 7 12 1 1 1 10 7 12 1 1 10 12 1 8 1 10 12 1 100 1 100 1 10 12 1 1 1 1 1 1 1 1 1 1 1 1 1 1 1 1 1 1 1 1 1 1 1 1 1 1 1 1 1 1 1 1 1 1 1 1 1 1 1 1 1 1 1 1 1 1 1 1 1 1 1 1 1 1 1 1 1 1 1 1 1 1 1 1 1 1 1 1 1 1 1 1 1 1 1 100 1 1 16 1 15 10 12 16 15 11 100 12 1 1 1 16 1 16 1 15 10 12 16 15 10 100 12 1 1 1 1 1 1 1 1 100 1 100 1 1
staticfield jdk/internal/vm/Continuation U Ljdk/internal/misc/Unsafe; jdk/internal/misc/Unsafe
staticfield jdk/internal/vm/Continuation MOUNTED_OFFSET J 13
staticfield jdk/internal/vm/Continuation PRESERVE_SCOPED_VALUE_CACHE Z 1
staticfield jdk/internal/vm/Continuation JLA Ljdk/internal/access/JavaLangAccess; java/lang/System$2
staticfield jdk/internal/vm/Continuation $assertionsDisabled Z 1
ciInstanceKlass jdk/internal/vm/StackChunk 1 1 32 10 100 12 1 1 1 9 100 12 1 1 1 9 12 1 1 9 12 1 1 1 1 1 1 1 1 1 1 1 1 1
instanceKlass jdk/internal/reflect/FieldAccessorImpl
instanceKlass jdk/internal/reflect/ConstructorAccessorImpl
instanceKlass jdk/internal/reflect/MethodAccessorImpl
ciInstanceKlass jdk/internal/reflect/MagicAccessorImpl 1 1 16 10 7 12 1 1 1 100 1 1 1 1 1 1 1 1
ciInstanceKlass jdk/internal/reflect/MethodAccessor 1 0 17 100 1 100 1 1 1 1 100 1 100 1 1 1 1 1 1
instanceKlass jdk/internal/reflect/DirectMethodHandleAccessor
ciInstanceKlass jdk/internal/reflect/MethodAccessorImpl 1 1 38 10 7 12 1 1 1 10 100 12 1 1 1 100 1 1 1 1 1 1 1 100 1 100 1 1 1 1 1 1 1 1 1 1 1 1 1 1
ciInstanceKlass jdk/internal/reflect/ConstructorAccessor 1 0 16 100 1 100 1 1 1 1 100 1 100 1 100 1 1 1
instanceKlass jdk/internal/reflect/DirectConstructorHandleAccessor$NativeAccessor
instanceKlass jdk/internal/reflect/DirectConstructorHandleAccessor
instanceKlass jdk/internal/reflect/NativeConstructorAccessorImpl
ciInstanceKlass jdk/internal/reflect/ConstructorAccessorImpl 1 1 27 10 7 12 1 1 1 100 1 100 1 1 1 1 1 1 1 1 1 100 1 100 1 100 1 1 1
ciInstanceKlass jdk/internal/reflect/DelegatingClassLoader 0 0 18 10 100 12 1 1 1 100 1 1 1 1 1 1 1 1 1 1
ciInstanceKlass jdk/internal/reflect/ConstantPool 1 1 142 10 100 12 1 1 1 9 7 12 1 1 1 10 12 1 1 10 12 1 1 10 12 1 10 12 1 1 10 12 1 1 10 12 1 10 12 1 1 10 12 1 10 12 1 1 10 12 1 10 12 1 10 12 1 10 12 1 1 10 12 1 1 10 12 1 1 10 12 1 1 10 12 1 10 12 1 1 10 100 12 1 1 1 8 11 7 12 1 1 1 10 7 12 1 1 1 1 1 1 1 1 1 1 1 1 1 1 1 1 1 1 1 1 1 1 1 1 1 1 1 1 1 1 1 1 1 1 1 1 1 1 1 1 1 1 1 1 1 1 1 1
ciInstanceKlass jdk/internal/reflect/FieldAccessor 1 0 48 100 1 100 1 1 1 1 100 1 1 1 1 1 1 1 1 1 1 1 1 1 1 1 1 1 1 1 100 1 1 1 1 1 1 1 1 1 1 1 1 1 1 1 1 1 1 1
instanceKlass jdk/internal/reflect/MethodHandleFieldAccessorImpl
instanceKlass jdk/internal/reflect/UnsafeFieldAccessorImpl
ciInstanceKlass jdk/internal/reflect/FieldAccessorImpl 1 1 269 10 7 12 1 1 1 9 7 12 1 1 1 10 100 12 1 1 1 10 100 12 1 1 10 100 12 1 1 1 10 12 1 1 100 1 10 10 12 1 1 10 12 1 1 8 1 10 10 12 1 100 1 8 1 10 12 1 8 1 10 12 1 8 1 10 12 1 100 1 10 12 1 1 10 8 1 10 12 1 1 8 1 10 100 12 1 1 8 1 10 100 12 1 1 8 1 10 100 12 1 1 8 1 10 100 12 1 1 8 1 10 100 12 1 1 8 1 10 100 12 1 1 8 1 10 100 12 1 1 8 1 10 100 12 1 1 10 12 1 1 8 1 10 12 1 1 10 100 12 1 1 1 8 1 10 12 1 8 1 8 1 8 1 8 1 10 100 12 1 1 1 8 1 8 1 8 1 10 12 100 1 1 1 1 1 1 1 1 1 1 1 1 1 1 1 1 1 1 1 1 1 1 1 1 1 1 1 1 1 1 1 1 1 1 1 1 1 1 1 1 1 1 1 1 1 1 1 1 1 1 1 1 1 1 1 1 1 1 1 1 1 1 1 1 1 1 1 1 1 1 1 1 1 1 1 1 1 1 1 1 1 1 1 1 1 1 1 1
instanceKlass jdk/internal/reflect/UnsafeStaticFieldAccessorImpl
ciInstanceKlass jdk/internal/reflect/UnsafeFieldAccessorImpl 0 0 62 10 100 12 1 1 1 10 100 12 1 1 1 10 100 12 1 1 1 9 100 12 1 1 10 12 1 9 12 1 1 10 100 12 1 1 1 9 12 1 1 10 12 1 10 12 1 1 1 1 1 1 1 1 1 1 1 1 1 1 1 1
ciInstanceKlass jdk/internal/reflect/UnsafeStaticFieldAccessorImpl 0 0 47 10 100 12 1 1 1 9 100 12 1 1 1 10 100 12 1 1 1 9 12 1 1 8 11 100 12 1 1 1 10 100 12 1 1 1 1 1 1 1 1 1 1 1 1 1 1
ciInstanceKlass java/lang/annotation/Annotation 1 0 17 100 1 100 1 1 1 1 1 1 1 1 1 1 1 1 1
ciInstanceKlass jdk/internal/reflect/CallerSensitive 1 0 17 100 1 100 1 100 1 1 1 1 1 1 1 1 1 1 1
ciInstanceKlass jdk/internal/reflect/NativeConstructorAccessorImpl 0 0 125 10 100 12 1 1 1 9 100 12 1 1 1 100 1 10 12 1 9 12 1 1 9 12 1 1 10 100 12 1 1 1 10 100 12 1 1 1 10 100 12 1 1 1 9 12 1 9 12 1 1 9 12 1 1 10 100 12 1 1 1 100 1 10 10 12 1 1 10 12 1 10 12 1 1 10 12 1 100 1 10 12 1 1 10 12 1 1 8 10 12 1 1 1 1 1 1 1 1 1 1 1 1 1 1 1 1 1 1 1 1 1 1 100 1 100 1 100 1 1 1 1 1 1 1
instanceKlass java/lang/invoke/DelegatingMethodHandle
instanceKlass java/lang/invoke/BoundMethodHandle
instanceKlass java/lang/invoke/DirectMethodHandle
ciInstanceKlass java/lang/invoke/MethodHandle 1 1 736 100 1 9 7 12 1 1 1 10 7 12 1 1 1 10 7 12 1 1 1 7 1 7 1 10 12 1 1 9 12 1 1 10 12 1 10 12 1 1 10 12 1 1 10 100 12 1 1 1 10 12 1 1 10 12 1 1 11 100 12 1 1 1 10 12 1 1 10 12 1 10 12 1 10 12 1 1 9 12 1 1 9 12 1 1 10 100 12 1 1 1 10 12 1 1 10 12 1 10 12 1 100 1 100 1 10 8 1 10 12 1 1 10 12 1 8 1 10 12 1 1 10 12 1 10 7 12 1 1 1 10 12 1 1 10 12 1 1 10 12 1 1 10 7 12 1 1 1 10 12 1 1 10 12 1 1 10 12 1 10 12 1 1 10 100 12 1 1 10 7 12 1 1 10 12 1 10 12 1 10 12 1 1 10 12 1 1 10 12 1 1 10 12 1 1 10 7 12 1 1 1 10 7 12 1 1 1 10 12 1 1 10 12 1 1 10 12 1 1 8 1 10 7 12 1 1 1 8 1 10 12 1 10 12 1 1 10 12 1 1 10 12 1 8 1 10 12 1 1 8 1 10 12 1 8 1 10 100 12 1 1 1 9 12 1 1 100 1 10 9 100 12 1 1 1 9 100 1 8 1 10 12 1 1 10 12 1 10 12 1 1 10 12 1 10 12 1 1 10 12 1 10 12 1 1 10 12 1 10 12 1 1 10 12 1 1 8 1 10 12 1 1 8 1 10 12 1 10 12 1 1 10 12 1 10 12 1 10 12 1 1 9 100 12 1 1 1 10 12 1 1 11 12 1 10 12 1 10 12 1 1 10 100 12 1 1 100 1 11 12 1 10 100 1 11 12 1 100 1 10 12 1 11 12 1 9 100 12 1 1 1 11 12 1 1 11 100 12 1 1 1 10 12 1 1 9 12 1 11 12 1 9 12 1 9 12 1 9 12 1 11 12 1 1 9 12 1 9 12 1 9 12 1 9 12 1 9 12 1 9 12 1 9 12 1 8 1 10 12 1 10 12 1 8 1 10 12 1 10 12 1 10 12 1 1 10 10 10 7 12 1 1 10 12 1 1 100 1 100 1 8 1 8 1 10 10 12 1 1 10 12 1 10 12 1 100 1 10 100 12 1 1 1 10 9 7 12 1 1 1 10 12 1 1 10 12 1 1 8 1 8 1 10 100 12 1 1 9 12 1 9 12 1 1 9 12 1 1 10 12 1 7 1 10 12 1 10 12 1 1 9 12 1 1 9 12 1 1 10 7 12 1 1 1 11 7 12 1 1 9 12 1 10 12 1 1 10 12 1 9 12 1 10 12 1 8 10 12 1 1 8 1 1 1 1 1 1 1 1 100 1 1 1 1 1 1 1 1 1 1 1 1 1 1 1 1 1 1 1 1 1 1 1 1 1 1 1 1 1 1 100 1 1 1 1 1 1 1 1 1 1 1 1 1 1 1 1 1 1 1 1 1 1 1 1 1 1 1 1 1 1 1 1 1 1 1 1 1 1 1 1 1 1 1 1 1 1 1 1 1 1 1 1 1 1 1 1 1 1 1 1 1 1 1 1 1 1 1 1 1 1 1 1 1 1 1 1 1 1 1 1 1 1 1 1 1 1 100 1 1 100 1 100 1 100 1 1 100 1 1 100 1 1 1 1
staticfield java/lang/invoke/MethodHandle FORM_OFFSET J 20
staticfield java/lang/invoke/MethodHandle UPDATE_OFFSET J 13
staticfield java/lang/invoke/MethodHandle $assertionsDisabled Z 1
instanceKlass java/lang/invoke/DirectMethodHandle$StaticAccessor
instanceKlass java/lang/invoke/DirectMethodHandle$Interface
instanceKlass java/lang/invoke/DirectMethodHandle$Special
instanceKlass java/lang/invoke/DirectMethodHandle$Accessor
instanceKlass java/lang/invoke/DirectMethodHandle$Constructor
ciInstanceKlass java/lang/invoke/DirectMethodHandle 1 1 923 7 1 7 1 100 1 7 1 7 1 10 7 12 1 1 1 10 7 12 1 1 1 100 1 10 12 1 10 12 1 1 10 7 12 1 1 10 12 1 1 10 12 1 10 12 1 7 1 10 12 1 1 10 12 1 1 10 12 1 10 12 1 1 10 7 12 1 1 1 10 12 1 9 12 1 1 100 1 10 9 12 1 1 9 12 1 10 12 1 10 12 1 10 12 1 1 10 12 1 10 12 1 10 12 1 10 7 12 1 1 1 10 12 1 10 12 1 1 8 1 10 12 1 1 7 1 10 12 1 7 1 10 10 12 1 10 12 1 10 12 1 10 7 12 1 1 1 10 12 1 1 7 1 10 12 1 10 12 1 7 1 10 12 1 10 12 1 1 10 12 1 1 10 12 1 8 10 100 12 1 1 1 10 12 1 10 12 1 10 12 1 1 10 12 1 9 7 12 1 1 1 7 1 10 12 1 10 7 12 1 1 1 10 12 1 10 12 1 1 9 12 1 1 100 1 10 8 1 10 12 1 1 10 12 1 1 8 1 10 12 1 10 12 1 10 10 12 1 10 12 1 10 12 1 10 12 1 10 12 1 1 10 12 1 10 12 1 1 10 12 1 10 12 1 1 10 10 7 12 1 1 1 10 12 1 10 12 1 1 10 12 1 10 12 1 1 8 1 9 7 12 1 1 1 8 1 9 12 1 9 12 1 8 1 9 12 1 9 12 1 8 1 9 12 1 9 12 1 8 1 10 12 1 10 12 1 1 9 12 1 1 7 1 10 12 1 1 100 1 10 7 12 1 1 1 10 12 1 1 10 12 1 10 12 1 1 7 1 10 12 1 1 10 12 1 10 12 1 1 7 1 10 12 1 1 10 12 1 10 7 12 1 1 1 10 12 1 10 12 1 1 10 12 1 9 12 1 1 10 7 1 9 12 9 12 1 10 7 12 1 1 1 10 12 1 7 1 7 1 7 1 9 12 1 1 10 7 12 1 1 1 10 12 10 12 1 7 1 10 12 1 10 12 1 1 8 1 9 12 1 9 12 1 10 12 1 1 9 12 1 1 10 7 12 1 1 1 9 12 1 1 9 12 1 1 10 12 1 10 12 1 10 12 1 10 12 1 1 10 12 1 9 12 1 10 12 1 10 12 1 10 12 1 10 12 1 1 10 12 1 1 9 12 1 1 10 12 1 1 9 7 12 1 1 1 9 12 1 9 12 1 9 12 1 9 12 1 9 12 1 9 12 1 9 12 1 9 12 1 9 12 1 9 12 1 9 12 1 9 12 1 9 12 1 9 12 1 9 12 1 9 12 1 9 12 1 9 12 1 9 12 1 9 12 1 9 12 1 9 12 1 9 12 1 9 12 1 9 12 1 9 12 1 9 12 1 9 12 1 9 12 1 9 12 1 9 12 1 9 12 1 9 12 1 9 12 1 9 12 1 9 12 1 8 1 9 12 1 1 9 12 1 1 10 12 1 10 12 1 1 9 7 1 10 12 1 9 12 1 1 10 12 10 12 1 10 12 1 10 12 1 10 12 1 10 8 1 8 1 8 1 8 1 10 12 1 1 9 12 1 1 10 12 1 10 100 12 1 1 1 8 9 12 1 1 10 12 1 1 8 1 8 8 9 12 1 8 1 8 8 8 8 8 1 8 10 12 1 7 1 10 12 1 8 1 8 1 10 12 1 10 12 1 10 12 1 10 12 1 1 7 1 1 1 1 3 1 3 1 3 1 3 1 3 1 3 1 3 1 3 1 3 1 3 1 1 1 1 1 1 1 1 1 1 3 1 3 1 1 1 1 3 1 1 1 1 1 1 1 1 1 1 1 1 1 1 1 1 1 1 1 1 1 1 1 1 1 1 1 1 1 1 1 1 1 1 1 1 1 1 1 1 1 1 1 1 1 1 1 1 1 1 1 1 1 1 1 1 1 100 1 1 1 1 1 1 1 1 1 100 1 1 1 1 1 1 1 1 1 1 1 1 1 1 1 1 1 1 1 1 1 1 1 1 1 1 1 1 1 1 1 1 1 1 1 1 1 1 1 1 1 1 1 1 1 1 1 1 1 1 1 1
staticfield java/lang/invoke/DirectMethodHandle IMPL_NAMES Ljava/lang/invoke/MemberName$Factory; java/lang/invoke/MemberName$Factory
staticfield java/lang/invoke/DirectMethodHandle FT_UNCHECKED_REF I 8
staticfield java/lang/invoke/DirectMethodHandle ACCESSOR_FORMS [Ljava/lang/invoke/LambdaForm; 132 [Ljava/lang/invoke/LambdaForm;
staticfield java/lang/invoke/DirectMethodHandle ALL_WRAPPERS [Lsun/invoke/util/Wrapper; 10 [Lsun/invoke/util/Wrapper;
staticfield java/lang/invoke/DirectMethodHandle NFS [Ljava/lang/invoke/LambdaForm$NamedFunction; 12 [Ljava/lang/invoke/LambdaForm$NamedFunction;
staticfield java/lang/invoke/DirectMethodHandle OBJ_OBJ_TYPE Ljava/lang/invoke/MethodType; java/lang/invoke/MethodType
staticfield java/lang/invoke/DirectMethodHandle LONG_OBJ_TYPE Ljava/lang/invoke/MethodType; java/lang/invoke/MethodType
staticfield java/lang/invoke/DirectMethodHandle $assertionsDisabled Z 1
instanceKlass java/lang/invoke/VarHandleByteArrayAsDoubles$ByteArrayViewVarHandle
instanceKlass java/lang/invoke/VarHandleByteArrayAsFloats$ByteArrayViewVarHandle
instanceKlass java/lang/invoke/VarHandleByteArrayAsChars$ByteArrayViewVarHandle
instanceKlass java/lang/invoke/VarHandleByteArrayAsShorts$ByteArrayViewVarHandle
instanceKlass java/lang/invoke/VarHandleByteArrayAsLongs$ByteArrayViewVarHandle
instanceKlass java/lang/invoke/VarHandleByteArrayAsInts$ByteArrayViewVarHandle
instanceKlass java/lang/invoke/VarHandleInts$FieldInstanceReadOnly
instanceKlass java/lang/invoke/VarHandleBooleans$FieldInstanceReadOnly
instanceKlass java/lang/invoke/VarHandleReferences$FieldInstanceReadOnly
instanceKlass java/lang/invoke/VarHandleReferences$Array
ciInstanceKlass java/lang/invoke/VarHandle 1 1 473 10 7 12 1 1 1 10 7 12 1 1 9 12 1 1 9 12 1 1 100 1 10 8 1 10 12 1 1 10 7 12 1 1 1 10 12 1 1 10 100 12 1 1 1 9 100 12 1 1 1 10 12 1 1 10 7 12 1 1 1 10 12 1 1 9 12 1 10 12 1 9 12 1 1 10 7 12 1 1 10 12 1 9 7 12 1 1 1 9 12 1 1 10 12 1 1 100 1 100 1 10 8 1 10 12 1 1 10 12 1 8 1 10 12 1 10 12 1 9 12 1 1 9 12 1 10 12 1 10 12 1 1 10 12 1 10 10 100 12 1 1 1 10 12 1 1 10 12 1 1 10 100 12 1 1 1 10 100 12 1 1 1 10 100 12 1 1 1 9 12 1 1 9 10 12 1 10 12 1 10 12 1 1 10 12 1 10 100 12 1 1 1 9 12 1 1 10 12 1 1 9 12 1 10 12 1 10 12 1 10 100 12 1 1 100 1 10 9 7 12 1 1 1 9 12 1 1 10 7 12 1 1 1 10 12 1 10 12 1 10 12 1 10 12 1 10 12 1 10 12 1 1 8 10 12 1 1 7 1 10 12 1 1 100 1 1 1 1 1 1 1 1 1 1 1 1 1 1 1 1 1 1 1 1 1 1 1 1 1 1 1 1 1 1 1 1 1 1 1 1 1 1 1 1 1 1 1 1 1 1 1 1 1 1 1 1 1 1 1 1 1 1 1 1 1 1 1 1 1 1 1 1 100 1 1 1 1 1 1 1 1 100 1 1 1 1 1 1 1 1 1 1 1 1 100 1 100 1 1 100 1 100 1 100 1 100 1 100 1 100 1 100 1 100 1 100 1 100 1 100 1 100 1 100 1 100 1 100 1 100 1 100 1 100 1 100 1 100 1 100 1 100 1 100 1 100 1 100 1 100 1 100 1 100 1 100 1 100 1 100 1 100 1 100 1 100 1 100 1 1 1 1 1 1 100 1 1 1 100 1 1 100 1 100 1 100 1 100 1 100 1 100 1 1 1 1 100 1 100 1 100 1 100 1 100 1 100 1 100 1 100 1
staticfield java/lang/invoke/VarHandle VFORM_OFFSET J 16
staticfield java/lang/invoke/VarHandle $assertionsDisabled Z 1
ciInstanceKlass java/lang/invoke/MemberName 1 1 724 7 1 7 1 100 1 9 12 1 1 10 7 12 1 1 1 9 12 1 1 10 12 1 1 10 12 1 1 10 12 1 1 10 12 1 10 12 1 1 10 7 12 1 1 1 10 12 1 9 7 12 1 1 10 12 1 100 1 7 1 10 12 1 8 1 10 12 1 1 10 12 1 10 12 1 1 10 12 1 9 12 1 1 8 1 10 100 12 1 1 1 7 1 10 10 12 1 1 100 1 100 1 10 12 1 9 12 1 1 100 1 8 1 10 12 1 10 12 1 10 12 1 10 12 1 10 12 1 1 10 12 1 10 12 1 10 12 1 1 8 1 8 1 10 12 1 8 1 9 12 1 1 3 10 12 1 10 12 1 10 12 1 10 10 7 12 1 1 1 10 12 1 10 12 1 10 12 1 10 12 1 7 1 8 10 12 1 1 10 12 1 1 8 1 9 100 1 8 9 100 1 10 12 1 1 10 12 1 10 12 1 8 1 10 12 1 1 10 12 1 10 12 1 10 12 1 10 12 1 1 100 1 10 12 1 1 10 12 1 8 1 10 12 1 10 12 1 8 1 10 12 1 1 10 12 1 1 100 1 10 12 1 1 10 12 8 1 8 1 100 1 10 12 1 10 100 12 1 1 1 100 1 10 12 10 12 1 10 12 1 10 12 1 10 12 1 10 10 12 1 10 12 1 10 12 1 3 10 12 1 3 10 12 1 3 3 3 3 3 3 10 12 1 3 9 12 1 10 12 1 1 3 10 12 1 10 10 7 12 1 1 1 10 12 1 1 10 7 12 1 1 10 10 12 1 10 12 1 1 10 12 1 10 10 12 1 1 10 12 1 10 12 1 10 12 1 100 1 10 10 10 12 100 1 10 10 10 12 1 1 10 12 1 1 10 10 12 1 8 10 7 1 10 12 1 10 7 1 10 12 1 10 12 1 10 12 1 10 10 12 1 10 12 1 1 10 12 1 1 10 12 1 10 12 1 10 12 1 100 1 10 12 1 1 100 1 8 1 10 7 1 10 12 1 10 12 10 12 1 1 10 12 1 10 12 1 8 1 8 1 8 1 8 1 10 12 1 10 12 1 10 7 12 1 1 1 8 1 8 1 10 12 1 8 1 10 10 10 12 1 10 12 1 8 1 8 1 10 10 12 1 8 1 10 100 12 1 1 1 8 1 100 1 10 12 1 10 12 1 1 10 12 1 8 1 8 1 8 1 8 1 100 1 10 8 1 8 1 8 1 8 1 10 12 1 7 1 100 1 7 1 10 100 1 10 7 1 10 7 12 1 1 1 9 7 12 1 1 1 100 1 100 1 1 1 1 1 1 1 3 1 3 1 3 1 3 1 3 1 3 1 1 1 1 1 1 1 1 3 1 3 1 1 1 1 1 1 1 1 1 1 1 1 1 1 1 1 1 1 1 1 1 1 1 1 1 1 1 1 1 1 1 1 1 1 1 1 1 1 1 1 1 1 1 1 1 1 1 1 1 1 1 1 1 1 1 1 1 1 1 1 1 1 1 1 1 1 1 1 1 1 1 1 1 1 1 1 1 1 1 1 1 1 1 1 1 1 1 1 1 1 1 1 1 1 1 1 100 1 1 1 1 1 1 1 1 1 1 1 1 1 1 1
staticfield java/lang/invoke/MemberName $assertionsDisabled Z 1
ciInstanceKlass java/lang/invoke/ResolvedMethodName 1 1 16 10 100 12 1 1 1 100 1 1 1 1 1 1 1 1
ciInstanceKlass java/lang/invoke/MethodHandleNatives 1 1 690 100 1 10 7 12 1 1 1 9 7 12 1 1 1 10 12 1 1 100 1 10 10 12 1 1 10 12 1 10 12 1 8 1 8 1 8 1 8 1 8 1 8 1 8 1 8 1 8 1 8 1 10 12 1 1 7 1 10 7 12 1 1 1 10 100 12 1 1 1 7 1 10 10 12 1 1 8 1 10 12 1 8 1 10 12 1 1 8 1 10 12 1 1 9 100 12 1 1 1 8 1 10 100 12 1 1 1 100 1 10 12 100 1 100 1 8 1 7 1 10 10 12 1 7 1 9 7 12 1 1 10 12 1 1 10 12 1 10 7 12 1 1 1 10 12 1 1 9 12 1 8 1 10 12 1 1 10 12 1 8 1 10 12 1 1 7 1 10 12 1 10 7 12 1 1 1 10 12 1 10 12 1 1 10 12 1 1 8 1 10 12 1 1 8 1 10 12 1 8 1 8 1 8 1 100 1 10 12 1 8 1 10 100 12 1 1 1 10 12 1 1 10 100 12 1 1 10 10 12 1 1 10 12 1 10 100 12 1 1 1 100 1 8 1 10 100 12 1 1 1 7 1 8 1 10 12 1 8 1 8 1 8 1 8 1 8 1 10 12 1 1 10 12 1 1 10 12 1 10 12 1 1 10 12 1 1 7 1 10 12 1 100 1 100 1 10 12 1 10 12 1 8 1 8 1 10 10 12 1 1 10 12 1 1 8 1 10 100 12 1 1 8 1 8 1 10 12 1 1 10 7 12 1 1 1 100 1 10 12 1 1 7 1 9 12 1 1 10 7 12 1 1 1 10 10 12 1 9 12 1 10 12 1 9 12 1 9 12 1 10 12 1 1 10 12 1 10 12 1 1 7 1 7 1 10 12 1 1 10 12 1 10 12 1 1 10 7 12 1 1 1 10 12 1 8 1 10 12 1 10 12 1 10 12 1 1 10 12 1 10 7 12 1 1 1 10 12 1 1 100 1 8 1 10 9 7 12 1 1 1 10 12 1 1 10 12 1 1 100 1 10 12 1 1 10 12 1 1 100 1 100 1 10 10 100 1 100 1 10 100 1 10 10 12 1 1 10 100 1 10 12 1 10 12 1 1 10 12 1 1 10 12 1 1 10 12 1 10 12 1 1 10 8 1 10 12 1 10 12 1 10 12 1 10 12 1 10 12 1 1 10 12 1 10 12 1 10 12 1 10 10 7 12 1 1 10 12 1 1 1 1 1 1 1 1 1 1 1 1 1 100 1 1 1 1 1 1 1 1 1 1 1 1 1 1 1 1 1 1 1 1 1 1 1 1 1 1 1 1 1 1 1 1 1 1 1 1 1 1 1 1 1 1 1 1 1 1 1 1 1 1 1 1 1 1 1 1 1 1 1 1 1 1 1 1 1 100 1 1 1 1 1 1 1 1 1 1 1 1 1 1 1 1 1 1 1 1 1 1 1 1 1 1 1 1 1 1 1 1 1 100 1 1 1 1 1 1 1 1 1 1 1 1 1 1 1 1 1 1 1 1 1 1 1 1 1 1 100 1 1 1 1 1 1 1 100 1 1 1
staticfield java/lang/invoke/MethodHandleNatives $assertionsDisabled Z 1
ciInstanceKlass java/lang/invoke/LambdaForm 1 1 1059 7 1 100 1 10 7 12 1 1 1 9 12 1 1 9 12 1 9 12 1 9 12 1 1 9 12 1 1 9 12 1 1 9 12 1 1 9 12 1 1 9 12 1 10 7 12 1 1 9 12 1 10 12 1 1 100 1 10 10 12 1 1 10 12 1 10 12 1 10 12 1 1 10 12 1 9 12 1 9 12 1 10 12 1 1 10 7 12 1 1 1 10 12 1 1 9 100 12 1 1 1 10 12 1 1 9 7 12 1 1 10 12 1 10 12 1 1 10 12 1 1 10 12 1 1 7 1 10 7 12 1 1 1 10 12 1 1 10 12 1 10 12 1 1 9 12 1 1 9 12 1 9 12 1 1 10 12 1 9 12 1 10 100 12 1 1 1 10 12 1 1 100 1 10 12 1 9 12 1 1 10 100 12 1 1 1 10 12 1 10 12 1 7 1 10 12 1 10 12 1 10 12 1 1 10 12 1 1 10 12 1 10 12 1 10 12 1 10 12 1 1 8 1 10 12 1 10 12 1 10 10 12 1 8 1 8 1 9 12 1 9 12 1 1 10 12 1 1 10 12 1 9 12 1 10 12 1 1 10 7 12 1 1 1 10 12 1 1 10 12 1 10 12 1 10 100 12 1 1 1 9 12 1 10 12 1 8 1 8 1 8 1 8 1 8 1 8 1 8 1 8 1 10 12 1 9 12 1 7 1 10 12 1 1 9 12 1 10 12 1 10 12 1 1 10 12 10 12 1 10 12 1 1 10 12 1 1 10 10 12 1 1 10 12 1 1 7 1 8 1 10 12 1 1 10 12 1 10 12 1 1 10 8 1 10 12 1 1 8 1 8 1 8 1 10 12 1 10 12 1 10 12 1 1 100 1 10 12 1 1 10 12 1 1 10 7 12 1 1 1 10 12 1 1 9 12 1 1 8 1 10 100 12 1 1 1 10 7 12 1 1 10 12 10 12 1 1 10 12 1 1 9 12 1 8 10 12 1 1 100 1 10 12 1 1 10 12 1 9 7 12 1 1 9 100 12 1 1 1 8 1 10 100 12 1 1 10 12 1 1 100 1 100 1 10 10 12 1 1 10 12 1 1 8 1 8 1 100 1 8 1 10 12 10 12 1 10 12 1 10 12 1 1 8 1 8 1 10 12 1 10 12 1 1 8 1 8 1 8 1 100 1 8 1 100 1 8 1 100 1 8 1 10 12 1 8 1 9 10 7 12 1 1 1 10 12 1 9 12 1 1 10 12 1 10 10 12 1 10 12 1 10 12 1 10 12 1 1 10 12 1 10 12 1 1 10 12 1 1 10 12 1 1 10 12 1 1 8 1 100 10 12 1 10 12 1 9 12 1 1 10 7 12 1 1 8 1 8 1 100 1 8 1 8 1 8 1 8 1 8 1 8 1 8 1 8 1 10 12 1 1 10 12 1 1 10 12 1 10 12 1 10 12 1 10 12 1 8 1 8 1 8 1 10 12 1 8 1 10 12 1 8 1 8 1 8 1 8 1 8 1 10 12 1 10 12 1 10 12 1 1 10 7 12 1 1 1 10 12 1 10 12 1 10 12 1 10 12 1 10 12 1 10 12 1 10 12 1 9 12 1 1 8 1 10 12 1 1 9 12 1 1 10 12 1 1 9 12 1 9 12 1 1 9 12 1 9 12 1 1 7 1 10 7 12 1 1 1 9 12 1 10 12 1 10 12 1 8 1 10 12 1 9 12 1 1 7 1 10 7 12 1 1 1 8 1 100 1 10 12 1 9 12 1 9 12 1 10 12 1 10 12 1 10 7 12 1 1 1 10 12 1 9 7 12 1 1 10 12 1 1 10 12 1 10 12 1 10 12 1 9 12 10 12 1 10 10 12 1 9 12 1 9 9 12 1 7 9 12 1 1 10 12 1 1 9 12 1 10 12 1 10 7 1 9 1 1 1 1 3 1 3 1 1 3 1 3 1 1 1 1 1 1 1 1 1 1 1 1 1 1 1 1 1 1 1 1 1 1 1 1 1 1 1 1 1 1 1 1 1 1 1 1 1 1 1 1 1 1 1 1 1 1 1 1 1 1 1 100 1 1 1 1 1 1 1 1 1 1 1 1 1 1 1 1 1 1 1 1 1 1 1 1 1 1 1 1 1 1 1 1 1 1 1 1 1 1 1 1 1 1 1 1 1 1 1 1 1 1 1 1 1 1 1 1 1 1 1 1 1 1 100 1 1 1 1 1 1 1 1 1 1 1 1 1 1 1 1 1 1 1 1 1 1 1 1 1 1 1 1 1 1 1 1 1 1 100 1 1 1 1 1 1 1 1 1 1 1 1 1 1 1 1 1 1 1 1 1 1 100 1 1 1 100 1 1 100 1 1 1 1 1 1 1 1 1 1 1
staticfield java/lang/invoke/LambdaForm DEFAULT_CUSTOMIZED Ljava/lang/invoke/MethodHandle; null
staticfield java/lang/invoke/LambdaForm DEFAULT_KIND Ljava/lang/invoke/LambdaForm$Kind; java/lang/invoke/LambdaForm$Kind
staticfield java/lang/invoke/LambdaForm COMPILE_THRESHOLD I 0
staticfield java/lang/invoke/LambdaForm INTERNED_ARGUMENTS [[Ljava/lang/invoke/LambdaForm$Name; 5 [[Ljava/lang/invoke/LambdaForm$Name;
staticfield java/lang/invoke/LambdaForm IMPL_NAMES Ljava/lang/invoke/MemberName$Factory; java/lang/invoke/MemberName$Factory
staticfield java/lang/invoke/LambdaForm LF_identity [Ljava/lang/invoke/LambdaForm; 6 [Ljava/lang/invoke/LambdaForm;
staticfield java/lang/invoke/LambdaForm LF_zero [Ljava/lang/invoke/LambdaForm; 6 [Ljava/lang/invoke/LambdaForm;
staticfield java/lang/invoke/LambdaForm NF_identity [Ljava/lang/invoke/LambdaForm$NamedFunction; 6 [Ljava/lang/invoke/LambdaForm$NamedFunction;
staticfield java/lang/invoke/LambdaForm NF_zero [Ljava/lang/invoke/LambdaForm$NamedFunction; 6 [Ljava/lang/invoke/LambdaForm$NamedFunction;
staticfield java/lang/invoke/LambdaForm createFormsLock Ljava/lang/Object; java/lang/Object
staticfield java/lang/invoke/LambdaForm DEBUG_NAME_COUNTERS Ljava/util/HashMap; null
staticfield java/lang/invoke/LambdaForm DEBUG_NAMES Ljava/util/HashMap; null
staticfield java/lang/invoke/LambdaForm TRACE_INTERPRETER Z 0
staticfield java/lang/invoke/LambdaForm $assertionsDisabled Z 1
ciInstanceKlass java/lang/invoke/TypeDescriptor$OfMethod 1 0 43 100 1 100 1 100 1 1 1 1 1 1 1 1 1 1 1 1 1 1 1 1 1 1 1 1 1 1 1 1 1 1 1 1 1 1 1 1 1 1 100 1 1
ciInstanceKlass java/lang/invoke/MethodType 1 1 780 7 1 10 7 12 1 1 1 9 12 1 1 9 12 1 1 9 12 1 1 10 7 12 1 1 1 9 7 12 1 1 8 1 10 100 12 1 1 1 9 7 1 9 7 1 10 12 1 1 7 1 10 8 1 10 12 1 1 10 12 1 10 12 1 1 100 1 8 1 10 12 1 100 1 10 10 12 1 10 12 1 1 10 12 1 1 11 7 12 1 1 1 9 12 1 11 12 1 1 7 10 12 1 1 10 12 1 1 7 1 7 1 10 7 12 1 1 1 10 12 1 10 12 1 9 12 1 1 10 7 12 1 1 10 12 1 1 10 7 12 1 1 1 10 7 12 1 1 1 10 12 1 9 12 1 1 10 12 1 1 10 12 1 1 10 12 1 1 10 12 1 1 10 12 1 1 10 12 1 10 12 1 10 12 1 1 10 12 1 8 1 8 1 10 12 1 1 9 12 1 1 100 1 10 10 12 1 1 10 12 1 10 12 1 1 10 12 1 1 10 12 1 10 12 1 10 12 1 8 1 10 12 1 1 10 7 12 1 1 1 10 12 1 10 12 1 1 10 12 1 10 12 1 10 12 1 1 10 12 1 10 12 1 9 12 1 10 12 1 10 10 12 1 1 10 12 1 9 12 1 1 10 12 1 1 11 12 1 1 10 12 1 1 10 12 1 10 12 1 7 1 8 1 8 1 8 1 10 12 1 10 12 1 10 12 1 1 10 10 12 1 11 12 1 1 11 12 1 10 100 12 1 1 1 9 12 1 10 12 1 10 12 1 1 10 12 1 1 10 12 1 10 12 1 10 100 12 1 1 1 10 12 1 1 10 12 1 10 12 1 10 12 1 10 9 12 1 1 7 1 10 12 1 10 12 1 1 9 100 12 1 1 1 10 100 12 1 1 1 10 100 12 1 1 1 10 12 1 1 10 7 12 1 1 1 10 12 1 1 8 1 10 7 12 1 1 1 11 12 1 1 9 12 1 1 10 12 1 1 10 12 1 10 12 1 1 10 12 1 1 10 100 12 1 1 100 1 10 12 1 1 11 100 12 1 1 18 12 1 1 11 12 1 1 18 12 1 11 12 1 100 1 11 100 12 1 1 10 12 1 100 1 10 12 1 10 100 12 1 1 10 12 1 1 9 12 1 1 9 100 12 1 1 1 10 100 12 1 1 1 9 12 1 10 100 12 1 1 10 12 1 100 10 12 1 1 10 12 1 7 1 10 10 12 1 1 7 1 7 1 9 12 1 1 100 1 100 1 100 1 1 1 5 0 1 1 1 1 1 1 1 3 1 3 1 3 1 1 1 1 1 1 1 1 1 1 1 1 1 1 1 1 1 1 1 1 1 1 1 1 1 1 1 1 1 1 1 1 1 1 1 1 1 1 1 1 1 1 1 1 1 1 1 1 1 1 1 1 1 1 1 1 1 1 1 1 1 1 1 1 1 1 1 1 1 1 1 1 1 1 1 1 1 1 1 1 1 1 1 1 1 1 1 1 1 1 1 1 1 1 1 1 1 1 1 1 1 1 1 1 1 1 1 1 1 1 1 1 1 1 1 1 1 1 1 1 1 1 1 1 1 1 1 1 1 1 100 1 100 1 1 1 1 1 1 1 1 1 1 1 1 1 100 1 1 1 100 1 1 1 1 1 1 1 1 1 1 1 1 1 1 1 1 1 1 1 1 1 1 16 15 10 12 16 16 15 10 12 16 15 10 100 12 1 1 1 1 1 100 1 1 100 1 1 100 1 100 1 1
staticfield java/lang/invoke/MethodType internTable Ljdk/internal/util/ReferencedKeySet; jdk/internal/util/ReferencedKeySet
staticfield java/lang/invoke/MethodType NO_PTYPES [Ljava/lang/Class; 0 [Ljava/lang/Class;
staticfield java/lang/invoke/MethodType objectOnlyTypes [Ljava/lang/invoke/MethodType; 20 [Ljava/lang/invoke/MethodType;
staticfield java/lang/invoke/MethodType METHOD_HANDLE_ARRAY [Ljava/lang/Class; 1 [Ljava/lang/Class;
staticfield java/lang/invoke/MethodType serialPersistentFields [Ljava/io/ObjectStreamField; 0 [Ljava/io/ObjectStreamField;
staticfield java/lang/invoke/MethodType $assertionsDisabled Z 1
ciInstanceKlass java/lang/BootstrapMethodError 0 0 45 10 100 12 1 1 1 10 12 1 10 12 1 10 100 12 1 1 1 10 100 12 1 1 1 1 1 1 5 0 1 1 1 1 1 1 1 1 1 1 1 100 1 1 1
instanceKlass java/lang/invoke/VolatileCallSite
instanceKlass java/lang/invoke/MutableCallSite
instanceKlass java/lang/invoke/ConstantCallSite
ciInstanceKlass java/lang/invoke/CallSite 1 1 307 10 7 12 1 1 1 10 7 12 1 1 1 9 7 12 1 1 1 10 12 1 1 9 12 1 1 10 7 12 1 1 1 10 12 1 100 1 10 12 1 1 10 12 1 1 9 100 12 1 1 1 10 100 12 1 1 10 12 1 1 100 1 100 1 10 10 100 12 1 1 1 10 12 1 1 8 1 10 12 1 10 12 1 1 10 12 1 10 12 1 1 10 12 1 1 10 10 100 12 1 1 10 12 1 1 9 12 1 9 100 12 1 1 1 8 1 10 7 12 1 1 1 10 12 1 1 100 1 10 12 1 1 9 12 1 8 1 100 1 10 12 1 10 12 1 100 1 8 1 10 10 12 1 10 12 1 1 100 1 10 12 1 1 10 12 1 10 12 1 10 12 1 1 10 12 1 1 9 12 1 1 8 10 12 1 1 9 12 1 1 100 1 10 10 12 1 10 100 12 1 1 1 10 12 1 1 10 12 1 1 10 12 1 10 7 12 1 1 1 100 1 8 1 10 10 12 10 12 1 1 100 1 100 1 100 1 8 1 10 12 1 10 7 12 1 1 1 1 1 1 1 1 1 1 1 1 1 1 1 1 1 1 1 1 1 1 1 1 1 1 1 1 1 1 1 1 1 1 1 1 1 1 1 1 1 1 1 1 1 1 1 1 1 1 1 1 1 1 1 100 1 100 1 1 1 1
staticfield java/lang/invoke/CallSite $assertionsDisabled Z 1
ciInstanceKlass jdk/internal/foreign/abi/NativeEntryPoint 0 0 194 10 100 12 1 1 1 9 100 12 1 1 1 9 12 1 1 100 1 8 1 10 12 1 10 12 1 1 100 1 10 100 12 1 1 1 10 12 1 9 12 1 1 18 12 1 1 10 100 12 1 1 1 10 100 12 1 1 1 9 100 12 1 1 1 100 1 10 8 1 10 12 1 1 10 12 1 10 12 1 1 8 1 10 12 1 1 100 1 8 1 10 12 1 10 12 1 1 10 12 1 9 12 1 1 18 12 1 1 10 100 12 1 1 1 10 12 1 1 10 12 1 10 100 12 1 1 1 10 1 1 1 1 1 1 1 1 1 1 1 1 1 1 1 1 1 1 1 1 1 1 1 1 1 1 1 1 1 1 1 1 1 1 1 1 1 16 1 15 10 12 16 1 16 15 10 12 15 10 100 12 1 1 1 1 1 100 1 1 100 1 100 1 1
ciInstanceKlass jdk/internal/foreign/abi/ABIDescriptor 0 0 55 10 100 12 1 1 1 9 100 12 1 1 1 9 12 1 1 9 12 1 9 12 1 9 12 1 1 9 12 1 9 12 1 1 9 12 1 9 12 1 9 12 1 9 12 1 1 1 1 1 1 1 1 1 1
ciInstanceKlass jdk/internal/foreign/abi/VMStorage 0 0 91 10 100 12 1 1 1 9 100 12 1 1 1 9 12 1 1 9 12 1 1 9 12 1 1 100 1 10 8 1 10 12 1 1 10 12 1 10 12 1 1 10 12 1 18 12 1 18 12 1 1 18 12 1 1 1 1 1 1 1 1 1 1 1 1 1 1 1 1 1 1 1 8 1 15 15 15 15 15 10 100 12 1 1 1 1 100 1 100 1 1
ciInstanceKlass jdk/internal/foreign/abi/UpcallLinker$CallRegs 0 0 66 10 100 12 1 1 1 9 100 12 1 1 1 9 12 1 18 12 1 1 18 12 1 1 18 12 1 1 1 1 1 1 1 1 1 1 1 1 1 1 1 1 1 1 100 1 1 1 8 1 15 15 15 10 100 12 1 1 1 1 1 100 1 100 1 1
ciInstanceKlass java/lang/invoke/MethodHandleNatives$CallSiteContext 1 1 49 10 7 12 1 1 1 7 1 10 10 7 12 1 1 1 10 7 12 1 1 1 10 7 12 1 1 1 100 1 1 1 1 1 1 1 1 1 1 1 1 1 1 1 1 1 100 1 1
ciInstanceKlass java/lang/invoke/ConstantCallSite 1 1 65 10 7 12 1 1 1 9 7 12 1 1 1 9 12 1 1 10 7 12 1 1 1 10 12 1 100 1 10 12 9 12 1 1 100 1 10 10 12 1 1 10 12 1 1 1 1 1 1 1 1 1 1 1 1 1 100 1 1 1 1 1 1 1 1
staticfield java/lang/invoke/ConstantCallSite UNSAFE Ljdk/internal/misc/Unsafe; jdk/internal/misc/Unsafe
ciInstanceKlass java/lang/invoke/MutableCallSite 0 0 63 10 100 12 1 1 1 10 12 1 9 100 12 1 1 1 10 12 1 10 12 1 1 9 12 1 1 10 100 12 1 1 1 10 100 12 1 1 1 10 12 1 1 1 1 1 1 1 1 1 1 1 1 1 1 1 1 1 1 100 1 1 1
ciInstanceKlass java/lang/invoke/VolatileCallSite 0 0 37 10 100 12 1 1 1 10 12 1 10 100 12 1 1 1 10 12 1 10 12 1 1 1 1 1 1 1 1 1 1 1 1 1 1 1 1
ciInstanceKlass java/lang/AssertionStatusDirectives 0 0 24 10 100 12 1 1 1 100 1 1 1 1 1 1 1 1 1 1 1 1 1 1 1 1
ciInstanceKlass java/lang/Appendable 1 0 14 100 1 100 1 1 1 1 100 1 1 1 1 1
instanceKlass java/lang/StringBuilder
instanceKlass java/lang/StringBuffer
ciInstanceKlass java/lang/AbstractStringBuilder 1 1 605 7 1 10 7 12 1 1 1 9 7 12 1 1 1 9 12 1 9 12 1 1 9 12 1 1 10 7 12 1 1 1 10 12 1 1 7 1 3 3 10 12 1 10 12 1 1 11 7 1 100 1 100 1 10 8 1 10 12 1 10 12 1 10 12 1 1 10 12 1 10 12 1 9 12 1 10 12 1 9 12 1 1 10 12 1 1 10 7 12 1 1 1 10 10 12 1 10 12 1 10 12 1 1 10 12 1 1 10 7 12 1 1 1 10 7 12 1 1 1 100 1 8 1 10 10 12 1 1 100 1 10 12 10 12 1 1 10 10 12 1 1 10 12 1 1 10 12 1 1 10 12 1 1 10 10 7 12 1 1 1 10 12 1 100 1 10 10 100 12 1 1 1 9 12 1 1 9 12 1 10 12 1 1 10 10 12 1 1 10 12 10 12 1 10 12 1 1 10 12 1 1 10 12 1 1 10 12 1 10 12 1 1 10 12 1 1 10 12 1 10 12 1 1 8 1 10 12 1 1 10 12 1 10 12 1 10 12 1 10 12 1 10 12 1 10 12 1 10 7 12 1 1 10 12 1 10 12 1 10 100 12 1 1 1 100 1 100 1 10 12 1 10 100 12 1 1 10 12 1 10 12 1 10 12 1 10 12 1 1 10 12 1 10 12 1 1 10 12 1 1 10 10 7 12 1 1 1 10 12 1 10 12 1 10 12 1 1 10 12 1 10 12 1 10 12 1 10 12 1 10 12 1 10 12 1 10 12 1 10 12 1 10 12 1 1 10 12 1 10 12 1 10 12 10 12 1 1 18 12 1 1 100 1 10 100 12 1 1 1 18 10 12 1 1 10 12 1 10 12 1 1 11 12 1 1 10 12 1 10 12 10 12 1 10 10 10 12 1 10 5 0 10 10 12 1 1 100 1 8 1 10 10 12 1 1 10 100 12 1 1 1 10 12 1 10 12 1 1 100 1 10 12 100 1 10 100 1 10 100 1 1 1 1 1 1 1 1 1 1 1 100 1 1 1 1 1 1 1 1 1 1 1 1 1 1 1 1 1 1 1 1 1 1 1 1 1 1 1 1 1 1 1 1 1 1 1 1 1 1 1 1 1 1 1 1 1 1 1 1 1 1 1 1 1 1 1 1 1 1 1 1 1 1 1 1 1 1 1 1 1 1 1 1 1 1 1 1 1 1 1 1 1 1 1 1 1 1 1 1 1 1 1 1 1 1 1 1 1 1 1 1 100 1 1 1 1 1 1 1 1 1 1 1 1 1 1 1 1 1 100 1 1 1 1 1 1 100 1 1 16 1 15 10 12 16 15 10 12 15 10 100 12 1 1 1 1 1 1 1 100 1 100 1 1
staticfield java/lang/AbstractStringBuilder EMPTYVALUE [B 0
ciInstanceKlass java/lang/StringBuffer 1 1 483 10 7 12 1 1 1 10 12 1 10 12 1 10 12 1 1 9 7 12 1 1 1 10 12 1 1 10 12 1 10 12 1 1 9 12 1 1 10 12 1 10 12 1 1 10 12 1 1 10 12 1 10 12 1 1 10 12 1 10 12 1 1 10 12 1 1 10 7 12 1 1 1 10 12 1 1 10 12 1 10 12 1 10 12 1 10 12 1 10 12 1 10 12 1 10 12 1 10 12 1 10 12 1 10 12 1 10 12 1 10 12 1 10 12 1 10 12 1 1 10 12 1 10 12 1 1 10 12 1 1 10 10 12 1 1 10 12 1 10 12 1 10 12 1 10 12 1 10 12 1 10 12 1 10 12 10 12 1 10 12 1 10 12 1 10 12 1 1 10 12 1 10 12 1 10 10 12 1 1 10 12 1 10 12 1 10 12 1 10 10 100 12 1 1 1 10 10 12 1 1 9 12 1 1 10 100 12 1 1 10 100 1 8 10 100 12 1 1 1 8 10 12 1 8 1 10 12 1 10 12 1 10 100 12 1 1 1 10 100 12 1 1 1 7 1 10 12 100 1 8 1 10 10 12 1 1 10 12 1 1 10 12 1 10 12 1 10 12 1 1 10 12 1 10 12 1 10 12 1 10 12 1 10 12 1 10 12 10 12 1 10 12 1 10 12 1 10 12 1 10 12 1 10 12 1 10 12 1 10 12 1 10 12 1 10 12 1 10 12 10 12 10 12 1 10 12 1 10 12 1 10 12 10 12 1 10 12 1 10 12 1 10 12 1 10 12 1 10 12 1 10 12 1 10 12 1 10 12 1 10 12 1 10 12 1 7 1 10 12 1 9 7 12 1 1 1 9 7 1 9 12 1 1 100 1 100 1 100 1 100 1 1 1 1 5 0 1 1 1 1 1 1 1 1 1 1 1 1 1 1 1 1 1 1 1 1 1 1 1 1 1 1 1 1 1 1 1 1 1 1 1 1 1 1 1 1 1 1 1 1 1 1 1 1 1 1 1 1 1 1 1 1 1 1 1 1 1 100 1 1 1 1 1 100 1 1 1 1 1 1 1 1 1 1 1 1 1 1 1 1 1 1
staticfield java/lang/StringBuffer serialPersistentFields [Ljava/io/ObjectStreamField; 3 [Ljava/io/ObjectStreamField;
ciInstanceKlass java/lang/StringBuilder 1 1 422 10 7 12 1 1 1 10 12 1 10 12 1 10 12 1 1 10 7 12 1 1 1 10 7 12 1 1 1 10 12 1 10 12 1 10 12 1 10 12 1 10 12 1 10 12 1 10 12 1 10 12 1 10 12 1 10 12 1 10 12 1 10 12 1 10 12 1 10 12 1 1 10 12 1 10 12 1 1 10 12 1 1 10 12 1 10 12 1 10 12 1 10 12 1 10 12 1 10 12 1 10 12 1 10 12 10 12 1 10 12 1 10 12 1 10 12 1 1 10 12 1 10 12 1 10 12 10 12 1 1 10 12 1 10 12 1 10 12 1 10 100 12 1 1 1 9 12 1 1 10 12 1 10 12 1 1 10 12 1 1 9 12 1 1 10 100 12 1 1 1 10 100 1 10 12 1 1 10 100 12 1 1 10 12 1 10 12 1 1 100 1 100 1 8 1 10 10 12 1 1 10 12 1 10 12 1 10 12 1 1 10 12 1 10 12 1 10 12 1 10 12 1 10 12 1 10 12 10 12 1 10 12 1 10 12 1 10 12 1 10 12 1 10 12 1 10 12 1 10 12 1 10 12 1 1 10 12 1 1 10 12 1 10 12 1 10 12 1 10 12 10 12 10 12 1 10 12 1 10 12 1 10 12 10 12 1 10 12 1 10 12 1 10 12 1 10 12 1 10 12 1 10 12 1 10 12 1 10 12 1 1 10 12 1 10 12 1 1 10 12 1 10 12 1 1 10 12 1 10 12 1 1 10 12 1 10 12 1 10 12 1 10 10 12 1 10 12 1 100 1 100 1 100 1 100 1 1 1 1 5 0 1 1 1 1 1 1 1 1 1 1 1 1 1 1 1 1 1 1 1 1 1 1 1 1 1 1 1 1 1 1 1 1 1 1 1 1 1 1 1 1 1 1 1 1 100 1 1 1 100 1 1 1 1 1 1 1 1 1 1 1
ciInstanceKlass jdk/internal/misc/UnsafeConstants 1 1 34 10 100 12 1 1 1 9 7 12 1 1 1 9 12 1 9 12 1 1 9 12 1 9 12 1 1 1 1 1 1 1 1 1
staticfield jdk/internal/misc/UnsafeConstants ADDRESS_SIZE0 I 8
staticfield jdk/internal/misc/UnsafeConstants PAGE_SIZE I 4096
staticfield jdk/internal/misc/UnsafeConstants BIG_ENDIAN Z 0
staticfield jdk/internal/misc/UnsafeConstants UNALIGNED_ACCESS Z 1
staticfield jdk/internal/misc/UnsafeConstants DATA_CACHE_LINE_FLUSH_SIZE I 0
ciInstanceKlass jdk/internal/misc/Unsafe 1 1 1287 10 7 12 1 1 1 9 7 12 1 1 1 9 12 1 1 10 12 1 1 10 7 12 1 1 1 10 12 1 1 10 12 1 1 10 12 1 1 10 12 1 1 10 12 1 1 10 12 1 1 10 12 1 1 10 12 1 1 10 12 1 1 10 12 1 1 10 12 1 1 10 12 1 1 10 12 1 1 10 12 1 10 12 1 100 1 10 10 12 1 1 10 12 1 1 5 0 10 12 1 1 10 12 1 1 10 7 12 1 1 1 10 12 1 1 10 12 1 10 12 1 10 12 1 1 10 12 1 1 10 12 1 10 12 1 100 1 100 1 10 8 1 10 12 1 1 10 12 1 8 1 10 12 1 1 10 12 1 10 12 1 10 12 1 1 10 12 1 10 12 1 1 10 12 1 1 10 12 1 10 12 1 10 12 1 10 12 1 1 10 12 1 10 12 1 10 12 1 1 10 12 1 5 0 5 0 5 0 10 12 1 10 12 1 10 12 1 10 12 1 10 12 1 10 12 1 10 12 1 10 12 1 10 12 1 1 10 12 1 10 12 1 100 1 8 1 10 100 1 10 10 12 1 1 10 12 1 1 10 12 1 10 12 1 1 10 12 1 1 10 12 1 10 12 1 1 10 12 1 9 7 12 1 1 9 12 1 100 1 10 10 12 1 1 8 1 10 8 1 8 1 10 12 1 1 9 7 12 1 1 1 9 100 1 9 7 1 9 100 1 9 9 100 1 9 7 1 9 100 1 10 12 1 1 10 12 1 1 10 12 1 1 10 12 1 1 5 0 5 0 9 12 1 1 10 12 1 10 12 1 10 12 1 1 10 12 1 1 10 12 1 8 1 3 10 12 1 1 10 12 1 1 10 12 1 10 12 1 1 10 12 1 1 10 12 1 10 12 1 10 12 1 10 12 1 10 12 1 10 12 1 1 10 12 1 1 10 12 1 10 12 1 10 12 1 10 12 1 10 12 1 10 12 1 1 10 12 1 1 10 12 1 10 12 1 10 12 1 10 12 1 10 12 1 10 12 1 1 10 12 1 1 10 12 1 1 10 12 1 1 10 12 1 10 12 1 10 12 1 10 12 1 10 12 1 10 12 1 10 12 1 1 10 12 1 1 10 12 1 10 12 1 10 12 1 10 12 1 10 12 1 10 12 1 10 12 1 1 10 12 1 1 10 12 1 10 12 1 10 12 1 10 12 1 10 12 1 10 12 1 10 12 1 10 12 1 1 10 12 1 10 12 1 10 12 1 10 12 1 10 12 1 1 10 12 1 10 12 1 10 12 1 10 12 1 10 12 1 10 12 1 10 12 1 10 12 1 1 10 12 1 10 12 1 10 12 1 10 12 1 10 12 1 10 12 1 1 10 12 1 10 12 1 10 12 1 1 10 12 1 10 12 1 10 12 1 10 12 1 10 12 1 10 12 1 10 12 1 10 12 1 10 12 1 10 12 1 10 12 1 10 12 1 10 12 1 10 12 1 10 12 1 10 12 1 10 12 1 10 12 1 10 12 1 10 12 1 10 12 1 10 12 1 10 12 1 100 1 10 100 1 10 9 12 1 5 0 10 12 1 1 5 0 10 12 1 5 0 10 12 1 10 12 1 10 12 1 1 10 12 1 1 10 12 1 10 12 1 10 12 1 10 12 1 1 10 12 1 10 12 1 10 12 1 10 12 1 10 12 1 1 10 12 1 10 12 1 10 12 1 10 12 1 1 10 12 1 10 12 1 10 12 1 1 10 12 1 10 12 1 10 12 1 10 12 1 1 10 12 1 10 10 12 1 1 10 12 1 10 12 1 1 10 12 1 10 12 5 0 5 0 5 0 10 12 1 1 10 12 1 10 12 1 10 12 10 100 12 1 1 8 1 100 1 11 12 1 1 8 1 11 12 1 1 10 100 12 1 1 10 12 1 10 12 1 10 12 1 10 12 1 10 12 1 1 10 12 1 10 12 1 10 12 1 10 12 1 10 12 1 10 12 1 10 7 1 10 12 1 9 12 1 7 1 9 12 1 7 1 9 12 1 7 1 9 12 1 7 1 9 12 1 7 1 9 12 1 7 1 9 12 1 7 1 9 12 1 7 1 9 12 1 10 12 1 9 12 1 9 12 1 9 12 1 9 12 1 9 12 1 9 12 1 9 12 1 9 12 1 9 12 1 9 12 1 1 1 3 1 1 1 1 1 1 1 1 1 1 1 1 1 1 1 1 1 1 1 1 1 1 1 1 1 1 1 1 1 1 1 1 1 1 1 1 1 1 1 1 1 1 1 1 1 1 1 1 1 1 1 1 1 1 1 1 1 1 1 1 1 1 1 1 1 1 1 1 1 1 1 1 1 1 1 1 1 1 1 1 1 1 1 1 1 1 1 1 1 100 1 1 1 1 1 1 1 1 1 1 1 1 1 1 1 1 1 1 1 1 1 1 1 1 1 1 1 1 1 1 1 1 1 1 1 1 1 1 1 1 1 1 1 1 1 1 1 1 1 1 1 1 1 1 1 1 1 1 1 1 1 1 1 1 1 1 1 1 1 1 1 1 1 1 1 1 1 1 1 1 1 1 1 1 1 1 1 1 1 1 1 1 1 1 1 1 1 1 1 1 1 1 1 1 1 1 1 1 1 1 1 1 1 1 1 1 1 1 1 1 1 1 1 1 1 1 1 1 1 1 1 1 1 1 1 1 1 1 1 1 1 1 1 1 1 1 1 1 1 1 1 1 1 1 1 1 1 1 1 1 1 1 1 1 1 1 1 1 1 1 1 1 1 1 1 1 1 1 1 1 1 1 1 1 1 1 1 1 1 1 1 1 1 1 1 1 1 1 1 1 1 1 1 1 1 1 3 1 1 1 1 1 1 1 1 1 1 1 1 1 1 1 1 1 1 1 1 1
staticfield jdk/internal/misc/Unsafe theUnsafe Ljdk/internal/misc/Unsafe; jdk/internal/misc/Unsafe
staticfield jdk/internal/misc/Unsafe ARRAY_BOOLEAN_BASE_OFFSET I 16
staticfield jdk/internal/misc/Unsafe ARRAY_BYTE_BASE_OFFSET I 16
staticfield jdk/internal/misc/Unsafe ARRAY_SHORT_BASE_OFFSET I 16
staticfield jdk/internal/misc/Unsafe ARRAY_CHAR_BASE_OFFSET I 16
staticfield jdk/internal/misc/Unsafe ARRAY_INT_BASE_OFFSET I 16
staticfield jdk/internal/misc/Unsafe ARRAY_LONG_BASE_OFFSET I 16
staticfield jdk/internal/misc/Unsafe ARRAY_FLOAT_BASE_OFFSET I 16
staticfield jdk/internal/misc/Unsafe ARRAY_DOUBLE_BASE_OFFSET I 16
staticfield jdk/internal/misc/Unsafe ARRAY_OBJECT_BASE_OFFSET I 16
staticfield jdk/internal/misc/Unsafe ARRAY_BOOLEAN_INDEX_SCALE I 1
staticfield jdk/internal/misc/Unsafe ARRAY_BYTE_INDEX_SCALE I 1
staticfield jdk/internal/misc/Unsafe ARRAY_SHORT_INDEX_SCALE I 2
staticfield jdk/internal/misc/Unsafe ARRAY_CHAR_INDEX_SCALE I 2
staticfield jdk/internal/misc/Unsafe ARRAY_INT_INDEX_SCALE I 4
staticfield jdk/internal/misc/Unsafe ARRAY_LONG_INDEX_SCALE I 8
staticfield jdk/internal/misc/Unsafe ARRAY_FLOAT_INDEX_SCALE I 4
staticfield jdk/internal/misc/Unsafe ARRAY_DOUBLE_INDEX_SCALE I 8
staticfield jdk/internal/misc/Unsafe ARRAY_OBJECT_INDEX_SCALE I 4
staticfield jdk/internal/misc/Unsafe ADDRESS_SIZE I 8
ciInstanceKlass jdk/internal/module/Modules 1 1 504 10 100 12 1 1 1 9 7 12 1 1 1 11 7 12 1 1 1 11 12 1 1 11 12 1 1 11 12 1 1 11 12 1 11 12 1 11 12 1 11 12 1 11 12 1 1 10 100 12 1 1 1 10 100 12 1 1 1 18 12 1 1 10 100 12 1 1 1 100 1 10 100 12 1 1 1 10 100 12 1 1 1 10 100 12 1 1 10 12 1 1 11 12 1 9 12 1 1 11 100 12 1 1 1 10 12 1 1 10 10 12 1 10 9 12 1 1 10 100 12 1 1 10 12 1 1 10 100 12 1 1 100 1 11 100 12 1 1 1 10 100 12 1 1 1 11 100 12 1 1 10 12 1 1 10 100 12 1 1 10 100 12 1 1 1 10 12 1 1 10 12 1 1 11 12 1 1 18 12 1 1 11 100 12 1 1 10 100 12 1 1 1 11 100 12 1 1 1 100 1 11 12 1 1 11 100 12 1 1 1 11 12 1 1 10 12 1 1 10 100 12 1 1 18 12 1 1 11 12 1 1 18 12 1 1 11 12 1 1 10 12 1 18 18 10 12 1 1 9 12 1 1 11 100 12 1 1 1 100 1 10 11 12 1 11 12 1 1 11 12 1 1 10 100 1 10 12 1 1 10 100 12 1 1 10 12 1 1 11 12 10 12 1 1 100 1 10 18 12 1 10 12 1 1 100 1 8 1 10 12 1 10 100 12 1 1 18 12 1 11 11 12 10 12 1 10 10 100 1 18 12 1 10 10 10 7 12 1 1 10 7 12 1 1 1 10 12 1 1 1 1 1 1 1 1 1 1 1 1 1 1 1 1 1 1 1 1 1 1 1 1 1 1 1 1 1 1 1 1 1 100 1 1 1 1 1 1 1 1 1 1 1 1 1 1 1 1 1 1 1 1 1 1 1 1 1 1 1 1 1 1 1 1 1 1 1 100 1 1 1 1 1 1 1 1 1 1 1 1 1 1 1 1 1 1 1 1 1 1 1 16 15 10 12 1 16 16 15 10 12 1 16 1 16 1 15 10 12 1 16 1 16 1 15 10 12 16 1 15 10 16 1 15 10 12 16 1 15 10 12 16 15 10 12 16 15 10 12 15 10 100 12 1 1 1 1 1 1 100 1 100 1 1
staticfield jdk/internal/module/Modules JLA Ljdk/internal/access/JavaLangAccess; java/lang/System$2
staticfield jdk/internal/module/Modules JLMA Ljdk/internal/access/JavaLangModuleAccess; java/lang/module/ModuleDescriptor$1
staticfield jdk/internal/module/Modules $assertionsDisabled Z 1
ciInstanceKlass java/lang/AutoCloseable 1 0 12 100 1 100 1 1 1 1 100 1 1 1
ciInstanceKlass java/io/Closeable 1 0 14 100 1 100 1 100 1 1 1 1 100 1 1 1
instanceKlass sun/nio/ch/ChannelInputStream
instanceKlass java/util/zip/ZipFile$ZipFileInputStream
instanceKlass java/io/FilterInputStream
instanceKlass java/io/FileInputStream
instanceKlass java/io/ByteArrayInputStream
ciInstanceKlass java/io/InputStream 1 1 195 100 1 10 7 12 1 1 1 100 1 10 10 7 12 1 1 1 10 7 12 1 1 1 10 12 1 100 1 3 10 12 1 1 100 1 8 1 10 12 1 10 7 12 1 1 1 3 100 1 8 1 10 10 100 12 1 1 1 100 1 10 11 100 12 1 1 1 10 12 1 1 11 12 1 1 11 100 12 1 1 1 11 12 1 1 100 1 10 100 12 1 1 1 5 0 10 12 1 10 12 1 1 100 1 10 8 1 10 8 1 8 1 10 12 1 1 10 100 12 1 1 1 100 1 5 0 10 12 1 100 1 100 1 1 1 1 3 1 3 1 1 1 1 1 1 1 1 1 1 1 1 1 1 1 1 1 1 1 1 1 1 1 1 1 1 1 1 1 1 1 1 1 1 1 1 1 1 1 1 1 1 1 1 1 1 1 1 1 1 1 1 1 1 1
ciInstanceKlass java/io/ByteArrayInputStream 1 1 117 10 7 12 1 1 1 9 7 12 1 1 1 9 12 1 1 9 12 1 9 12 1 10 100 12 1 1 1 10 7 12 1 1 1 10 7 12 1 1 1 10 100 12 1 1 1 10 12 1 1 3 10 100 1 10 100 12 1 1 1 9 12 1 1 100 1 10 10 7 12 1 1 1 1 1 1 1 1 1 1 1 1 1 1 1 1 1 1 1 1 1 1 1 1 1 1 1 1 1 1 1 100 1 1 1 1 1 1 1 1 1 1 1 1 1 1
staticfield java/io/ByteArrayInputStream $assertionsDisabled Z 1
ciInstanceKlass java/net/URL 1 1 771 10 7 12 1 1 1 10 12 1 10 7 12 1 1 9 12 1 1 9 12 1 10 7 12 1 1 1 10 12 1 1 10 12 1 1 9 12 1 1 10 7 12 1 1 1 8 1 10 12 1 1 100 1 10 10 12 1 1 8 1 10 12 1 1 9 12 1 100 1 8 1 10 12 1 10 12 1 8 1 9 12 1 10 12 1 1 9 12 1 10 12 1 10 12 1 9 12 1 9 12 1 8 1 9 12 1 10 12 1 1 8 1 9 12 1 1 10 12 1 1 10 7 12 1 1 1 8 1 10 12 1 7 1 10 12 1 10 12 1 10 12 1 10 12 1 1 10 12 1 1 8 1 10 12 1 1 10 12 1 8 1 9 12 1 8 1 10 12 1 10 7 12 1 1 1 100 1 10 12 1 10 12 1 1 10 7 12 1 1 1 100 1 8 1 10 10 12 1 8 1 10 12 1 1 10 12 1 10 12 1 10 12 1 10 12 1 10 12 1 10 12 1 8 1 10 12 1 8 1 10 10 100 1 10 10 12 1 8 1 10 7 12 1 1 1 10 12 1 9 100 12 1 1 1 10 100 12 1 1 1 9 12 1 1 10 12 1 10 100 12 1 1 1 100 1 100 1 10 12 1 10 12 1 10 12 1 10 12 1 10 12 1 10 12 10 10 12 1 10 12 1 10 12 1 1 8 1 9 100 12 1 1 1 10 100 12 1 1 1 10 12 1 1 9 100 12 1 1 1 10 12 1 1 100 1 10 12 1 10 12 1 10 10 12 1 1 10 12 1 1 10 12 1 10 12 1 10 12 1 10 7 12 1 1 1 10 12 1 1 10 12 1 9 12 1 1 9 12 1 1 100 1 8 1 10 10 12 1 9 12 1 1 10 7 12 1 1 8 1 10 7 12 1 1 8 1 10 12 1 1 10 12 1 8 1 8 1 10 7 12 1 1 1 100 1 10 100 12 1 1 1 10 12 1 10 12 1 100 1 10 9 100 12 1 1 1 10 100 12 1 1 10 12 1 1 10 12 1 8 1 100 1 10 10 100 12 1 1 1 10 12 1 8 9 100 12 1 1 1 10 12 1 1 10 12 1 10 12 1 1 10 7 12 1 1 11 7 12 1 1 10 12 1 10 12 1 9 12 1 10 12 1 1 10 100 12 1 1 10 100 12 1 1 1 8 10 100 12 1 1 100 1 10 8 8 10 12 1 8 8 8 100 1 10 12 1 9 12 1 1 10 12 1 10 12 1 1 10 12 1 10 12 10 12 1 1 10 12 1 1 10 10 10 12 1 10 12 1 10 12 1 10 12 1 10 12 1 10 10 12 1 100 1 8 1 10 10 10 12 1 1 10 12 1 10 12 1 1 8 1 7 1 10 10 7 1 10 12 1 9 7 12 1 1 1 9 12 1 1 7 1 10 10 7 12 1 1 1 100 1 1 1 1 1 5 0 1 1 1 1 1 1 1 1 1 1 1 1 1 1 1 1 1 1 1 1 1 1 1 1 1 1 1 1 1 1 1 1 1 1 1 1 1 1 1 1 1 1 1 1 1 1 1 1 100 1 1 1 1 1 1 1 1 1 1 1 1 1 1 1 1 1 1 1 1 1 1 1 1 1 1 1 1 1 1 1 1 1 1 1 1 1 100 1 1 1 1 1 1 1 1 1 1 1 1 1 1 1 1 1 100 1 1 1 1 1 1 1 1 1 1 1 1 1 1 1 1 1 1 1
staticfield java/net/URL defaultFactory Ljava/net/URLStreamHandlerFactory; java/net/URL$DefaultFactory
staticfield java/net/URL streamHandlerLock Ljava/lang/Object; java/lang/Object
staticfield java/net/URL serialPersistentFields [Ljava/io/ObjectStreamField; 7 [Ljava/io/ObjectStreamField;
ciInstanceKlass java/net/URLClassLoader 1 1 600 10 7 12 1 1 1 7 1 10 12 1 9 7 12 1 1 1 10 7 12 1 1 1 9 12 1 1 7 1 10 12 1 9 12 1 1 10 12 1 10 10 12 1 10 100 12 1 1 1 10 12 1 1 10 7 12 1 1 1 10 7 12 1 1 1 100 1 10 12 1 1 10 12 1 1 10 12 1 1 100 1 100 1 10 7 12 1 1 1 100 1 8 1 10 12 1 10 100 12 1 1 1 10 12 1 1 10 12 1 1 11 100 12 1 1 1 11 100 12 1 1 1 11 12 1 1 100 1 11 12 1 11 100 12 1 1 10 12 1 11 12 1 11 12 1 1 11 10 12 1 1 10 12 1 1 10 12 1 1 7 1 10 12 1 10 12 1 1 7 1 100 1 10 12 1 1 100 1 10 10 12 1 1 10 7 12 1 1 10 12 1 100 1 100 1 10 8 1 10 12 1 1 8 1 10 12 1 1 10 10 12 1 8 1 8 1 10 12 1 1 10 7 12 1 1 1 10 7 12 1 1 1 10 12 1 1 10 12 1 1 10 12 1 1 10 12 1 10 12 1 100 1 100 1 8 1 10 12 1 10 12 1 1 10 12 1 1 7 1 10 12 1 10 7 12 1 1 1 10 12 1 1 10 12 1 1 10 12 1 1 10 12 1 10 7 12 1 1 1 10 12 1 1 8 1 10 12 1 1 11 7 12 1 1 1 9 7 12 1 1 1 10 7 12 1 1 1 9 12 1 9 12 1 9 12 1 9 12 1 9 12 1 9 12 1 10 7 12 1 1 1 8 1 10 12 1 1 100 1 10 10 12 1 10 12 1 1 10 12 1 1 100 1 10 12 1 10 12 1 1 10 12 1 10 12 1 1 7 1 10 7 12 1 1 9 7 12 1 1 1 10 12 1 8 1 100 1 8 1 10 12 1 10 12 1 8 1 10 12 1 10 12 1 9 12 1 1 10 100 12 1 1 10 12 1 10 12 1 10 100 1 8 1 10 100 1 10 12 1 10 7 12 1 100 1 10 12 1 10 12 1 100 1 10 10 7 12 1 1 1 1 1 1 1 1 1 1 1 1 1 1 1 1 1 1 1 1 1 1 1 1 1 1 1 1 1 1 1 1 1 1 1 1 1 100 1 100 1 100 1 100 1 1 1 1 1 1 1 1 1 1 1 1 1 1 1 1 1 1 1 1 1 1 1 1 1 1 1 1 1 1 1 1 1 1 1 1 1 1 1 1 1 1 1 1 1 1 100 1 1 1 1 1 1 1 1 1 1 1 1 1 1 1 1 1 1 1 1 1 1 1 1 1 1 1 1 1 1 1 1 1 1 1 1 1 100 1 1 1
instanceKlass org/ballerinalang/model/tree/DocumentationReferenceType
instanceKlass io/ballerina/artifactsgenerator/Artifact$Type
instanceKlass io/ballerina/artifactsgenerator/Artifact$Scope
instanceKlass org/eclipse/lsp4j/DiagnosticSeverity
instanceKlass io/ballerina/tools/diagnostics/DiagnosticPropertyKind
instanceKlass org/ballerinalang/langserver/commons/eventsync/EventKind
instanceKlass org/wso2/ballerinalang/compiler/semantics/analyzer/Types$BasicTypes
instanceKlass io/ballerina/compiler/api/symbols/AnnotationAttachPoint
instanceKlass io/ballerina/compiler/api/symbols/Qualifier
instanceKlass io/ballerina/compiler/api/symbols/SymbolKind
instanceKlass io/ballerina/compiler/api/symbols/TypeDescKind
instanceKlass io/ballerina/projects/CompilerPluginKind
instanceKlass org/ballerinalang/util/diagnostic/DiagnosticWarningCode
instanceKlass org/wso2/ballerinalang/compiler/semantics/analyzer/IsolationAnalyzer$IsolationInferenceKind
instanceKlass org/wso2/ballerinalang/compiler/semantics/analyzer/DataflowAnalyzer$InitStatus
instanceKlass org/wso2/ballerinalang/compiler/semantics/analyzer/CodeAnalyzer$DefaultValueState
instanceKlass io/ballerina/types/definition/Member$Kind
instanceKlass io/ballerina/types/definition/Member$Visibility
instanceKlass io/ballerina/types/definition/ObjectQualifiers$NetworkQualifier
instanceKlass org/wso2/ballerinalang/compiler/semantics/analyzer/Types$TypeTestResult
instanceKlass io/ballerina/types/BddMemo$MemoStatus
instanceKlass org/wso2/ballerinalang/compiler/semantics/analyzer/Types$ContextOption
instanceKlass java/util/stream/MatchOps$MatchKind
instanceKlass org/ballerinalang/util/diagnostic/DiagnosticErrorCode
instanceKlass org/wso2/ballerinalang/compiler/util/FieldKind
instanceKlass org/wso2/ballerinalang/compiler/tree/statements/BLangBlockStmt$FailureBreakMode
instanceKlass org/ballerinalang/model/tree/NodeKind
instanceKlass org/ballerinalang/model/tree/SourceKind
instanceKlass io/ballerina/compiler/internal/parser/DocumentationParser$ReferenceGenre
instanceKlass io/ballerina/projects/SemanticVersion$VersionCompatibilityResult
instanceKlass io/ballerina/projects/util/ProjectUtils$CompatibleRange
instanceKlass io/ballerina/projects/internal/ModuleResolver$DirectPackageDependencyKind
instanceKlass io/ballerina/projects/internal/PackageDependencyGraphBuilder$NodeStatus
instanceKlass io/ballerina/compiler/internal/parser/TypePrecedence
instanceKlass io/ballerina/compiler/internal/diagnostics/DiagnosticErrorCode
instanceKlass io/ballerina/compiler/internal/parser/ParserRuleContext
instanceKlass io/ballerina/compiler/internal/parser/OperatorPrecedence
instanceKlass io/ballerina/compiler/internal/parser/KeywordMode
instanceKlass io/ballerina/compiler/internal/parser/ParserMode
instanceKlass io/ballerina/projects/JvmTarget
instanceKlass com/google/common/cache/RemovalCause
instanceKlass io/ballerina/projects/BuildOptions$OptionName
instanceKlass org/apache/commons/text/translate/NumericEntityUnescaper$OPTION
instanceKlass org/apache/commons/lang3/Range$ComparableComparator
instanceKlass org/ballerinalang/model/tree/OperatorKind
instanceKlass org/ballerinalang/model/elements/AttachPoint$Point
instanceKlass org/wso2/ballerinalang/compiler/semantics/model/symbols/SchedulerPolicy
instanceKlass org/wso2/ballerinalang/compiler/bir/writer/CPEntry$Type
instanceKlass io/ballerina/projects/ModuleCompilationState
instanceKlass io/ballerina/tools/diagnostics/DiagnosticSeverity
instanceKlass io/ballerina/projects/internal/BlendedManifest$DependencyOrigin
instanceKlass io/ballerina/projects/internal/BlendedManifest$DependencyRelation
instanceKlass io/ballerina/projects/environment/ResolutionResponse$ResolutionStatus
instanceKlass java/nio/file/FileTreeWalker$EventType
instanceKlass java/nio/file/FileVisitOption
instanceKlass io/ballerina/projects/environment/PackageLockingMode
instanceKlass io/ballerina/projects/DependencyResolutionType
instanceKlass io/ballerina/projects/PackageDependencyScope
instanceKlass org/wso2/ballerinalang/compiler/util/BArrayState
instanceKlass org/ballerinalang/model/types/TypeKind
instanceKlass java/math/RoundingMode
instanceKlass org/ballerinalang/model/symbols/SymbolKind
instanceKlass io/ballerina/compiler/api/symbols/DiagnosticState
instanceKlass org/ballerinalang/model/symbols/SymbolOrigin
instanceKlass io/ballerina/types/CellAtomicType$CellMutability
instanceKlass io/ballerina/types/Atom$Kind
instanceKlass org/ballerinalang/model/elements/Flag
instanceKlass org/ballerinalang/compiler/CompilerPhase
instanceKlass org/ballerinalang/compiler/CompilerOptionName
instanceKlass java/util/stream/Collector$Characteristics
instanceKlass io/ballerina/toml/semantic/TomlType
instanceKlass io/ballerina/toml/internal/parser/tree/STNodeFlags
instanceKlass io/ballerina/toml/syntax/tree/SyntaxKind
instanceKlass io/ballerina/toml/internal/parser/ParserRuleContext
instanceKlass io/ballerina/toml/internal/parser/ParserMode
instanceKlass io/ballerina/toml/validator/schema/Type
instanceKlass io/ballerina/projects/ProjectKind
instanceKlass com/google/common/cache/LocalCache$NullEntry
instanceKlass java/nio/file/AccessMode
instanceKlass org/eclipse/lsp4j/WorkDoneProgressKind
instanceKlass org/ballerinalang/langserver/LSContextOperation
instanceKlass org/eclipse/lsp4j/MessageType
instanceKlass java/security/DrbgParameters$Capability
instanceKlass sun/security/util/KnownOIDs
instanceKlass org/ballerinalang/langserver/Experimental
instanceKlass org/eclipse/lsp4j/TextDocumentSyncKind
instanceKlass org/eclipse/lsp4j/DiagnosticTag
instanceKlass org/eclipse/lsp4j/PrepareSupportDefaultBehavior
instanceKlass org/eclipse/lsp4j/CompletionItemKind
instanceKlass org/eclipse/lsp4j/CompletionItemTag
instanceKlass org/eclipse/lsp4j/InsertTextMode
instanceKlass org/eclipse/lsp4j/SymbolTag
instanceKlass org/eclipse/lsp4j/SymbolKind
instanceKlass io/ballerina/parsers/Kind
instanceKlass sun/util/locale/provider/LocaleProviderAdapter$Type
instanceKlass java/util/Locale$Category
instanceKlass com/github/zafarkhaja/semver/VersionParser$CharType
instanceKlass java/lang/invoke/MethodHandleImpl$ArrayAccess
instanceKlass java/lang/reflect/ProxyGenerator$PrimitiveTypeInfo
instanceKlass java/lang/annotation/RetentionPolicy
instanceKlass com/google/gson/ReflectionAccessFilter$FilterResult
instanceKlass com/google/gson/stream/JsonToken
instanceKlass com/google/gson/LongSerializationPolicy
instanceKlass com/google/gson/ToNumberPolicy
instanceKlass com/google/gson/FieldNamingPolicy
instanceKlass org/apache/commons/lang3/JavaVersion
instanceKlass io/ballerina/compiler/syntax/tree/SyntaxKind
instanceKlass java/util/regex/Pattern$Qtype
instanceKlass jdk/internal/vm/Continuation$Pinned
instanceKlass com/google/common/cache/LocalCache$EntryFactory
instanceKlass com/google/common/cache/CacheBuilder$NullListener
instanceKlass com/google/common/cache/CacheBuilder$OneWeigher
instanceKlass com/google/common/cache/LocalCache$Strength
instanceKlass jdk/internal/logger/BootstrapLogger$LoggingBackend
instanceKlass java/util/stream/StreamShape
instanceKlass java/util/stream/StreamOpFlag$Type
instanceKlass java/util/stream/StreamOpFlag
instanceKlass java/lang/invoke/MethodHandles$Lookup$ClassOption
instanceKlass java/lang/invoke/VarHandle$AccessType
instanceKlass java/lang/invoke/VarHandle$AccessMode
instanceKlass java/lang/invoke/MethodHandleImpl$Intrinsic
instanceKlass java/lang/invoke/LambdaForm$BasicType
instanceKlass java/lang/invoke/LambdaForm$Kind
instanceKlass sun/invoke/util/Wrapper
instanceKlass java/util/zip/ZipCoder$Comparison
instanceKlass java/nio/file/LinkOption
instanceKlass sun/nio/fs/WindowsPathType
instanceKlass java/nio/file/StandardOpenOption
instanceKlass java/util/concurrent/TimeUnit
instanceKlass java/io/File$PathStatus
instanceKlass java/lang/module/ModuleDescriptor$Requires$Modifier
instanceKlass java/lang/reflect/AccessFlag$Location
instanceKlass java/lang/reflect/AccessFlag
instanceKlass java/lang/module/ModuleDescriptor$Modifier
instanceKlass java/lang/reflect/ClassFileFormatVersion
instanceKlass java/lang/Thread$State
ciInstanceKlass java/lang/Enum 1 1 204 9 7 12 1 1 1 9 12 1 1 10 7 12 1 1 1 9 12 1 10 7 12 1 1 1 100 1 10 10 12 1 1 10 12 1 100 1 10 10 7 12 1 1 10 12 1 1 18 12 1 1 10 100 12 1 1 1 10 12 1 1 11 7 12 1 1 1 100 1 8 1 10 12 1 100 1 100 1 10 8 1 10 12 1 1 10 12 1 1 8 1 10 12 1 10 100 1 8 1 10 10 12 1 1 10 100 12 1 1 1 100 1 100 1 100 1 1 1 1 1 1 1 1 1 1 1 1 1 1 1 1 1 1 1 1 1 1 1 1 1 1 1 1 1 1 1 1 1 1 1 1 1 1 1 1 1 1 1 1 1 1 1 3 1 1 1 1 100 1 100 1 1 100 1 1 1 1 1 1 1 1 1 1 1 16 15 10 12 16 15 10 100 12 1 1 1 1 1 100 1 100 1 1
ciInstanceKlass java/util/jar/Manifest 1 1 339 10 7 12 1 1 1 7 1 10 9 7 12 1 1 1 7 1 10 9 12 1 1 9 12 1 1 10 12 1 10 12 1 1 10 12 1 1 10 12 1 1 10 12 1 1 11 7 1 11 12 1 1 10 12 1 1 10 100 12 1 1 1 100 1 100 1 10 8 1 10 12 1 1 10 12 1 1 10 12 1 10 12 1 11 100 1 10 12 1 10 12 1 1 11 12 1 1 10 12 1 11 12 1 1 11 100 12 1 1 1 11 100 12 1 1 11 12 1 1 100 1 10 12 1 8 1 11 12 1 100 1 10 12 1 1 11 12 1 10 12 1 10 12 1 10 100 12 1 1 1 8 1 10 12 1 1 10 9 100 12 1 1 1 10 12 1 1 10 100 12 1 10 12 1 10 12 1 9 100 12 1 1 1 8 1 10 12 1 8 1 8 1 7 1 10 12 1 10 12 1 10 12 1 1 100 1 8 1 10 12 1 1 8 1 10 10 12 1 1 8 1 10 12 1 1 10 100 12 1 1 1 10 12 1 10 11 12 1 1 10 12 1 10 100 12 1 1 1 10 12 1 1 10 12 1 10 12 1 1 11 10 12 1 11 10 12 1 100 1 1 1 1 1 1 1 1 1 1 1 1 1 1 1 1 1 1 1 1 1 1 1 1 1 1 1 1 1 1 1 1 1 1 1 1 1 1 1 1 1 1 1 100 1 1 1 1 1 1 1 1 1 1 1 1 1 1 100 1 1 1 1 1 1 1 1 1 1 1
instanceKlass jdk/internal/loader/ClassLoaders$BootClassLoader
instanceKlass jdk/internal/loader/ClassLoaders$PlatformClassLoader
instanceKlass jdk/internal/loader/ClassLoaders$AppClassLoader
ciInstanceKlass jdk/internal/loader/BuiltinClassLoader 1 1 737 9 7 12 1 1 1 10 7 12 1 1 1 10 7 12 1 1 1 9 12 1 1 9 12 1 1 7 1 10 12 1 9 12 1 10 12 1 9 12 1 10 7 12 1 1 1 10 7 12 1 1 1 10 7 12 1 1 1 11 7 12 1 1 1 100 1 100 1 10 10 12 1 1 8 1 10 12 1 10 12 7 1 10 12 1 10 12 1 1 11 7 12 1 1 1 11 7 12 1 1 1 11 12 1 1 7 1 8 1 8 1 10 9 12 1 1 10 7 12 1 1 11 12 1 1 10 12 1 1 10 12 1 1 10 12 1 1 10 7 12 1 1 1 10 12 1 10 100 12 1 1 1 10 12 1 1 11 7 12 1 1 1 10 7 12 1 1 100 1 10 7 12 1 1 1 10 12 1 100 1 8 1 10 12 1 1 10 8 1 10 12 1 1 10 12 1 1 10 12 1 1 11 7 12 1 1 11 12 1 7 1 10 11 12 1 1 11 10 12 1 1 7 1 10 12 1 10 7 12 1 10 12 1 7 1 10 12 1 10 7 12 1 1 1 100 1 10 12 1 1 11 12 1 100 1 100 1 10 12 1 10 12 1 1 100 1 100 1 10 12 1 10 12 1 18 12 1 1 10 12 1 10 12 1 1 18 100 1 10 7 12 1 1 1 7 1 10 10 12 1 1 10 12 1 1 10 12 1 1 10 12 1 9 12 1 1 100 1 10 10 12 1 1 10 12 1 1 10 12 1 10 12 10 12 1 1 10 12 1 1 10 12 1 1 10 12 1 10 12 1 1 18 12 1 7 1 10 12 1 1 10 12 1 10 12 1 1 10 12 1 100 1 10 12 1 7 1 10 12 1 10 7 12 1 1 1 10 12 1 11 12 1 7 1 10 12 1 7 1 100 1 10 12 1 10 12 1 11 12 1 1 10 12 1 1 10 12 1 1 10 12 1 1 10 12 1 1 10 12 1 10 12 1 10 12 1 10 12 1 8 1 10 12 1 1 10 7 12 1 1 10 12 1 100 1 8 1 8 1 10 10 12 1 8 1 8 1 10 7 12 1 1 1 11 7 12 1 1 1 9 7 12 1 1 1 10 7 12 1 1 1 9 12 1 9 12 1 9 12 1 9 12 1 9 12 1 9 12 1 10 7 12 1 1 1 8 1 10 12 1 7 1 10 12 1 1 10 12 1 7 1 10 11 12 1 1 10 12 10 12 1 10 12 1 100 1 10 12 1 10 12 1 10 10 12 1 10 7 12 1 1 8 1 10 7 12 1 1 10 12 1 1 1 1 1 1 1 1 1 1 1 1 1 1 1 1 1 1 1 1 1 1 1 1 1 1 1 1 1 1 1 1 1 1 1 1 1 1 1 1 1 1 1 1 1 1 1 1 1 1 1 1 1 1 1 1 100 1 1 1 1 1 1 1 1 1 1 1 1 1 1 1 1 1 1 100 1 100 1 1 1 1 1 1 1 1 1 1 1 1 1 1 1 1 1 1 1 1 1 1 1 1 1 1 1 1 1 1 1 1 1 1 1 1 1 1 1 1 1 1 1 1 1 1 1 1 1 1 1 100 1 1 16 15 10 12 16 15 10 12 16 15 10 12 16 1 15 10 100 12 1 1 1 1 1 100 1 1 1 1 1 100 1 100 1 1
staticfield jdk/internal/loader/BuiltinClassLoader packageToModule Ljava/util/Map; java/util/concurrent/ConcurrentHashMap
staticfield jdk/internal/loader/BuiltinClassLoader $assertionsDisabled Z 1
ciInstanceKlass jdk/internal/loader/ClassLoaders 1 1 183 10 100 12 1 1 1 10 7 12 1 1 1 10 12 1 1 10 100 12 1 1 1 9 7 12 1 1 1 9 12 1 1 9 12 1 1 7 1 11 100 12 1 1 1 100 1 11 12 1 1 11 12 1 1 10 100 12 1 1 1 10 100 12 1 1 1 100 1 100 1 10 7 12 1 1 1 9 12 1 1 10 12 1 1 7 1 10 12 1 1 10 12 1 7 1 8 1 10 7 12 1 1 1 10 12 1 1 7 1 10 12 1 10 12 1 10 12 1 8 1 10 7 12 1 1 8 1 8 1 10 12 1 7 1 10 12 1 10 12 1 10 12 1 1 1 1 1 1 1 1 1 1 1 1 1 1 1 1 1 1 1 1 100 1 1 1 1 1 1 1 1 1 1 1 1 1 1 1 1 1 1 1
staticfield jdk/internal/loader/ClassLoaders JLA Ljdk/internal/access/JavaLangAccess; java/lang/System$2
staticfield jdk/internal/loader/ClassLoaders BOOT_LOADER Ljdk/internal/loader/ClassLoaders$BootClassLoader; jdk/internal/loader/ClassLoaders$BootClassLoader
staticfield jdk/internal/loader/ClassLoaders PLATFORM_LOADER Ljdk/internal/loader/ClassLoaders$PlatformClassLoader; jdk/internal/loader/ClassLoaders$PlatformClassLoader
staticfield jdk/internal/loader/ClassLoaders APP_LOADER Ljdk/internal/loader/ClassLoaders$AppClassLoader; jdk/internal/loader/ClassLoaders$AppClassLoader
ciInstanceKlass jdk/internal/loader/ClassLoaders$AppClassLoader 1 1 119 8 1 10 7 12 1 1 1 10 7 12 1 1 1 10 100 12 1 1 1 10 12 1 1 10 100 12 1 1 1 10 12 1 1 10 12 1 1 7 1 8 1 10 12 10 7 12 1 1 1 10 100 12 1 1 10 12 1 1 10 12 1 1 10 7 12 1 1 1 100 1 10 12 1 1 1 1 1 1 1 1 1 1 1 1 1 1 1 1 1 1 1 1 1 100 1 1 1 1 1 1 1 1 1 1 1 1 1 1 1 1 1 1 1 100 1 1 1
ciInstanceKlass jdk/internal/loader/ClassLoaders$PlatformClassLoader 1 1 42 8 1 10 7 12 1 1 1 10 7 12 1 1 1 100 1 10 12 1 100 1 1 1 1 1 1 1 1 1 1 1 1 1 1 100 1 1 1 100 1 1
ciInstanceKlass java/security/CodeSource 1 1 398 10 7 12 1 1 1 9 7 12 1 1 1 9 12 1 1 9 12 1 1 9 12 1 1 10 7 12 1 1 1 9 12 1 1 10 100 12 1 1 10 100 10 100 12 1 1 1 10 100 12 1 1 1 10 12 1 1 100 1 10 10 100 12 1 1 1 10 100 12 1 1 1 10 12 1 1 100 1 10 12 1 1 10 12 1 1 10 12 1 1 10 12 1 10 10 10 12 1 1 10 100 12 1 1 1 10 12 1 10 12 1 10 12 1 8 1 10 12 1 10 12 1 10 12 1 1 10 12 1 8 1 10 12 1 1 10 100 1 10 10 12 1 1 8 1 10 12 1 10 12 1 10 12 1 8 1 8 1 9 12 1 1 100 1 8 1 10 12 1 10 12 1 1 8 1 10 12 1 8 1 8 1 8 1 10 100 12 1 1 10 12 1 1 10 12 1 10 12 1 1 10 12 1 1 10 12 1 1 100 1 100 1 10 12 1 10 12 10 12 1 1 10 100 12 1 1 10 12 1 100 1 10 12 10 100 12 1 1 1 10 8 1 10 12 1 10 12 1 10 12 1 1 100 1 10 12 1 1 100 1 100 1 8 1 8 1 10 10 12 1 1 10 100 12 1 1 1 100 1 10 12 10 12 1 1 11 100 12 1 1 10 10 12 1 11 10 12 1 8 1 100 1 10 12 1 10 12 1 1 10 12 1 11 12 1 1 100 1 1 1 1 5 0 1 1 1 1 1 1 1 1 1 1 1 1 1 1 1 1 1 1 1 1 1 1 1 1 1 1 1 1 1 1 1 1 1 1 1 1 1 1 1 1 1 1 1 1 1 1 1 1 1 1 1 1 1 1 1 1 1 1 1 1 1 1 1 1 1 1 100 1 1 1 1 1 1 1
ciInstanceKlass java/util/concurrent/ConcurrentMap 1 1 208 11 100 12 1 1 1 10 100 12 1 1 11 12 1 1 11 100 12 1 1 1 11 100 12 1 1 1 11 12 1 1 100 1 11 12 1 11 12 1 100 1 11 100 12 1 1 1 18 12 1 11 12 1 1 11 100 12 1 1 11 12 1 1 11 100 12 1 11 12 1 1 11 12 1 1 100 1 100 1 1 1 1 1 1 1 1 1 1 1 1 1 1 1 1 1 1 1 1 1 1 1 1 1 1 1 1 1 1 1 1 1 1 1 1 1 1 1 1 1 1 1 1 1 1 1 1 1 1 1 1 1 1 1 1 1 1 1 1 16 15 11 12 15 10 100 12 1 1 1 1 1 100 1 100 1 1 1 100 1 8 1 1 12 10 1 1 1 8 1 1 1 8 1 1 8 1 1 1 8 1 1 1 8 1 1 1 8 1 1 1 8 1 1 1 8 1 1 1 8 1 1 1 8 1 1 8 1
instanceKlass java/util/concurrent/ConcurrentSkipListMap
instanceKlass com/google/gson/internal/LinkedTreeMap
instanceKlass com/google/common/cache/LocalCache
instanceKlass java/util/EnumMap
instanceKlass java/util/TreeMap
instanceKlass java/util/IdentityHashMap
instanceKlass java/util/WeakHashMap
instanceKlass java/util/Collections$EmptyMap
instanceKlass sun/util/PreHashedMap
instanceKlass java/util/HashMap
instanceKlass java/util/ImmutableCollections$AbstractImmutableMap
instanceKlass java/util/concurrent/ConcurrentHashMap
ciInstanceKlass java/util/AbstractMap 1 1 196 10 7 12 1 1 1 10 7 12 1 1 1 11 7 12 1 1 1 10 11 12 1 1 11 7 12 1 1 1 11 12 1 1 7 1 11 12 1 10 12 1 1 11 12 1 100 1 10 11 12 1 11 7 1 10 12 1 1 11 12 1 9 12 1 1 7 1 10 12 1 9 12 1 1 100 1 10 11 11 12 1 1 11 12 1 100 1 100 1 11 12 1 8 1 100 1 10 10 12 1 1 8 1 10 12 1 10 12 1 1 10 12 1 1 1 1 1 1 1 1 1 1 1 1 1 1 1 1 1 1 1 1 1 1 1 1 1 1 1 1 1 1 1 1 1 1 1 1 1 1 1 1 100 1 1 1 1 1 1 1 100 1 1 1 1 1 1 1 1 1 100 1 1 1 1 1 1 1 1 1 100 1 100 1 100 1 100 1 100 1 1 1 1 1 1
ciInstanceKlass java/util/concurrent/ConcurrentHashMap 1 1 1210 7 1 7 1 3 10 12 1 1 3 100 1 10 7 12 1 1 1 100 1 10 100 12 1 1 1 100 1 11 12 1 1 11 12 1 11 12 1 1 9 12 1 1 9 12 1 1 9 12 1 10 7 12 1 1 1 7 1 10 12 1 1 10 12 1 1 10 7 12 1 1 1 4 10 12 1 9 12 1 10 12 1 1 100 1 10 5 0 10 12 1 10 12 1 1 5 0 10 12 1 1 10 12 1 9 12 1 1 10 12 1 1 9 12 1 9 12 1 1 10 12 1 1 9 12 1 10 12 1 1 9 12 1 1 10 12 1 1 100 1 10 100 1 10 12 1 10 12 1 1 10 12 1 1 10 12 1 1 10 12 1 10 12 1 1 10 12 1 1 100 1 10 12 1 1 7 1 100 1 8 1 10 12 1 10 12 1 1 10 12 1 1 11 7 12 1 1 10 12 1 1 11 12 1 1 11 7 12 1 1 1 11 7 12 1 1 1 11 12 1 7 1 11 12 1 11 12 1 10 12 1 1 10 12 1 1 9 12 1 1 10 100 12 1 1 1 9 10 12 1 1 9 12 1 10 12 1 1 5 0 9 12 1 1 7 1 10 12 1 9 12 1 1 7 1 10 12 1 9 12 1 7 1 10 100 1 10 10 12 1 1 8 1 10 12 1 10 12 1 1 11 100 1 10 12 1 10 100 12 1 1 1 8 1 10 100 12 1 1 1 8 1 10 12 1 8 1 10 12 1 10 12 1 1 10 100 12 1 1 10 12 1 10 12 1 10 12 1 9 12 1 9 10 12 1 9 12 1 1 11 100 12 1 1 1 11 7 12 1 1 1 100 1 10 12 11 100 12 1 1 10 11 7 12 1 10 12 1 100 1 10 12 1 100 1 10 10 9 7 12 1 1 1 10 12 3 10 100 12 1 1 9 12 1 10 12 1 1 9 12 1 1 9 12 1 10 12 1 1 10 7 12 1 1 9 12 1 9 7 12 1 1 10 12 1 1 10 12 1 3 9 12 1 9 12 1 10 12 1 1 7 1 9 3 9 12 1 100 1 10 12 1 9 12 1 10 12 1 9 12 1 10 12 1 9 12 1 10 100 12 1 1 1 100 10 12 1 100 1 5 0 10 100 12 1 1 100 1 10 12 1 1 10 12 1 10 12 1 100 1 10 12 1 10 100 1 100 1 10 10 12 1 10 100 1 10 12 1 10 100 1 10 12 1 10 100 1 10 12 1 1 100 1 10 12 1 10 10 12 1 100 1 10 12 1 10 10 12 1 100 1 10 12 1 10 100 1 10 12 1 10 100 1 10 12 1 10 100 1 10 12 1 10 100 1 10 12 1 10 100 1 10 12 1 10 100 1 10 12 1 10 100 1 10 12 1 10 100 1 10 10 100 1 10 10 100 1 10 10 100 1 10 12 1 10 100 1 10 12 1 10 100 1 10 12 1 10 100 1 10 12 1 10 100 1 10 12 1 10 100 1 10 10 100 1 10 10 100 1 10 10 100 1 10 12 1 10 100 1 10 12 1 10 100 1 10 12 1 10 100 1 10 12 1 10 100 1 10 12 1 10 10 12 1 10 7 12 1 1 1 10 12 1 7 1 7 1 10 12 1 9 12 1 1 9 12 1 1 10 12 1 1 8 10 12 1 1 8 8 8 8 7 10 12 1 1 10 12 1 100 1 8 1 10 7 1 100 1 100 1 1 1 5 0 1 1 3 1 3 1 1 1 1 3 1 3 1 3 1 1 1 1 1 3 1 3 1 3 1 1 1 1 1 1 1 1 1 1 1 1 1 1 1 1 1 1 1 1 1 1 1 1 1 100 1 1 1 1 1 1 1 1 1 1 1 1 1 1 1 1 1 1 1 1 1 1 1 1 1 1 1 1 1 1 1 1 1 1 1 1 1 1 1 1 1 1 1 1 1 1 1 1 1 1 1 1 1 1 1 1 1 1 1 1 1 1 1 1 1 1 1 1 1 1 1 1 1 1 1 1 1 1 1 1 1 1 1 1 100 1 1 1 1 1 1 1 1 1 1 1 100 1 1 1 1 1 1 1 1 1 1 1 1 1 1 1 1 1 1 1 1 1 1 1 1 1 1 1 1 1 1 1 1 1 1 1 1 1 1 1 1 1 1 1 1 1 1 1 1 1 1 1 1 1 1 1 1 1 1 1 1 1 1 1 1 1 1 1 1 1 1 1 1 1 1 1 1 1 1 1 1 1 1 1 1 1 1 1 1 1 1 1 1 1 1 1 1 1 1 1 1 1 1 1 1 1 1 1 1 1 1 1 1 1 1 1 1 1 1 1 1 1 1 1 1 1 1 1 1 1 1 1 1 1 1 1 1 1 1 1 1 1 1 1 1 1 1 1 1 1 1 1 1 1 1 1 1 1 1 1 1 1 1 1 1 1 1 1 1 1 1 1 1 1 1 1 1 1 1 1 1 1 1 1 1 1 1 1 1 1 1 1 1 1 1 1 1 1 1 1 1 1 1 1 1 1 1 1 1 1 1 1 1 1 1 1 1 1 1 1 1 1 1 1 100 1 100 1 100 1 100 1 100 1 100 1 100 1 100 1 100 1 1 1 1 1 1 1 1 1 1 1 1 1 1 1 1 1 1 1 1 1 1 1 1 1 1 1 1 1 1 1 1 1 1 1 1 1 1 1 1 1 1 1 1 1 1 1 1 1 1 1 1 1 1 1 1 1 1
staticfield java/util/concurrent/ConcurrentHashMap NCPU I 8
staticfield java/util/concurrent/ConcurrentHashMap serialPersistentFields [Ljava/io/ObjectStreamField; 3 [Ljava/io/ObjectStreamField;
staticfield java/util/concurrent/ConcurrentHashMap U Ljdk/internal/misc/Unsafe; jdk/internal/misc/Unsafe
staticfield java/util/concurrent/ConcurrentHashMap SIZECTL J 20
staticfield java/util/concurrent/ConcurrentHashMap TRANSFERINDEX J 32
staticfield java/util/concurrent/ConcurrentHashMap BASECOUNT J 24
staticfield java/util/concurrent/ConcurrentHashMap CELLSBUSY J 36
staticfield java/util/concurrent/ConcurrentHashMap CELLVALUE J 144
staticfield java/util/concurrent/ConcurrentHashMap ABASE I 16
staticfield java/util/concurrent/ConcurrentHashMap ASHIFT I 2
ciInstanceKlass java/lang/Iterable 1 1 62 10 7 12 1 1 1 11 7 12 1 1 1 11 7 12 1 1 1 11 12 1 1 11 7 12 1 1 1 10 7 12 1 1 1 100 1 1 1 1 1 1 1 1 1 1 1 1 1 1 1 1 1 1 1 1 1 1 1 1 1 1
ciInstanceKlass java/util/Collection 1 1 115 11 7 12 1 1 1 7 1 11 7 12 1 1 1 10 7 12 1 1 1 11 12 1 1 11 7 12 1 1 1 11 12 1 1 11 7 12 1 1 1 11 12 1 1 10 100 12 1 1 1 11 12 1 10 7 12 1 1 1 100 1 100 1 1 1 1 1 1 1 1 1 1 1 1 1 1 1 1 1 1 1 1 1 1 1 1 1 1 1 1 1 1 1 1 1 1 1 1 1 1 1 1 1 1 1 1 1 1 1 1 1 1 1 1
ciInstanceKlass java/util/SequencedCollection 1 1 109 100 1 10 12 1 1 11 100 12 1 1 1 11 100 12 1 1 1 11 12 1 1 11 12 1 100 1 100 1 1 1 1 1 1 1 1 1 1 1 1 1 1 1 1 1 1 1 1 1 1 1 1 1 1 1 1 1 100 1 8 1 1 12 10 1 1 1 8 1 1 1 8 1 1 1 8 1 1 1 8 1 1 8 1 1 1 8 1 1 8 1 1 1 8 1 1 8 1 1 1 8 1 1 8 1 1 8 1
ciInstanceKlass java/util/List 1 1 251 10 100 12 1 1 1 11 100 12 1 1 1 11 100 12 1 1 1 11 12 1 1 11 100 12 1 1 11 12 1 1 11 12 1 1 10 100 12 1 1 1 7 1 7 1 10 12 1 1 100 1 10 100 12 1 1 1 11 12 1 1 11 12 1 11 12 1 100 1 10 12 1 11 12 1 1 11 12 1 1 11 12 1 10 100 12 1 1 1 9 7 12 1 1 1 7 1 10 12 10 12 1 7 1 10 12 1 1 10 12 1 10 12 1 1 11 12 1 1 100 1 1 1 1 1 1 1 1 1 1 1 1 1 1 1 1 1 1 1 1 1 1 1 1 1 1 1 1 1 1 1 1 1 1 1 1 1 1 1 1 1 1 1 1 100 1 100 1 1 1 1 1 1 1 1 1 1 1 1 1 1 1 1 1 1 1 1 1 1 1 1 1 1 1 1 1 1 1 1 1 1 1 1 1 1 1 1 1 1 1 1 1 1 1 1 1 1 1 1 1 1 1 1 1 1 1 1 1 1 1 1 1 1 1 1 1 1 1 1 1 1 1 1 100 1 1 100 1 1 1
ciInstanceKlass java/util/RandomAccess 1 0 7 100 1 100 1 1 1
instanceKlass java/util/concurrent/ConcurrentLinkedDeque
instanceKlass com/google/common/collect/ImmutableCollection
instanceKlass java/util/LinkedHashMap$LinkedValues
instanceKlass java/util/AbstractQueue
instanceKlass java/util/HashMap$Values
instanceKlass java/util/IdentityHashMap$Values
instanceKlass java/util/ArrayDeque
instanceKlass java/util/AbstractSet
instanceKlass java/util/ImmutableCollections$AbstractImmutableCollection
instanceKlass java/util/AbstractList
ciInstanceKlass java/util/AbstractCollection 1 1 160 10 7 12 1 1 1 10 7 12 1 1 1 10 12 1 1 11 7 12 1 1 1 11 12 1 1 10 12 1 1 10 100 12 1 1 1 10 12 1 1 10 12 1 1 10 7 12 1 1 10 7 12 1 1 1 7 1 10 100 12 1 1 1 10 100 12 1 1 1 100 1 10 11 12 1 11 7 1 10 12 1 10 12 1 10 7 12 1 1 1 11 8 1 100 1 10 10 12 1 1 8 1 10 12 1 10 12 1 1 1 1 1 1 1 1 1 1 1 1 1 1 1 1 1 1 1 1 1 1 1 1 1 1 1 1 1 1 1 1 1 1 1 1 1 1 1 1 1 1 1 1 1 1 1 1 1 1 1 1
instanceKlass java/util/Vector
instanceKlass java/util/Collections$CopiesList
instanceKlass sun/security/jca/ProviderList$3
instanceKlass java/util/AbstractSequentialList
instanceKlass java/util/ArrayList$SubList
instanceKlass java/util/Collections$SingletonList
instanceKlass java/util/Arrays$ArrayList
instanceKlass java/util/Collections$EmptyList
instanceKlass java/util/ArrayList
ciInstanceKlass java/util/AbstractList 1 1 218 10 7 12 1 1 1 9 7 12 1 1 1 10 12 1 1 10 12 1 1 100 1 10 10 12 1 1 11 100 12 1 1 1 11 12 1 1 11 12 1 10 7 12 1 1 1 10 12 1 11 12 1 11 12 1 11 12 1 10 12 1 1 10 12 1 1 11 100 12 1 1 1 11 7 1 11 7 1 10 12 1 100 1 10 12 1 10 12 1 1 100 1 100 1 10 12 1 100 1 10 100 1 100 1 10 8 1 10 12 1 1 10 12 1 10 12 1 1 10 12 1 8 1 100 1 8 1 8 1 8 1 10 100 1 11 10 10 12 1 11 12 1 10 12 1 1 8 1 8 1 1 1 1 1 1 1 1 1 1 1 1 1 1 1 1 1 1 1 1 1 1 1 1 1 1 1 1 1 1 1 1 1 1 1 1 1 1 1 1 1 1 1 1 1 1 1 1 1 1 1 1 1 1 1 1 1 1 100 1 100 1 1 1 1 1 1 1
instanceKlass org/wso2/ballerinalang/compiler/semantics/analyzer/SemanticAnalyzer$1
instanceKlass org/wso2/ballerinalang/compiler/semantics/analyzer/IsolationAnalyzer$2
ciInstanceKlass java/util/ArrayList 1 1 509 10 7 12 1 1 1 7 1 9 7 12 1 1 1 9 12 1 100 1 100 1 10 8 1 10 12 1 1 10 12 1 10 12 1 1 10 12 1 9 12 1 11 7 12 1 1 1 9 12 1 1 11 12 1 1 7 10 7 12 1 1 1 9 12 1 10 12 1 10 12 1 1 10 7 12 1 1 1 10 7 12 1 1 1 10 12 1 1 10 12 1 1 10 12 1 1 10 12 1 10 12 1 1 100 1 100 1 10 12 1 10 10 7 12 1 1 1 10 7 12 1 1 10 12 1 100 1 10 10 12 10 12 1 1 10 12 1 1 10 12 1 10 12 10 12 1 1 7 1 10 12 1 1 10 12 1 1 10 12 1 100 1 10 11 12 1 1 11 7 12 1 1 1 11 12 1 10 12 1 10 12 1 10 12 1 1 100 1 10 12 1 1 10 10 12 1 1 10 12 1 8 1 8 1 8 1 8 1 10 12 1 1 10 12 1 1 11 12 1 100 1 10 100 12 1 1 10 12 1 10 12 1 1 10 100 12 1 1 10 12 1 10 100 12 1 1 1 11 100 12 1 1 1 10 12 1 100 1 8 1 10 100 1 10 12 1 7 1 10 12 1 10 12 1 1 7 1 10 12 1 10 12 1 1 11 7 12 1 1 7 1 10 12 1 10 12 1 1 11 100 12 1 1 10 12 1 1 10 12 1 1 10 12 1 1 10 12 1 1 11 100 12 1 1 10 12 1 1 100 1 100 1 100 1 1 1 1 5 0 1 3 1 1 1 1 1 1 1 1 1 1 1 1 1 1 1 1 1 1 1 1 1 1 1 1 1 1 1 1 1 1 1 1 1 1 1 1 1 1 1 1 1 1 1 1 1 1 1 1 1 1 1 1 1 1 1 1 1 1 1 1 1 1 1 1 1 1 1 1 1 1 1 1 1 1 1 1 1 1 1 1 1 1 1 1 1 1 1 1 1 1 1 1 1 1 1 1 1 1 1 1 1 1 1 1 100 1 1 1 1 100 1 1 1 1 1 1 1 1 1 1 1 1 1 1 1 1 1 1 1 1 1 1 1 1 1 1 1 1 1 100 1 1 1 1 1 1 1 1 1 1 1 1 1 1 1 1 1 1 100 1 100 1 1 1 1 1 1
staticfield java/util/ArrayList EMPTY_ELEMENTDATA [Ljava/lang/Object; 0 [Ljava/lang/Object;
staticfield java/util/ArrayList DEFAULTCAPACITY_EMPTY_ELEMENTDATA [Ljava/lang/Object; 0 [Ljava/lang/Object;
ciInstanceKlass java/lang/StackTraceElement 0 0 235 10 100 12 1 1 1 10 100 12 1 1 9 12 1 1 9 12 1 1 9 12 1 9 12 1 8 1 10 100 12 1 1 1 100 1 9 12 1 8 1 9 12 1 9 12 1 9 12 1 1 10 12 1 1 10 12 1 8 1 10 100 12 1 1 1 100 1 10 12 1 10 12 1 1 10 12 1 10 12 1 1 10 12 1 10 12 1 10 10 12 1 8 1 10 12 1 10 12 1 1 10 12 1 1 10 12 1 10 12 1 10 12 1 9 12 1 1 10 100 12 1 1 1 10 12 1 1 100 1 10 12 1 1 10 100 12 1 1 10 100 12 1 1 1 10 100 12 1 1 10 100 12 1 1 10 10 12 1 1 10 12 1 1 10 12 1 1 10 12 1 100 1 1 1 1 1 1 1 3 1 3 1 1 5 0 1 1 1 1 1 1 1 1 1 1 1 1 1 1 1 1 1 1 1 1 1 1 1 1 1 1 1 1 1 100 1 100 1 1 1 1 1 1 1 100 1 1 1 1 1 1 1 1 1
instanceKlass java/nio/IntBuffer
instanceKlass java/nio/LongBuffer
instanceKlass java/nio/CharBuffer
instanceKlass java/nio/ByteBuffer
ciInstanceKlass java/nio/Buffer 1 1 256 100 1 10 7 12 1 1 1 9 7 12 1 1 1 9 12 1 9 12 1 1 9 12 1 9 12 1 1 10 12 1 1 10 12 1 1 10 12 100 1 100 1 10 8 1 10 12 1 1 10 12 1 8 1 8 1 10 12 1 1 10 12 1 8 1 9 12 1 1 100 1 8 1 10 12 1 8 1 8 1 9 12 10 12 1 8 1 8 1 8 1 10 12 1 8 1 8 1 8 1 100 1 10 100 1 10 100 1 10 9 12 1 1 10 7 12 1 1 1 100 1 10 12 1 1 10 12 1 10 100 12 1 1 10 7 12 1 1 1 10 7 12 1 1 1 9 12 1 1 10 7 12 1 1 1 9 12 1 1 7 1 10 10 12 1 1 7 1 10 10 7 12 1 1 1 1 1 3 1 1 1 1 1 1 1 1 1 1 1 1 1 1 100 1 1 1 1 1 1 1 100 1 1 1 1 1 1 1 1 1 1 1 1 1 1 1 1 1 1 1 1 1 1 1 1 1 1 1 1 1 1 1 1 1 1 1 1 1 1 1 100 1 100 1 100 1 100 1 100 1 100 1 100 1 1
staticfield java/nio/Buffer UNSAFE Ljdk/internal/misc/Unsafe; jdk/internal/misc/Unsafe
staticfield java/nio/Buffer SCOPED_MEMORY_ACCESS Ljdk/internal/misc/ScopedMemoryAccess; jdk/internal/misc/ScopedMemoryAccess
staticfield java/nio/Buffer IOOBE_FORMATTER Ljava/util/function/BiFunction; jdk/internal/util/Preconditions$4
staticfield java/nio/Buffer $assertionsDisabled Z 1
ciInstanceKlass java/lang/StackWalker 0 0 271 9 100 12 1 1 1 100 1 10 100 12 1 1 1 10 12 1 1 10 100 12 1 1 1 10 12 1 1 10 12 1 11 100 12 1 1 1 10 12 1 1 10 12 1 1 10 12 1 1 100 1 8 1 10 12 1 10 12 1 10 12 1 10 100 12 1 1 9 12 1 1 9 12 1 1 9 12 1 1 9 12 1 1 10 12 1 1 9 12 1 1 9 12 1 1 9 12 1 1 10 100 12 1 1 1 11 12 1 1 100 1 8 1 10 10 100 12 1 1 9 12 1 1 10 12 1 1 10 100 12 1 1 1 10 100 12 1 1 1 18 12 1 1 100 1 8 1 10 8 1 10 12 1 1 10 100 12 1 1 1 10 12 1 1 9 100 12 1 1 11 100 12 1 1 1 10 12 1 1 1 1 1 1 1 1 1 1 1 1 1 1 1 1 1 1 1 1 1 1 1 1 1 1 1 1 1 1 1 1 1 1 1 1 1 1 1 1 1 1 1 1 1 1 1 1 1 1 1 1 1 1 1 1 1 1 1 1 1 1 1 1 1 1 100 1 1 16 15 10 12 16 1 15 10 100 12 1 1 1 1 1 1 1 1 1 100 1 100 1 1
ciInstanceKlass java/lang/StackStreamFactory$AbstractStackWalker 1 0 375 100 1 100 1 3 10 100 12 1 1 1 10 100 12 1 1 10 100 12 1 1 1 9 12 1 1 10 12 1 1 9 12 1 1 9 12 1 1 9 12 1 1 9 12 1 10 100 12 1 1 1 10 12 1 1 10 100 12 1 1 9 12 1 1 9 12 1 1 10 12 1 1 9 100 12 1 1 1 10 12 1 1 10 12 1 9 12 1 1 10 100 12 1 1 1 10 12 1 1 9 12 1 1 9 100 12 1 1 1 100 1 10 8 1 10 12 1 1 10 12 1 8 1 10 12 1 1 10 100 12 1 1 1 100 1 8 1 10 12 1 8 1 10 12 10 100 12 1 1 9 12 1 8 1 5 0 8 1 8 1 9 12 1 1 10 12 1 1 18 12 1 1 10 100 12 1 1 1 10 12 1 1 10 12 1 10 12 1 9 12 1 10 12 1 10 12 1 10 12 1 10 12 1 10 12 1 10 12 1 1 8 1 10 12 1 10 12 1 10 12 1 10 12 1 1 8 1 10 12 1 1 10 12 1 1 10 12 1 1 10 12 1 10 12 1 10 100 12 1 1 1 10 12 1 10 12 1 9 12 1 8 1 10 12 1 10 12 1 10 12 1 1 10 12 1 10 12 1 10 12 1 1 10 12 1 10 12 1 10 12 1 10 12 1 10 12 1 10 12 1 1 10 12 1 1 10 12 1 8 1 1 1 1 1 1 1 1 1 1 1 1 1 100 1 1 1 1 1 1 1 100 1 1 1 1 100 1 1 1 1 1 1 1 1 1 1 1 1 1 1 1 1 1 1 1 16 15 15 10 100 12 1 1 1 1 1 1 1 1 100 1 100 1 1
ciInstanceKlass java/lang/StackWalker$StackFrame 0 0 41 100 1 10 12 1 1 100 1 100 1 1 1 1 1 1 1 1 1 1 1 1 1 1 1 1 1 1 1 1 1 1 1 1 1 1 1 100 1 1 1
instanceKlass java/lang/LiveStackFrameInfo
ciInstanceKlass java/lang/StackFrameInfo 0 0 142 10 100 12 1 1 1 9 100 12 1 1 1 9 100 1 9 12 1 1 11 100 12 1 1 1 9 12 1 1 11 12 1 1 10 12 1 1 10 100 12 1 1 1 10 12 1 11 12 1 11 12 1 1 11 12 1 10 12 1 1 9 12 1 1 10 12 1 1 10 100 12 1 1 10 12 1 1 11 12 1 1 9 12 1 1 10 100 1 10 12 1 9 12 1 1 10 12 1 1 100 1 8 1 10 12 1 10 100 12 1 1 1 100 1 1 1 1 1 1 1 1 1 1 1 1 1 1 1 1 1 1 100 1 1 100 1 1 1 1 1 1
ciInstanceKlass java/lang/LiveStackFrame 0 0 135 100 1 10 100 12 1 1 1 11 100 12 1 1 1 11 12 1 10 100 12 1 1 1 100 1 8 1 10 12 1 1 10 100 12 1 1 1 9 100 12 1 1 1 10 100 12 1 1 1 10 100 12 1 1 1 11 12 1 10 12 1 100 1 100 1 1 1 1 1 1 1 1 1 1 1 1 1 1 1 1 1 1 1 1 1 1 1 1 1 1 1 1 100 1 1 1 1 1 1 1 100 1 8 1 1 12 10 1 1 1 8 1 1 1 8 1 1 1 8 1 1 1 8 1 1 1 8 1 1 8 1 1 8 1
ciInstanceKlass java/lang/LiveStackFrameInfo 0 0 97 10 100 12 1 1 1 9 100 12 1 1 1 9 12 1 9 12 1 9 12 1 9 12 1 1 100 1 10 12 1 1 10 12 1 8 1 10 12 1 1 8 1 8 1 8 1 10 100 1 10 12 1 100 1 10 12 1 100 1 100 1 1 1 3 1 3 1 1 1 1 1 1 1 1 1 1 1 1 1 1 1 1 1 1 1 1 1 1 1 1 1 1 1 100 1 1
instanceKlass java/util/concurrent/locks/AbstractQueuedSynchronizer
ciInstanceKlass java/util/concurrent/locks/AbstractOwnableSynchronizer 1 1 32 10 7 12 1 1 1 9 7 12 1 1 1 100 1 1 1 1 5 0 1 1 1 1 1 1 1 1 1 1 1 1
ciInstanceKlass java/lang/Boolean 1 1 152 10 7 12 1 1 1 9 7 12 1 1 1 10 12 1 1 10 12 1 8 1 10 7 12 1 1 9 12 1 1 9 12 1 10 12 1 1 10 12 1 1 10 12 1 1 10 7 12 1 1 1 100 1 100 1 10 12 1 1 9 100 12 1 1 9 12 10 100 12 1 1 1 10 12 1 1 8 1 10 7 12 1 1 1 9 12 1 1 100 1 100 1 100 1 1 1 1 1 1 5 0 1 1 1 1 1 1 1 1 1 1 3 1 1 1 1 1 1 1 1 1 1 1 1 1 1 1 1 1 1 100 1 1 1 1 1 1 1 1 1 1 100 1 1 1 1 1 1 1 1 1
staticfield java/lang/Boolean TRUE Ljava/lang/Boolean; java/lang/Boolean
staticfield java/lang/Boolean FALSE Ljava/lang/Boolean; java/lang/Boolean
staticfield java/lang/Boolean TYPE Ljava/lang/Class; java/lang/Class
ciInstanceKlass java/lang/Character 1 1 604 7 1 100 1 100 1 9 12 1 1 8 1 9 12 1 1 100 1 9 12 1 1 10 100 12 1 1 1 10 100 12 1 1 1 10 100 12 1 1 1 10 7 12 1 1 1 9 7 12 1 1 1 10 12 1 10 12 1 1 10 12 1 1 10 7 12 1 1 10 12 1 1 3 3 3 3 3 10 12 1 1 10 12 1 3 11 7 12 1 1 1 11 12 1 1 10 12 1 1 10 12 1 1 100 1 10 10 12 1 3 10 12 1 1 10 12 1 10 12 1 1 100 1 8 1 10 12 1 1 10 12 1 10 12 1 10 12 1 10 7 12 1 1 1 10 12 1 10 12 1 10 12 1 1 10 12 1 10 7 12 1 1 10 10 12 1 10 10 12 1 10 12 1 1 10 12 1 10 10 12 1 10 12 1 10 12 1 10 12 1 10 12 1 10 12 1 10 12 1 10 12 10 10 12 10 10 12 1 10 10 12 1 10 10 12 1 10 10 12 1 10 12 1 10 12 1 10 12 1 10 12 1 10 12 1 10 12 1 10 10 12 1 10 10 12 1 10 10 12 1 1 10 10 12 1 10 5 0 10 12 1 10 12 1 10 10 12 1 10 10 12 1 1 10 10 12 1 10 10 12 1 9 12 1 1 100 1 10 10 12 1 10 12 1 1 3 10 100 12 1 1 1 10 12 1 10 100 12 1 1 100 1 10 10 12 1 1 10 12 1 1 10 12 1 1 8 1 10 12 1 9 100 12 1 1 1 10 12 1 10 10 12 1 10 12 1 1 10 12 1 10 10 12 1 1 10 10 12 1 1 100 1 8 1 10 12 1 1 10 7 12 1 1 1 8 1 10 12 1 1 9 12 1 1 100 1 100 1 100 1 1 1 1 3 1 3 1 3 1 3 1 1 1 1 1 3 1 1 3 1 3 1 3 1 3 1 3 1 3 1 3 1 3 1 3 1 3 1 3 1 3 1 3 1 3 1 3 1 3 1 3 1 3 1 3 1 3 1 3 1 3 1 3 1 3 1 3 1 3 1 3 1 3 1 1 1 1 1 1 1 1 1 1 1 1 1 1 1 1 1 1 1 3 1 1 1 1 1 1 1 3 1 1 3 1 1 1 1 1 3 1 1 5 0 1 1 1 1 1 1 1 1 1 1 1 1 1 1 1 1 1 1 1 1 1 1 1 1 1 1 1 1 1 1 1 1 1 1 1 1 1 1 1 1 1 1 1 1 1 1 1 1 1 1 1 1 1 1 1 1 1 1 1 1 1 1 1 1 1 1 1 1 1 1 1 1 1 1 1 1 1 1 1 1 1 1 1 1 1 1 1 1 1 1 100 1 100 1 1 1 1 1 1
staticfield java/lang/Character TYPE Ljava/lang/Class; java/lang/Class
staticfield java/lang/Character $assertionsDisabled Z 1
instanceKlass java/util/concurrent/atomic/Striped64
instanceKlass com/google/gson/internal/LazilyParsedNumber
instanceKlass java/math/BigDecimal
instanceKlass java/math/BigInteger
instanceKlass java/util/concurrent/atomic/AtomicLong
instanceKlass java/util/concurrent/atomic/AtomicInteger
instanceKlass java/lang/Long
instanceKlass java/lang/Integer
instanceKlass java/lang/Short
instanceKlass java/lang/Byte
instanceKlass java/lang/Double
instanceKlass java/lang/Float
ciInstanceKlass java/lang/Number 1 1 37 10 7 12 1 1 1 10 100 12 1 1 1 100 1 1 1 1 5 0 1 1 1 1 1 1 1 1 1 1 1 1 1 1 1 1 1
ciInstanceKlass java/lang/Float 1 1 279 7 1 100 1 10 7 12 1 1 1 10 100 12 1 1 1 4 100 1 10 12 1 1 10 12 1 1 8 1 8 1 10 100 12 1 1 1 10 12 1 1 10 12 1 1 10 7 1 4 10 7 12 1 1 9 12 1 1 10 12 1 1 10 12 1 10 10 12 1 1 10 12 1 10 12 1 3 3 100 1 4 4 4 3 10 12 1 1 9 12 1 1 100 1 10 3 3 4 4 10 12 1 3 3 3 10 12 1 1 10 12 1 1 10 12 1 10 100 12 1 1 1 10 12 1 1 10 12 1 1 10 7 12 1 1 1 8 1 10 12 1 1 9 12 1 1 100 1 100 1 100 1 1 1 1 4 1 4 1 1 1 4 1 1 3 1 3 1 3 1 3 1 3 1 1 1 1 5 0 1 1 1 1 1 1 1 1 1 1 100 1 1 1 1 1 1 1 1 1 1 1 1 1 3 1 1 1 1 1 1 1 1 1 1 1 1 1 1 1 1 1 1 1 1 1 1 1 1 1 1 1 1 1 1 1 1 1 1 1 1 1 1 1 1 1 1 1 1 1 1 1 1 1 1 1 1 1 1 1 1 1 1 1 1 1 100 1 1 1 1 1 1 1 100 1 100 1 1
staticfield java/lang/Float TYPE Ljava/lang/Class; java/lang/Class
staticfield java/lang/Float $assertionsDisabled Z 1
ciInstanceKlass java/lang/Double 1 1 290 7 1 100 1 10 7 12 1 1 1 10 12 1 1 10 100 1 10 12 1 1 10 7 12 1 1 1 6 0 8 1 10 12 1 1 8 1 10 12 1 1 8 1 6 0 10 12 1 1 100 1 5 0 5 0 8 1 8 1 10 100 12 1 1 1 10 100 12 1 1 1 8 1 10 12 1 1 8 1 8 1 8 1 10 12 1 1 10 12 1 10 12 1 1 10 12 1 10 12 1 10 12 1 1 10 12 1 10 7 1 6 0 10 7 12 1 1 9 12 1 1 10 12 1 10 12 1 10 12 1 10 12 1 10 12 1 5 0 10 12 1 1 10 12 1 10 12 1 10 100 12 1 1 1 10 12 1 1 10 12 1 1 8 1 10 7 12 1 1 1 9 12 1 1 100 1 100 1 100 1 1 1 6 0 1 6 0 1 6 0 1 1 1 6 0 1 1 3 1 3 1 3 1 3 1 3 1 1 1 1 5 0 1 1 1 1 1 1 1 1 1 1 1 1 1 1 1 1 100 1 1 1 1 1 1 1 1 1 1 1 1 3 1 1 1 1 1 1 1 1 1 1 1 1 1 1 1 1 1 1 1 1 1 1 1 1 1 1 1 1 1 1 1 1 1 1 100 1 1 1 1 1 1 1 100 1 100 1 1
staticfield java/lang/Double TYPE Ljava/lang/Class; java/lang/Class
ciInstanceKlass java/lang/Byte 1 1 213 7 1 100 1 10 100 12 1 1 1 9 12 1 1 8 1 9 12 1 1 100 1 10 12 1 1 10 12 1 1 10 100 12 1 1 1 10 100 12 1 1 1 9 7 12 1 1 1 10 12 1 1 100 1 100 1 10 12 1 1 8 1 10 12 1 1 8 1 10 12 1 10 12 1 10 12 1 10 12 1 1 10 12 1 10 12 1 10 12 1 1 10 8 1 8 1 10 7 1 9 12 1 1 10 12 1 1 10 12 1 1 10 12 1 1 10 12 1 5 0 10 12 1 1 8 1 10 7 12 1 1 1 9 12 1 1 100 1 100 1 1 1 3 1 3 1 1 1 1 3 1 3 1 1 5 0 1 1 1 1 1 1 1 1 1 1 1 1 1 1 1 1 1 1 1 1 1 1 1 1 1 1 1 1 1 1 1 1 1 1 1 1 1 1 1 1 1 1 1 1 1 1 1 1 1 1 1 1 1 1 1 1
staticfield java/lang/Byte TYPE Ljava/lang/Class; java/lang/Class
ciInstanceKlass java/lang/Short 1 1 222 7 1 100 1 100 1 10 100 12 1 1 1 10 12 1 1 100 1 100 1 10 12 1 1 8 1 10 12 1 1 8 1 10 12 1 10 12 1 10 12 1 10 12 1 1 10 12 1 1 10 12 1 9 12 1 1 8 1 9 12 1 1 100 1 10 12 1 1 10 12 1 10 100 12 1 1 1 10 100 12 1 1 1 9 7 12 1 1 1 10 12 1 10 12 1 1 10 8 1 8 1 10 7 1 9 12 1 1 10 12 1 1 10 12 1 1 10 12 1 1 10 12 1 3 3 5 0 10 12 1 1 8 1 10 7 12 1 1 1 9 12 1 1 100 1 100 1 1 1 3 1 3 1 1 1 1 3 1 3 1 1 5 0 1 1 1 1 1 1 1 1 1 1 1 1 1 1 1 1 1 1 1 1 1 1 1 1 1 1 1 3 1 1 1 1 1 1 1 1 1 1 1 1 1 1 1 1 1 1 1 1 1 1 1 1 1 1 1 1 1 1
staticfield java/lang/Short TYPE Ljava/lang/Class; java/lang/Class
ciInstanceKlass java/lang/Integer 1 1 453 7 1 100 1 7 1 7 1 10 12 1 1 9 12 1 1 9 12 1 1 10 100 12 1 1 1 10 12 1 1 10 100 12 1 1 1 10 10 12 1 1 10 100 12 1 1 1 10 12 1 10 12 1 1 10 7 12 1 1 1 10 12 1 1 10 12 1 1 10 12 1 10 12 1 10 12 1 1 10 10 12 1 9 12 1 1 9 12 1 100 1 8 1 10 12 1 100 1 10 12 1 8 1 10 12 1 1 10 12 1 8 1 10 12 1 8 1 10 12 1 1 3 10 12 1 1 3 10 12 1 1 10 12 1 1 10 7 12 1 1 1 11 7 1 10 12 1 1 11 10 12 1 1 8 1 10 12 1 1 8 1 100 1 10 12 1 1 10 12 1 1 5 0 8 1 10 12 1 10 12 1 10 12 1 10 12 1 1 7 1 9 12 1 1 9 12 1 1 10 12 1 10 7 1 9 12 1 10 12 1 10 12 1 10 12 1 1 10 7 12 1 1 1 100 1 100 1 10 12 1 1 10 12 1 1 8 1 8 1 10 12 1 1 8 1 8 1 8 1 8 1 8 1 8 1 10 12 1 10 12 1 5 0 3 3 3 3 10 12 1 10 12 1 3 10 12 1 10 100 12 1 1 1 10 12 1 1 10 12 1 1 8 1 10 7 12 1 1 1 9 12 1 1 100 1 100 1 100 1 1 1 1 3 1 1 1 3 1 3 1 1 5 0 1 1 1 1 1 1 1 1 1 100 1 1 1 1 1 1 1 1 1 1 1 1 1 1 1 1 1 1 1 1 1 1 1 1 1 1 1 1 1 1 1 1 1 1 1 1 1 1 1 1 3 1 1 1 1 1 1 1 1 1 1 1 1 1 1 1 1 100 1 1 1 1 1 1 1 1 1 1 1 1 1 1 1 1 1 1 1 1 1 1 1 1 1 1 1 1 1 1 1 1 1 1 1 1 1 1 1 1 1 1 1 1 1 1 100 1 1 1 1 1 1 1 1 1 100 1 100 1 1
staticfield java/lang/Integer TYPE Ljava/lang/Class; java/lang/Class
staticfield java/lang/Integer digits [C 36
staticfield java/lang/Integer DigitTens [B 100
staticfield java/lang/Integer DigitOnes [B 100
ciInstanceKlass java/lang/Long 1 1 524 7 1 100 1 7 1 7 1 10 12 1 1 9 12 1 1 9 7 12 1 1 1 10 100 12 1 1 1 10 12 1 1 10 100 12 1 1 1 10 10 12 10 12 1 10 12 1 10 12 1 5 0 5 0 7 1 10 12 1 1 10 12 1 1 10 12 1 10 12 1 10 12 1 10 12 1 1 10 100 12 1 1 10 12 1 10 12 1 1 10 12 1 1 10 12 1 1 10 12 1 1 10 7 12 1 1 1 10 12 1 1 10 12 1 10 12 1 10 12 1 10 12 1 1 10 10 12 1 5 0 5 0 9 12 1 1 9 12 1 5 0 100 1 8 1 10 12 1 8 1 10 12 1 8 1 8 1 10 12 1 1 5 0 10 12 1 1 5 0 10 12 1 1 10 12 1 1 10 100 12 1 1 1 11 100 1 10 12 1 1 11 10 12 1 1 8 1 10 12 1 1 8 1 100 1 10 12 1 1 10 12 1 8 1 8 1 11 12 1 1 10 12 1 10 12 1 10 12 1 5 0 5 0 9 7 12 1 1 1 10 12 1 10 12 1 1 8 1 8 1 10 12 1 1 8 1 8 1 8 1 8 1 8 1 8 1 10 12 1 10 7 1 9 12 1 1 10 12 1 10 12 1 1 10 12 1 1 10 100 12 1 1 1 100 1 100 1 10 12 1 1 10 12 1 1 5 0 10 12 1 10 12 1 5 0 5 0 5 0 10 12 1 1 10 12 1 5 0 5 0 10 12 1 10 12 1 10 100 12 1 1 1 10 12 1 1 10 12 1 1 8 1 10 7 12 1 1 1 9 12 1 1 100 1 100 1 100 1 1 1 1 5 0 1 1 1 1 3 1 3 1 5 0 1 1 1 1 1 1 1 1 1 100 1 1 1 1 1 1 1 1 1 1 1 1 1 1 1 1 1 1 1 1 1 1 1 1 1 1 1 1 1 1 1 1 1 1 1 1 1 1 1 1 1 1 1 1 1 1 1 1 1 1 1 1 1 1 1 3 1 1 1 1 1 1 1 1 1 1 1 1 1 1 1 100 1 1 1 1 1 1 1 1 1 1 1 1 1 1 1 1 1 1 1 1 1 1 1 1 1 1 1 1 1 1 1 1 1 1 1 1 1 1 1 1 1 1 1 100 1 1 1 1 1 1 1 1 1 100 1 100 1 1
staticfield java/lang/Long TYPE Ljava/lang/Class; java/lang/Class
ciInstanceKlass java/util/Iterator 1 1 53 100 1 8 1 10 12 1 1 10 7 12 1 1 1 11 7 12 1 1 1 11 12 1 1 11 7 12 1 1 1 100 1 1 1 1 1 1 1 1 1 1 1 1 1 1 1 1 1 1 1 1 1
ciInstanceKlass java/lang/reflect/RecordComponent 1 1 196 10 100 12 1 1 1 9 7 12 1 1 1 9 12 1 1 9 12 1 10 12 1 1 10 12 1 1 10 100 12 1 1 1 10 12 1 1 9 12 1 1 10 12 1 1 10 12 1 1 10 12 1 10 100 12 1 1 10 100 12 1 1 9 12 1 1 10 100 12 1 1 1 11 100 12 1 1 1 10 9 100 12 1 1 1 10 100 12 1 1 1 9 12 1 1 10 100 12 1 1 1 10 12 1 1 11 100 12 1 1 10 100 12 1 1 100 1 9 12 1 9 12 1 1 9 12 1 10 100 12 1 1 1 10 12 1 1 10 12 1 1 100 1 10 10 12 1 10 12 1 1 8 1 10 12 1 10 12 1 9 12 1 100 1 1 1 1 1 1 1 1 1 1 1 1 1 1 1 1 1 1 1 1 1 1 100 1 1 1 1 1 1 100 1 1
ciInstanceKlass jdk/internal/vm/vector/VectorSupport 0 0 573 100 1 10 100 12 1 1 1 9 12 1 1 10 12 1 1 100 1 10 12 1 11 100 12 1 1 1 11 100 12 1 1 1 11 100 12 1 1 11 100 12 1 1 11 100 12 1 1 1 11 100 12 1 1 11 100 12 1 1 11 100 12 1 1 11 100 12 1 1 11 100 12 1 1 11 100 12 1 1 11 100 12 1 1 1 11 100 12 1 1 11 100 12 1 1 1 11 100 12 1 1 1 11 100 12 1 1 11 100 12 1 1 1 11 100 12 1 1 100 1 10 12 1 1 11 100 12 1 1 11 100 12 1 1 11 100 12 1 1 11 100 12 1 1 11 100 12 1 1 11 100 12 1 1 9 12 1 1 10 100 12 1 1 11 100 12 1 1 10 12 1 1 10 100 12 1 1 1 10 12 1 10 12 1 1 10 12 1 1 1 1 1 3 1 3 1 3 1 3 1 3 1 3 1 3 1 3 1 3 1 3 1 3 1 3 1 3 1 3 1 3 1 3 1 3 1 3 1 3 1 3 1 3 1 3 1 3 1 3 1 3 1 3 1 3 1 3 1 3 1 3 1 3 1 3 1 3 1 3 1 3 1 3 1 3 1 3 1 3 1 3 1 3 1 3 1 3 1 3 1 3 1 3 1 3 1 3 1 3 1 3 1 3 1 3 1 3 1 1 1 1 1 1 1 1 1 1 1 1 1 1 1 1 1 1 1 1 1 1 1 1 1 1 1 1 1 1 1 1 1 1 1 1 1 1 1 1 1 1 1 1 1 1 1 1 1 1 1 1 1 1 1 1 1 1 1 1 1 1 1 1 1 1 1 1 1 1 1 1 1 1 1 1 1 1 1 1 1 1 1 1 1 1 1 1 1 1 1 1 1 1 1 1 1 1 1 1 1 1 1 1 1 1 1 1 1 1 1 1 1 1 1 1 1 1 1 1 1 1 1 1 1 1 1 1 1 1 1 1 1 1 1 1 1 1 1 1 1 1 1 1 1 1 1 1 1 1 1 1 1 1 1 1 1 1 1 1 1 1 1 1 1 1 1 1 1 1 1 1 1 1 1 1 1 1 1 1 1 1 1 1 1 1 1 1 1 1 1 1 1 1 1 1 1 1 1 1 1 1 1 1 1 1 1 1 1 1 1 1 1 1 1 1 1 1 1 1 1 1 1 1 1 1 1 1 1 1 1 1 1 1 1 100 1 100 1 100 1 100 1 100 1 1 1 1 1 1 1 1 1 1 1 1 1 1 1 1 1 1 1 1 1 1 1 1 1 1 1 1 1 1 1
instanceKlass jdk/internal/vm/vector/VectorSupport$VectorShuffle
instanceKlass jdk/internal/vm/vector/VectorSupport$VectorMask
instanceKlass jdk/internal/vm/vector/VectorSupport$Vector
ciInstanceKlass jdk/internal/vm/vector/VectorSupport$VectorPayload 0 0 32 10 100 12 1 1 1 9 100 12 1 1 1 10 100 12 1 1 1 1 1 1 1 1 1 1 1 1 1 1 1 1
ciInstanceKlass jdk/internal/vm/vector/VectorSupport$Vector 0 0 28 10 100 12 1 1 1 100 1 1 1 1 1 1 1 1 1 1 1 1 1 1 1 100 1 1 1 1
ciInstanceKlass jdk/internal/vm/vector/VectorSupport$VectorMask 0 0 28 10 100 12 1 1 1 100 1 1 1 1 1 1 1 1 1 1 1 1 1 1 1 100 1 1 1 1
ciInstanceKlass jdk/internal/vm/vector/VectorSupport$VectorShuffle 0 0 28 10 100 12 1 1 1 100 1 1 1 1 1 1 1 1 1 1 1 1 1 1 1 100 1 1 1 1
ciInstanceKlass jdk/internal/vm/FillerObject 0 0 16 10 100 12 1 1 1 100 1 1 1 1 1 1 1 1
ciInstanceKlass java/lang/NullPointerException 1 1 52 10 100 12 1 1 1 10 12 1 9 100 12 1 1 1 10 12 1 1 9 12 1 1 10 12 1 1 10 12 1 1 1 1 5 0 1 1 1 1 1 1 1 1 100 1 100 1 100 1 1 1
ciInstanceKlass java/lang/ArithmeticException 1 1 26 10 100 12 1 1 1 10 12 1 100 1 1 1 1 5 0 1 1 1 1 1 1 1 1 1
ciInstanceKlass java/util/Objects 1 1 184 10 7 12 1 1 1 100 1 8 1 10 12 1 10 12 1 1 10 7 12 1 1 1 10 12 1 1 10 12 1 10 100 12 1 1 1 10 12 1 1 10 7 12 1 1 1 7 1 10 10 12 1 1 10 7 12 1 1 10 12 1 1 8 1 10 7 12 1 1 1 10 7 12 1 1 1 10 11 100 12 1 1 1 100 1 10 10 12 1 8 1 10 12 1 8 1 100 1 11 12 1 1 8 1 10 7 12 1 1 1 10 12 1 1 10 12 1 10 12 1 10 12 1 10 12 1 1 1 1 1 1 1 1 1 1 1 1 1 1 1 1 1 1 1 1 1 1 1 1 1 1 1 1 1 1 1 1 1 1 1 1 1 1 1 1 1 1 1 1 1 1 1 1 1 1 1 1 1 1 1 1 1 1
instanceKlass java/lang/ProcessEnvironment
instanceKlass org/ballerinalang/langserver/workspace/BallerinaWorkspaceManager$SourceRootToProjectMap
instanceKlass java/util/LinkedHashMap
ciInstanceKlass java/util/HashMap 1 1 629 10 7 12 1 1 1 100 1 10 12 1 1 100 1 10 7 12 1 1 1 100 1 11 12 1 1 11 12 1 11 12 1 1 10 7 12 1 1 1 7 1 3 10 7 12 1 1 1 100 1 100 1 10 8 1 10 12 1 1 10 12 1 10 12 1 1 10 12 1 10 7 12 1 1 1 8 1 10 12 1 9 12 1 1 10 12 1 9 12 1 1 4 10 12 1 10 12 1 1 11 7 12 1 1 9 12 1 1 10 7 12 1 1 1 6 0 10 12 1 1 11 12 1 1 11 7 12 1 1 1 11 7 12 1 1 1 11 12 1 1 7 1 11 12 1 11 12 1 10 12 1 10 12 1 1 9 12 10 12 1 1 9 7 12 1 1 1 9 12 9 12 1 10 12 1 1 9 12 1 7 1 10 12 1 1 10 12 1 1 10 12 1 1 10 12 1 1 10 12 1 1 9 12 1 10 12 1 1 3 4 10 12 1 1 10 12 1 1 9 12 1 1 9 10 12 1 1 10 12 1 1 10 12 1 1 10 12 1 9 12 1 1 7 1 10 12 1 10 12 1 10 7 12 1 1 1 7 1 9 12 1 1 7 1 10 9 12 7 1 10 100 1 10 11 7 12 1 1 1 100 1 10 11 7 12 1 1 11 7 12 1 1 1 10 12 1 100 1 100 1 10 12 1 10 12 1 10 12 1 10 100 12 1 1 10 12 1 1 10 12 1 1 10 100 12 1 1 1 8 10 100 12 1 1 1 100 1 10 4 4 10 12 1 1 10 100 12 1 1 1 10 12 1 8 1 6 0 10 100 12 1 1 1 100 1 11 100 12 1 1 1 10 12 1 10 12 1 10 10 12 1 1 6 0 8 1 10 12 1 10 12 100 1 100 1 1 1 1 5 0 1 3 1 1 1 3 1 3 1 3 1 1 1 1 1 1 1 1 1 1 1 1 1 1 1 1 1 1 1 1 1 1 100 1 1 1 1 1 1 1 1 1 1 1 1 1 1 1 1 1 1 1 1 1 1 1 1 1 1 1 1 1 1 1 1 1 100 1 1 1 1 1 1 1 1 1 1 1 1 1 1 1 1 1 1 1 1 1 1 1 1 1 1 1 1 1 1 1 1 1 1 1 1 1 1 1 1 1 1 1 1 1 1 1 1 1 1 1 100 1 1 1 1 1 1 1 1 1 1 1 1 1 1 1 1 1 1 1 1 1 1 1 1 1 1 1 1 1 1 1 1 1 1 1 1 1 1 1 1 1 1 1 1 1 1 1 1 100 1 1 1 1 1 1 1 1 100 1 1 1 1 1 1 1 1 1 1 1 1 1 1 1 1 1 1 100 1 100 1 100 1 100 1 100 1 100 1 100 1 100 1 1 1 1 1 1 1 1 1 1 1 1 1 1 1 1 1 1
ciInstanceKlass java/util/Map$Entry 1 0 178 18 12 1 1 100 1 100 1 18 10 100 12 1 1 1 18 12 1 18 100 1 11 100 12 1 1 1 11 12 1 11 100 12 1 1 1 10 100 12 1 1 1 10 100 12 1 1 1 8 1 10 12 1 1 8 1 8 1 8 1 10 12 1 10 12 1 8 10 100 1 10 12 1 8 10 12 1 8 1 10 12 1 8 10 12 1 8 1 10 12 1 1 8 1 100 1 8 1 10 12 1 1 11 12 100 1 11 12 1 1 1 1 1 1 1 1 1 1 1 1 1 1 1 1 1 1 1 1 1 1 1 1 1 1 1 1 1 1 1 1 1 1 1 1 1 1 1 16 15 11 12 16 3 3 15 11 12 15 11 12 15 11 12 15 10 100 12 1 1 1 1 1 100 1 100 1 1
instanceKlass java/util/LinkedHashMap$Entry
ciInstanceKlass java/util/HashMap$Node 1 1 95 10 7 12 1 1 1 9 7 12 1 1 1 9 12 1 1 9 12 1 9 12 1 1 100 1 10 10 12 1 1 8 1 10 12 1 10 12 1 1 10 100 12 1 1 1 100 1 11 12 1 1 10 12 1 1 11 12 1 1 1 1 1 1 1 1 1 1 1 1 1 1 1 1 1 1 1 1 1 1 1 1 1 1 1 1 1 1 100 1 1 1 100 1 1
instanceKlass java/util/HashMap$TreeNode
ciInstanceKlass java/util/LinkedHashMap$Entry 1 1 41 10 7 12 1 1 1 100 1 1 1 1 1 1 1 1 1 1 1 1 1 1 1 1 1 1 1 1 1 1 1 1 1 1 100 1 1 100 1 1 1
ciInstanceKlass java/util/HashMap$TreeNode 0 0 250 100 1 10 100 12 1 1 1 9 100 12 1 1 1 9 12 1 1 9 12 1 9 12 1 1 9 12 1 1 10 12 1 1 100 1 10 12 1 9 12 1 9 12 1 9 12 1 1 10 100 12 1 1 1 10 12 1 1 10 12 1 1 10 12 1 1 10 12 1 1 10 12 1 1 10 100 12 1 1 1 10 100 12 1 1 1 10 100 12 1 1 1 9 12 1 10 12 1 1 10 12 1 1 10 12 1 1 10 12 1 1 9 100 1 10 12 1 1 10 12 1 1 10 12 1 10 12 1 1 10 12 1 10 12 1 10 12 1 1 1 1 1 1 1 1 1 1 1 1 1 1 1 1 1 1 1 1 1 1 1 1 1 1 100 1 1 1 1 1 1 1 1 1 1 1 1 1 1 1 1 1 1 1 1 1 1 1 1 1 1 1 1 1 1 1 1 1 1 1 1 1 1 1 1 1 1 1 1 1 1 1 1 1 1 1 1 1 1 1 1 1 1 1 1 1 1 1 1 1 1 1 1 1 1 1 1 1 1 1 1 1 1 1 1 100 1 1 1 1
ciInstanceKlass java/lang/invoke/MethodHandleStatics 1 1 320 10 100 12 1 1 1 9 7 12 1 1 1 9 12 1 1 10 7 12 1 1 1 9 12 1 9 12 1 9 12 1 9 12 1 9 100 12 1 1 1 100 1 10 8 1 10 12 1 1 10 100 12 1 1 1 8 1 10 100 12 1 1 1 10 12 1 1 8 1 8 1 10 12 1 10 100 12 1 1 1 10 7 12 1 1 8 1 10 12 1 1 8 1 8 1 8 1 8 1 10 12 1 1 100 1 10 12 10 12 1 10 12 1 100 1 10 10 12 1 1 100 1 10 10 12 1 100 1 100 1 8 1 8 1 10 12 1 8 1 10 7 12 1 1 1 9 12 1 1 10 7 12 1 1 1 10 12 1 1 9 12 1 1 10 7 12 1 1 1 8 1 10 7 12 1 1 10 7 12 1 1 1 8 1 8 1 8 1 8 1 8 1 10 12 1 10 7 12 1 1 1 9 12 1 8 1 8 1 8 1 8 1 9 12 1 8 1 9 12 1 8 1 8 1 9 12 1 8 1 8 1 9 12 1 8 1 9 12 1 8 1 9 12 1 8 1 8 1 9 12 1 8 1 8 1 10 12 1 1 8 1 10 12 1 1 1 1 1 1 1 1 1 1 1 1 1 1 1 1 1 1 1 1 1 1 1 100 1 100 1 100 1 1 1 1 1 1 1 1 1 1 1 1 1 1 1 1 1 1 1 1 1 1 1 1 1 1 1 1
staticfield java/lang/invoke/MethodHandleStatics UNSAFE Ljdk/internal/misc/Unsafe; jdk/internal/misc/Unsafe
staticfield java/lang/invoke/MethodHandleStatics CLASSFILE_VERSION I 65
staticfield java/lang/invoke/MethodHandleStatics DEBUG_METHOD_HANDLE_NAMES Z 0
staticfield java/lang/invoke/MethodHandleStatics TRACE_INTERPRETER Z 0
staticfield java/lang/invoke/MethodHandleStatics TRACE_METHOD_LINKAGE Z 0
staticfield java/lang/invoke/MethodHandleStatics TRACE_RESOLVE Z 0
staticfield java/lang/invoke/MethodHandleStatics COMPILE_THRESHOLD I 0
staticfield java/lang/invoke/MethodHandleStatics LOG_LF_COMPILATION_FAILURE Z 0
staticfield java/lang/invoke/MethodHandleStatics DONT_INLINE_THRESHOLD I 30
staticfield java/lang/invoke/MethodHandleStatics PROFILE_LEVEL I 0
staticfield java/lang/invoke/MethodHandleStatics PROFILE_GWT Z 1
staticfield java/lang/invoke/MethodHandleStatics CUSTOMIZE_THRESHOLD I 127
staticfield java/lang/invoke/MethodHandleStatics VAR_HANDLE_GUARDS Z 1
staticfield java/lang/invoke/MethodHandleStatics MAX_ARITY I 255
staticfield java/lang/invoke/MethodHandleStatics VAR_HANDLE_IDENTITY_ADAPT Z 0
staticfield java/lang/invoke/MethodHandleStatics DUMP_CLASS_FILES Ljdk/internal/util/ClassFileDumper; jdk/internal/util/ClassFileDumper
ciInstanceKlass java/lang/module/ModuleDescriptor 1 1 516 10 7 12 1 1 1 9 7 12 1 1 1 100 1 10 9 12 1 1 9 12 1 1 9 12 1 11 7 12 1 1 1 9 12 1 1 9 7 12 1 1 1 11 12 1 1 9 12 1 9 12 1 9 12 1 11 12 1 1 18 12 1 1 11 100 12 1 1 1 11 12 1 11 12 1 1 11 12 1 1 9 12 1 9 12 1 9 12 1 9 12 1 9 12 1 9 12 1 9 12 1 9 12 1 1 11 12 1 1 11 7 12 1 1 1 11 12 1 1 10 12 1 9 100 12 1 1 1 10 100 12 1 1 1 10 7 12 1 1 1 10 100 12 1 1 1 10 12 1 100 1 10 10 12 10 12 1 1 8 1 10 12 1 10 10 7 12 1 1 1 10 12 1 1 10 12 1 10 12 1 1 10 100 12 1 1 10 12 1 10 12 1 11 10 100 12 1 1 10 12 1 10 12 1 1 11 10 12 1 10 12 1 8 1 8 1 10 12 1 11 12 1 8 1 8 1 8 1 8 1 8 1 8 1 7 1 10 12 1 100 1 8 1 10 12 1 7 1 10 12 1 11 12 11 12 1 10 12 1 1 100 1 10 100 12 1 1 1 10 100 12 1 1 1 10 12 1 10 12 1 1 8 1 10 12 1 1 18 11 12 1 11 12 1 1 8 1 10 100 12 1 1 1 11 12 1 1 11 7 1 7 1 10 100 1 11 12 11 12 1 1 10 100 12 1 1 1 10 12 1 10 12 1 10 12 1 10 9 100 12 1 1 1 10 12 1 1 10 7 12 1 1 7 1 10 10 7 12 1 1 1 1 1 1 1 1 1 1 1 1 1 1 1 1 1 1 1 1 1 1 1 1 1 1 1 1 1 1 1 1 1 1 1 1 1 1 1 1 1 1 1 1 1 1 1 1 1 1 1 1 1 1 1 1 1 1 1 1 1 100 1 1 1 1 1 1 1 1 1 1 1 1 1 1 1 1 1 1 1 1 1 1 1 1 1 1 1 1 1 1 1 1 1 1 1 1 1 1 1 1 1 1 1 1 1 1 1 1 1 100 1 100 1 100 1 100 1 100 1 100 1 100 1 1 16 15 10 16 1 15 10 12 16 15 10 100 12 1 1 1 1 1 1 1 1 1 1 1 1 1 100 1 100 1 1
staticfield java/lang/module/ModuleDescriptor $assertionsDisabled Z 1
ciInstanceKlass java/lang/invoke/BoundMethodHandle$Species_LL 1 1 73 1 7 1 7 1 1 1 1 1 1 1 1 12 9 1 1 1 12 10 12 9 12 9 1 1 12 10 1 1 1 100 1 7 1 1 12 10 1 7 1 1 12 10 1 1 1 12 10 1 1 1 12 10 1 1 1 12 10 1 1 1 12 10 1 1 1 12 10 1 1 1 1
ciInstanceKlass java/lang/invoke/BoundMethodHandle$Species_LLL 1 1 76 1 7 1 7 1 1 1 1 1 1 1 1 1 12 9 1 1 1 12 10 12 9 12 9 12 9 1 1 12 10 1 1 1 100 1 7 1 1 12 10 1 7 1 1 12 10 1 1 1 12 10 1 1 1 12 10 1 1 1 12 10 1 1 1 12 10 1 1 1 12 10 1 1 1 1
ciInstanceKlass java/lang/invoke/BoundMethodHandle$Species_LLLL 1 1 79 1 7 1 7 1 1 1 1 1 1 1 1 1 1 12 9 1 1 1 12 10 12 9 12 9 12 9 12 9 1 1 12 10 1 1 1 100 1 7 1 1 12 10 1 7 1 1 12 10 1 1 1 12 10 1 1 1 12 10 1 1 1 12 10 1 1 1 12 10 1 1 1 12 10 1 1 1 1
ciInstanceKlass java/lang/invoke/BoundMethodHandle$Species_LLLLL 1 1 82 1 7 1 7 1 1 1 1 1 1 1 1 1 1 1 12 9 1 1 1 12 10 12 9 12 9 12 9 12 9 12 9 1 1 12 10 1 1 1 100 1 7 1 1 12 10 1 7 1 1 12 10 1 1 1 12 10 1 1 1 12 10 1 1 1 12 10 1 1 1 12 10 1 1 1 12 10 1 1 1 1
instanceKlass org/eclipse/lsp4j/adapters/ProgressNotificationAdapter$1
instanceKlass org/eclipse/lsp4j/adapters/InitializeParamsTypeAdapter$2
instanceKlass org/eclipse/lsp4j/adapters/InitializeParamsTypeAdapter$1
instanceKlass org/eclipse/lsp4j/adapters/WorkspaceSymbolResponseAdapter$1
instanceKlass org/eclipse/lsp4j/adapters/SemanticTokensFullDeltaResponseAdapter$1
instanceKlass org/eclipse/lsp4j/adapters/CodeActionResponseAdapter$1
instanceKlass org/eclipse/lsp4j/adapters/InlineValueResponseAdapter$2
instanceKlass org/eclipse/lsp4j/adapters/InlineValueResponseAdapter$1
instanceKlass org/eclipse/lsp4j/adapters/DocumentSymbolResponseAdapter$1
instanceKlass org/eclipse/lsp4j/adapters/PrepareRenameResponseAdapter$2
instanceKlass org/eclipse/lsp4j/adapters/PrepareRenameResponseAdapter$1
instanceKlass org/eclipse/lsp4j/adapters/LocationLinkListAdapter$1
instanceKlass io/ballerina/servicemodelgenerator/extension/core/ServiceModelGeneratorService$1
instanceKlass io/ballerina/projectservice/extension/ProjectService$1
instanceKlass org/ballerinalang/langserver/extensions/ballerina/example/BallerinaExampleService$1
instanceKlass org/ballerinalang/langserver/BallerinaLanguageServer$2
instanceKlass org/ballerinalang/langserver/BallerinaLanguageServer$1
ciInstanceKlass com/google/gson/reflect/TypeToken 1 1 303 10 10 9 10 9 10 9 10 7 10 10 10 7 11 7 11 100 8 10 8 10 10 7 10 100 10 10 100 10 10 10 11 10 10 10 100 11 11 11 10 10 10 10 100 8 10 10 10 8 8 8 10 10 100 10 10 10 10 10 100 10 8 10 10 8 10 8 11 8 8 8 10 10 7 1 1 1 1 1 1 1 1 1 1 1 1 1 1 1 1 1 1 1 1 1 1 1 1 1 1 1 1 1 1 1 1 1 1 1 1 1 1 1 1 1 1 1 1 1 1 1 1 1 1 1 1 1 1 1 1 1 1 1 1 1 1 1 1 1 1 1 100 100 1 1 1 1 1 1 1 1 1 1 1 1 1 100 1 1 1 1 1 1 1 1 1 1 1 1 1 1 1 1 1 1 1 1 1 1 1 1 1 1 1 1 1 1 1 1 1 1 1 1 12 12 12 7 12 12 12 12 7 12 1 12 12 12 1 12 1 12 1 1 12 1 12 12 1 12 1 12 1 12 12 12 12 12 12 12 1 12 100 12 12 12 12 12 12 1 1 12 1 1 1 12 12 1 12 12 12 12 1 1 12 1 12 1 12 1 1 1 12 12 1 1 1 1 1 1 1 1 1 1 1 1 1 1 1 1 1 1 1 1 1 1 1 1 1 1 1 1 1 1 1 1 1 1 1 1 1 1 1
ciInstanceKlass  @bci io/ballerina/projects/internal/PackageDiagnostic$DiagnosticLocation <init> (Ljava/lang/String;Lio/ballerina/tools/diagnostics/Location;)V 53 <appendix> form vmentry <vmtarget> ; 1 1 43 1 7 1 100 1 1 1 1 1 1 1 7 1 1 12 9 1 12 9 1 7 1 12 10 1 1 1 1 1 7 1 1 12 10 1 7 12 9 1 1 1 1
staticfield  @bci io/ballerina/projects/internal/PackageDiagnostic$DiagnosticLocation <init> (Ljava/lang/String;Lio/ballerina/tools/diagnostics/Location;)V 53 <appendix> form vmentry <vmtarget> ; _D_0 Ljava/lang/invoke/LambdaForm; java/lang/invoke/LambdaForm
ciInstanceKlass  @cpi org/wso2/ballerinalang/compiler/semantics/analyzer/SemanticAnalyzer 4835 form vmentry <vmtarget> ; 1 1 43 1 7 1 100 1 1 1 1 1 1 1 7 1 1 12 10 1 7 1 7 1 1 12 10 1 1 1 1 1 7 1 1 12 10 1 7 12 9 1 1 1 1
staticfield  @cpi org/wso2/ballerinalang/compiler/semantics/analyzer/SemanticAnalyzer 4835 form vmentry <vmtarget> ; _D_0 Ljava/lang/invoke/LambdaForm; java/lang/invoke/LambdaForm
ciInstanceKlass  @bci io/ballerina/types/FunctionAtomicType hashCode ()I 1 <appendix> argL2 argL1 form vmentry <vmtarget> ; 1 1 47 1 7 1 100 1 1 1 1 1 1 1 7 1 1 12 9 1 7 1 1 12 10 1 12 9 1 12 10 1 1 1 1 1 7 1 1 12 10 1 7 12 9 1 1 1 1
staticfield  @bci io/ballerina/types/FunctionAtomicType hashCode ()I 1 <appendix> argL2 argL1 form vmentry <vmtarget> ; _D_0 Ljava/lang/invoke/LambdaForm; java/lang/invoke/LambdaForm
ciInstanceKlass java/lang/invoke/DirectMethodHandle$Interface 1 1 128 10 7 12 1 1 1 9 7 12 1 1 1 10 7 12 1 1 1 100 1 10 12 1 9 12 1 1 9 12 1 1 9 12 1 10 12 1 10 12 1 1 10 12 1 9 12 1 1 10 12 1 1 8 1 100 1 10 12 1 1 10 12 1 1 10 100 12 1 1 1 100 1 10 12 1 8 1 100 1 10 10 12 1 1 10 12 1 1 1 1 1 1 1 1 1 1 1 1 100 1 100 1 100 1 1 1 1 1 1 1 1 1 1 1 1 1 1 1 1 1 1 1 1 1 1 1 1
staticfield java/lang/invoke/DirectMethodHandle$Interface $assertionsDisabled Z 1
ciInstanceKlass java/lang/runtime/ObjectMethods 1 1 544 10 7 12 1 1 1 10 7 12 1 1 1 10 7 12 1 1 10 7 12 1 1 1 9 7 12 1 1 1 10 7 12 1 1 1 7 1 9 12 1 1 9 7 12 1 1 1 10 7 12 1 1 1 10 12 1 1 9 12 1 9 12 1 9 7 1 10 12 1 9 12 1 9 12 1 7 1 9 12 1 10 7 12 1 1 1 9 12 1 9 12 1 9 12 1 10 12 1 1 11 7 12 1 1 1 11 7 12 1 1 11 12 1 1 10 12 1 1 10 12 1 1 10 12 1 1 10 12 1 1 10 12 1 1 9 12 1 10 12 1 9 12 1 10 12 1 1 9 12 1 1 11 12 1 1 100 1 10 100 1 10 10 12 1 1 10 12 1 1 8 1 10 12 1 10 12 1 1 10 12 1 1 8 1 8 1 11 12 1 8 1 8 1 8 1 8 1 10 12 1 10 100 12 1 1 1 10 100 12 1 1 1 100 1 100 1 10 12 1 100 1 10 9 7 1 9 11 12 1 1 11 12 1 10 7 12 1 1 10 7 12 1 1 1 18 12 1 1 11 7 12 1 1 1 10 12 1 100 1 11 100 1 10 12 1 11 12 1 1 10 12 1 8 10 8 8 10 8 1 10 12 1 10 12 1 1 10 12 1 11 12 1 8 1 10 12 1 8 1 10 12 1 1 7 1 10 12 1 10 12 1 10 12 1 9 12 1 1 9 12 1 10 12 1 1 10 12 1 10 10 12 1 1 10 12 1 7 1 10 10 7 12 1 1 1 7 1 8 1 10 7 12 1 1 1 9 12 1 8 10 12 1 1 9 12 1 9 12 1 8 1 7 1 10 12 1 9 12 1 8 1 8 1 8 1 9 7 1 8 1 10 12 1 1 9 7 1 8 1 9 7 1 8 1 8 1 8 1 9 8 1 8 1 8 1 8 1 8 1 8 1 8 1 8 1 8 1 8 1 8 1 100 1 1 1 1 3 1 1 1 1 1 1 1 1 1 1 1 1 1 1 1 1 1 1 1 1 1 1 1 1 1 1 1 1 1 1 1 1 1 1 1 1 1 1 1 1 1 1 1 1 1 1 1 1 1 1 1 1 1 1 1 1 1 1 1 1 1 1 1 100 100 1 1 1 1 1 1 1 1 1 1 1 1 1 1 1 1 1 1 1 1 1 1 1 1 1 1 1 1 16 1 15 16 15 10 7 12 1 1 1 1 1
staticfield java/lang/runtime/ObjectMethods DESCRIPTOR_MT Ljava/lang/invoke/MethodType; java/lang/invoke/MethodType
staticfield java/lang/runtime/ObjectMethods NAMES_MT Ljava/lang/invoke/MethodType; java/lang/invoke/MethodType
staticfield java/lang/runtime/ObjectMethods FALSE Ljava/lang/invoke/MethodHandle; java/lang/invoke/MethodHandleImpl$IntrinsicMethodHandle
staticfield java/lang/runtime/ObjectMethods TRUE Ljava/lang/invoke/MethodHandle; java/lang/invoke/BoundMethodHandle$Species_I
staticfield java/lang/runtime/ObjectMethods ZERO Ljava/lang/invoke/MethodHandle; java/lang/invoke/MethodHandleImpl$IntrinsicMethodHandle
staticfield java/lang/runtime/ObjectMethods CLASS_IS_INSTANCE Ljava/lang/invoke/MethodHandle; java/lang/invoke/DirectMethodHandle
staticfield java/lang/runtime/ObjectMethods OBJECT_EQUALS Ljava/lang/invoke/MethodHandle; java/lang/invoke/DirectMethodHandle
staticfield java/lang/runtime/ObjectMethods OBJECTS_EQUALS Ljava/lang/invoke/MethodHandle; java/lang/invoke/DirectMethodHandle
staticfield java/lang/runtime/ObjectMethods OBJECTS_HASHCODE Ljava/lang/invoke/MethodHandle; java/lang/invoke/DirectMethodHandle
staticfield java/lang/runtime/ObjectMethods OBJECTS_TOSTRING Ljava/lang/invoke/MethodHandle; java/lang/invoke/DirectMethodHandle
staticfield java/lang/runtime/ObjectMethods OBJECT_EQ Ljava/lang/invoke/MethodHandle; java/lang/invoke/DirectMethodHandle
staticfield java/lang/runtime/ObjectMethods OBJECT_HASHCODE Ljava/lang/invoke/MethodHandle; java/lang/invoke/DirectMethodHandle
staticfield java/lang/runtime/ObjectMethods OBJECT_TO_STRING Ljava/lang/invoke/MethodHandle; java/lang/invoke/DirectMethodHandle
staticfield java/lang/runtime/ObjectMethods STRING_FORMAT Ljava/lang/invoke/MethodHandle; java/lang/invoke/MethodHandleImpl$AsVarargsCollector
staticfield java/lang/runtime/ObjectMethods HASH_COMBINER Ljava/lang/invoke/MethodHandle; java/lang/invoke/DirectMethodHandle
staticfield java/lang/runtime/ObjectMethods primitiveEquals Ljava/util/HashMap; java/util/HashMap
staticfield java/lang/runtime/ObjectMethods primitiveHashers Ljava/util/HashMap; java/util/HashMap
staticfield java/lang/runtime/ObjectMethods primitiveToString Ljava/util/HashMap; java/util/HashMap
staticfield java/lang/runtime/ObjectMethods $assertionsDisabled Z 1
ciInstanceKlass java/lang/invoke/BoundMethodHandle$Species_I 1 1 69 1 7 1 7 1 1 1 1 1 1 1 12 9 1 1 1 12 10 12 9 1 1 12 10 1 1 1 100 1 7 1 1 12 10 1 7 1 1 12 10 1 1 12 10 1 1 1 12 10 1 1 1 12 10 1 1 1 12 10 1 1 1 12 10 1 1 1 1
ciInstanceKlass org/wso2/ballerinalang/compiler/util/Name 1 1 46 10 7 12 1 1 1 9 7 12 1 1 1 10 12 1 1 10 7 12 1 1 1 10 12 1 1 10 12 1 1 100 1 1 1 1 1 1 1 1 1 1 1 1 1 1
ciInstanceKlass io/ballerina/types/Atom 1 1 34 7 1 11 7 12 1 1 1 11 12 1 1 10 12 1 1 100 1 1 1 1 1 1 1 1 1 1 1 100 1 1 1 1
ciInstanceKlass io/ballerina/types/SubtypeData 1 0 7 100 1 100 1 1 1
ciInstanceKlass io/ballerina/types/ProperSubtypeData 1 0 9 100 1 100 1 100 1 1 1
ciInstanceKlass io/ballerina/types/RecAtom 1 1 106 100 1 10 7 12 1 1 1 9 7 12 1 1 1 9 12 1 1 9 12 1 1 10 12 1 9 7 12 1 1 10 12 1 9 12 1 100 1 8 1 10 12 1 10 12 1 1 10 7 12 1 1 1 10 100 12 1 1 1 18 12 1 1 100 1 1 1 1 1 1 1 1 1 1 1 1 1 1 1 1 1 1 1 1 1 1 1 1 1 8 1 15 10 100 12 1 1 1 1 1 100 1 100 1 1
staticfield io/ballerina/types/RecAtom ZERO Lio/ballerina/types/RecAtom; io/ballerina/types/RecAtom
ciInstanceKlass io/ballerina/types/typeops/BddCommonOps 1 1 224 10 100 12 1 1 1 10 7 12 1 1 1 10 12 1 11 7 12 1 1 1 10 7 12 1 1 10 7 12 1 1 1 7 1 10 12 1 9 12 1 1 11 7 12 1 1 1 7 1 10 12 1 11 12 1 1 10 12 1 1 11 12 1 1 10 12 1 1 11 12 1 1 11 12 1 11 12 1 10 12 1 1 10 12 1 9 12 1 10 12 1 10 12 1 9 12 1 10 12 1 10 12 1 1 10 12 1 10 12 1 1 11 12 1 1 10 12 1 1 11 11 11 7 1 10 12 1 1 5 0 11 7 1 8 1 8 1 10 100 12 1 1 1 18 12 1 1 18 12 1 10 12 1 1 18 12 1 18 1 1 1 1 1 1 1 1 1 1 1 1 1 1 1 1 1 1 1 1 1 1 1 1 1 1 1 1 1 1 1 1 1 1 1 1 1 1 1 1 1 1 1 8 1 8 1 8 1 8 1 15 10 100 12 1 1 1 1 1 100 1 100 1 1
ciInstanceKlass io/ballerina/types/subtypedata/BddNode 1 1 51 11 7 12 1 1 1 7 1 10 12 1 1 7 1 10 12 1 7 1 10 12 1 1 10 12 1 100 1 100 1 1 1 1 1 1 1 1 1 1 1 1 1 1 1 1 1 1 1 1 1
ciInstanceKlass io/ballerina/types/subtypedata/BddNodeSimple 1 1 72 10 7 12 1 1 1 9 7 12 1 1 1 10 7 12 1 1 1 10 12 1 18 12 1 1 18 12 1 1 18 12 1 1 100 1 1 1 1 1 1 1 1 1 1 1 1 1 1 1 1 1 1 1 1 1 1 8 15 15 10 7 12 1 1 1 1 100 1 100 1 1
ciInstanceKlass io/ballerina/types/typeops/BddCommonOps$BddOpMemo 1 1 85 10 7 12 1 1 1 9 7 12 1 1 1 9 12 1 9 12 1 7 1 10 10 12 1 18 12 1 1 18 12 1 1 18 12 1 1 1 1 1 1 1 1 1 1 1 1 1 1 1 1 1 1 1 1 1 1 1 1 7 1 1 1 8 1 15 15 15 15 10 100 12 1 1 1 1 1 100 1 1 100 1 100 1 1
ciInstanceKlass io/ballerina/types/typeops/BddCommonOps$BddOpMemoKey 1 1 66 10 7 12 1 1 1 9 7 12 1 1 1 9 12 1 18 12 1 1 18 12 1 1 18 12 1 1 1 1 1 1 1 1 1 1 1 1 1 1 1 1 1 1 7 1 1 1 8 1 15 15 15 10 7 12 1 1 1 1 1 100 1 100 1 1
ciInstanceKlass io/ballerina/types/Bdd 1 0 9 100 1 100 1 100 1 1 1
ciInstanceKlass io/ballerina/types/subtypedata/BddAllOrNothing 1 1 54 10 7 12 1 1 1 9 7 12 1 1 1 9 12 1 1 9 12 1 3 10 100 12 1 1 1 10 12 1 100 1 1 1 1 1 1 1 1 1 1 1 1 1 1 1 1 1 1 1 1 1 1 1
staticfield io/ballerina/types/subtypedata/BddAllOrNothing all Lio/ballerina/types/subtypedata/BddAllOrNothing; io/ballerina/types/subtypedata/BddAllOrNothing
staticfield io/ballerina/types/subtypedata/BddAllOrNothing nothing Lio/ballerina/types/subtypedata/BddAllOrNothing; io/ballerina/types/subtypedata/BddAllOrNothing
ciInstanceKlass  @bci io/ballerina/types/FunctionAtomicType hashCode ()I 1 <appendix> argL2 argL2 argL2 argL2 form vmentry <vmtarget> ; 1 1 29 1 7 1 100 1 1 1 1 1 1 1 1 1 1 1 7 1 1 12 10 1 7 12 9 1 1 1 1
staticfield  @bci io/ballerina/types/FunctionAtomicType hashCode ()I 1 <appendix> argL2 argL2 argL2 argL2 form vmentry <vmtarget> ; _D_0 Ljava/lang/invoke/LambdaForm; java/lang/invoke/LambdaForm
ciInstanceKlass  @bci io/ballerina/types/FunctionAtomicType hashCode ()I 1 <appendix> form vmentry <vmtarget> ; 1 1 50 1 7 1 100 1 1 1 1 1 1 1 7 1 1 12 9 1 7 1 1 12 10 1 12 9 1 12 9 1 12 10 1 1 1 1 1 7 1 1 12 10 1 7 12 9 1 1 1 1
staticfield  @bci io/ballerina/types/FunctionAtomicType hashCode ()I 1 <appendix> form vmentry <vmtarget> ; _D_0 Ljava/lang/invoke/LambdaForm; java/lang/invoke/LambdaForm
ciInstanceKlass  @bci io/ballerina/types/FunctionAtomicType hashCode ()I 1 <adapter> ; 1 1 35 1 7 1 100 1 1 1 1 1 1 1 7 1 1 12 10 1 1 1 1 1 7 1 1 12 10 1 7 12 9 1 1 1 1
staticfield  @bci io/ballerina/types/FunctionAtomicType hashCode ()I 1 <adapter> ; _D_0 Ljava/lang/invoke/LambdaForm; java/lang/invoke/LambdaForm
ciInstanceKlass io/ballerina/types/TypeAtom 1 1 100 10 7 12 1 1 1 9 7 12 1 1 1 9 12 1 1 9 12 1 1 100 1 10 10 12 1 10 12 1 1 10 7 12 1 1 1 11 7 12 1 1 1 18 12 1 1 18 12 1 1 10 7 12 1 1 1 100 1 1 1 1 1 1 1 1 1 1 1 1 1 1 1 1 1 1 1 1 1 8 1 15 15 15 10 100 12 1 1 1 1 1 100 1 1 100 1 100 1 1
staticfield io/ballerina/types/TypeAtom $assertionsDisabled Z 1
ciInstanceKlass io/ballerina/types/subtypedata/BddNodeImpl 1 1 74 10 7 12 1 1 1 9 7 12 1 1 1 9 12 1 1 9 12 1 9 12 1 18 12 1 1 18 12 1 1 18 12 1 1 100 1 1 1 1 1 1 1 1 1 1 1 1 1 1 1 1 1 1 1 8 1 15 15 15 15 15 10 7 12 1 1 1 1 100 1 100 1 1
ciInstanceKlass java/lang/invoke/LambdaForm$MH+0x000000010025cc00 1 1 35 1 7 1 100 1 1 1 1 1 1 1 7 1 1 12 9 1 1 1 1 1 7 1 1 12 10 1 7 12 9 1 1 1 1
staticfield java/lang/invoke/LambdaForm$MH+0x000000010025cc00 _D_0 Ljava/lang/invoke/LambdaForm; java/lang/invoke/LambdaForm
ciInstanceKlass java/lang/invoke/LambdaForm$MH+0x000000010025e400 1 1 44 1 7 1 100 1 1 1 1 1 1 1 7 1 1 12 9 1 12 9 1 7 1 1 12 10 1 1 1 1 1 7 1 1 12 10 1 7 12 9 1 1 1 1
staticfield java/lang/invoke/LambdaForm$MH+0x000000010025e400 _D_0 Ljava/lang/invoke/LambdaForm; java/lang/invoke/LambdaForm
ciInstanceKlass java/lang/invoke/LambdaForm$MH+0x000000010025ec00 1 1 47 1 7 1 100 1 1 1 1 1 1 1 7 1 1 12 9 1 7 1 1 12 10 1 12 9 1 12 10 1 1 1 1 1 7 1 1 12 10 1 7 12 9 1 1 1 1
staticfield java/lang/invoke/LambdaForm$MH+0x000000010025ec00 _D_0 Ljava/lang/invoke/LambdaForm; java/lang/invoke/LambdaForm
ciInstanceKlass java/lang/invoke/MethodHandleImpl$CountingWrapper 1 1 136 10 7 12 1 1 1 10 7 12 1 1 1 9 7 12 1 1 1 9 12 1 1 9 12 1 1 9 12 1 9 12 1 1 10 12 1 1 11 100 12 1 1 1 100 1 9 100 12 1 1 10 12 1 10 12 1 1 10 12 1 1 7 1 10 12 1 10 12 1 1 7 1 8 1 7 1 7 1 10 12 1 1 10 12 1 9 12 1 1 100 1 10 12 1 1 1 1 1 1 1 1 1 1 1 1 1 1 1 1 1 1 1 1 1 1 1 1 1 1 1 1 1 1 1 1 1 1 1 1 1 7 1 1 1 1
staticfield java/lang/invoke/MethodHandleImpl$CountingWrapper NF_maybeStopCounting Ljava/lang/invoke/LambdaForm$NamedFunction; java/lang/invoke/LambdaForm$NamedFunction
ciInstanceKlass  @bci io/ballerina/types/subtypedata/BddNodeImpl equals (Ljava/lang/Object;)Z 2 <appendix> form vmentry <vmtarget> ; 1 1 60 1 7 1 100 1 1 1 1 1 1 1 7 1 1 12 9 1 12 9 1 12 9 1 12 9 1 7 1 1 12 10 1 7 1 7 1 1 12 10 1 1 1 1 1 1 7 1 1 12 10 1 7 12 9 1 1 1 1 1
staticfield  @bci io/ballerina/types/subtypedata/BddNodeImpl equals (Ljava/lang/Object;)Z 2 <appendix> form vmentry <vmtarget> ; _D_0 Ljava/lang/invoke/LambdaForm; java/lang/invoke/LambdaForm
ciInstanceKlass java/lang/invoke/LambdaForm$MH+0x0000000100281800 1 1 66 1 7 1 100 1 1 1 1 1 1 1 7 1 1 12 9 1 7 1 1 12 10 1 12 9 1 12 9 1 12 9 1 12 9 1 12 10 1 7 1 7 1 1 12 10 1 1 1 1 1 1 7 1 1 12 10 1 7 12 9 1 1 1 1 1
staticfield java/lang/invoke/LambdaForm$MH+0x0000000100281800 _D_0 Ljava/lang/invoke/LambdaForm; java/lang/invoke/LambdaForm
ciInstanceKlass  @bci io/ballerina/types/subtypedata/BddNodeImpl equals (Ljava/lang/Object;)Z 2 <adapter> ; 1 1 35 1 7 1 100 1 1 1 1 1 1 1 7 1 1 12 10 1 1 1 1 1 7 1 1 12 10 1 7 12 9 1 1 1 1
staticfield  @bci io/ballerina/types/subtypedata/BddNodeImpl equals (Ljava/lang/Object;)Z 2 <adapter> ; _D_0 Ljava/lang/invoke/LambdaForm; java/lang/invoke/LambdaForm
ciMethod java/lang/Object <init> ()V 1024 0 1633729 0 80
ciMethod java/lang/Object hashCode ()I 256 0 128 0 -1
ciMethod java/lang/Object equals (Ljava/lang/Object;)Z 520 0 17212 0 -1
ciMethod java/lang/Class isInstance (Ljava/lang/Object;)Z 256 0 128 0 -1
ciMethod java/lang/Class cast (Ljava/lang/Object;)Ljava/lang/Object; 224 0 200286 0 -1
ciMethod java/lang/Record <init> ()V 512 0 101002 0 80
ciMethod java/util/Map get (Ljava/lang/Object;)Ljava/lang/Object; 0 0 1 0 -1
ciMethod java/util/Map put (Ljava/lang/Object;Ljava/lang/Object;)Ljava/lang/Object; 0 0 1 0 -1
ciMethod java/lang/invoke/DirectMethodHandle internalMemberName (Ljava/lang/Object;)Ljava/lang/Object; 768 0 549439 0 -1
ciMethod java/lang/invoke/DirectMethodHandle fieldOffset (Ljava/lang/Object;)J 784 0 157197 0 -1
ciMethod java/lang/invoke/DirectMethodHandle checkBase (Ljava/lang/Object;)Ljava/lang/Object; 784 0 156966 0 -1
ciMethod jdk/internal/misc/Unsafe getReference (Ljava/lang/Object;J)Ljava/lang/Object; 256 0 128 0 -1
ciMethod java/util/AbstractMap <init> ()V 768 0 94928 0 80
ciMethod java/util/Objects equals (Ljava/lang/Object;Ljava/lang/Object;)Z 548 0 36882 0 152
ciMethod java/util/Objects hashCode (Ljava/lang/Object;)I 454 0 77292 0 192
ciMethod java/util/Objects requireNonNull (Ljava/lang/Object;)Ljava/lang/Object; 560 0 353244 0 -1
ciMethod java/util/HashMap hash (Ljava/lang/Object;)I 1024 0 25773 0 208
ciMethod java/util/HashMap <init> ()V 512 0 79945 0 88
ciMethod java/util/HashMap get (Ljava/lang/Object;)Ljava/lang/Object; 1024 0 9431 0 608
ciMethod java/util/HashMap getNode (Ljava/lang/Object;)Ljava/util/HashMap$Node; 1024 70 6502 0 616
ciMethod java/util/HashMap put (Ljava/lang/Object;Ljava/lang/Object;)Ljava/lang/Object; 11258 0 18178 0 1936
ciMethod java/util/HashMap putVal (ILjava/lang/Object;Ljava/lang/Object;ZZ)Ljava/lang/Object; 1024 56 14190 0 0
ciMethod java/util/HashMap resize ()[Ljava/util/HashMap$Node; 340 1168 6934 0 2904
ciMethod java/util/HashMap treeifyBin ([Ljava/util/HashMap$Node;I)V 0 0 1 0 -1
ciMethod java/util/HashMap newNode (ILjava/lang/Object;Ljava/lang/Object;Ljava/util/HashMap$Node;)Ljava/util/HashMap$Node; 1024 0 8251 0 224
ciMethod java/util/HashMap afterNodeAccess (Ljava/util/HashMap$Node;)V 8 0 2140 0 80
ciMethod java/util/HashMap afterNodeInsertion (Z)V 1024 0 1613 0 80
ciMethod java/util/HashMap$Node <init> (ILjava/lang/Object;Ljava/lang/Object;Ljava/util/HashMap$Node;)V 1024 0 16365 0 0
ciMethod java/util/HashMap$TreeNode getTreeNode (ILjava/lang/Object;)Ljava/util/HashMap$TreeNode; 0 0 1 0 -1
ciMethod java/util/HashMap$TreeNode putTreeVal (Ljava/util/HashMap;[Ljava/util/HashMap$Node;ILjava/lang/Object;Ljava/lang/Object;)Ljava/util/HashMap$TreeNode; 0 0 1 0 -1
ciMethod java/util/HashMap$TreeNode split (Ljava/util/HashMap;[Ljava/util/HashMap$Node;II)V 0 0 1 0 -1
ciMethodData java/lang/Object <init> ()V 2 1633266 orig 80 0 0 0 0 0 0 0 0 0 0 0 0 0 0 0 0 0 0 0 0 0 0 0 0 0 0 0 0 0 0 0 0 0 0 0 0 0 0 0 0 0 0 0 0 0 0 0 0 0 0 0 0 0 0 0 0 0 0 0 0 0 0 0 0 0 0 0 0 0 0 0 0 0 0 0 0 0 0 0 0 data 4 0x0 0x9 0x1 0x0 oops 0 methods 0
ciMethodData java/util/Objects equals (Ljava/lang/Object;Ljava/lang/Object;)Z 2 36608 orig 80 0 0 0 0 0 0 0 0 0 0 0 0 0 0 0 0 0 0 0 0 0 0 0 0 0 0 0 0 0 0 0 0 0 0 0 0 0 0 0 0 0 0 0 0 0 0 0 0 0 0 0 0 0 0 0 0 0 0 0 0 0 0 0 0 0 0 0 0 0 0 0 0 0 0 0 0 0 0 0 0 data 32 0x20007 0x5b7d 0x98 0x3388 0x60007 0x9 0x90 0x337e 0xb0005 0x2730 0x0 0x19d2d675e68 0x1ae 0x19d32beed78 0x66 0xe0007 0x322 0x38 0x305f 0x120003 0x8bb1 0x18 0x0 0x0 0x0 0x0 0x0 0x0 0x9 0x2 0xffffffffffffffff 0xffffffffffffffff oops 2 11 java/lang/String 13 java/lang/module/ModuleDescriptor methods 0
ciMethodData java/util/Objects requireNonNull (Ljava/lang/Object;)Ljava/lang/Object; 2 352973 orig 80 0 0 0 0 0 0 0 0 0 0 0 0 0 0 0 0 0 0 0 0 0 0 0 0 0 0 0 0 0 0 0 0 0 0 0 0 0 0 0 0 0 0 0 0 0 0 0 0 0 0 0 0 0 0 0 0 0 0 0 0 0 0 0 0 0 0 0 0 0 0 0 0 0 0 0 0 0 0 0 0 data 15 0x10007 0x562d9 0x30 0x0 0x80002 0x0 0x0 0x0 0x0 0x0 0x0 0x0 0x9 0x1 0x0 oops 0 methods 0
ciMethodData java/util/HashMap hash (Ljava/lang/Object;)I 2 25261 orig 80 0 0 0 0 0 0 0 0 0 0 0 0 0 0 0 0 0 0 0 0 0 0 0 0 0 0 0 0 0 0 0 0 0 0 0 0 0 0 0 0 0 0 0 0 0 0 0 0 0 0 0 0 0 0 0 0 0 0 0 0 0 0 0 0 0 0 0 0 0 0 0 0 0 0 0 0 0 0 0 0 data 23 0x10007 0x62ad 0x38 0x0 0x50003 0x0 0x50 0x90005 0x3d13 0x0 0x19d2d675e68 0x24a4 0x19d2d6776d8 0xf6 0x0 0x0 0x0 0x0 0x0 0x0 0x9 0x1 0xffffffffffffffff oops 2 10 java/lang/String 12 java/lang/Module methods 0
ciMethodData java/util/HashMap putVal (ILjava/lang/Object;Ljava/lang/Object;ZZ)Ljava/lang/Object; 2 13678 orig 80 3 0 0 0 2 0 0 0 0 0 0 0 0 0 0 0 0 0 0 0 6 0 0 5 0 0 0 0 0 0 0 0 0 0 0 0 0 0 0 3 0 0 0 0 0 0 0 0 0 0 0 0 0 0 0 0 0 0 0 0 0 0 0 0 0 0 0 0 0 0 0 0 0 0 0 0 0 0 0 0 data 198 0x70007 0xf39 0x40 0x2634 0x100007 0x2630 0x58 0x0 0x140005 0xf3d 0x0 0x0 0x0 0x0 0x0 0x2c0007 0xe5b 0xa8 0x2710 0x380005 0x29 0x0 0x19d356e9658 0x1450 0x19d386fb460 0x129d 0x3b0004 0x0 0x0 0x19d356ee7c0 0x1476 0x19d386fb510 0x129d 0x3c0003 0x2712 0x410 0x450007 0x9d3 0xd0 0x489 0x510007 0x336 0x98 0x153 0x550007 0x0 0x90 0x153 0x80000004005b0005 0xe2 0x0 0x19d2d675e68 0x71 0x19d386fb5c0 0x4 0x80000006005e0007 0x4 0x38 0x155 0x650003 0x48b 0x2a8 0x6a0004 0xfffffffffffff62a 0x0 0x19d356ee7c0 0x88 0x19d386fb510 0x26 0x6d0007 0x9d6 0xa8 0x0 0x720004 0x0 0x0 0x0 0x0 0x0 0x0 0x7b0005 0x0 0x0 0x0 0x0 0x0 0x0 0x800003 0x0 0x1c8 0x8e0007 0x2f6 0xc8 0x89d 0x980005 0x1c 0x0 0x19d356e9658 0x4b5 0x19d386fb460 0x3cd 0xa20007 0x89e 0x158 0x0 0xa90005 0x0 0x0 0x0 0x0 0x0 0x0 0xac0003 0x0 0x100 0xb50007 0x1ba 0xd0 0x13c 0xc10007 0xf0 0xc8 0x4c 0xc50007 0x0 0x90 0x4c 0xffffffff00cb0005 0x48 0x0 0x19d2d675e68 0x7 0x19d386fb5c0 0x4 0xce0007 0x3 0x38 0x50 0xd10003 0x50 0x30 0xdb0003 0x1be 0xfffffffffffffe68 0xe00007 0x89d 0x98 0x5cb 0x8000000600ec0007 0x5ca 0x40 0x2 0xf10007 0x2 0x20 0x0 0xfd0005 0x0 0x0 0x19d356e9658 0x2c0 0x19d386fb460 0x30c 0x11c0007 0x2acf 0x58 0x4e2 0x1200005 0x4e3 0x0 0x0 0x0 0x0 0x0 0x1270005 0x45 0x0 0x19d356e9658 0x1903 0x19d386fb460 0x166a 0x0 0x0 0x0 0x0 0x0 0x0 0x0 0x0 0x0 0x9 0x6 0x0 0x0 0x0 0x0 0x0 0x0 oops 16 22 java/util/HashMap 24 java/util/LinkedHashMap 29 java/util/HashMap$Node 31 java/util/LinkedHashMap$Entry 51 java/lang/String 53 org/wso2/ballerinalang/compiler/util/Name 65 java/util/HashMap$Node 67 java/util/LinkedHashMap$Entry 97 java/util/HashMap 99 java/util/LinkedHashMap 130 java/lang/String 132 org/wso2/ballerinalang/compiler/util/Name 159 java/util/HashMap 161 java/util/LinkedHashMap 177 java/util/HashMap 179 java/util/LinkedHashMap methods 0
ciMethodData java/util/HashMap newNode (ILjava/lang/Object;Ljava/lang/Object;Ljava/util/HashMap$Node;)Ljava/util/HashMap$Node; 2 7739 orig 80 0 0 0 0 0 0 0 0 0 0 0 0 0 0 0 0 0 0 0 0 0 0 0 0 0 0 0 0 0 0 0 0 0 0 0 0 0 0 0 0 0 0 0 0 0 0 0 0 0 0 0 0 0 0 0 0 0 0 0 0 0 0 0 0 0 0 0 0 0 0 0 0 0 0 0 0 0 0 0 0 data 11 0x90002 0x1e38 0x0 0x0 0x9 0x5 0x0 0x0 0x0 0x0 0x0 oops 0 methods 0
ciMethodData java/util/HashMap$Node <init> (ILjava/lang/Object;Ljava/lang/Object;Ljava/util/HashMap$Node;)V 2 15853 orig 80 0 0 0 0 0 0 0 0 0 0 0 0 0 0 0 0 0 0 0 0 0 0 0 0 0 0 0 0 0 0 0 0 0 0 0 0 0 0 0 0 0 0 0 0 0 0 0 0 0 0 0 0 0 0 0 0 0 0 0 0 0 0 0 0 0 0 0 0 0 0 0 0 0 0 0 0 0 0 0 0 data 13 0x10002 0x3dec 0x0 0x0 0x0 0x0 0x9 0x5 0xe 0x0 0x0 0x0 0x0 oops 0 methods 0
ciMethodData java/util/HashMap afterNodeInsertion (Z)V 2 1101 orig 80 0 0 0 0 0 0 0 0 0 0 0 0 0 0 0 0 0 0 0 0 0 0 0 0 0 0 0 0 0 0 0 0 0 0 0 0 0 0 0 0 0 0 0 0 0 0 0 0 0 0 0 0 0 0 0 0 0 0 0 0 0 0 0 0 0 0 0 0 0 0 0 0 0 0 0 0 0 0 0 0 data 5 0x0 0x9 0x2 0x0 0x0 oops 0 methods 0
ciMethodData java/util/HashMap put (Ljava/lang/Object;Ljava/lang/Object;)Ljava/lang/Object; 2 12549 orig 80 3 0 0 0 0 0 0 0 0 0 0 0 0 0 0 0 0 0 0 0 0 0 0 0 0 0 0 0 0 0 0 0 0 0 0 0 0 0 0 0 0 0 0 0 0 0 0 0 0 0 0 0 0 0 0 0 0 0 0 0 0 0 0 0 0 0 0 0 0 0 0 0 0 0 0 0 0 0 0 0 data 20 0x20002 0x3106 0x90005 0x3106 0x0 0x0 0x0 0x0 0x0 0x0 0x0 0x0 0x0 0x0 0x0 0x9 0x3 0xffffffffffffffff 0xffffffffffffffff 0xffffffffffffffff oops 0 methods 0
ciMethodData java/util/HashMap getNode (Ljava/lang/Object;)Ljava/util/HashMap$Node; 2 5990 orig 80 0 0 0 0 0 0 0 0 0 0 0 0 0 0 0 0 0 0 0 0 0 0 0 0 0 0 0 0 0 0 0 0 0 0 0 0 0 0 0 0 0 0 0 0 0 0 0 0 0 0 0 0 0 0 0 0 0 0 0 0 0 0 0 0 0 0 0 0 0 0 0 0 0 0 0 0 0 0 0 0 data 103 0x60007 0x2b9 0x2e8 0x14ae 0xe0007 0x0 0x2c8 0x14ae 0x170002 0x14ae 0x210007 0xc1c 0x298 0x892 0x2a0007 0x131 0xb8 0x761 0x350007 0x670 0x98 0xf1 0x390007 0x0 0x78 0xf1 0x3f0005 0xe 0x0 0x19d2d675e68 0xdb 0x19d36723fa8 0x8 0x420007 0x0 0x20 0xf1 0x4e0007 0xeb 0x1c0 0x46 0x520004 0xffffffffffffffba 0x0 0x19d356ee7c0 0xa 0x0 0x0 0x550007 0x46 0x90 0x0 0x590004 0x0 0x0 0x0 0x0 0x0 0x0 0x5f0005 0x0 0x0 0x0 0x0 0x0 0x0 0x6a0007 0x2b 0xb8 0x20 0x760007 0x11 0x98 0xf 0x7a0007 0x0 0x78 0xf 0x800005 0x2 0x0 0x19d36723fa8 0x3 0x19d36724058 0xa 0x830007 0x0 0x20 0xf 0x910007 0x5 0xffffffffffffff48 0x26 0x0 0x0 0x0 0x0 0x0 0x0 0x9 0x2 0x0 0xffffffffffffffff oops 5 29 java/lang/String 31 java/util/zip/ZipFile$Source$Key 44 java/util/HashMap$Node 81 java/util/zip/ZipFile$Source$Key 83 com/google/gson/reflect/TypeToken methods 0
ciMethodData java/util/HashMap get (Ljava/lang/Object;)Ljava/lang/Object; 2 8919 orig 80 0 0 0 0 0 0 0 0 0 0 0 0 0 0 0 0 0 0 0 0 0 0 0 0 0 0 0 0 0 0 0 0 0 0 0 0 0 0 0 0 0 0 0 0 0 0 0 0 0 0 0 0 0 0 0 0 0 0 0 0 0 0 0 0 0 0 0 0 0 0 0 0 0 0 0 0 0 0 0 0 data 24 0x20005 0x22d0 0x0 0x0 0x0 0x0 0x0 0x70007 0x133f 0x38 0xfa0 0xb0003 0xf9f 0x18 0x0 0x0 0x0 0x0 0x0 0x0 0x9 0x2 0x0 0xffffffffffffffff oops 0 methods 0
ciMethodData java/util/HashMap resize ()[Ljava/util/HashMap$Node; 2 6764 orig 80 0 0 0 0 0 0 0 0 0 0 0 0 157 1 0 0 0 0 0 0 0 0 0 0 0 0 0 0 0 0 0 0 0 0 0 0 0 0 0 0 0 0 0 0 0 0 0 0 0 0 0 0 0 0 0 0 0 0 0 0 0 0 0 0 0 0 0 0 0 0 0 0 0 0 0 0 0 0 0 0 data 171 0x60007 0x547 0x38 0x151f 0xa0003 0x1518 0x18 0x190007 0x1513 0x98 0x547 0x1f0007 0x547 0x20 0x0 0x320007 0x0 0x90 0x546 0x380007 0x414 0x70 0x132 0x400003 0x132 0x50 0x440007 0xb0a 0x38 0x9fd 0x4a0003 0x9fb 0x18 0x570007 0xc40 0x78 0xe0f 0x680007 0x0 0x58 0xe0e 0x700007 0x0 0x38 0xe0f 0x760003 0xe10 0x18 0x910007 0x1506 0x378 0x546 0x9a0007 0x543 0x358 0x361a 0xa40007 0x1615 0x320 0x202d 0xab0104 0x0 0x0 0x0 0x0 0x0 0x0 0xb10007 0x96c 0x70 0x16ce 0xc20004 0x0 0x0 0x19d356ee7c0 0xc11 0x19d386fb510 0xac2 0xc30003 0x16d4 0x270 0xc80004 0xfffffffffffff697 0x0 0x19d356ee7c0 0x68 0x19d386fb510 0x2e 0xcb0007 0x968 0xa8 0x0 0xd00004 0x0 0x0 0x0 0x0 0x0 0x0 0xd90005 0x0 0x0 0x0 0x0 0x0 0x0 0xdc0003 0x0 0x190 0xf90007 0x9fe 0x70 0xa2d 0xfe0007 0x222 0x38 0x80e 0x1050003 0x80e 0x18 0x1130003 0xa32 0x50 0x1180007 0x212 0x38 0x7ec 0x11f0003 0x7ec 0x18 0x1320007 0xac2 0xffffffffffffff58 0x967 0x1370007 0x15e 0x58 0x80e 0x1460004 0x0 0x0 0x19d356ee7c0 0x41b 0x19d386fb510 0x3f2 0x1490007 0x17d 0x58 0x7ed 0x15a0004 0x0 0x0 0x19d356ee7c0 0x3ec 0x19d386fb510 0x401 0x15e0003 0x361f 0xfffffffffffffcc0 0x0 0x0 0x0 0x0 0x0 0x0 0x0 0x0 0x0 0x9 0x1 0x0 oops 8 74 java/util/HashMap$Node 76 java/util/LinkedHashMap$Entry 84 java/util/HashMap$Node 86 java/util/LinkedHashMap$Entry 141 java/util/HashMap$Node 143 java/util/LinkedHashMap$Entry 152 java/util/HashMap$Node 154 java/util/LinkedHashMap$Entry methods 0
ciMethodData java/util/HashMap afterNodeAccess (Ljava/util/HashMap$Node;)V 2 2136 orig 80 0 0 0 0 0 0 0 0 0 0 0 0 157 1 0 0 0 0 0 0 0 0 0 0 0 0 0 0 0 0 0 0 0 0 0 0 0 0 0 0 0 0 0 0 0 0 0 0 0 0 0 0 0 0 0 0 0 0 0 0 0 0 0 0 0 0 0 0 0 0 0 0 0 0 0 0 0 0 0 0 data 5 0x0 0x9 0x2 0x0 0x0 oops 0 methods 0
ciMethodData java/util/AbstractMap <init> ()V 2 94544 orig 80 0 0 0 0 0 0 0 0 0 0 0 0 0 0 0 0 0 0 0 0 0 0 0 0 0 0 0 0 0 0 0 0 0 0 0 0 0 0 0 0 0 0 0 0 0 0 0 0 0 0 0 0 0 0 0 0 0 0 0 0 0 0 0 0 0 0 0 0 0 0 0 0 0 0 0 0 0 0 0 0 data 7 0x10002 0x1714c 0x0 0x0 0x9 0x1 0x0 oops 0 methods 0
ciMethod java/lang/invoke/DirectMethodHandle$Holder invokeSpecial (Ljava/lang/Object;Ljava/lang/Object;Ljava/lang/Object;)Ljava/lang/Object; 512 0 120683 0 -1
ciMethod java/lang/invoke/DirectMethodHandle$Holder invokeStatic (Ljava/lang/Object;Ljava/lang/Object;Ljava/lang/Object;)I 772 0 24568 0 -1
ciMethod java/lang/invoke/DirectMethodHandle$Holder invokeStatic (Ljava/lang/Object;II)I 778 0 82848 0 -1
ciMethod java/lang/invoke/DirectMethodHandle$Holder invokeStatic (Ljava/lang/Object;Ljava/lang/Object;)I 548 0 71723 0 -1
ciMethod java/lang/invoke/DirectMethodHandle$Holder getReference (Ljava/lang/Object;Ljava/lang/Object;)Ljava/lang/Object; 1024 0 57402 0 -1
ciMethod java/lang/invoke/MethodHandleImpl profileBoolean (Z[I)Z 584 0 7476 0 -1
ciMethod java/lang/invoke/DelegatingMethodHandle getTarget ()Ljava/lang/invoke/MethodHandle; 0 0 1 0 -1
ciMethod java/lang/invoke/DelegatingMethodHandle$Holder delegate (Ljava/lang/Object;Ljava/lang/Object;Ljava/lang/Object;)I 812 0 24872 0 -1
ciMethodData java/util/Objects hashCode (Ljava/lang/Object;)I 2 77065 orig 80 0 0 0 0 0 0 0 0 0 0 0 0 157 1 0 0 0 0 0 0 0 0 0 0 0 0 0 0 0 0 0 0 0 0 0 0 0 0 0 0 0 0 0 0 0 0 0 0 0 0 0 0 0 0 0 0 0 0 0 0 0 0 0 0 0 0 0 0 0 0 0 0 0 0 0 0 0 0 0 0 data 23 0x10007 0x0 0x70 0x12cfc 0x50005 0x11f7e 0x0 0x19d2d6786f8 0xbba 0x19d2d675ef8 0x1c1 0x80003 0x12cf7 0x18 0x0 0x0 0x0 0x0 0x0 0x0 0x9 0x1 0x0 oops 2 7 java/lang/invoke/MethodType 9 java/lang/Class methods 0
ciMethod  @bci io/ballerina/projects/internal/PackageDiagnostic$DiagnosticLocation <init> (Ljava/lang/String;Lio/ballerina/tools/diagnostics/Location;)V 53 <appendix> form vmentry <vmtarget> ; invoke (Ljava/lang/Object;Ljava/lang/Object;)Ljava/lang/Object; 512 0 113779 0 -1
ciMethodData  @bci io/ballerina/projects/internal/PackageDiagnostic$DiagnosticLocation <init> (Ljava/lang/String;Lio/ballerina/tools/diagnostics/Location;)V 53 <appendix> form vmentry <vmtarget> ; invoke (Ljava/lang/Object;Ljava/lang/Object;)Ljava/lang/Object; 2 113523 orig 80 0 0 0 0 0 0 0 0 0 0 0 0 0 0 0 0 0 0 0 0 0 0 0 0 0 0 0 0 0 0 0 0 0 0 0 0 0 0 0 0 0 0 0 0 0 0 0 0 0 0 0 0 0 0 0 0 0 0 0 0 0 0 0 0 0 0 0 0 0 0 0 0 0 0 0 0 0 0 0 0 data 43 0x10004 0x0 0x0 0x19d34476628 0x1db0 0x0 0x0 0x100004 0x0 0x0 0x19d2d678308 0x1da9 0x0 0x0 0x15000b 0x1bb7c 0x0 0x0 0x0 0x0 0x0 0x5 0x1 0x2 0x2 0x3 0x3 0x0 0x0 0x0 0x0 0x0 0x0 0x9 0x2 0x0 0x0 0xc 0x4 0x0 0x19d34476628 0x1 0x3 oops 3 3 java/lang/invoke/BoundMethodHandle$Species_LL 10 java/lang/invoke/DirectMethodHandle 40 java/lang/invoke/BoundMethodHandle$Species_LL methods 0
ciMethodData java/lang/Record <init> ()V 2 100768 orig 80 0 0 0 0 0 0 0 0 0 0 0 0 0 0 0 0 0 0 0 0 0 0 0 0 0 0 0 0 0 0 0 0 0 0 0 0 0 0 0 0 0 0 0 0 0 0 0 0 0 0 0 0 0 0 0 0 0 0 0 0 0 0 0 0 0 0 0 0 0 0 0 0 0 0 0 0 0 0 0 0 data 7 0x10002 0x18999 0x0 0x0 0x9 0x1 0x0 oops 0 methods 0
ciMethodData java/util/HashMap <init> ()V 2 79689 orig 80 0 0 0 0 0 0 0 0 0 0 0 0 0 0 0 0 0 0 0 0 0 0 0 0 0 0 0 0 0 0 0 0 0 0 0 0 0 0 0 0 0 0 0 0 0 0 0 0 0 0 0 0 0 0 0 0 0 0 0 0 0 0 0 0 0 0 0 0 0 0 0 0 0 0 0 0 0 0 0 0 data 9 0x10002 0x13749 0x0 0x0 0x0 0x0 0x9 0x1 0x10 oops 0 methods 0
ciMethod  @cpi org/wso2/ballerinalang/compiler/semantics/analyzer/SemanticAnalyzer 4835 form vmentry <vmtarget> ; invokeSpecial (Ljava/lang/Object;Ljava/lang/Object;Ljava/lang/Object;)I 1024 0 11312 0 -1
ciMethodData  @cpi org/wso2/ballerinalang/compiler/semantics/analyzer/SemanticAnalyzer 4835 form vmentry <vmtarget> ; invokeSpecial (Ljava/lang/Object;Ljava/lang/Object;Ljava/lang/Object;)I 2 10800 orig 80 0 0 0 0 0 0 0 0 0 0 0 0 0 0 0 0 0 0 0 0 0 0 0 0 0 0 0 0 0 0 0 0 0 0 0 0 0 0 0 0 0 0 0 0 0 0 0 0 0 0 0 0 0 0 0 0 0 0 0 0 0 0 0 0 0 0 0 0 0 0 0 0 0 0 0 0 0 0 0 0 data 37 0x1000a 0x2a31 0x3 0x0 0x19d2d678308 0x19d2d6784b8 0x80004 0x0 0x0 0x19d2d6784b8 0x82 0x0 0x0 0xb000a 0x2a31 0x4 0x0 0x19d2d675ef8 0x1 0x2 0x0 0x0 0x0 0x0 0x0 0x0 0x9 0x3 0x0 0x0 0x0 0xc 0x4 0x0 0x19d2d678308 0x1 0x19d2d675ef8 oops 6 4 java/lang/invoke/DirectMethodHandle 5 java/lang/invoke/MemberName 9 java/lang/invoke/MemberName 17 java/lang/Class 34 java/lang/invoke/DirectMethodHandle 36 java/lang/Class methods 0
ciMethod  @bci io/ballerina/types/FunctionAtomicType hashCode ()I 1 <appendix> argL2 argL1 form vmentry <vmtarget> ; invoke (Ljava/lang/Object;Ljava/lang/Object;)I 796 0 73036 0 -1
ciMethodData java/lang/invoke/DirectMethodHandle internalMemberName (Ljava/lang/Object;)Ljava/lang/Object; 2 549055 orig 80 0 0 0 0 0 0 0 0 0 0 0 0 0 0 0 0 0 0 0 0 0 0 0 0 0 0 0 0 0 0 0 0 0 0 0 0 0 0 0 0 0 0 0 0 0 0 0 0 0 0 0 0 0 0 0 0 0 0 0 0 0 0 0 0 0 0 0 0 0 0 0 0 0 0 0 0 0 0 0 0 data 16 0x10004 0x0 0x0 0x19d2d678308 0xce5a 0x19d352596d0 0x6 0x0 0x0 0x0 0x0 0x0 0x0 0x9 0x1 0x0 oops 2 3 java/lang/invoke/DirectMethodHandle 5 java/lang/invoke/DirectMethodHandle$Interface methods 0
ciMethodData java/lang/invoke/DirectMethodHandle$Holder invokeSpecial (Ljava/lang/Object;Ljava/lang/Object;Ljava/lang/Object;)Ljava/lang/Object; 2 120427 orig 80 0 0 0 0 0 0 0 0 0 0 0 0 0 0 0 0 0 0 0 0 0 0 0 0 0 0 0 0 0 0 0 0 0 0 0 0 0 0 0 0 0 0 0 0 0 0 0 0 0 0 0 0 0 0 0 0 0 0 0 0 0 0 0 0 0 0 0 0 0 0 0 0 0 0 0 0 0 0 0 0 data 38 0x1000a 0x1d66b 0x3 0x0 0x19d2d678308 0x19d2d6784b8 0x80004 0x0 0x0 0x0 0x0 0x0 0x0 0xb000a 0x1d66f 0x5 0x0 0x2 0x1 0x3 0x3 0x0 0x0 0x0 0x0 0x0 0x0 0x9 0x3 0x0 0x0 0x0 0xc 0x4 0x0 0x19d2d678308 0x1 0x2 oops 3 4 java/lang/invoke/DirectMethodHandle 5 java/lang/invoke/MemberName 35 java/lang/invoke/DirectMethodHandle methods 0
ciMethodData java/lang/invoke/DirectMethodHandle fieldOffset (Ljava/lang/Object;)J 2 156813 orig 80 0 0 0 0 0 0 0 0 0 0 0 0 0 0 0 0 0 0 0 0 0 0 0 0 0 0 0 0 0 0 0 0 0 0 0 0 0 0 0 0 0 0 0 0 0 0 0 0 0 0 0 0 0 0 0 0 0 0 0 0 0 0 0 0 0 0 0 0 0 0 0 0 0 0 0 0 0 0 0 0 data 16 0x10004 0x0 0x0 0x19d344787a8 0x4608 0x0 0x0 0x0 0x0 0x0 0x0 0x0 0x0 0x9 0x1 0x0 oops 1 3 java/lang/invoke/DirectMethodHandle$Accessor methods 0
ciMethodData java/lang/invoke/DirectMethodHandle checkBase (Ljava/lang/Object;)Ljava/lang/Object; 2 156582 orig 80 0 0 0 0 0 0 0 0 0 0 0 0 0 0 0 0 0 0 0 0 0 0 0 0 0 0 0 0 0 0 0 0 0 0 0 0 0 0 0 0 0 0 0 0 0 0 0 0 0 0 0 0 0 0 0 0 0 0 0 0 0 0 0 0 0 0 0 0 0 0 0 0 0 0 0 0 0 0 0 0 data 11 0x10002 0x263a5 0x0 0x0 0x0 0x0 0x0 0x0 0x9 0x1 0x0 oops 0 methods 0
ciMethod java/lang/runtime/ObjectMethods hashCombiner (II)I 944 0 79296 0 96
ciMethod java/lang/runtime/ObjectMethods eq (Ljava/lang/Object;Ljava/lang/Object;)Z 516 0 11326 0 0
ciMethodData java/lang/invoke/DirectMethodHandle$Holder invokeStatic (Ljava/lang/Object;Ljava/lang/Object;)I 2 71449 orig 80 0 0 0 0 0 0 0 0 0 0 0 0 0 0 0 0 0 0 0 0 0 0 0 0 0 0 0 0 0 0 0 0 0 0 0 0 0 0 0 0 0 0 0 0 0 0 0 0 0 0 0 0 0 0 0 0 0 0 0 0 0 0 0 0 0 0 0 0 0 0 0 0 0 0 0 0 0 0 0 0 data 36 0x1000a 0x11716 0x3 0x0 0x19d2d678308 0x19d2d6784b8 0x70004 0x0 0x0 0x0 0x0 0x0 0x0 0xa000a 0x11718 0x4 0x0 0x2 0x1 0x19d2d6784b8 0x0 0x0 0x0 0x0 0x0 0x0 0x9 0x2 0x0 0x0 0xc 0x4 0x0 0x19d2d678308 0x1 0x2 oops 4 4 java/lang/invoke/DirectMethodHandle 5 java/lang/invoke/MemberName 19 java/lang/invoke/MemberName 33 java/lang/invoke/DirectMethodHandle methods 0
ciMethod java/lang/invoke/MethodHandleImpl$CountingWrapper getTarget ()Ljava/lang/invoke/MethodHandle; 258 0 129 0 0
ciMethodData java/lang/invoke/DirectMethodHandle$Holder invokeStatic (Ljava/lang/Object;II)I 2 82459 orig 80 0 0 0 0 0 0 0 0 0 0 0 0 0 0 0 0 0 0 0 0 0 0 0 0 0 0 0 0 0 0 0 0 0 0 0 0 0 0 0 0 0 0 0 0 0 0 0 0 0 0 0 0 0 0 0 0 0 0 0 0 0 0 0 0 0 0 0 0 0 0 0 0 0 0 0 0 0 0 0 0 data 33 0x1000a 0x1421a 0x3 0x0 0x19d2d678308 0x19d2d6784b8 0x80004 0x0 0x0 0x0 0x0 0x0 0x0 0xb000a 0x1421a 0x2 0x2 0x19d2d6784b8 0x0 0x0 0x0 0x0 0x0 0x0 0x9 0x3 0x0 0x0 0x0 0xc 0x2 0x0 0x19d2d678308 oops 4 4 java/lang/invoke/DirectMethodHandle 5 java/lang/invoke/MemberName 17 java/lang/invoke/MemberName 32 java/lang/invoke/DirectMethodHandle methods 0
ciMethodData java/lang/runtime/ObjectMethods hashCombiner (II)I 2 78824 orig 80 0 0 0 0 0 0 0 0 0 0 0 0 0 0 0 0 0 0 0 0 0 0 0 0 0 0 0 0 0 0 0 0 0 0 0 0 0 0 0 0 0 0 0 0 0 0 0 0 0 0 0 0 0 0 0 0 0 0 0 0 0 0 0 0 0 0 0 0 0 0 0 0 0 0 0 0 0 0 0 0 data 5 0x0 0x9 0x2 0x0 0x0 oops 0 methods 0
ciMethod io/ballerina/types/Atom index ()I 0 0 1 0 -1
ciMethod io/ballerina/types/subtypedata/BddAllOrNothing bddAll ()Lio/ballerina/types/subtypedata/BddAllOrNothing; 988 0 21977 0 0
ciMethod io/ballerina/types/subtypedata/BddAllOrNothing bddNothing ()Lio/ballerina/types/subtypedata/BddAllOrNothing; 774 0 43389 0 88
ciMethod io/ballerina/types/subtypedata/BddAllOrNothing isAll ()Z 520 0 260 0 0
ciMethod io/ballerina/types/subtypedata/BddAllOrNothing isNothing ()Z 776 0 19938 0 0
ciMethod io/ballerina/types/RecAtom index ()I 310 0 155 0 0
ciMethod io/ballerina/types/typeops/BddCommonOps bddUnion (Lio/ballerina/types/Bdd;Lio/ballerina/types/Bdd;)Lio/ballerina/types/Bdd; 380 0 2293 0 0
ciMethod io/ballerina/types/typeops/BddCommonOps bddUnionWithMemo (Lio/ballerina/types/typeops/BddCommonOps$BddOpMemo;Lio/ballerina/types/Bdd;Lio/ballerina/types/Bdd;)Lio/ballerina/types/Bdd; 520 0 14739 0 0
ciMethod io/ballerina/types/typeops/BddCommonOps bddUnionInner (Lio/ballerina/types/typeops/BddCommonOps$BddOpMemo;Lio/ballerina/types/Bdd;Lio/ballerina/types/Bdd;)Lio/ballerina/types/Bdd; 464 0 13350 0 0
ciMethod io/ballerina/types/typeops/BddCommonOps bddCreate (Lio/ballerina/types/Atom;Lio/ballerina/types/Bdd;Lio/ballerina/types/Bdd;Lio/ballerina/types/Bdd;)Lio/ballerina/types/Bdd; 560 0 11151 0 0
ciMethod io/ballerina/types/typeops/BddCommonOps atomCmp (Lio/ballerina/types/Atom;Lio/ballerina/types/Atom;)J 510 0 10193 0 0
ciMethod io/ballerina/types/subtypedata/BddNode create (Lio/ballerina/types/Atom;Lio/ballerina/types/Bdd;Lio/ballerina/types/Bdd;Lio/ballerina/types/Bdd;)Lio/ballerina/types/subtypedata/BddNode; 532 0 19677 0 560
ciMethod io/ballerina/types/subtypedata/BddNode isSimpleNode (Lio/ballerina/types/Bdd;Lio/ballerina/types/Bdd;Lio/ballerina/types/Bdd;)Z 536 0 19559 0 248
ciMethod io/ballerina/types/subtypedata/BddNode atom ()Lio/ballerina/types/Atom; 0 0 1 0 -1
ciMethod io/ballerina/types/subtypedata/BddNode left ()Lio/ballerina/types/Bdd; 0 0 1 0 -1
ciMethod io/ballerina/types/subtypedata/BddNode middle ()Lio/ballerina/types/Bdd; 0 0 1 0 -1
ciMethod io/ballerina/types/subtypedata/BddNode right ()Lio/ballerina/types/Bdd; 0 0 1 0 -1
ciMethod io/ballerina/types/subtypedata/BddNodeSimple <init> (Lio/ballerina/types/Atom;)V 464 0 9897 0 0
ciMethod io/ballerina/types/subtypedata/BddNodeSimple left ()Lio/ballerina/types/Bdd; 1004 0 7993 0 0
ciMethod io/ballerina/types/subtypedata/BddNodeSimple middle ()Lio/ballerina/types/Bdd; 1024 0 9071 0 0
ciMethod io/ballerina/types/subtypedata/BddNodeSimple right ()Lio/ballerina/types/Bdd; 836 0 6413 0 0
ciMethod io/ballerina/types/subtypedata/BddNodeSimple atom ()Lio/ballerina/types/Atom; 308 0 154 0 0
ciMethod io/ballerina/types/typeops/BddCommonOps$BddOpMemo <init> (Ljava/util/Map;Ljava/util/Map;Ljava/util/Map;)V 512 0 5979 0 0
ciMethod io/ballerina/types/typeops/BddCommonOps$BddOpMemo create ()Lio/ballerina/types/typeops/BddCommonOps$BddOpMemo; 512 0 5979 0 0
ciMethod io/ballerina/types/typeops/BddCommonOps$BddOpMemoKey <init> (Lio/ballerina/types/Bdd;Lio/ballerina/types/Bdd;)V 928 0 26933 0 0
ciMethod io/ballerina/types/typeops/BddCommonOps$BddOpMemoKey hashCode ()I 856 0 6974 0 344
ciMethod io/ballerina/types/typeops/BddCommonOps$BddOpMemoKey equals (Ljava/lang/Object;)Z 824 0 3113 0 0
ciMethod  @bci io/ballerina/types/FunctionAtomicType hashCode ()I 1 <appendix> argL2 argL2 argL2 argL2 form vmentry <vmtarget> ; invoke (Ljava/lang/Object;Ljava/lang/Object;)I 350 0 34640 0 -1
ciMethod  @bci io/ballerina/types/FunctionAtomicType hashCode ()I 1 <appendix> form vmentry <vmtarget> ; invoke (Ljava/lang/Object;Ljava/lang/Object;)I 592 0 82839 0 -1
ciMethod  @bci io/ballerina/types/FunctionAtomicType hashCode ()I 1 <adapter> ; linkToTargetMethod (Ljava/lang/Object;Ljava/lang/Object;)I 1024 0 44871 0 -1
ciMethodData  @bci io/ballerina/types/FunctionAtomicType hashCode ()I 1 <adapter> ; linkToTargetMethod (Ljava/lang/Object;Ljava/lang/Object;)I 2 44359 orig 80 0 0 0 0 0 0 0 0 0 0 0 0 0 0 0 0 0 0 0 0 0 0 0 0 0 0 0 0 0 0 0 0 0 0 0 0 0 0 0 0 0 0 0 0 0 0 0 0 0 0 0 0 0 0 0 0 0 0 0 0 0 0 0 0 0 0 0 0 0 0 0 0 0 0 0 0 0 0 0 0 data 33 0x10004 0x0 0x0 0x19d34474590 0x900 0x0 0x0 0x5000b 0xad48 0x0 0x0 0x0 0x0 0x0 0x2 0x1 0x2 0x0 0x0 0x0 0x0 0x0 0x0 0x9 0x2 0x0 0x0 0xc 0x4 0x0 0x2 0x1 0x19d34474590 oops 2 3 java/lang/invoke/BoundMethodHandle$Species_LLL 32 java/lang/invoke/BoundMethodHandle$Species_LLL methods 0
ciMethod io/ballerina/types/TypeAtom index ()I 318 0 159 0 0
ciMethodData  @bci io/ballerina/types/FunctionAtomicType hashCode ()I 1 <appendix> form vmentry <vmtarget> ; invoke (Ljava/lang/Object;Ljava/lang/Object;)I 2 82543 orig 80 0 0 0 0 0 0 0 0 0 0 0 0 0 0 0 0 0 0 0 0 0 0 0 0 0 0 0 0 0 0 0 0 0 0 0 0 0 0 0 0 0 0 0 0 0 0 0 0 0 0 0 0 0 0 0 0 0 0 0 0 0 0 0 0 0 0 0 0 0 0 0 0 0 0 0 0 0 0 0 0 data 71 0x10004 0x0 0x0 0x19d34474590 0x1287 0x0 0x0 0xb0004 0x0 0x0 0x19d34474590 0xa0a 0x19d34476578 0x877 0xf000b 0x1426f 0x0 0x0 0x0 0x0 0x0 0x2 0x1 0x2 0x1b0004 0x0 0x0 0x19d34476628 0x1285 0x0 0x0 0x1f000b 0x1426f 0x0 0x0 0x0 0x0 0x0 0x2 0x1 0x2 0x2c0004 0x0 0x0 0x19d2d678308 0x1287 0x0 0x0 0x320005 0x14271 0x0 0x0 0x0 0x0 0x0 0x0 0x0 0x0 0x0 0x0 0x0 0x9 0x2 0x0 0x0 0xc 0x4 0x0 0x19d34474590 0x1 0x2 oops 6 3 java/lang/invoke/BoundMethodHandle$Species_LLL 10 java/lang/invoke/BoundMethodHandle$Species_LLL 12 java/lang/invoke/SimpleMethodHandle 27 java/lang/invoke/BoundMethodHandle$Species_LL 44 java/lang/invoke/DirectMethodHandle 68 java/lang/invoke/BoundMethodHandle$Species_LLL methods 0
ciMethod io/ballerina/types/subtypedata/BddNodeImpl <init> (Lio/ballerina/types/Atom;Lio/ballerina/types/Bdd;Lio/ballerina/types/Bdd;Lio/ballerina/types/Bdd;)V 68 0 9781 0 0
ciMethod io/ballerina/types/subtypedata/BddNodeImpl atom ()Lio/ballerina/types/Atom; 304 0 152 0 0
ciMethod io/ballerina/types/subtypedata/BddNodeImpl left ()Lio/ballerina/types/Bdd; 270 0 135 0 0
ciMethod io/ballerina/types/subtypedata/BddNodeImpl middle ()Lio/ballerina/types/Bdd; 326 0 163 0 0
ciMethod io/ballerina/types/subtypedata/BddNodeImpl right ()Lio/ballerina/types/Bdd; 258 0 129 0 0
ciMethodData  @bci io/ballerina/types/FunctionAtomicType hashCode ()I 1 <appendix> argL2 argL1 form vmentry <vmtarget> ; invoke (Ljava/lang/Object;Ljava/lang/Object;)I 2 72638 orig 80 0 0 0 0 0 0 0 0 0 0 0 0 0 0 0 0 0 0 0 0 0 0 0 0 0 0 0 0 0 0 0 0 0 0 0 0 0 0 0 0 0 0 0 0 0 0 0 0 0 0 0 0 0 0 0 0 0 0 0 0 0 0 0 0 0 0 0 0 0 0 0 0 0 0 0 0 0 0 0 0 data 58 0x10004 0x0 0x0 0x19d34476628 0x16d4 0x0 0x0 0xb0004 0x0 0x0 0x19d344787a8 0x16d3 0x0 0x0 0xf000b 0x11bbd 0x0 0x0 0x0 0x0 0x0 0x3 0x1 0x2 0x2 0x1b0004 0x0 0x0 0x19d2d678308 0x16d2 0x0 0x0 0x1f000b 0x11bbc 0x0 0x0 0x0 0x0 0x0 0x2 0x1 0x2 0x0 0x0 0x0 0x0 0x0 0x0 0x9 0x2 0x0 0x0 0xc 0x4 0x0 0x19d34476628 0x1 0x2 oops 4 3 java/lang/invoke/BoundMethodHandle$Species_LL 10 java/lang/invoke/DirectMethodHandle$Accessor 28 java/lang/invoke/DirectMethodHandle 55 java/lang/invoke/BoundMethodHandle$Species_LL methods 0
ciMethod java/lang/invoke/LambdaForm$MH+0x000000010025cc00 invoke (Ljava/lang/Object;Ljava/lang/Object;Ljava/lang/Object;)I 1024 0 8722 0 -1
ciMethodData java/lang/invoke/LambdaForm$MH+0x000000010025cc00 invoke (Ljava/lang/Object;Ljava/lang/Object;Ljava/lang/Object;)I 2 8210 orig 80 0 0 0 0 0 0 0 0 0 0 0 0 0 0 0 0 0 0 0 0 0 0 0 0 0 0 0 0 0 0 0 0 0 0 0 0 0 0 0 0 0 0 0 0 0 0 0 0 0 0 0 0 0 0 0 0 0 0 0 0 0 0 0 0 0 0 0 0 0 0 0 0 0 0 0 0 0 0 0 0 data 24 0x10004 0x0 0x0 0x19d32bf0a68 0x2013 0x0 0x0 0x0 0x0 0x0 0x0 0x0 0x0 0x9 0x3 0x0 0x0 0x0 0xc 0x4 0x0 0x19d32bf0a68 0x1 0x2 oops 2 3 java/lang/invoke/BoundMethodHandle$Species_I 21 java/lang/invoke/BoundMethodHandle$Species_I methods 0
ciMethod java/lang/invoke/LambdaForm$MH+0x000000010025e400 invoke (Ljava/lang/Object;Ljava/lang/Object;Ljava/lang/Object;)I 1024 0 11312 0 -1
ciMethodData java/lang/invoke/LambdaForm$MH+0x000000010025e400 invoke (Ljava/lang/Object;Ljava/lang/Object;Ljava/lang/Object;)I 2 10800 orig 80 0 0 0 0 0 0 0 0 0 0 0 0 0 0 0 0 0 0 0 0 0 0 0 0 0 0 0 0 0 0 0 0 0 0 0 0 0 0 0 0 0 0 0 0 0 0 0 0 0 0 0 0 0 0 0 0 0 0 0 0 0 0 0 0 0 0 0 0 0 0 0 0 0 0 0 0 0 0 0 0 data 43 0x10004 0x0 0x0 0x19d34476628 0x46a 0x0 0x0 0x120004 0x0 0x0 0x19d2d678308 0x46a 0x0 0x0 0x17000b 0x2a31 0x0 0x0 0x0 0x0 0x0 0x4 0x1 0x19d2d675ef8 0x2 0x2 0x0 0x0 0x0 0x0 0x0 0x0 0x9 0x3 0x0 0x0 0x0 0xc 0x4 0x0 0x19d34476628 0x1 0x2 oops 4 3 java/lang/invoke/BoundMethodHandle$Species_LL 10 java/lang/invoke/DirectMethodHandle 23 java/lang/Class 40 java/lang/invoke/BoundMethodHandle$Species_LL methods 0
ciMethod java/lang/invoke/LambdaForm$MH+0x000000010025ec00 invoke (Ljava/lang/Object;Ljava/lang/Object;Ljava/lang/Object;)I 1024 0 19024 0 -1
ciMethod  @bci io/ballerina/types/subtypedata/BddNodeImpl equals (Ljava/lang/Object;)Z 2 <appendix> form vmentry <vmtarget> ; guard (Ljava/lang/Object;Ljava/lang/Object;Ljava/lang/Object;)I 806 0 23920 0 -1
ciMethod java/lang/invoke/LambdaForm$MH+0x0000000100281800 invoke (Ljava/lang/Object;Ljava/lang/Object;Ljava/lang/Object;)I 1024 0 8741 0 -1
ciMethod  @bci io/ballerina/types/subtypedata/BddNodeImpl equals (Ljava/lang/Object;)Z 2 <adapter> ; linkToTargetMethod (Ljava/lang/Object;Ljava/lang/Object;Ljava/lang/Object;)I 516 0 11326 0 -1
ciMethodData  @bci io/ballerina/types/subtypedata/BddNodeImpl equals (Ljava/lang/Object;)Z 2 <adapter> ; linkToTargetMethod (Ljava/lang/Object;Ljava/lang/Object;Ljava/lang/Object;)I 2 11068 orig 80 0 0 0 0 0 0 0 0 0 0 0 0 0 0 0 0 0 0 0 0 0 0 0 0 0 0 0 0 0 0 0 0 0 0 0 0 0 0 0 0 0 0 0 0 0 0 0 0 0 0 0 0 0 0 0 0 0 0 0 0 0 0 0 0 0 0 0 0 0 0 0 0 0 0 0 0 0 0 0 0 data 36 0x10004 0x0 0x0 0x19d3525dd38 0x567 0x0 0x0 0x6000b 0x2b3c 0x0 0x0 0x0 0x0 0x0 0x4 0x1 0x2 0x2 0x2 0x0 0x0 0x0 0x0 0x0 0x0 0x9 0x3 0x0 0x0 0x0 0xc 0x4 0x0 0x2 0x1 0x2 oops 1 3 java/lang/invoke/BoundMethodHandle$Species_LLLL methods 0
ciMethodData  @bci io/ballerina/types/FunctionAtomicType hashCode ()I 1 <appendix> argL2 argL2 argL2 argL2 form vmentry <vmtarget> ; invoke (Ljava/lang/Object;Ljava/lang/Object;)I 2 34465 orig 80 0 0 0 0 0 0 0 0 0 0 0 0 0 0 0 0 0 0 0 0 0 0 0 0 0 0 0 0 0 0 0 0 0 0 0 0 0 0 0 0 0 0 0 0 0 0 0 0 0 0 0 0 0 0 0 0 0 0 0 0 0 0 0 0 0 0 0 0 0 0 0 0 0 0 0 0 0 0 0 0 data 11 0x0 0x9 0x2 0x0 0x0 0xc 0x4 0x0 0x19d34476578 0x1 0x2 oops 1 8 java/lang/invoke/SimpleMethodHandle methods 0
ciMethodData io/ballerina/types/subtypedata/BddAllOrNothing isNothing ()Z 2 19550 orig 80 0 0 0 0 0 0 0 0 0 0 0 0 0 0 0 0 0 0 0 0 0 0 0 0 0 0 0 0 0 0 0 0 0 0 0 0 0 0 0 0 0 0 0 0 0 0 0 0 0 0 0 0 0 0 0 0 0 0 0 0 0 0 0 0 0 0 0 0 0 0 0 0 0 0 0 0 0 0 0 0 data 13 0x40007 0x0 0x38 0x4c5e 0x80003 0x4c5e 0x18 0x0 0x0 0x0 0x9 0x1 0x0 oops 0 methods 0
ciMethodData io/ballerina/types/subtypedata/BddAllOrNothing bddNothing ()Lio/ballerina/types/subtypedata/BddAllOrNothing; 2 43030 orig 80 0 0 0 0 0 0 0 0 0 0 0 0 0 0 0 0 0 0 0 0 0 0 0 0 0 0 0 0 0 0 0 0 0 0 0 0 0 0 0 0 0 0 0 0 0 0 0 0 0 0 0 0 0 0 0 0 0 0 0 0 0 0 0 0 0 0 0 0 0 0 0 0 0 0 0 0 0 0 0 0 data 4 0x0 0x0 0x9 0x0 oops 0 methods 0
ciMethodData java/lang/invoke/DirectMethodHandle$Holder getReference (Ljava/lang/Object;Ljava/lang/Object;)Ljava/lang/Object; 2 56896 orig 80 0 0 0 0 0 0 0 0 0 0 0 0 0 0 0 0 0 0 0 0 0 0 0 0 0 0 0 0 0 0 0 0 0 0 0 0 0 0 0 0 0 0 0 0 0 0 0 0 0 0 0 0 0 0 0 0 0 0 0 0 0 0 0 0 0 0 0 0 0 0 0 0 0 0 0 0 0 0 0 0 data 45 0x1000a 0xde3f 0x2 0x0 0x19d344787a8 0x6000a 0xde3f 0x3 0x0 0x2 0x2 0x120004 0x0 0x0 0x19d2d679018 0x3e 0x0 0x0 0x18000b 0x3e 0x0 0x0 0x0 0x0 0x0 0x3 0x1 0x2 0x2 0x0 0x0 0x0 0x0 0x0 0x0 0x9 0x2 0x0 0x0 0xc 0x4 0x0 0x19d344787a8 0x1 0x2 oops 3 4 java/lang/invoke/DirectMethodHandle$Accessor 14 jdk/internal/misc/Unsafe 42 java/lang/invoke/DirectMethodHandle$Accessor methods 0
ciMethodData java/lang/invoke/DirectMethodHandle$Holder invokeStatic (Ljava/lang/Object;Ljava/lang/Object;Ljava/lang/Object;)I 2 24182 orig 80 0 0 0 0 0 0 0 0 0 0 0 0 0 0 0 0 0 0 0 0 0 0 0 0 0 0 0 0 0 0 0 0 0 0 0 0 0 0 0 0 0 0 0 0 0 0 0 0 0 0 0 0 0 0 0 0 0 0 0 0 0 0 0 0 0 0 0 0 0 0 0 0 0 0 0 0 0 0 0 0 data 37 0x1000a 0x5e76 0x3 0x0 0x19d2d678308 0x19d2d6784b8 0x80004 0x0 0x0 0x19d2d6784b8 0x3 0x0 0x0 0xb000a 0x5e76 0x4 0x0 0x2 0x1 0x2 0x0 0x0 0x0 0x0 0x0 0x0 0x9 0x3 0x0 0x0 0x0 0xc 0x4 0x0 0x19d2d678308 0x1 0x2 oops 4 4 java/lang/invoke/DirectMethodHandle 5 java/lang/invoke/MemberName 9 java/lang/invoke/MemberName 34 java/lang/invoke/DirectMethodHandle methods 0
ciMethodData java/lang/invoke/DelegatingMethodHandle$Holder delegate (Ljava/lang/Object;Ljava/lang/Object;Ljava/lang/Object;)I 2 24466 orig 80 0 0 0 0 0 0 0 0 0 0 0 0 0 0 0 0 0 0 0 0 0 0 0 0 0 0 0 0 0 0 0 0 0 0 0 0 0 0 0 0 0 0 0 0 0 0 0 0 0 0 0 0 0 0 0 0 0 0 0 0 0 0 0 0 0 0 0 0 0 0 0 0 0 0 0 0 0 0 0 0 data 52 0x10004 0x0 0x0 0x19d33bc59e0 0x1404 0x0 0x0 0x4000b 0x4b8e 0x0 0x19d33bc59e0 0x1404 0x0 0x0 0x1 0x2 0x90004 0x0 0x0 0x19d3525dd38 0x5 0x19d33bca110 0x2 0xe000b 0x5f92 0x0 0x0 0x0 0x0 0x0 0x4 0x1 0x2 0x2 0x2 0x0 0x0 0x0 0x0 0x0 0x0 0x9 0x3 0x0 0x0 0x0 0xc 0x4 0x0 0x19d33bc59e0 0x1 0x2 oops 5 3 java/lang/invoke/MethodHandleImpl$CountingWrapper 10 java/lang/invoke/MethodHandleImpl$CountingWrapper 19 java/lang/invoke/BoundMethodHandle$Species_LLLL 21 java/lang/invoke/BoundMethodHandle$Species_LLLLL 49 java/lang/invoke/MethodHandleImpl$CountingWrapper methods 0
ciMethodData java/lang/runtime/ObjectMethods eq (Ljava/lang/Object;Ljava/lang/Object;)Z 2 11068 orig 80 0 0 0 0 0 0 0 0 0 0 0 0 0 0 0 0 0 0 0 0 0 0 0 0 0 0 0 0 0 0 0 0 0 0 0 0 0 0 0 0 0 0 0 0 0 0 0 0 0 0 0 0 0 0 0 0 0 0 0 0 0 0 0 0 0 0 0 0 0 0 0 0 0 0 0 0 0 0 0 0 data 17 0x20007 0x2b2d 0x38 0xf 0x60003 0xf 0x18 0x0 0x0 0x0 0x0 0x0 0x0 0x9 0x2 0x0 0x0 oops 0 methods 0
ciMethodData io/ballerina/types/subtypedata/BddNode isSimpleNode (Lio/ballerina/types/Bdd;Lio/ballerina/types/Bdd;Lio/ballerina/types/Bdd;)Z 2 19291 orig 80 0 0 0 0 0 0 0 0 0 0 0 0 0 0 0 0 0 0 0 0 0 0 0 0 0 0 0 0 0 0 0 0 0 0 0 0 0 0 0 0 0 0 0 0 0 0 0 0 0 0 0 0 0 0 0 0 0 0 0 0 0 0 0 0 0 0 0 0 0 0 0 0 0 0 0 0 0 0 0 0 data 101 0x10004 0xfffffffffffff7ee 0x0 0x19d356e97b8 0x4349 0x0 0x0 0x40007 0x812 0x298 0x434a 0x80004 0x0 0x0 0x19d356e97b8 0x434a 0x0 0x0 0xf0005 0x0 0x0 0x19d356e97b8 0x434a 0x0 0x0 0x120007 0x56a 0x208 0x3de0 0x160004 0xffffffffffffe7db 0x0 0x19d356e97b8 0x25ba 0x0 0x0 0x190007 0x1825 0x1b0 0x25ba 0x1d0004 0x0 0x0 0x19d356e97b8 0x25ba 0x0 0x0 0x240005 0x0 0x0 0x19d356e97b8 0x25ba 0x0 0x0 0x270007 0x0 0x120 0x25ba 0x2b0004 0x0 0x0 0x19d356e97b8 0x25ba 0x0 0x0 0x2e0007 0x0 0xc8 0x25ba 0x320004 0x0 0x0 0x19d356e97b8 0x25ba 0x0 0x0 0x370005 0x0 0x0 0x19d356e97b8 0x25ba 0x0 0x0 0x3a0007 0x0 0x38 0x25ba 0x3e0003 0x25ba 0x18 0x0 0x0 0x0 0x0 0x0 0x0 0x9 0x3 0x0 0x0 0x0 oops 9 3 io/ballerina/types/subtypedata/BddAllOrNothing 14 io/ballerina/types/subtypedata/BddAllOrNothing 21 io/ballerina/types/subtypedata/BddAllOrNothing 32 io/ballerina/types/subtypedata/BddAllOrNothing 43 io/ballerina/types/subtypedata/BddAllOrNothing 50 io/ballerina/types/subtypedata/BddAllOrNothing 61 io/ballerina/types/subtypedata/BddAllOrNothing 72 io/ballerina/types/subtypedata/BddAllOrNothing 79 io/ballerina/types/subtypedata/BddAllOrNothing methods 0
ciMethodData io/ballerina/types/subtypedata/BddNode create (Lio/ballerina/types/Atom;Lio/ballerina/types/Bdd;Lio/ballerina/types/Bdd;Lio/ballerina/types/Bdd;)Lio/ballerina/types/subtypedata/BddNode; 2 19411 orig 80 0 0 0 0 0 0 0 0 0 0 0 0 0 0 0 0 0 0 0 0 0 0 0 0 0 0 0 0 0 0 0 0 0 0 0 0 0 0 0 0 0 0 0 0 0 0 0 0 0 0 0 0 0 0 0 0 0 0 0 0 0 0 0 0 0 0 0 0 0 0 0 0 0 0 0 0 0 0 0 0 data 22 0x30002 0x4bd3 0x60007 0x2612 0x30 0x25c1 0xe0002 0x25c1 0x1a0002 0x2612 0x0 0x0 0x0 0x0 0x0 0x0 0x9 0x4 0x0 0x0 0x0 0x0 oops 0 methods 0
ciMethodData io/ballerina/types/subtypedata/BddNodeSimple <init> (Lio/ballerina/types/Atom;)V 2 9665 orig 80 0 0 0 0 0 0 0 0 0 0 0 0 157 1 0 0 0 0 0 0 0 0 0 0 0 0 0 0 0 0 0 0 0 0 0 0 0 0 0 0 0 0 0 0 0 0 0 0 0 0 0 0 0 0 0 0 0 0 0 0 0 0 0 0 0 0 0 0 0 0 0 0 0 0 0 0 0 0 0 0 data 10 0x10002 0x25c1 0x0 0x0 0x0 0x0 0x9 0x2 0x6 0x0 oops 0 methods 0
ciMethodData io/ballerina/types/subtypedata/BddNodeImpl <init> (Lio/ballerina/types/Atom;Lio/ballerina/types/Bdd;Lio/ballerina/types/Bdd;Lio/ballerina/types/Bdd;)V 2 9747 orig 80 0 0 0 0 0 0 0 0 0 0 0 0 157 1 0 0 0 0 0 0 0 0 0 0 0 0 0 0 0 0 0 0 0 0 0 0 0 0 0 0 0 0 0 0 0 0 0 0 0 0 0 0 0 0 0 0 0 0 0 0 0 0 0 0 0 0 0 0 0 0 0 0 0 0 0 0 0 0 0 0 data 13 0x10002 0x2612 0x0 0x0 0x0 0x0 0x9 0x5 0xe 0x0 0x0 0x0 0x0 oops 0 methods 0
ciMethodData io/ballerina/types/typeops/BddCommonOps$BddOpMemoKey hashCode ()I 2 6546 orig 80 0 0 0 0 0 0 0 0 0 0 0 0 0 0 0 0 0 0 0 0 0 0 0 0 0 0 0 0 0 0 0 0 0 0 0 0 0 0 0 0 0 0 0 0 0 0 0 0 0 0 0 0 0 0 0 0 0 0 0 0 0 0 0 0 0 0 0 0 0 0 0 0 0 0 0 0 0 0 0 0 data 10 0x1000a 0x1992 0x2 0x0 0x19d356eabd8 0x0 0x0 0x9 0x1 0x0 oops 1 4 io/ballerina/types/typeops/BddCommonOps$BddOpMemoKey methods 0
ciMethodData io/ballerina/types/subtypedata/BddAllOrNothing bddAll ()Lio/ballerina/types/subtypedata/BddAllOrNothing; 2 21484 orig 80 0 0 0 0 0 0 0 0 0 0 0 0 0 0 0 0 0 0 0 0 0 0 0 0 0 0 0 0 0 0 0 0 0 0 0 0 0 0 0 0 0 0 0 0 0 0 0 0 0 0 0 0 0 0 0 0 0 0 0 0 0 0 0 0 0 0 0 0 0 0 0 0 0 0 0 0 0 0 0 0 data 4 0x0 0x0 0x9 0x0 oops 0 methods 0
ciMethodData  @bci io/ballerina/types/subtypedata/BddNodeImpl equals (Ljava/lang/Object;)Z 2 <appendix> form vmentry <vmtarget> ; guard (Ljava/lang/Object;Ljava/lang/Object;Ljava/lang/Object;)I 2 23517 orig 80 0 0 0 0 0 0 0 0 0 0 0 0 0 0 0 0 0 0 0 0 0 0 0 0 0 0 0 0 0 0 0 0 0 0 0 0 0 0 0 0 0 0 0 0 0 0 0 0 0 0 0 0 0 0 0 0 0 0 0 0 0 0 0 0 0 0 0 0 0 0 0 0 0 0 0 0 0 0 0 0 data 114 0x10004 0x0 0x0 0x19d3525dd38 0x1041 0x0 0x0 0x1d0004 0x0 0x0 0x19d2d678308 0x52d 0x19d34476628 0xb14 0x22000b 0x5bdd 0x0 0x0 0x0 0x0 0x0 0x4 0x1 0x2 0x2 0x2 0x2d0004 0x0 0x0 0x19d2d68d840 0x1041 0x0 0x0 0x30000a 0x5bdd 0x2 0x1 0x19d2d68d840 0x390007 0x343e 0x108 0x27a0 0x3e0004 0x0 0x0 0x19d33bc59e0 0x91b 0x0 0x0 0x450004 0x0 0x0 0x0 0x0 0x0 0x0 0x4a000b 0x27a0 0x0 0x0 0x0 0x0 0x0 0x4 0x1 0x2 0x2 0x2 0x4d0003 0x27a0 0xe8 0x520004 0x0 0x0 0x19d33bc59e0 0x726 0x0 0x0 0x590004 0x0 0x0 0x0 0x0 0x0 0x0 0x5e000b 0x343e 0x0 0x0 0x0 0x0 0x0 0x4 0x1 0x2 0x2 0x2 0x0 0x0 0x0 0x0 0x0 0x0 0x9 0x3 0x0 0x0 0x0 0xc 0x4 0x0 0x19d3525dd38 0x1 0x2 oops 8 3 java/lang/invoke/BoundMethodHandle$Species_LLLL 10 java/lang/invoke/DirectMethodHandle 12 java/lang/invoke/BoundMethodHandle$Species_LL 29 [I 37 [I 45 java/lang/invoke/MethodHandleImpl$CountingWrapper 74 java/lang/invoke/MethodHandleImpl$CountingWrapper 111 java/lang/invoke/BoundMethodHandle$Species_LLLL methods 0
ciMethodData io/ballerina/types/typeops/BddCommonOps$BddOpMemoKey <init> (Lio/ballerina/types/Bdd;Lio/ballerina/types/Bdd;)V 2 26595 orig 80 0 0 0 0 0 0 0 0 0 0 0 0 0 0 0 0 0 0 0 0 0 0 0 0 0 0 0 0 0 0 0 0 0 0 0 0 0 0 0 0 0 0 0 0 0 0 0 0 0 0 0 0 0 0 0 0 0 0 0 0 0 0 0 0 0 0 0 0 0 0 0 0 0 0 0 0 0 0 0 0 data 11 0x10002 0x67e3 0x0 0x0 0x0 0x0 0x9 0x3 0x6 0x0 0x0 oops 0 methods 0
ciMethodData io/ballerina/types/typeops/BddCommonOps bddUnionWithMemo (Lio/ballerina/types/typeops/BddCommonOps$BddOpMemo;Lio/ballerina/types/Bdd;Lio/ballerina/types/Bdd;)Lio/ballerina/types/Bdd; 2 14482 orig 80 0 0 0 0 0 0 0 0 0 0 0 0 0 0 0 0 0 0 0 0 0 0 0 0 0 0 0 0 0 0 0 0 0 0 0 0 0 0 0 0 0 0 0 0 0 0 0 0 0 0 0 0 0 0 0 0 0 0 0 0 0 0 0 0 0 0 0 0 0 0 0 0 0 0 0 0 0 0 0 0 data 40 0x60002 0x388f 0xf0005 0x0 0x0 0x19d356e9658 0x3890 0x0 0x0 0x140104 0x0 0x0 0x19d356e9708 0x4b 0x19d356e97b8 0x4ba 0x1b0007 0x3329 0x20 0x567 0x240002 0x3329 0x300005 0x0 0x0 0x19d356e9658 0x3328 0x0 0x0 0x0 0x0 0x0 0x0 0x0 0x0 0x9 0x3 0xffffffffffffffff 0xffffffffffffffff 0xffffffffffffffff oops 4 5 java/util/HashMap 12 io/ballerina/types/subtypedata/BddNodeImpl 14 io/ballerina/types/subtypedata/BddAllOrNothing 25 java/util/HashMap methods 0
ciMethodData io/ballerina/types/typeops/BddCommonOps bddUnionInner (Lio/ballerina/types/typeops/BddCommonOps$BddOpMemo;Lio/ballerina/types/Bdd;Lio/ballerina/types/Bdd;)Lio/ballerina/types/Bdd; 2 13368 orig 80 0 0 0 0 0 0 0 0 0 0 0 0 157 1 0 0 0 0 0 0 0 0 0 0 0 0 0 0 0 0 0 0 0 0 0 0 0 0 0 0 0 0 0 0 0 0 0 0 0 0 0 0 0 0 0 0 0 0 0 0 0 0 0 0 0 0 0 0 0 0 0 0 0 0 0 0 0 0 0 0 data 242 0x20007 0x2a9f 0x20 0x999 0x80004 0xffffffffffffe4a4 0x0 0x19d356e9708 0x7 0x19d3565c678 0x31 0xb0007 0x1b5c 0xd8 0xf43 0xf0004 0x0 0x0 0x19d356e97b8 0xf43 0x0 0x0 0x120005 0x0 0x0 0x19d356e97b8 0xf43 0x0 0x0 0x150007 0x3bf 0x48 0xb84 0x180002 0xb84 0x1b0003 0xb84 0x18 0x210004 0xffffffffffffe73a 0x0 0x19d356e97b8 0x296 0x19d356e9708 0x7 0x240007 0x18c6 0xd8 0x296 0x280004 0x0 0x0 0x19d356e97b8 0x296 0x0 0x0 0x2b0005 0x0 0x0 0x19d356e97b8 0x296 0x0 0x0 0x2e0007 0x296 0x48 0x0 0x310002 0x0 0x340003 0x0 0x18 0x3a0004 0x0 0x0 0x19d3565c678 0x25c 0x19d356e9708 0x166a 0x3f0004 0x0 0x0 0x19d356e9708 0xb7 0x19d3565c678 0x180f 0x450005 0x0 0x0 0x19d3565c678 0x25c 0x19d356e9708 0x166a 0x4c0005 0x0 0x0 0x19d356e9708 0xb7 0x19d3565c678 0x180f 0x510002 0x18c6 0x5a0007 0xa1 0x120 0x1825 0x5e0005 0x0 0x0 0x19d3565c678 0x20c 0x19d356e9708 0x1619 0x640005 0x0 0x0 0x19d3565c678 0x20c 0x19d356e9708 0x1619 0x6b0005 0x0 0x0 0x19d3565c678 0x20c 0x19d356e9708 0x1619 0x710002 0x1825 0x750005 0x0 0x0 0x19d3565c678 0x20c 0x19d356e9708 0x1619 0x7a0002 0x1825 0x820007 0x2e 0x120 0x73 0x870005 0x0 0x0 0x19d356e9708 0x59 0x19d3565c678 0x1a 0x8e0005 0x0 0x0 0x19d356e9708 0x59 0x19d3565c678 0x1a 0x970005 0x0 0x0 0x19d356e9708 0x59 0x19d3565c678 0x1a 0x9c0002 0x73 0xa10005 0x0 0x0 0x19d356e9708 0x59 0x19d3565c678 0x1a 0xa60002 0x73 0xab0005 0x0 0x0 0x19d3565c678 0x10 0x19d356e9708 0x1e 0xb20005 0x0 0x0 0x19d3565c678 0x10 0x19d356e9708 0x1e 0xb90005 0x0 0x0 0x19d3565c678 0x10 0x19d356e9708 0x1e 0xbe0002 0x2e 0xc30005 0x0 0x0 0x19d3565c678 0x10 0x19d356e9708 0x1e 0xca0005 0x0 0x0 0x19d3565c678 0x10 0x19d356e9708 0x1e 0xcf0002 0x2e 0xd40005 0x0 0x0 0x19d3565c678 0x10 0x19d356e9708 0x1e 0xdb0005 0x0 0x0 0x19d3565c678 0x10 0x19d356e9708 0x1e 0xe00002 0x2e 0xe30002 0x2e 0x0 0x0 0x0 0x0 0x0 0x0 0x9 0x3 0x0 0x0 0x0 oops 46 7 io/ballerina/types/subtypedata/BddNodeImpl 9 io/ballerina/types/subtypedata/BddNodeSimple 18 io/ballerina/types/subtypedata/BddAllOrNothing 25 io/ballerina/types/subtypedata/BddAllOrNothing 41 io/ballerina/types/subtypedata/BddAllOrNothing 43 io/ballerina/types/subtypedata/BddNodeImpl 52 io/ballerina/types/subtypedata/BddAllOrNothing 59 io/ballerina/types/subtypedata/BddAllOrNothing 75 io/ballerina/types/subtypedata/BddNodeSimple 77 io/ballerina/types/subtypedata/BddNodeImpl 82 io/ballerina/types/subtypedata/BddNodeImpl 84 io/ballerina/types/subtypedata/BddNodeSimple 89 io/ballerina/types/subtypedata/BddNodeSimple 91 io/ballerina/types/subtypedata/BddNodeImpl 96 io/ballerina/types/subtypedata/BddNodeImpl 98 io/ballerina/types/subtypedata/BddNodeSimple 109 io/ballerina/types/subtypedata/BddNodeSimple 111 io/ballerina/types/subtypedata/BddNodeImpl 116 io/ballerina/types/subtypedata/BddNodeSimple 118 io/ballerina/types/subtypedata/BddNodeImpl 123 io/ballerina/types/subtypedata/BddNodeSimple 125 io/ballerina/types/subtypedata/BddNodeImpl 132 io/ballerina/types/subtypedata/BddNodeSimple 134 io/ballerina/types/subtypedata/BddNodeImpl 145 io/ballerina/types/subtypedata/BddNodeImpl 147 io/ballerina/types/subtypedata/BddNodeSimple 152 io/ballerina/types/subtypedata/BddNodeImpl 154 io/ballerina/types/subtypedata/BddNodeSimple 159 io/ballerina/types/subtypedata/BddNodeImpl 161 io/ballerina/types/subtypedata/BddNodeSimple 168 io/ballerina/types/subtypedata/BddNodeImpl 170 io/ballerina/types/subtypedata/BddNodeSimple 177 io/ballerina/types/subtypedata/BddNodeSimple 179 io/ballerina/types/subtypedata/BddNodeImpl 184 io/ballerina/types/subtypedata/BddNodeSimple 186 io/ballerina/types/subtypedata/BddNodeImpl 191 io/ballerina/types/subtypedata/BddNodeSimple 193 io/ballerina/types/subtypedata/BddNodeImpl 200 io/ballerina/types/subtypedata/BddNodeSimple 202 io/ballerina/types/subtypedata/BddNodeImpl 207 io/ballerina/types/subtypedata/BddNodeSimple 209 io/ballerina/types/subtypedata/BddNodeImpl 216 io/ballerina/types/subtypedata/BddNodeSimple 218 io/ballerina/types/subtypedata/BddNodeImpl 223 io/ballerina/types/subtypedata/BddNodeSimple 225 io/ballerina/types/subtypedata/BddNodeImpl methods 0
ciMethodData io/ballerina/types/typeops/BddCommonOps$BddOpMemo create ()Lio/ballerina/types/typeops/BddCommonOps$BddOpMemo; 2 5723 orig 80 0 0 0 0 0 0 0 0 0 0 0 0 0 0 0 0 0 0 0 0 0 0 0 0 0 0 0 0 0 0 0 0 0 0 0 0 0 0 0 0 0 0 0 0 0 0 0 0 0 0 0 0 0 0 0 0 0 0 0 0 0 0 0 0 0 0 0 0 0 0 0 0 0 0 0 0 0 0 0 0 data 14 0x80002 0x165b 0xf0002 0x165b 0x160002 0x165b 0x190002 0x165b 0x0 0x0 0x0 0x0 0x9 0x0 oops 0 methods 0
ciMethodData io/ballerina/types/typeops/BddCommonOps$BddOpMemo <init> (Ljava/util/Map;Ljava/util/Map;Ljava/util/Map;)V 2 5725 orig 80 0 0 0 0 0 0 0 0 0 0 0 0 157 1 0 0 0 0 0 0 0 0 0 0 0 0 0 0 0 0 0 0 0 0 0 0 0 0 0 0 0 0 0 0 0 0 0 0 0 0 0 0 0 0 0 0 0 0 0 0 0 0 0 0 0 0 0 0 0 0 0 0 0 0 0 0 0 0 0 0 data 12 0x10002 0x165d 0x0 0x0 0x0 0x0 0x9 0x4 0xe 0x0 0x0 0x0 oops 0 methods 0
ciMethodData java/lang/invoke/LambdaForm$MH+0x000000010025ec00 invoke (Ljava/lang/Object;Ljava/lang/Object;Ljava/lang/Object;)I 2 18512 orig 80 0 0 0 0 0 0 0 0 0 0 0 0 0 0 0 0 0 0 0 0 0 0 0 0 0 0 0 0 0 0 0 0 0 0 0 0 0 0 0 0 0 0 0 0 0 0 0 0 0 0 0 0 0 0 0 0 0 0 0 0 0 0 0 0 0 0 0 0 0 0 0 0 0 0 0 0 0 0 0 0 data 72 0x10004 0x0 0x0 0x19d34476628 0x29db 0x0 0x0 0xb0004 0x0 0x0 0x19d344787a8 0x29db 0x0 0x0 0x11000b 0x4851 0x0 0x0 0x0 0x0 0x0 0x3 0x1 0x2 0x2 0x18000b 0x4851 0x0 0x0 0x0 0x0 0x0 0x3 0x1 0x2 0x2 0x250004 0x0 0x0 0x19d2d678308 0x29db 0x0 0x0 0x2c000b 0x4851 0x0 0x0 0x0 0x0 0x0 0x4 0x1 0x2 0x2 0x2 0x0 0x0 0x0 0x0 0x0 0x0 0x9 0x3 0x0 0x0 0x0 0xc 0x4 0x0 0x19d34476628 0x1 0x2 oops 4 3 java/lang/invoke/BoundMethodHandle$Species_LL 10 java/lang/invoke/DirectMethodHandle$Accessor 39 java/lang/invoke/DirectMethodHandle 69 java/lang/invoke/BoundMethodHandle$Species_LL methods 0
ciMethodData io/ballerina/types/subtypedata/BddNodeSimple middle ()Lio/ballerina/types/Bdd; 2 8559 orig 80 0 0 0 0 0 0 0 0 0 0 0 0 0 0 0 0 0 0 0 0 0 0 0 0 0 0 0 0 0 0 0 0 0 0 0 0 0 0 0 0 0 0 0 0 0 0 0 0 0 0 0 0 0 0 0 0 0 0 0 0 0 0 0 0 0 0 0 0 0 0 0 0 0 0 0 0 0 0 0 0 data 11 0x2 0x216f 0x0 0x0 0x0 0x0 0x0 0x0 0x9 0x1 0x0 oops 0 methods 0
ciMethodData io/ballerina/types/subtypedata/BddNodeSimple left ()Lio/ballerina/types/Bdd; 2 7491 orig 80 0 0 0 0 0 0 0 0 0 0 0 0 0 0 0 0 0 0 0 0 0 0 0 0 0 0 0 0 0 0 0 0 0 0 0 0 0 0 0 0 0 0 0 0 0 0 0 0 0 0 0 0 0 0 0 0 0 0 0 0 0 0 0 0 0 0 0 0 0 0 0 0 0 0 0 0 0 0 0 0 data 11 0x2 0x1d43 0x0 0x0 0x0 0x0 0x0 0x0 0x9 0x1 0x0 oops 0 methods 0
ciMethodData io/ballerina/types/typeops/BddCommonOps atomCmp (Lio/ballerina/types/Atom;Lio/ballerina/types/Atom;)J 2 9956 orig 80 0 0 0 0 0 0 0 0 0 0 0 0 157 1 0 0 0 0 0 0 0 0 0 0 0 0 0 0 0 0 0 0 0 0 0 0 0 0 0 0 0 0 0 0 0 0 0 0 0 0 0 0 0 0 0 0 0 0 0 0 0 0 0 0 0 0 0 0 0 0 0 0 0 0 0 0 0 0 0 0 data 85 0x10004 0xffffffffffffdf90 0x0 0x19d35ecc728 0x674 0x19d35ecd7d0 0xa6 0x40007 0x2070 0x158 0x674 0x80004 0x0 0x0 0x19d35ecc728 0x674 0x0 0x0 0xd0004 0xffffffffffffff3d 0x0 0x19d35ecc728 0x5b1 0x19d35ecd7d0 0x7 0x100007 0xc3 0xc8 0x5b1 0x140004 0x0 0x0 0x19d35ecc728 0x5b1 0x0 0x0 0x190005 0x0 0x0 0x19d35ecc728 0x5b1 0x0 0x0 0x1d0005 0x0 0x0 0x19d35ecc728 0x5b1 0x0 0x0 0x280004 0xffffffffffffe0d5 0x0 0x19d35ecd7d0 0x86 0x19d35ecc728 0x145 0x2b0007 0x1f2b 0x20 0x145 0x310005 0x0 0x0 0x19d35ecd7d0 0x1f2b 0x0 0x0 0x370005 0x0 0x0 0x19d35ecd7d0 0x1f2b 0x0 0x0 0x0 0x0 0x0 0x0 0x0 0x0 0x9 0x2 0x0 0x0 oops 12 3 io/ballerina/types/RecAtom 5 io/ballerina/types/TypeAtom 14 io/ballerina/types/RecAtom 21 io/ballerina/types/RecAtom 23 io/ballerina/types/TypeAtom 32 io/ballerina/types/RecAtom 39 io/ballerina/types/RecAtom 46 io/ballerina/types/RecAtom 53 io/ballerina/types/TypeAtom 55 io/ballerina/types/RecAtom 64 io/ballerina/types/TypeAtom 71 io/ballerina/types/TypeAtom methods 0
ciMethodData io/ballerina/types/typeops/BddCommonOps bddCreate (Lio/ballerina/types/Atom;Lio/ballerina/types/Bdd;Lio/ballerina/types/Bdd;Lio/ballerina/types/Bdd;)Lio/ballerina/types/Bdd; 2 12388 orig 80 0 0 0 0 0 0 0 0 0 0 0 0 157 1 0 0 0 0 0 0 0 0 0 0 0 0 0 0 0 0 0 0 0 0 0 0 0 0 0 0 0 0 0 0 0 0 0 0 0 0 0 0 0 0 0 0 0 0 0 0 0 0 0 0 0 0 0 0 0 0 0 0 0 0 0 0 0 0 0 0 data 56 0x10004 0xffffffffffffe18a 0x0 0x19d356e97b8 0x11ee 0x0 0x0 0x40007 0x1e76 0xb0 0x11ee 0x80004 0x0 0x0 0x19d356e97b8 0x11ee 0x0 0x0 0xb0005 0x0 0x0 0x19d356e97b8 0x11ee 0x0 0x0 0xe0007 0x11ee 0x20 0x0 0x150005 0x3b9 0x0 0x19d356e9708 0x5f1 0x19d356e97b8 0x26b9 0x1a0007 0x2e60 0x30 0x204 0x1f0002 0x204 0x270002 0x2e5f 0x0 0x0 0x0 0x0 0x0 0x0 0x9 0x4 0x0 0xffffffffffffffff 0x0 0xffffffffffffffff oops 5 3 io/ballerina/types/subtypedata/BddAllOrNothing 14 io/ballerina/types/subtypedata/BddAllOrNothing 21 io/ballerina/types/subtypedata/BddAllOrNothing 32 io/ballerina/types/subtypedata/BddNodeImpl 34 io/ballerina/types/subtypedata/BddAllOrNothing methods 0
ciMethodData io/ballerina/types/subtypedata/BddNodeSimple right ()Lio/ballerina/types/Bdd; 2 5996 orig 80 0 0 0 0 0 0 0 0 0 0 0 0 0 0 0 0 0 0 0 0 0 0 0 0 0 0 0 0 0 0 0 0 0 0 0 0 0 0 0 0 0 0 0 0 0 0 0 0 0 0 0 0 0 0 0 0 0 0 0 0 0 0 0 0 0 0 0 0 0 0 0 0 0 0 0 0 0 0 0 0 data 11 0x2 0x176c 0x0 0x0 0x0 0x0 0x0 0x0 0x9 0x1 0x0 oops 0 methods 0
ciMethodData io/ballerina/types/typeops/BddCommonOps bddUnion (Lio/ballerina/types/Bdd;Lio/ballerina/types/Bdd;)Lio/ballerina/types/Bdd; 2 2105 orig 80 0 0 0 0 0 0 0 0 0 0 0 0 157 1 0 0 0 0 0 0 0 0 0 0 0 0 0 0 0 0 0 0 0 0 0 0 0 0 0 0 0 0 0 0 0 0 0 0 0 0 0 0 0 0 0 0 0 0 0 0 0 0 0 0 0 0 0 0 0 0 0 0 0 0 0 0 0 0 0 0 data 14 0x2 0x839 0x50002 0x839 0x0 0x0 0x0 0x0 0x0 0x0 0x9 0x2 0x0 0x0 oops 0 methods 0
ciMethodData java/lang/invoke/LambdaForm$MH+0x0000000100281800 invoke (Ljava/lang/Object;Ljava/lang/Object;Ljava/lang/Object;)I 2 8229 orig 80 0 0 0 0 0 0 0 0 0 0 0 0 0 0 0 0 0 0 0 0 0 0 0 0 0 0 0 0 0 0 0 0 0 0 0 0 0 0 0 0 0 0 0 0 0 0 0 0 0 0 0 0 0 0 0 0 0 0 0 0 0 0 0 0 0 0 0 0 0 0 0 0 0 0 0 0 0 0 0 0 data 132 0x10004 0x0 0x0 0x19d33bca110 0x1b0 0x0 0x0 0xb0004 0x0 0x0 0x19d34476628 0x1b0 0x0 0x0 0xf000b 0x2026 0x0 0x0 0x0 0x0 0x0 0x3 0x1 0x2 0x2 0x2e0004 0x0 0x0 0x19d34476628 0x1b0 0x0 0x0 0x34000b 0x2026 0x0 0x0 0x0 0x0 0x0 0x4 0x1 0x2 0x2 0x2 0x3f0004 0x0 0x0 0x19d2d68d840 0x1b0 0x0 0x0 0x42000a 0x2025 0x2 0x1 0x19d2d68d840 0x4b0007 0x13 0x108 0x2013 0x500004 0x0 0x0 0x19d33bc59e0 0x1ae 0x0 0x0 0x570004 0x0 0x0 0x19d33bc59e0 0x3c 0x0 0x0 0x5d000b 0x2013 0x0 0x0 0x0 0x0 0x0 0x4 0x1 0x2 0x2 0x2 0x600003 0x2013 0xe8 0x650004 0x0 0x0 0x19d33bc59e0 0x2 0x0 0x0 0x6c0004 0x0 0x0 0x0 0x0 0x0 0x0 0x72000b 0x13 0x0 0x0 0x0 0x0 0x0 0x4 0x1 0x19d356e9708 0x2 0x19d356e9708 0x0 0x0 0x0 0x0 0x0 0x0 0x9 0x3 0x0 0x0 0x0 0xc 0x4 0x0 0x19d33bca110 0x1 0x2 oops 11 3 java/lang/invoke/BoundMethodHandle$Species_LLLLL 10 java/lang/invoke/BoundMethodHandle$Species_LL 28 java/lang/invoke/BoundMethodHandle$Species_LL 47 [I 55 [I 63 java/lang/invoke/MethodHandleImpl$CountingWrapper 70 java/lang/invoke/MethodHandleImpl$CountingWrapper 92 java/lang/invoke/MethodHandleImpl$CountingWrapper 112 io/ballerina/types/subtypedata/BddNodeImpl 114 io/ballerina/types/subtypedata/BddNodeImpl 129 java/lang/invoke/BoundMethodHandle$Species_LLLLL methods 0
ciMethodData io/ballerina/types/typeops/BddCommonOps$BddOpMemoKey equals (Ljava/lang/Object;)Z 2 2701 orig 80 0 0 0 0 0 0 0 0 0 0 0 0 0 0 0 0 0 0 0 0 0 0 0 0 0 0 0 0 0 0 0 0 0 0 0 0 0 0 0 0 0 0 0 0 0 0 0 0 0 0 0 0 0 0 0 0 0 0 0 0 0 0 0 0 0 0 0 0 0 0 0 0 0 0 0 0 0 0 0 0 data 13 0x2000a 0xa8d 0x4 0x0 0x19d356eabd8 0x1 0x19d356eabd8 0x0 0x0 0x9 0x2 0x0 0x0 oops 2 4 io/ballerina/types/typeops/BddCommonOps$BddOpMemoKey 6 io/ballerina/types/typeops/BddCommonOps$BddOpMemoKey methods 0
compile io/ballerina/types/typeops/BddCommonOps bddUnionWithMemo (Lio/ballerina/types/typeops/BddCommonOps$BddOpMemo;Lio/ballerina/types/Bdd;Lio/ballerina/types/Bdd;)Lio/ballerina/types/Bdd; -1 4 inline 599 0 -1 0 io/ballerina/types/typeops/BddCommonOps bddUnionWithMemo (Lio/ballerina/types/typeops/BddCommonOps$BddOpMemo;Lio/ballerina/types/Bdd;Lio/ballerina/types/Bdd;)Lio/ballerina/types/Bdd; 1 6 0 io/ballerina/types/typeops/BddCommonOps$BddOpMemoKey <init> (Lio/ballerina/types/Bdd;Lio/ballerina/types/Bdd;)V 2 1 0 java/lang/Record <init> ()V 3 1 0 java/lang/Object <init> ()V 1 15 0 java/util/HashMap get (Ljava/lang/Object;)Ljava/lang/Object; 2 2 0 java/util/HashMap getNode (Ljava/lang/Object;)Ljava/util/HashMap$Node; 3 23 0 java/util/HashMap hash (Ljava/lang/Object;)I 4 9 0 io/ballerina/types/typeops/BddCommonOps$BddOpMemoKey hashCode ()I 5 1 0  @bci io/ballerina/types/FunctionAtomicType hashCode ()I 1 <adapter> ; linkToTargetMethod (Ljava/lang/Object;Ljava/lang/Object;)I 6 5 0  @bci io/ballerina/types/FunctionAtomicType hashCode ()I 1 <appendix> form vmentry <vmtarget> ; invoke (Ljava/lang/Object;Ljava/lang/Object;)I 7 15 0  @bci io/ballerina/types/FunctionAtomicType hashCode ()I 1 <appendix> form vmentry <vmtarget> ; invoke (Ljava/lang/Object;Ljava/lang/Object;)I 8 15 0  @bci io/ballerina/types/FunctionAtomicType hashCode ()I 1 <appendix> argL2 argL2 argL2 argL2 form vmentry <vmtarget> ; invoke (Ljava/lang/Object;Ljava/lang/Object;)I 8 31 0  @bci io/ballerina/types/FunctionAtomicType hashCode ()I 1 <appendix> argL2 argL1 form vmentry <vmtarget> ; invoke (Ljava/lang/Object;Ljava/lang/Object;)I 9 15 0 java/lang/invoke/DirectMethodHandle$Holder getReference (Ljava/lang/Object;Ljava/lang/Object;)Ljava/lang/Object; 10 1 0 java/lang/invoke/DirectMethodHandle fieldOffset (Ljava/lang/Object;)J 10 6 0 java/lang/invoke/DirectMethodHandle checkBase (Ljava/lang/Object;)Ljava/lang/Object; 11 1 0 java/util/Objects requireNonNull (Ljava/lang/Object;)Ljava/lang/Object; 9 31 0 java/lang/invoke/DirectMethodHandle$Holder invokeStatic (Ljava/lang/Object;Ljava/lang/Object;)I 10 1 0 java/lang/invoke/DirectMethodHandle internalMemberName (Ljava/lang/Object;)Ljava/lang/Object; 10 10 0 java/util/Objects hashCode (Ljava/lang/Object;)I 8 50 0 java/lang/invoke/DirectMethodHandle$Holder invokeStatic (Ljava/lang/Object;II)I 9 1 0 java/lang/invoke/DirectMethodHandle internalMemberName (Ljava/lang/Object;)Ljava/lang/Object; 9 11 0 java/lang/runtime/ObjectMethods hashCombiner (II)I 7 31 0  @bci io/ballerina/types/FunctionAtomicType hashCode ()I 1 <appendix> argL2 argL1 form vmentry <vmtarget> ; invoke (Ljava/lang/Object;Ljava/lang/Object;)I 8 15 0 java/lang/invoke/DirectMethodHandle$Holder getReference (Ljava/lang/Object;Ljava/lang/Object;)Ljava/lang/Object; 9 1 0 java/lang/invoke/DirectMethodHandle fieldOffset (Ljava/lang/Object;)J 9 6 0 java/lang/invoke/DirectMethodHandle checkBase (Ljava/lang/Object;)Ljava/lang/Object; 10 1 0 java/util/Objects requireNonNull (Ljava/lang/Object;)Ljava/lang/Object; 8 31 0 java/lang/invoke/DirectMethodHandle$Holder invokeStatic (Ljava/lang/Object;Ljava/lang/Object;)I 9 1 0 java/lang/invoke/DirectMethodHandle internalMemberName (Ljava/lang/Object;)Ljava/lang/Object; 9 10 0 java/util/Objects hashCode (Ljava/lang/Object;)I 7 50 0 java/lang/invoke/DirectMethodHandle$Holder invokeStatic (Ljava/lang/Object;II)I 8 1 0 java/lang/invoke/DirectMethodHandle internalMemberName (Ljava/lang/Object;)Ljava/lang/Object; 8 11 0 java/lang/runtime/ObjectMethods hashCombiner (II)I 3 63 0 io/ballerina/types/typeops/BddCommonOps$BddOpMemoKey equals (Ljava/lang/Object;)Z 4 2 0  @bci io/ballerina/types/subtypedata/BddNodeImpl equals (Ljava/lang/Object;)Z 2 <adapter> ; linkToTargetMethod (Ljava/lang/Object;Ljava/lang/Object;Ljava/lang/Object;)I 5 6 0  @bci io/ballerina/types/subtypedata/BddNodeImpl equals (Ljava/lang/Object;)Z 2 <appendix> form vmentry <vmtarget> ; guard (Ljava/lang/Object;Ljava/lang/Object;Ljava/lang/Object;)I 6 34 0 java/lang/invoke/DirectMethodHandle$Holder invokeStatic (Ljava/lang/Object;Ljava/lang/Object;Ljava/lang/Object;)I 7 1 0 java/lang/invoke/DirectMethodHandle internalMemberName (Ljava/lang/Object;)Ljava/lang/Object; 7 11 0 java/lang/runtime/ObjectMethods eq (Ljava/lang/Object;Ljava/lang/Object;)Z 6 94 0 java/lang/invoke/DelegatingMethodHandle$Holder delegate (Ljava/lang/Object;Ljava/lang/Object;Ljava/lang/Object;)I 7 4 0 java/lang/invoke/MethodHandleImpl$CountingWrapper getTarget ()Ljava/lang/invoke/MethodHandle; 7 14 0  @bci io/ballerina/types/subtypedata/BddNodeImpl equals (Ljava/lang/Object;)Z 2 <appendix> form vmentry <vmtarget> ; guard (Ljava/lang/Object;Ljava/lang/Object;Ljava/lang/Object;)I 8 34 0 java/lang/invoke/LambdaForm$MH+0x000000010025e400 invoke (Ljava/lang/Object;Ljava/lang/Object;Ljava/lang/Object;)I 9 23 0  @cpi org/wso2/ballerinalang/compiler/semantics/analyzer/SemanticAnalyzer 4835 form vmentry <vmtarget> ; invokeSpecial (Ljava/lang/Object;Ljava/lang/Object;Ljava/lang/Object;)I 10 1 0 java/lang/invoke/DirectMethodHandle internalMemberName (Ljava/lang/Object;)Ljava/lang/Object; 8 74 0 java/lang/invoke/DelegatingMethodHandle$Holder delegate (Ljava/lang/Object;Ljava/lang/Object;Ljava/lang/Object;)I 9 4 0 java/lang/invoke/MethodHandleImpl$CountingWrapper getTarget ()Ljava/lang/invoke/MethodHandle; 9 14 0 java/lang/invoke/LambdaForm$MH+0x0000000100281800 invoke (Ljava/lang/Object;Ljava/lang/Object;Ljava/lang/Object;)I 10 15 0  @bci io/ballerina/projects/internal/PackageDiagnostic$DiagnosticLocation <init> (Ljava/lang/String;Lio/ballerina/tools/diagnostics/Location;)V 53 <appendix> form vmentry <vmtarget> ; invoke (Ljava/lang/Object;Ljava/lang/Object;)Ljava/lang/Object; 11 21 0 java/lang/invoke/DirectMethodHandle$Holder invokeSpecial (Ljava/lang/Object;Ljava/lang/Object;Ljava/lang/Object;)Ljava/lang/Object; 12 1 0 java/lang/invoke/DirectMethodHandle internalMemberName (Ljava/lang/Object;)Ljava/lang/Object; 10 52 0 java/lang/invoke/LambdaForm$MH+0x000000010025ec00 invoke (Ljava/lang/Object;Ljava/lang/Object;Ljava/lang/Object;)I 11 17 0 java/lang/invoke/DirectMethodHandle$Holder getReference (Ljava/lang/Object;Ljava/lang/Object;)Ljava/lang/Object; 12 1 0 java/lang/invoke/DirectMethodHandle fieldOffset (Ljava/lang/Object;)J 12 6 0 java/lang/invoke/DirectMethodHandle checkBase (Ljava/lang/Object;)Ljava/lang/Object; 13 1 0 java/util/Objects requireNonNull (Ljava/lang/Object;)Ljava/lang/Object; 11 24 0 java/lang/invoke/DirectMethodHandle$Holder getReference (Ljava/lang/Object;Ljava/lang/Object;)Ljava/lang/Object; 12 1 0 java/lang/invoke/DirectMethodHandle fieldOffset (Ljava/lang/Object;)J 12 6 0 java/lang/invoke/DirectMethodHandle checkBase (Ljava/lang/Object;)Ljava/lang/Object; 13 1 0 java/util/Objects requireNonNull (Ljava/lang/Object;)Ljava/lang/Object; 11 44 0 java/lang/invoke/DirectMethodHandle$Holder invokeStatic (Ljava/lang/Object;Ljava/lang/Object;Ljava/lang/Object;)I 12 1 0 java/lang/invoke/DirectMethodHandle internalMemberName (Ljava/lang/Object;)Ljava/lang/Object; 12 11 0 java/util/Objects equals (Ljava/lang/Object;Ljava/lang/Object;)Z 10 93 0 java/lang/invoke/DelegatingMethodHandle$Holder delegate (Ljava/lang/Object;Ljava/lang/Object;Ljava/lang/Object;)I 11 4 0 java/lang/invoke/MethodHandleImpl$CountingWrapper getTarget ()Ljava/lang/invoke/MethodHandle; 11 14 0  @bci io/ballerina/types/subtypedata/BddNodeImpl equals (Ljava/lang/Object;)Z 2 <appendix> form vmentry <vmtarget> ; guard (Ljava/lang/Object;Ljava/lang/Object;Ljava/lang/Object;)I 12 34 0 java/lang/invoke/LambdaForm$MH+0x000000010025ec00 invoke (Ljava/lang/Object;Ljava/lang/Object;Ljava/lang/Object;)I 13 17 0 java/lang/invoke/DirectMethodHandle$Holder getReference (Ljava/lang/Object;Ljava/lang/Object;)Ljava/lang/Object; 14 1 0 java/lang/invoke/DirectMethodHandle fieldOffset (Ljava/lang/Object;)J 14 6 0 java/lang/invoke/DirectMethodHandle checkBase (Ljava/lang/Object;)Ljava/lang/Object; 15 1 0 java/util/Objects requireNonNull (Ljava/lang/Object;)Ljava/lang/Object; 13 24 0 java/lang/invoke/DirectMethodHandle$Holder getReference (Ljava/lang/Object;Ljava/lang/Object;)Ljava/lang/Object; 14 1 0 java/lang/invoke/DirectMethodHandle fieldOffset (Ljava/lang/Object;)J 14 6 0 java/lang/invoke/DirectMethodHandle checkBase (Ljava/lang/Object;)Ljava/lang/Object; 15 1 0 java/util/Objects requireNonNull (Ljava/lang/Object;)Ljava/lang/Object; 13 44 0 java/lang/invoke/DirectMethodHandle$Holder invokeStatic (Ljava/lang/Object;Ljava/lang/Object;Ljava/lang/Object;)I 14 1 0 java/lang/invoke/DirectMethodHandle internalMemberName (Ljava/lang/Object;)Ljava/lang/Object; 14 11 0 java/util/Objects equals (Ljava/lang/Object;Ljava/lang/Object;)Z 12 74 0 java/lang/invoke/DelegatingMethodHandle$Holder delegate (Ljava/lang/Object;Ljava/lang/Object;Ljava/lang/Object;)I 13 4 0 java/lang/invoke/MethodHandleImpl$CountingWrapper getTarget ()Ljava/lang/invoke/MethodHandle; 13 14 0 java/lang/invoke/LambdaForm$MH+0x000000010025cc00 invoke (Ljava/lang/Object;Ljava/lang/Object;Ljava/lang/Object;)I 1 36 0 io/ballerina/types/typeops/BddCommonOps bddUnionInner (Lio/ballerina/types/typeops/BddCommonOps$BddOpMemo;Lio/ballerina/types/Bdd;Lio/ballerina/types/Bdd;)Lio/ballerina/types/Bdd; 2 18 0 io/ballerina/types/subtypedata/BddAllOrNothing isAll ()Z 2 24 0 io/ballerina/types/subtypedata/BddAllOrNothing bddAll ()Lio/ballerina/types/subtypedata/BddAllOrNothing; 2 43 0 io/ballerina/types/subtypedata/BddAllOrNothing isAll ()Z 2 69 0 io/ballerina/types/subtypedata/BddNodeImpl atom ()Lio/ballerina/types/Atom; 2 69 0 io/ballerina/types/subtypedata/BddNodeSimple atom ()Lio/ballerina/types/Atom; 2 76 0 io/ballerina/types/subtypedata/BddNodeSimple atom ()Lio/ballerina/types/Atom; 2 76 0 io/ballerina/types/subtypedata/BddNodeImpl atom ()Lio/ballerina/types/Atom; 2 81 0 io/ballerina/types/typeops/BddCommonOps atomCmp (Lio/ballerina/types/Atom;Lio/ballerina/types/Atom;)J 3 25 0 io/ballerina/types/RecAtom index ()I 3 29 0 io/ballerina/types/RecAtom index ()I 3 49 0 io/ballerina/types/TypeAtom index ()I 3 55 0 io/ballerina/types/TypeAtom index ()I 2 94 0 io/ballerina/types/subtypedata/BddNodeImpl atom ()Lio/ballerina/types/Atom; 2 94 0 io/ballerina/types/subtypedata/BddNodeSimple atom ()Lio/ballerina/types/Atom; 2 100 0 io/ballerina/types/subtypedata/BddNodeImpl left ()Lio/ballerina/types/Bdd; 2 100 0 io/ballerina/types/subtypedata/BddNodeSimple left ()Lio/ballerina/types/Bdd; 3 0 0 io/ballerina/types/subtypedata/BddAllOrNothing bddAll ()Lio/ballerina/types/subtypedata/BddAllOrNothing; 2 107 0 io/ballerina/types/subtypedata/BddNodeImpl middle ()Lio/ballerina/types/Bdd; 2 107 0 io/ballerina/types/subtypedata/BddNodeSimple middle ()Lio/ballerina/types/Bdd; 3 0 0 io/ballerina/types/subtypedata/BddAllOrNothing bddNothing ()Lio/ballerina/types/subtypedata/BddAllOrNothing; 2 113 0 io/ballerina/types/typeops/BddCommonOps bddUnionWithMemo (Lio/ballerina/types/typeops/BddCommonOps$BddOpMemo;Lio/ballerina/types/Bdd;Lio/ballerina/types/Bdd;)Lio/ballerina/types/Bdd; 3 6 0 io/ballerina/types/typeops/BddCommonOps$BddOpMemoKey <init> (Lio/ballerina/types/Bdd;Lio/ballerina/types/Bdd;)V 4 1 0 java/lang/Record <init> ()V 5 1 0 java/lang/Object <init> ()V 3 15 0 java/util/HashMap get (Ljava/lang/Object;)Ljava/lang/Object; 4 2 0 java/util/HashMap getNode (Ljava/lang/Object;)Ljava/util/HashMap$Node; 5 23 0 java/util/HashMap hash (Ljava/lang/Object;)I 6 9 0 io/ballerina/types/typeops/BddCommonOps$BddOpMemoKey hashCode ()I 7 1 0  @bci io/ballerina/types/FunctionAtomicType hashCode ()I 1 <adapter> ; linkToTargetMethod (Ljava/lang/Object;Ljava/lang/Object;)I 8 5 0  @bci io/ballerina/types/FunctionAtomicType hashCode ()I 1 <appendix> form vmentry <vmtarget> ; invoke (Ljava/lang/Object;Ljava/lang/Object;)I 9 15 0  @bci io/ballerina/types/FunctionAtomicType hashCode ()I 1 <appendix> form vmentry <vmtarget> ; invoke (Ljava/lang/Object;Ljava/lang/Object;)I 10 15 0  @bci io/ballerina/types/FunctionAtomicType hashCode ()I 1 <appendix> argL2 argL2 argL2 argL2 form vmentry <vmtarget> ; invoke (Ljava/lang/Object;Ljava/lang/Object;)I 10 31 0  @bci io/ballerina/types/FunctionAtomicType hashCode ()I 1 <appendix> argL2 argL1 form vmentry <vmtarget> ; invoke (Ljava/lang/Object;Ljava/lang/Object;)I 11 15 0 java/lang/invoke/DirectMethodHandle$Holder getReference (Ljava/lang/Object;Ljava/lang/Object;)Ljava/lang/Object; 12 1 0 java/lang/invoke/DirectMethodHandle fieldOffset (Ljava/lang/Object;)J 12 6 0 java/lang/invoke/DirectMethodHandle checkBase (Ljava/lang/Object;)Ljava/lang/Object; 13 1 0 java/util/Objects requireNonNull (Ljava/lang/Object;)Ljava/lang/Object; 11 31 0 java/lang/invoke/DirectMethodHandle$Holder invokeStatic (Ljava/lang/Object;Ljava/lang/Object;)I 12 1 0 java/lang/invoke/DirectMethodHandle internalMemberName (Ljava/lang/Object;)Ljava/lang/Object; 12 10 0 java/util/Objects hashCode (Ljava/lang/Object;)I 10 50 0 java/lang/invoke/DirectMethodHandle$Holder invokeStatic (Ljava/lang/Object;II)I 11 1 0 java/lang/invoke/DirectMethodHandle internalMemberName (Ljava/lang/Object;)Ljava/lang/Object; 11 11 0 java/lang/runtime/ObjectMethods hashCombiner (II)I 9 31 0  @bci io/ballerina/types/FunctionAtomicType hashCode ()I 1 <appendix> argL2 argL1 form vmentry <vmtarget> ; invoke (Ljava/lang/Object;Ljava/lang/Object;)I 10 15 0 java/lang/invoke/DirectMethodHandle$Holder getReference (Ljava/lang/Object;Ljava/lang/Object;)Ljava/lang/Object; 11 1 0 java/lang/invoke/DirectMethodHandle fieldOffset (Ljava/lang/Object;)J 11 6 0 java/lang/invoke/DirectMethodHandle checkBase (Ljava/lang/Object;)Ljava/lang/Object; 12 1 0 java/util/Objects requireNonNull (Ljava/lang/Object;)Ljava/lang/Object; 10 31 0 java/lang/invoke/DirectMethodHandle$Holder invokeStatic (Ljava/lang/Object;Ljava/lang/Object;)I 11 1 0 java/lang/invoke/DirectMethodHandle internalMemberName (Ljava/lang/Object;)Ljava/lang/Object; 11 10 0 java/util/Objects hashCode (Ljava/lang/Object;)I 9 50 0 java/lang/invoke/DirectMethodHandle$Holder invokeStatic (Ljava/lang/Object;II)I 10 1 0 java/lang/invoke/DirectMethodHandle internalMemberName (Ljava/lang/Object;)Ljava/lang/Object; 10 11 0 java/lang/runtime/ObjectMethods hashCombiner (II)I 5 63 0 io/ballerina/types/typeops/BddCommonOps$BddOpMemoKey equals (Ljava/lang/Object;)Z 6 2 0  @bci io/ballerina/types/subtypedata/BddNodeImpl equals (Ljava/lang/Object;)Z 2 <adapter> ; linkToTargetMethod (Ljava/lang/Object;Ljava/lang/Object;Ljava/lang/Object;)I 7 6 0  @bci io/ballerina/types/subtypedata/BddNodeImpl equals (Ljava/lang/Object;)Z 2 <appendix> form vmentry <vmtarget> ; guard (Ljava/lang/Object;Ljava/lang/Object;Ljava/lang/Object;)I 8 34 0 java/lang/invoke/DirectMethodHandle$Holder invokeStatic (Ljava/lang/Object;Ljava/lang/Object;Ljava/lang/Object;)I 9 1 0 java/lang/invoke/DirectMethodHandle internalMemberName (Ljava/lang/Object;)Ljava/lang/Object; 9 11 0 java/lang/runtime/ObjectMethods eq (Ljava/lang/Object;Ljava/lang/Object;)Z 8 94 0 java/lang/invoke/DelegatingMethodHandle$Holder delegate (Ljava/lang/Object;Ljava/lang/Object;Ljava/lang/Object;)I 9 4 0 java/lang/invoke/MethodHandleImpl$CountingWrapper getTarget ()Ljava/lang/invoke/MethodHandle; 9 14 0  @bci io/ballerina/types/subtypedata/BddNodeImpl equals (Ljava/lang/Object;)Z 2 <appendix> form vmentry <vmtarget> ; guard (Ljava/lang/Object;Ljava/lang/Object;Ljava/lang/Object;)I 10 34 0 java/lang/invoke/LambdaForm$MH+0x000000010025e400 invoke (Ljava/lang/Object;Ljava/lang/Object;Ljava/lang/Object;)I 11 23 0  @cpi org/wso2/ballerinalang/compiler/semantics/analyzer/SemanticAnalyzer 4835 form vmentry <vmtarget> ; invokeSpecial (Ljava/lang/Object;Ljava/lang/Object;Ljava/lang/Object;)I 12 1 0 java/lang/invoke/DirectMethodHandle internalMemberName (Ljava/lang/Object;)Ljava/lang/Object; 10 74 0 java/lang/invoke/DelegatingMethodHandle$Holder delegate (Ljava/lang/Object;Ljava/lang/Object;Ljava/lang/Object;)I 11 4 0 java/lang/invoke/MethodHandleImpl$CountingWrapper getTarget ()Ljava/lang/invoke/MethodHandle; 11 14 0 java/lang/invoke/LambdaForm$MH+0x0000000100281800 invoke (Ljava/lang/Object;Ljava/lang/Object;Ljava/lang/Object;)I 12 15 0  @bci io/ballerina/projects/internal/PackageDiagnostic$DiagnosticLocation <init> (Ljava/lang/String;Lio/ballerina/tools/diagnostics/Location;)V 53 <appendix> form vmentry <vmtarget> ; invoke (Ljava/lang/Object;Ljava/lang/Object;)Ljava/lang/Object; 13 21 0 java/lang/invoke/DirectMethodHandle$Holder invokeSpecial (Ljava/lang/Object;Ljava/lang/Object;Ljava/lang/Object;)Ljava/lang/Object; 14 1 0 java/lang/invoke/DirectMethodHandle internalMemberName (Ljava/lang/Object;)Ljava/lang/Object; 12 52 0 java/lang/invoke/LambdaForm$MH+0x000000010025ec00 invoke (Ljava/lang/Object;Ljava/lang/Object;Ljava/lang/Object;)I 13 17 0 java/lang/invoke/DirectMethodHandle$Holder getReference (Ljava/lang/Object;Ljava/lang/Object;)Ljava/lang/Object; 14 1 0 java/lang/invoke/DirectMethodHandle fieldOffset (Ljava/lang/Object;)J 14 6 0 java/lang/invoke/DirectMethodHandle checkBase (Ljava/lang/Object;)Ljava/lang/Object; 15 1 0 java/util/Objects requireNonNull (Ljava/lang/Object;)Ljava/lang/Object; 13 24 0 java/lang/invoke/DirectMethodHandle$Holder getReference (Ljava/lang/Object;Ljava/lang/Object;)Ljava/lang/Object; 14 1 0 java/lang/invoke/DirectMethodHandle fieldOffset (Ljava/lang/Object;)J 14 6 0 java/lang/invoke/DirectMethodHandle checkBase (Ljava/lang/Object;)Ljava/lang/Object; 15 1 0 java/util/Objects requireNonNull (Ljava/lang/Object;)Ljava/lang/Object; 13 44 0 java/lang/invoke/DirectMethodHandle$Holder invokeStatic (Ljava/lang/Object;Ljava/lang/Object;Ljava/lang/Object;)I 14 1 0 java/lang/invoke/DirectMethodHandle internalMemberName (Ljava/lang/Object;)Ljava/lang/Object; 14 11 0 java/util/Objects equals (Ljava/lang/Object;Ljava/lang/Object;)Z 12 93 0 java/lang/invoke/DelegatingMethodHandle$Holder delegate (Ljava/lang/Object;Ljava/lang/Object;Ljava/lang/Object;)I 13 4 0 java/lang/invoke/MethodHandleImpl$CountingWrapper getTarget ()Ljava/lang/invoke/MethodHandle; 13 14 0  @bci io/ballerina/types/subtypedata/BddNodeImpl equals (Ljava/lang/Object;)Z 2 <appendix> form vmentry <vmtarget> ; guard (Ljava/lang/Object;Ljava/lang/Object;Ljava/lang/Object;)I 14 34 0 java/lang/invoke/LambdaForm$MH+0x000000010025ec00 invoke (Ljava/lang/Object;Ljava/lang/Object;Ljava/lang/Object;)I 15 17 0 java/lang/invoke/DirectMethodHandle$Holder getReference (Ljava/lang/Object;Ljava/lang/Object;)Ljava/lang/Object; 16 1 0 java/lang/invoke/DirectMethodHandle fieldOffset (Ljava/lang/Object;)J 16 6 0 java/lang/invoke/DirectMethodHandle checkBase (Ljava/lang/Object;)Ljava/lang/Object; 17 1 0 java/util/Objects requireNonNull (Ljava/lang/Object;)Ljava/lang/Object; 15 24 0 java/lang/invoke/DirectMethodHandle$Holder getReference (Ljava/lang/Object;Ljava/lang/Object;)Ljava/lang/Object; 16 1 0 java/lang/invoke/DirectMethodHandle fieldOffset (Ljava/lang/Object;)J 16 6 0 java/lang/invoke/DirectMethodHandle checkBase (Ljava/lang/Object;)Ljava/lang/Object; 17 1 0 java/util/Objects requireNonNull (Ljava/lang/Object;)Ljava/lang/Object; 15 44 0 java/lang/invoke/DirectMethodHandle$Holder invokeStatic (Ljava/lang/Object;Ljava/lang/Object;Ljava/lang/Object;)I 16 1 0 java/lang/invoke/DirectMethodHandle internalMemberName (Ljava/lang/Object;)Ljava/lang/Object; 16 11 0 java/util/Objects equals (Ljava/lang/Object;Ljava/lang/Object;)Z 14 74 0 java/lang/invoke/DelegatingMethodHandle$Holder delegate (Ljava/lang/Object;Ljava/lang/Object;Ljava/lang/Object;)I 15 4 0 java/lang/invoke/MethodHandleImpl$CountingWrapper getTarget ()Ljava/lang/invoke/MethodHandle; 15 14 0 java/lang/invoke/LambdaForm$MH+0x000000010025cc00 invoke (Ljava/lang/Object;Ljava/lang/Object;Ljava/lang/Object;)I 3 36 0 io/ballerina/types/typeops/BddCommonOps bddUnionInner (Lio/ballerina/types/typeops/BddCommonOps$BddOpMemo;Lio/ballerina/types/Bdd;Lio/ballerina/types/Bdd;)Lio/ballerina/types/Bdd; 4 18 0 io/ballerina/types/subtypedata/BddAllOrNothing isAll ()Z 4 24 0 io/ballerina/types/subtypedata/BddAllOrNothing bddAll ()Lio/ballerina/types/subtypedata/BddAllOrNothing; 4 43 0 io/ballerina/types/subtypedata/BddAllOrNothing isAll ()Z 4 69 0 io/ballerina/types/subtypedata/BddNodeImpl atom ()Lio/ballerina/types/Atom; 4 69 0 io/ballerina/types/subtypedata/BddNodeSimple atom ()Lio/ballerina/types/Atom; 4 76 0 io/ballerina/types/subtypedata/BddNodeSimple atom ()Lio/ballerina/types/Atom; 4 76 0 io/ballerina/types/subtypedata/BddNodeImpl atom ()Lio/ballerina/types/Atom; 4 81 0 io/ballerina/types/typeops/BddCommonOps atomCmp (Lio/ballerina/types/Atom;Lio/ballerina/types/Atom;)J 5 25 0 io/ballerina/types/RecAtom index ()I 5 29 0 io/ballerina/types/RecAtom index ()I 5 49 0 io/ballerina/types/TypeAtom index ()I 5 55 0 io/ballerina/types/TypeAtom index ()I 4 94 0 io/ballerina/types/subtypedata/BddNodeImpl atom ()Lio/ballerina/types/Atom; 4 94 0 io/ballerina/types/subtypedata/BddNodeSimple atom ()Lio/ballerina/types/Atom; 4 100 0 io/ballerina/types/subtypedata/BddNodeImpl left ()Lio/ballerina/types/Bdd; 4 100 0 io/ballerina/types/subtypedata/BddNodeSimple left ()Lio/ballerina/types/Bdd; 5 0 0 io/ballerina/types/subtypedata/BddAllOrNothing bddAll ()Lio/ballerina/types/subtypedata/BddAllOrNothing; 4 107 0 io/ballerina/types/subtypedata/BddNodeImpl middle ()Lio/ballerina/types/Bdd; 4 107 0 io/ballerina/types/subtypedata/BddNodeSimple middle ()Lio/ballerina/types/Bdd; 5 0 0 io/ballerina/types/subtypedata/BddAllOrNothing bddNothing ()Lio/ballerina/types/subtypedata/BddAllOrNothing; 4 117 0 io/ballerina/types/subtypedata/BddNodeImpl right ()Lio/ballerina/types/Bdd; 4 117 0 io/ballerina/types/subtypedata/BddNodeSimple right ()Lio/ballerina/types/Bdd; 5 0 0 io/ballerina/types/subtypedata/BddAllOrNothing bddNothing ()Lio/ballerina/types/subtypedata/BddAllOrNothing; 4 122 0 io/ballerina/types/typeops/BddCommonOps bddCreate (Lio/ballerina/types/Atom;Lio/ballerina/types/Bdd;Lio/ballerina/types/Bdd;Lio/ballerina/types/Bdd;)Lio/ballerina/types/Bdd; 5 11 0 io/ballerina/types/subtypedata/BddAllOrNothing isAll ()Z 5 31 0 io/ballerina/types/typeops/BddCommonOps bddUnion (Lio/ballerina/types/Bdd;Lio/ballerina/types/Bdd;)Lio/ballerina/types/Bdd; 6 0 0 io/ballerina/types/typeops/BddCommonOps$BddOpMemo create ()Lio/ballerina/types/typeops/BddCommonOps$BddOpMemo; 7 8 0 java/util/HashMap <init> ()V 8 1 0 java/util/AbstractMap <init> ()V 9 1 0 java/lang/Object <init> ()V 7 15 0 java/util/HashMap <init> ()V 8 1 0 java/util/AbstractMap <init> ()V 9 1 0 java/lang/Object <init> ()V 7 22 0 java/util/HashMap <init> ()V 8 1 0 java/util/AbstractMap <init> ()V 9 1 0 java/lang/Object <init> ()V 7 25 0 io/ballerina/types/typeops/BddCommonOps$BddOpMemo <init> (Ljava/util/Map;Ljava/util/Map;Ljava/util/Map;)V 8 1 0 java/lang/Record <init> ()V 9 1 0 java/lang/Object <init> ()V 5 39 0 io/ballerina/types/subtypedata/BddNode create (Lio/ballerina/types/Atom;Lio/ballerina/types/Bdd;Lio/ballerina/types/Bdd;Lio/ballerina/types/Bdd;)Lio/ballerina/types/subtypedata/BddNode; 6 3 0 io/ballerina/types/subtypedata/BddNode isSimpleNode (Lio/ballerina/types/Bdd;Lio/ballerina/types/Bdd;Lio/ballerina/types/Bdd;)Z 7 15 0 io/ballerina/types/subtypedata/BddAllOrNothing isAll ()Z 7 36 0 io/ballerina/types/subtypedata/BddAllOrNothing isNothing ()Z 7 55 0 io/ballerina/types/subtypedata/BddAllOrNothing isNothing ()Z 6 14 0 io/ballerina/types/subtypedata/BddNodeSimple <init> (Lio/ballerina/types/Atom;)V 7 1 0 java/lang/Record <init> ()V 8 1 0 java/lang/Object <init> ()V 6 26 0 io/ballerina/types/subtypedata/BddNodeImpl <init> (Lio/ballerina/types/Atom;Lio/ballerina/types/Bdd;Lio/ballerina/types/Bdd;Lio/ballerina/types/Bdd;)V 7 1 0 java/lang/Record <init> ()V 8 1 0 java/lang/Object <init> ()V 4 135 0 io/ballerina/types/subtypedata/BddNodeImpl atom ()Lio/ballerina/types/Atom; 4 135 0 io/ballerina/types/subtypedata/BddNodeSimple atom ()Lio/ballerina/types/Atom; 4 142 0 io/ballerina/types/subtypedata/BddNodeImpl left ()Lio/ballerina/types/Bdd; 4 142 0 io/ballerina/types/subtypedata/BddNodeSimple left ()Lio/ballerina/types/Bdd; 5 0 0 io/ballerina/types/subtypedata/BddAllOrNothing bddAll ()Lio/ballerina/types/subtypedata/BddAllOrNothing; 4 151 0 io/ballerina/types/subtypedata/BddNodeImpl middle ()Lio/ballerina/types/Bdd; 4 151 0 io/ballerina/types/subtypedata/BddNodeSimple middle ()Lio/ballerina/types/Bdd; 5 0 0 io/ballerina/types/subtypedata/BddAllOrNothing bddNothing ()Lio/ballerina/types/subtypedata/BddAllOrNothing; 4 161 0 io/ballerina/types/subtypedata/BddNodeImpl right ()Lio/ballerina/types/Bdd; 4 161 0 io/ballerina/types/subtypedata/BddNodeSimple right ()Lio/ballerina/types/Bdd; 5 0 0 io/ballerina/types/subtypedata/BddAllOrNothing bddNothing ()Lio/ballerina/types/subtypedata/BddAllOrNothing; 4 171 0 io/ballerina/types/subtypedata/BddNodeImpl atom ()Lio/ballerina/types/Atom; 4 171 0 io/ballerina/types/subtypedata/BddNodeSimple atom ()Lio/ballerina/types/Atom; 4 178 0 io/ballerina/types/subtypedata/BddNodeImpl left ()Lio/ballerina/types/Bdd; 4 178 0 io/ballerina/types/subtypedata/BddNodeSimple left ()Lio/ballerina/types/Bdd; 5 0 0 io/ballerina/types/subtypedata/BddAllOrNothing bddAll ()Lio/ballerina/types/subtypedata/BddAllOrNothing; 4 185 0 io/ballerina/types/subtypedata/BddNodeImpl left ()Lio/ballerina/types/Bdd; 4 185 0 io/ballerina/types/subtypedata/BddNodeSimple left ()Lio/ballerina/types/Bdd; 5 0 0 io/ballerina/types/subtypedata/BddAllOrNothing bddAll ()Lio/ballerina/types/subtypedata/BddAllOrNothing; 4 195 0 io/ballerina/types/subtypedata/BddNodeImpl middle ()Lio/ballerina/types/Bdd; 4 195 0 io/ballerina/types/subtypedata/BddNodeSimple middle ()Lio/ballerina/types/Bdd; 5 0 0 io/ballerina/types/subtypedata/BddAllOrNothing bddNothing ()Lio/ballerina/types/subtypedata/BddAllOrNothing; 4 202 0 io/ballerina/types/subtypedata/BddNodeImpl middle ()Lio/ballerina/types/Bdd; 4 202 0 io/ballerina/types/subtypedata/BddNodeSimple middle ()Lio/ballerina/types/Bdd; 5 0 0 io/ballerina/types/subtypedata/BddAllOrNothing bddNothing ()Lio/ballerina/types/subtypedata/BddAllOrNothing; 4 212 0 io/ballerina/types/subtypedata/BddNodeImpl right ()Lio/ballerina/types/Bdd; 4 212 0 io/ballerina/types/subtypedata/BddNodeSimple right ()Lio/ballerina/types/Bdd; 5 0 0 io/ballerina/types/subtypedata/BddAllOrNothing bddNothing ()Lio/ballerina/types/subtypedata/BddAllOrNothing; 4 219 0 io/ballerina/types/subtypedata/BddNodeImpl right ()Lio/ballerina/types/Bdd; 4 219 0 io/ballerina/types/subtypedata/BddNodeSimple right ()Lio/ballerina/types/Bdd; 5 0 0 io/ballerina/types/subtypedata/BddAllOrNothing bddNothing ()Lio/ballerina/types/subtypedata/BddAllOrNothing; 3 48 0 java/util/HashMap put (Ljava/lang/Object;Ljava/lang/Object;)Ljava/lang/Object; 4 2 0 java/util/HashMap hash (Ljava/lang/Object;)I 5 9 0 io/ballerina/types/typeops/BddCommonOps$BddOpMemoKey hashCode ()I 6 1 0  @bci io/ballerina/types/FunctionAtomicType hashCode ()I 1 <adapter> ; linkToTargetMethod (Ljava/lang/Object;Ljava/lang/Object;)I 7 5 0  @bci io/ballerina/types/FunctionAtomicType hashCode ()I 1 <appendix> form vmentry <vmtarget> ; invoke (Ljava/lang/Object;Ljava/lang/Object;)I 8 15 0  @bci io/ballerina/types/FunctionAtomicType hashCode ()I 1 <appendix> form vmentry <vmtarget> ; invoke (Ljava/lang/Object;Ljava/lang/Object;)I 9 15 0  @bci io/ballerina/types/FunctionAtomicType hashCode ()I 1 <appendix> argL2 argL2 argL2 argL2 form vmentry <vmtarget> ; invoke (Ljava/lang/Object;Ljava/lang/Object;)I 9 31 0  @bci io/ballerina/types/FunctionAtomicType hashCode ()I 1 <appendix> argL2 argL1 form vmentry <vmtarget> ; invoke (Ljava/lang/Object;Ljava/lang/Object;)I 10 15 0 java/lang/invoke/DirectMethodHandle$Holder getReference (Ljava/lang/Object;Ljava/lang/Object;)Ljava/lang/Object; 11 1 0 java/lang/invoke/DirectMethodHandle fieldOffset (Ljava/lang/Object;)J 11 6 0 java/lang/invoke/DirectMethodHandle checkBase (Ljava/lang/Object;)Ljava/lang/Object; 12 1 0 java/util/Objects requireNonNull (Ljava/lang/Object;)Ljava/lang/Object; 10 31 0 java/lang/invoke/DirectMethodHandle$Holder invokeStatic (Ljava/lang/Object;Ljava/lang/Object;)I 11 1 0 java/lang/invoke/DirectMethodHandle internalMemberName (Ljava/lang/Object;)Ljava/lang/Object; 11 10 0 java/util/Objects hashCode (Ljava/lang/Object;)I 9 50 0 java/lang/invoke/DirectMethodHandle$Holder invokeStatic (Ljava/lang/Object;II)I 10 1 0 java/lang/invoke/DirectMethodHandle internalMemberName (Ljava/lang/Object;)Ljava/lang/Object; 10 11 0 java/lang/runtime/ObjectMethods hashCombiner (II)I 8 31 0  @bci io/ballerina/types/FunctionAtomicType hashCode ()I 1 <appendix> argL2 argL1 form vmentry <vmtarget> ; invoke (Ljava/lang/Object;Ljava/lang/Object;)I 9 15 0 java/lang/invoke/DirectMethodHandle$Holder getReference (Ljava/lang/Object;Ljava/lang/Object;)Ljava/lang/Object; 10 1 0 java/lang/invoke/DirectMethodHandle fieldOffset (Ljava/lang/Object;)J 10 6 0 java/lang/invoke/DirectMethodHandle checkBase (Ljava/lang/Object;)Ljava/lang/Object; 11 1 0 java/util/Objects requireNonNull (Ljava/lang/Object;)Ljava/lang/Object; 9 31 0 java/lang/invoke/DirectMethodHandle$Holder invokeStatic (Ljava/lang/Object;Ljava/lang/Object;)I 10 1 0 java/lang/invoke/DirectMethodHandle internalMemberName (Ljava/lang/Object;)Ljava/lang/Object; 10 10 0 java/util/Objects hashCode (Ljava/lang/Object;)I 8 50 0 java/lang/invoke/DirectMethodHandle$Holder invokeStatic (Ljava/lang/Object;II)I 9 1 0 java/lang/invoke/DirectMethodHandle internalMemberName (Ljava/lang/Object;)Ljava/lang/Object; 9 11 0 java/lang/runtime/ObjectMethods hashCombiner (II)I 4 9 0 java/util/HashMap putVal (ILjava/lang/Object;Ljava/lang/Object;ZZ)Ljava/lang/Object; 5 56 0 java/util/HashMap newNode (ILjava/lang/Object;Ljava/lang/Object;Ljava/util/HashMap$Node;)Ljava/util/HashMap$Node; 6 9 0 java/util/HashMap$Node <init> (ILjava/lang/Object;Ljava/lang/Object;Ljava/util/HashMap$Node;)V 7 1 0 java/lang/Object <init> ()V 5 91 0 io/ballerina/types/typeops/BddCommonOps$BddOpMemoKey equals (Ljava/lang/Object;)Z 6 2 0  @bci io/ballerina/types/subtypedata/BddNodeImpl equals (Ljava/lang/Object;)Z 2 <adapter> ; linkToTargetMethod (Ljava/lang/Object;Ljava/lang/Object;Ljava/lang/Object;)I 7 6 0  @bci io/ballerina/types/subtypedata/BddNodeImpl equals (Ljava/lang/Object;)Z 2 <appendix> form vmentry <vmtarget> ; guard (Ljava/lang/Object;Ljava/lang/Object;Ljava/lang/Object;)I 8 34 0 java/lang/invoke/DirectMethodHandle$Holder invokeStatic (Ljava/lang/Object;Ljava/lang/Object;Ljava/lang/Object;)I 9 1 0 java/lang/invoke/DirectMethodHandle internalMemberName (Ljava/lang/Object;)Ljava/lang/Object; 9 11 0 java/lang/runtime/ObjectMethods eq (Ljava/lang/Object;Ljava/lang/Object;)Z 8 94 0 java/lang/invoke/DelegatingMethodHandle$Holder delegate (Ljava/lang/Object;Ljava/lang/Object;Ljava/lang/Object;)I 9 4 0 java/lang/invoke/MethodHandleImpl$CountingWrapper getTarget ()Ljava/lang/invoke/MethodHandle; 9 14 0  @bci io/ballerina/types/subtypedata/BddNodeImpl equals (Ljava/lang/Object;)Z 2 <appendix> form vmentry <vmtarget> ; guard (Ljava/lang/Object;Ljava/lang/Object;Ljava/lang/Object;)I 10 34 0 java/lang/invoke/LambdaForm$MH+0x000000010025e400 invoke (Ljava/lang/Object;Ljava/lang/Object;Ljava/lang/Object;)I 11 23 0  @cpi org/wso2/ballerinalang/compiler/semantics/analyzer/SemanticAnalyzer 4835 form vmentry <vmtarget> ; invokeSpecial (Ljava/lang/Object;Ljava/lang/Object;Ljava/lang/Object;)I 12 1 0 java/lang/invoke/DirectMethodHandle internalMemberName (Ljava/lang/Object;)Ljava/lang/Object; 10 74 0 java/lang/invoke/DelegatingMethodHandle$Holder delegate (Ljava/lang/Object;Ljava/lang/Object;Ljava/lang/Object;)I 11 4 0 java/lang/invoke/MethodHandleImpl$CountingWrapper getTarget ()Ljava/lang/invoke/MethodHandle; 11 14 0 java/lang/invoke/LambdaForm$MH+0x0000000100281800 invoke (Ljava/lang/Object;Ljava/lang/Object;Ljava/lang/Object;)I 12 15 0  @bci io/ballerina/projects/internal/PackageDiagnostic$DiagnosticLocation <init> (Ljava/lang/String;Lio/ballerina/tools/diagnostics/Location;)V 53 <appendix> form vmentry <vmtarget> ; invoke (Ljava/lang/Object;Ljava/lang/Object;)Ljava/lang/Object; 13 21 0 java/lang/invoke/DirectMethodHandle$Holder invokeSpecial (Ljava/lang/Object;Ljava/lang/Object;Ljava/lang/Object;)Ljava/lang/Object; 14 1 0 java/lang/invoke/DirectMethodHandle internalMemberName (Ljava/lang/Object;)Ljava/lang/Object; 12 52 0 java/lang/invoke/LambdaForm$MH+0x000000010025ec00 invoke (Ljava/lang/Object;Ljava/lang/Object;Ljava/lang/Object;)I 13 17 0 java/lang/invoke/DirectMethodHandle$Holder getReference (Ljava/lang/Object;Ljava/lang/Object;)Ljava/lang/Object; 14 1 0 java/lang/invoke/DirectMethodHandle fieldOffset (Ljava/lang/Object;)J 14 6 0 java/lang/invoke/DirectMethodHandle checkBase (Ljava/lang/Object;)Ljava/lang/Object; 15 1 0 java/util/Objects requireNonNull (Ljava/lang/Object;)Ljava/lang/Object; 13 24 0 java/lang/invoke/DirectMethodHandle$Holder getReference (Ljava/lang/Object;Ljava/lang/Object;)Ljava/lang/Object; 14 1 0 java/lang/invoke/DirectMethodHandle fieldOffset (Ljava/lang/Object;)J 14 6 0 java/lang/invoke/DirectMethodHandle checkBase (Ljava/lang/Object;)Ljava/lang/Object; 15 1 0 java/util/Objects requireNonNull (Ljava/lang/Object;)Ljava/lang/Object; 13 44 0 java/lang/invoke/DirectMethodHandle$Holder invokeStatic (Ljava/lang/Object;Ljava/lang/Object;Ljava/lang/Object;)I 14 1 0 java/lang/invoke/DirectMethodHandle internalMemberName (Ljava/lang/Object;)Ljava/lang/Object; 14 11 0 java/util/Objects equals (Ljava/lang/Object;Ljava/lang/Object;)Z 12 93 0 java/lang/invoke/DelegatingMethodHandle$Holder delegate (Ljava/lang/Object;Ljava/lang/Object;Ljava/lang/Object;)I 13 4 0 java/lang/invoke/MethodHandleImpl$CountingWrapper getTarget ()Ljava/lang/invoke/MethodHandle; 13 14 0  @bci io/ballerina/types/subtypedata/BddNodeImpl equals (Ljava/lang/Object;)Z 2 <appendix> form vmentry <vmtarget> ; guard (Ljava/lang/Object;Ljava/lang/Object;Ljava/lang/Object;)I 14 34 0 java/lang/invoke/LambdaForm$MH+0x000000010025ec00 invoke (Ljava/lang/Object;Ljava/lang/Object;Ljava/lang/Object;)I 15 17 0 java/lang/invoke/DirectMethodHandle$Holder getReference (Ljava/lang/Object;Ljava/lang/Object;)Ljava/lang/Object; 16 1 0 java/lang/invoke/DirectMethodHandle fieldOffset (Ljava/lang/Object;)J 16 6 0 java/lang/invoke/DirectMethodHandle checkBase (Ljava/lang/Object;)Ljava/lang/Object; 17 1 0 java/util/Objects requireNonNull (Ljava/lang/Object;)Ljava/lang/Object; 15 24 0 java/lang/invoke/DirectMethodHandle$Holder getReference (Ljava/lang/Object;Ljava/lang/Object;)Ljava/lang/Object; 16 1 0 java/lang/invoke/DirectMethodHandle fieldOffset (Ljava/lang/Object;)J 16 6 0 java/lang/invoke/DirectMethodHandle checkBase (Ljava/lang/Object;)Ljava/lang/Object; 17 1 0 java/util/Objects requireNonNull (Ljava/lang/Object;)Ljava/lang/Object; 15 44 0 java/lang/invoke/DirectMethodHandle$Holder invokeStatic (Ljava/lang/Object;Ljava/lang/Object;Ljava/lang/Object;)I 16 1 0 java/lang/invoke/DirectMethodHandle internalMemberName (Ljava/lang/Object;)Ljava/lang/Object; 16 11 0 java/util/Objects equals (Ljava/lang/Object;Ljava/lang/Object;)Z 14 74 0 java/lang/invoke/DelegatingMethodHandle$Holder delegate (Ljava/lang/Object;Ljava/lang/Object;Ljava/lang/Object;)I 15 4 0 java/lang/invoke/MethodHandleImpl$CountingWrapper getTarget ()Ljava/lang/invoke/MethodHandle; 15 14 0 java/lang/invoke/LambdaForm$MH+0x000000010025cc00 invoke (Ljava/lang/Object;Ljava/lang/Object;Ljava/lang/Object;)I 5 152 0 java/util/HashMap newNode (ILjava/lang/Object;Ljava/lang/Object;Ljava/util/HashMap$Node;)Ljava/util/HashMap$Node; 6 9 0 java/util/HashMap$Node <init> (ILjava/lang/Object;Ljava/lang/Object;Ljava/util/HashMap$Node;)V 7 1 0 java/lang/Object <init> ()V 5 253 0 java/util/HashMap afterNodeAccess (Ljava/util/HashMap$Node;)V 5 295 0 java/util/HashMap afterNodeInsertion (Z)V 2 117 0 io/ballerina/types/subtypedata/BddNodeImpl right ()Lio/ballerina/types/Bdd; 2 117 0 io/ballerina/types/subtypedata/BddNodeSimple right ()Lio/ballerina/types/Bdd; 3 0 0 io/ballerina/types/subtypedata/BddAllOrNothing bddNothing ()Lio/ballerina/types/subtypedata/BddAllOrNothing; 2 122 0 io/ballerina/types/typeops/BddCommonOps bddCreate (Lio/ballerina/types/Atom;Lio/ballerina/types/Bdd;Lio/ballerina/types/Bdd;Lio/ballerina/types/Bdd;)Lio/ballerina/types/Bdd; 3 11 0 io/ballerina/types/subtypedata/BddAllOrNothing isAll ()Z 3 31 0 io/ballerina/types/typeops/BddCommonOps bddUnion (Lio/ballerina/types/Bdd;Lio/ballerina/types/Bdd;)Lio/ballerina/types/Bdd; 4 0 0 io/ballerina/types/typeops/BddCommonOps$BddOpMemo create ()Lio/ballerina/types/typeops/BddCommonOps$BddOpMemo; 5 8 0 java/util/HashMap <init> ()V 6 1 0 java/util/AbstractMap <init> ()V 7 1 0 java/lang/Object <init> ()V 5 15 0 java/util/HashMap <init> ()V 6 1 0 java/util/AbstractMap <init> ()V 7 1 0 java/lang/Object <init> ()V 5 22 0 java/util/HashMap <init> ()V 6 1 0 java/util/AbstractMap <init> ()V 7 1 0 java/lang/Object <init> ()V 5 25 0 io/ballerina/types/typeops/BddCommonOps$BddOpMemo <init> (Ljava/util/Map;Ljava/util/Map;Ljava/util/Map;)V 6 1 0 java/lang/Record <init> ()V 7 1 0 java/lang/Object <init> ()V 4 5 0 io/ballerina/types/typeops/BddCommonOps bddUnionWithMemo (Lio/ballerina/types/typeops/BddCommonOps$BddOpMemo;Lio/ballerina/types/Bdd;Lio/ballerina/types/Bdd;)Lio/ballerina/types/Bdd; 5 6 0 io/ballerina/types/typeops/BddCommonOps$BddOpMemoKey <init> (Lio/ballerina/types/Bdd;Lio/ballerina/types/Bdd;)V 6 1 0 java/lang/Record <init> ()V 7 1 0 java/lang/Object <init> ()V 5 15 0 java/util/HashMap get (Ljava/lang/Object;)Ljava/lang/Object; 6 2 0 java/util/HashMap getNode (Ljava/lang/Object;)Ljava/util/HashMap$Node; 7 23 0 java/util/HashMap hash (Ljava/lang/Object;)I 8 9 0 io/ballerina/types/typeops/BddCommonOps$BddOpMemoKey hashCode ()I 9 1 0  @bci io/ballerina/types/FunctionAtomicType hashCode ()I 1 <adapter> ; linkToTargetMethod (Ljava/lang/Object;Ljava/lang/Object;)I 10 5 0  @bci io/ballerina/types/FunctionAtomicType hashCode ()I 1 <appendix> form vmentry <vmtarget> ; invoke (Ljava/lang/Object;Ljava/lang/Object;)I 11 15 0  @bci io/ballerina/types/FunctionAtomicType hashCode ()I 1 <appendix> form vmentry <vmtarget> ; invoke (Ljava/lang/Object;Ljava/lang/Object;)I 12 15 0  @bci io/ballerina/types/FunctionAtomicType hashCode ()I 1 <appendix> argL2 argL2 argL2 argL2 form vmentry <vmtarget> ; invoke (Ljava/lang/Object;Ljava/lang/Object;)I 12 31 0  @bci io/ballerina/types/FunctionAtomicType hashCode ()I 1 <appendix> argL2 argL1 form vmentry <vmtarget> ; invoke (Ljava/lang/Object;Ljava/lang/Object;)I 13 15 0 java/lang/invoke/DirectMethodHandle$Holder getReference (Ljava/lang/Object;Ljava/lang/Object;)Ljava/lang/Object; 14 1 0 java/lang/invoke/DirectMethodHandle fieldOffset (Ljava/lang/Object;)J 14 6 0 java/lang/invoke/DirectMethodHandle checkBase (Ljava/lang/Object;)Ljava/lang/Object; 15 1 0 java/util/Objects requireNonNull (Ljava/lang/Object;)Ljava/lang/Object; 13 31 0 java/lang/invoke/DirectMethodHandle$Holder invokeStatic (Ljava/lang/Object;Ljava/lang/Object;)I 14 1 0 java/lang/invoke/DirectMethodHandle internalMemberName (Ljava/lang/Object;)Ljava/lang/Object; 14 10 0 java/util/Objects hashCode (Ljava/lang/Object;)I 12 50 0 java/lang/invoke/DirectMethodHandle$Holder invokeStatic (Ljava/lang/Object;II)I 13 1 0 java/lang/invoke/DirectMethodHandle internalMemberName (Ljava/lang/Object;)Ljava/lang/Object; 13 11 0 java/lang/runtime/ObjectMethods hashCombiner (II)I 11 31 0  @bci io/ballerina/types/FunctionAtomicType hashCode ()I 1 <appendix> argL2 argL1 form vmentry <vmtarget> ; invoke (Ljava/lang/Object;Ljava/lang/Object;)I 12 15 0 java/lang/invoke/DirectMethodHandle$Holder getReference (Ljava/lang/Object;Ljava/lang/Object;)Ljava/lang/Object; 13 1 0 java/lang/invoke/DirectMethodHandle fieldOffset (Ljava/lang/Object;)J 13 6 0 java/lang/invoke/DirectMethodHandle checkBase (Ljava/lang/Object;)Ljava/lang/Object; 14 1 0 java/util/Objects requireNonNull (Ljava/lang/Object;)Ljava/lang/Object; 12 31 0 java/lang/invoke/DirectMethodHandle$Holder invokeStatic (Ljava/lang/Object;Ljava/lang/Object;)I 13 1 0 java/lang/invoke/DirectMethodHandle internalMemberName (Ljava/lang/Object;)Ljava/lang/Object; 13 10 0 java/util/Objects hashCode (Ljava/lang/Object;)I 11 50 0 java/lang/invoke/DirectMethodHandle$Holder invokeStatic (Ljava/lang/Object;II)I 12 1 0 java/lang/invoke/DirectMethodHandle internalMemberName (Ljava/lang/Object;)Ljava/lang/Object; 12 11 0 java/lang/runtime/ObjectMethods hashCombiner (II)I 7 63 0 io/ballerina/types/typeops/BddCommonOps$BddOpMemoKey equals (Ljava/lang/Object;)Z 8 2 0  @bci io/ballerina/types/subtypedata/BddNodeImpl equals (Ljava/lang/Object;)Z 2 <adapter> ; linkToTargetMethod (Ljava/lang/Object;Ljava/lang/Object;Ljava/lang/Object;)I 9 6 0  @bci io/ballerina/types/subtypedata/BddNodeImpl equals (Ljava/lang/Object;)Z 2 <appendix> form vmentry <vmtarget> ; guard (Ljava/lang/Object;Ljava/lang/Object;Ljava/lang/Object;)I 10 34 0 java/lang/invoke/DirectMethodHandle$Holder invokeStatic (Ljava/lang/Object;Ljava/lang/Object;Ljava/lang/Object;)I 11 1 0 java/lang/invoke/DirectMethodHandle internalMemberName (Ljava/lang/Object;)Ljava/lang/Object; 11 11 0 java/lang/runtime/ObjectMethods eq (Ljava/lang/Object;Ljava/lang/Object;)Z 10 94 0 java/lang/invoke/DelegatingMethodHandle$Holder delegate (Ljava/lang/Object;Ljava/lang/Object;Ljava/lang/Object;)I 11 4 0 java/lang/invoke/MethodHandleImpl$CountingWrapper getTarget ()Ljava/lang/invoke/MethodHandle; 11 14 0  @bci io/ballerina/types/subtypedata/BddNodeImpl equals (Ljava/lang/Object;)Z 2 <appendix> form vmentry <vmtarget> ; guard (Ljava/lang/Object;Ljava/lang/Object;Ljava/lang/Object;)I 12 34 0 java/lang/invoke/LambdaForm$MH+0x000000010025e400 invoke (Ljava/lang/Object;Ljava/lang/Object;Ljava/lang/Object;)I 13 23 0  @cpi org/wso2/ballerinalang/compiler/semantics/analyzer/SemanticAnalyzer 4835 form vmentry <vmtarget> ; invokeSpecial (Ljava/lang/Object;Ljava/lang/Object;Ljava/lang/Object;)I 14 1 0 java/lang/invoke/DirectMethodHandle internalMemberName (Ljava/lang/Object;)Ljava/lang/Object; 12 74 0 java/lang/invoke/DelegatingMethodHandle$Holder delegate (Ljava/lang/Object;Ljava/lang/Object;Ljava/lang/Object;)I 13 4 0 java/lang/invoke/MethodHandleImpl$CountingWrapper getTarget ()Ljava/lang/invoke/MethodHandle; 13 14 0 java/lang/invoke/LambdaForm$MH+0x0000000100281800 invoke (Ljava/lang/Object;Ljava/lang/Object;Ljava/lang/Object;)I 14 15 0  @bci io/ballerina/projects/internal/PackageDiagnostic$DiagnosticLocation <init> (Ljava/lang/String;Lio/ballerina/tools/diagnostics/Location;)V 53 <appendix> form vmentry <vmtarget> ; invoke (Ljava/lang/Object;Ljava/lang/Object;)Ljava/lang/Object; 15 21 0 java/lang/invoke/DirectMethodHandle$Holder invokeSpecial (Ljava/lang/Object;Ljava/lang/Object;Ljava/lang/Object;)Ljava/lang/Object; 16 1 0 java/lang/invoke/DirectMethodHandle internalMemberName (Ljava/lang/Object;)Ljava/lang/Object; 14 52 0 java/lang/invoke/LambdaForm$MH+0x000000010025ec00 invoke (Ljava/lang/Object;Ljava/lang/Object;Ljava/lang/Object;)I 15 17 0 java/lang/invoke/DirectMethodHandle$Holder getReference (Ljava/lang/Object;Ljava/lang/Object;)Ljava/lang/Object; 16 1 0 java/lang/invoke/DirectMethodHandle fieldOffset (Ljava/lang/Object;)J 16 6 0 java/lang/invoke/DirectMethodHandle checkBase (Ljava/lang/Object;)Ljava/lang/Object; 17 1 0 java/util/Objects requireNonNull (Ljava/lang/Object;)Ljava/lang/Object; 15 24 0 java/lang/invoke/DirectMethodHandle$Holder getReference (Ljava/lang/Object;Ljava/lang/Object;)Ljava/lang/Object; 16 1 0 java/lang/invoke/DirectMethodHandle fieldOffset (Ljava/lang/Object;)J 16 6 0 java/lang/invoke/DirectMethodHandle checkBase (Ljava/lang/Object;)Ljava/lang/Object; 17 1 0 java/util/Objects requireNonNull (Ljava/lang/Object;)Ljava/lang/Object; 15 44 0 java/lang/invoke/DirectMethodHandle$Holder invokeStatic (Ljava/lang/Object;Ljava/lang/Object;Ljava/lang/Object;)I 16 1 0 java/lang/invoke/DirectMethodHandle internalMemberName (Ljava/lang/Object;)Ljava/lang/Object; 16 11 0 java/util/Objects equals (Ljava/lang/Object;Ljava/lang/Object;)Z 14 93 0 java/lang/invoke/DelegatingMethodHandle$Holder delegate (Ljava/lang/Object;Ljava/lang/Object;Ljava/lang/Object;)I 15 4 0 java/lang/invoke/MethodHandleImpl$CountingWrapper getTarget ()Ljava/lang/invoke/MethodHandle; 15 14 0  @bci io/ballerina/types/subtypedata/BddNodeImpl equals (Ljava/lang/Object;)Z 2 <appendix> form vmentry <vmtarget> ; guard (Ljava/lang/Object;Ljava/lang/Object;Ljava/lang/Object;)I 16 34 0 java/lang/invoke/LambdaForm$MH+0x000000010025ec00 invoke (Ljava/lang/Object;Ljava/lang/Object;Ljava/lang/Object;)I 17 17 0 java/lang/invoke/DirectMethodHandle$Holder getReference (Ljava/lang/Object;Ljava/lang/Object;)Ljava/lang/Object; 18 1 0 java/lang/invoke/DirectMethodHandle fieldOffset (Ljava/lang/Object;)J 18 6 0 java/lang/invoke/DirectMethodHandle checkBase (Ljava/lang/Object;)Ljava/lang/Object; 19 1 0 java/util/Objects requireNonNull (Ljava/lang/Object;)Ljava/lang/Object; 17 24 0 java/lang/invoke/DirectMethodHandle$Holder getReference (Ljava/lang/Object;Ljava/lang/Object;)Ljava/lang/Object; 18 1 0 java/lang/invoke/DirectMethodHandle fieldOffset (Ljava/lang/Object;)J 18 6 0 java/lang/invoke/DirectMethodHandle checkBase (Ljava/lang/Object;)Ljava/lang/Object; 19 1 0 java/util/Objects requireNonNull (Ljava/lang/Object;)Ljava/lang/Object; 17 44 0 java/lang/invoke/DirectMethodHandle$Holder invokeStatic (Ljava/lang/Object;Ljava/lang/Object;Ljava/lang/Object;)I 18 1 0 java/lang/invoke/DirectMethodHandle internalMemberName (Ljava/lang/Object;)Ljava/lang/Object; 18 11 0 java/util/Objects equals (Ljava/lang/Object;Ljava/lang/Object;)Z 16 74 0 java/lang/invoke/DelegatingMethodHandle$Holder delegate (Ljava/lang/Object;Ljava/lang/Object;Ljava/lang/Object;)I 17 4 0 java/lang/invoke/MethodHandleImpl$CountingWrapper getTarget ()Ljava/lang/invoke/MethodHandle; 17 14 0 java/lang/invoke/LambdaForm$MH+0x000000010025cc00 invoke (Ljava/lang/Object;Ljava/lang/Object;Ljava/lang/Object;)I 5 36 0 io/ballerina/types/typeops/BddCommonOps bddUnionInner (Lio/ballerina/types/typeops/BddCommonOps$BddOpMemo;Lio/ballerina/types/Bdd;Lio/ballerina/types/Bdd;)Lio/ballerina/types/Bdd; 6 18 0 io/ballerina/types/subtypedata/BddAllOrNothing isAll ()Z 6 24 0 io/ballerina/types/subtypedata/BddAllOrNothing bddAll ()Lio/ballerina/types/subtypedata/BddAllOrNothing; 6 43 0 io/ballerina/types/subtypedata/BddAllOrNothing isAll ()Z 6 69 0 io/ballerina/types/subtypedata/BddNodeImpl atom ()Lio/ballerina/types/Atom; 6 69 0 io/ballerina/types/subtypedata/BddNodeSimple atom ()Lio/ballerina/types/Atom; 6 76 0 io/ballerina/types/subtypedata/BddNodeSimple atom ()Lio/ballerina/types/Atom; 6 76 0 io/ballerina/types/subtypedata/BddNodeImpl atom ()Lio/ballerina/types/Atom; 6 81 0 io/ballerina/types/typeops/BddCommonOps atomCmp (Lio/ballerina/types/Atom;Lio/ballerina/types/Atom;)J 7 25 0 io/ballerina/types/RecAtom index ()I 7 29 0 io/ballerina/types/RecAtom index ()I 7 49 0 io/ballerina/types/TypeAtom index ()I 7 55 0 io/ballerina/types/TypeAtom index ()I 6 94 0 io/ballerina/types/subtypedata/BddNodeImpl atom ()Lio/ballerina/types/Atom; 6 94 0 io/ballerina/types/subtypedata/BddNodeSimple atom ()Lio/ballerina/types/Atom; 6 100 0 io/ballerina/types/subtypedata/BddNodeImpl left ()Lio/ballerina/types/Bdd; 6 100 0 io/ballerina/types/subtypedata/BddNodeSimple left ()Lio/ballerina/types/Bdd; 7 0 0 io/ballerina/types/subtypedata/BddAllOrNothing bddAll ()Lio/ballerina/types/subtypedata/BddAllOrNothing; 6 107 0 io/ballerina/types/subtypedata/BddNodeImpl middle ()Lio/ballerina/types/Bdd; 6 107 0 io/ballerina/types/subtypedata/BddNodeSimple middle ()Lio/ballerina/types/Bdd; 7 0 0 io/ballerina/types/subtypedata/BddAllOrNothing bddNothing ()Lio/ballerina/types/subtypedata/BddAllOrNothing; 6 117 0 io/ballerina/types/subtypedata/BddNodeImpl right ()Lio/ballerina/types/Bdd; 6 117 0 io/ballerina/types/subtypedata/BddNodeSimple right ()Lio/ballerina/types/Bdd; 7 0 0 io/ballerina/types/subtypedata/BddAllOrNothing bddNothing ()Lio/ballerina/types/subtypedata/BddAllOrNothing; 6 122 0 io/ballerina/types/typeops/BddCommonOps bddCreate (Lio/ballerina/types/Atom;Lio/ballerina/types/Bdd;Lio/ballerina/types/Bdd;Lio/ballerina/types/Bdd;)Lio/ballerina/types/Bdd; 7 11 0 io/ballerina/types/subtypedata/BddAllOrNothing isAll ()Z 7 31 0 io/ballerina/types/typeops/BddCommonOps bddUnion (Lio/ballerina/types/Bdd;Lio/ballerina/types/Bdd;)Lio/ballerina/types/Bdd; 8 0 0 io/ballerina/types/typeops/BddCommonOps$BddOpMemo create ()Lio/ballerina/types/typeops/BddCommonOps$BddOpMemo; 9 8 0 java/util/HashMap <init> ()V 10 1 0 java/util/AbstractMap <init> ()V 11 1 0 java/lang/Object <init> ()V 9 15 0 java/util/HashMap <init> ()V 10 1 0 java/util/AbstractMap <init> ()V 11 1 0 java/lang/Object <init> ()V 9 22 0 java/util/HashMap <init> ()V 10 1 0 java/util/AbstractMap <init> ()V 11 1 0 java/lang/Object <init> ()V 9 25 0 io/ballerina/types/typeops/BddCommonOps$BddOpMemo <init> (Ljava/util/Map;Ljava/util/Map;Ljava/util/Map;)V 10 1 0 java/lang/Record <init> ()V 11 1 0 java/lang/Object <init> ()V 7 39 0 io/ballerina/types/subtypedata/BddNode create (Lio/ballerina/types/Atom;Lio/ballerina/types/Bdd;Lio/ballerina/types/Bdd;Lio/ballerina/types/Bdd;)Lio/ballerina/types/subtypedata/BddNode; 8 3 0 io/ballerina/types/subtypedata/BddNode isSimpleNode (Lio/ballerina/types/Bdd;Lio/ballerina/types/Bdd;Lio/ballerina/types/Bdd;)Z 9 15 0 io/ballerina/types/subtypedata/BddAllOrNothing isAll ()Z 9 36 0 io/ballerina/types/subtypedata/BddAllOrNothing isNothing ()Z 9 55 0 io/ballerina/types/subtypedata/BddAllOrNothing isNothing ()Z 8 14 0 io/ballerina/types/subtypedata/BddNodeSimple <init> (Lio/ballerina/types/Atom;)V 9 1 0 java/lang/Record <init> ()V 10 1 0 java/lang/Object <init> ()V 8 26 0 io/ballerina/types/subtypedata/BddNodeImpl <init> (Lio/ballerina/types/Atom;Lio/ballerina/types/Bdd;Lio/ballerina/types/Bdd;Lio/ballerina/types/Bdd;)V 9 1 0 java/lang/Record <init> ()V 10 1 0 java/lang/Object <init> ()V 6 135 0 io/ballerina/types/subtypedata/BddNodeImpl atom ()Lio/ballerina/types/Atom; 6 135 0 io/ballerina/types/subtypedata/BddNodeSimple atom ()Lio/ballerina/types/Atom; 6 142 0 io/ballerina/types/subtypedata/BddNodeImpl left ()Lio/ballerina/types/Bdd; 6 142 0 io/ballerina/types/subtypedata/BddNodeSimple left ()Lio/ballerina/types/Bdd; 7 0 0 io/ballerina/types/subtypedata/BddAllOrNothing bddAll ()Lio/ballerina/types/subtypedata/BddAllOrNothing; 6 151 0 io/ballerina/types/subtypedata/BddNodeImpl middle ()Lio/ballerina/types/Bdd; 6 151 0 io/ballerina/types/subtypedata/BddNodeSimple middle ()Lio/ballerina/types/Bdd; 7 0 0 io/ballerina/types/subtypedata/BddAllOrNothing bddNothing ()Lio/ballerina/types/subtypedata/BddAllOrNothing; 6 161 0 io/ballerina/types/subtypedata/BddNodeImpl right ()Lio/ballerina/types/Bdd; 6 161 0 io/ballerina/types/subtypedata/BddNodeSimple right ()Lio/ballerina/types/Bdd; 7 0 0 io/ballerina/types/subtypedata/BddAllOrNothing bddNothing ()Lio/ballerina/types/subtypedata/BddAllOrNothing; 6 171 0 io/ballerina/types/subtypedata/BddNodeImpl atom ()Lio/ballerina/types/Atom; 6 171 0 io/ballerina/types/subtypedata/BddNodeSimple atom ()Lio/ballerina/types/Atom; 6 178 0 io/ballerina/types/subtypedata/BddNodeImpl left ()Lio/ballerina/types/Bdd; 6 178 0 io/ballerina/types/subtypedata/BddNodeSimple left ()Lio/ballerina/types/Bdd; 7 0 0 io/ballerina/types/subtypedata/BddAllOrNothing bddAll ()Lio/ballerina/types/subtypedata/BddAllOrNothing; 6 185 0 io/ballerina/types/subtypedata/BddNodeImpl left ()Lio/ballerina/types/Bdd; 6 185 0 io/ballerina/types/subtypedata/BddNodeSimple left ()Lio/ballerina/types/Bdd; 7 0 0 io/ballerina/types/subtypedata/BddAllOrNothing bddAll ()Lio/ballerina/types/subtypedata/BddAllOrNothing; 6 195 0 io/ballerina/types/subtypedata/BddNodeImpl middle ()Lio/ballerina/types/Bdd; 6 195 0 io/ballerina/types/subtypedata/BddNodeSimple middle ()Lio/ballerina/types/Bdd; 7 0 0 io/ballerina/types/subtypedata/BddAllOrNothing bddNothing ()Lio/ballerina/types/subtypedata/BddAllOrNothing; 6 202 0 io/ballerina/types/subtypedata/BddNodeImpl middle ()Lio/ballerina/types/Bdd; 6 202 0 io/ballerina/types/subtypedata/BddNodeSimple middle ()Lio/ballerina/types/Bdd; 7 0 0 io/ballerina/types/subtypedata/BddAllOrNothing bddNothing ()Lio/ballerina/types/subtypedata/BddAllOrNothing; 6 212 0 io/ballerina/types/subtypedata/BddNodeImpl right ()Lio/ballerina/types/Bdd; 6 212 0 io/ballerina/types/subtypedata/BddNodeSimple right ()Lio/ballerina/types/Bdd; 7 0 0 io/ballerina/types/subtypedata/BddAllOrNothing bddNothing ()Lio/ballerina/types/subtypedata/BddAllOrNothing; 6 219 0 io/ballerina/types/subtypedata/BddNodeImpl right ()Lio/ballerina/types/Bdd; 6 219 0 io/ballerina/types/subtypedata/BddNodeSimple right ()Lio/ballerina/types/Bdd; 7 0 0 io/ballerina/types/subtypedata/BddAllOrNothing bddNothing ()Lio/ballerina/types/subtypedata/BddAllOrNothing; 5 48 0 java/util/HashMap put (Ljava/lang/Object;Ljava/lang/Object;)Ljava/lang/Object; 6 2 0 java/util/HashMap hash (Ljava/lang/Object;)I 7 9 0 io/ballerina/types/typeops/BddCommonOps$BddOpMemoKey hashCode ()I 8 1 0  @bci io/ballerina/types/FunctionAtomicType hashCode ()I 1 <adapter> ; linkToTargetMethod (Ljava/lang/Object;Ljava/lang/Object;)I 9 5 0  @bci io/ballerina/types/FunctionAtomicType hashCode ()I 1 <appendix> form vmentry <vmtarget> ; invoke (Ljava/lang/Object;Ljava/lang/Object;)I 10 15 0  @bci io/ballerina/types/FunctionAtomicType hashCode ()I 1 <appendix> form vmentry <vmtarget> ; invoke (Ljava/lang/Object;Ljava/lang/Object;)I 11 15 0  @bci io/ballerina/types/FunctionAtomicType hashCode ()I 1 <appendix> argL2 argL2 argL2 argL2 form vmentry <vmtarget> ; invoke (Ljava/lang/Object;Ljava/lang/Object;)I 11 31 0  @bci io/ballerina/types/FunctionAtomicType hashCode ()I 1 <appendix> argL2 argL1 form vmentry <vmtarget> ; invoke (Ljava/lang/Object;Ljava/lang/Object;)I 12 15 0 java/lang/invoke/DirectMethodHandle$Holder getReference (Ljava/lang/Object;Ljava/lang/Object;)Ljava/lang/Object; 13 1 0 java/lang/invoke/DirectMethodHandle fieldOffset (Ljava/lang/Object;)J 13 6 0 java/lang/invoke/DirectMethodHandle checkBase (Ljava/lang/Object;)Ljava/lang/Object; 14 1 0 java/util/Objects requireNonNull (Ljava/lang/Object;)Ljava/lang/Object; 12 31 0 java/lang/invoke/DirectMethodHandle$Holder invokeStatic (Ljava/lang/Object;Ljava/lang/Object;)I 13 1 0 java/lang/invoke/DirectMethodHandle internalMemberName (Ljava/lang/Object;)Ljava/lang/Object; 13 10 0 java/util/Objects hashCode (Ljava/lang/Object;)I 11 50 0 java/lang/invoke/DirectMethodHandle$Holder invokeStatic (Ljava/lang/Object;II)I 12 1 0 java/lang/invoke/DirectMethodHandle internalMemberName (Ljava/lang/Object;)Ljava/lang/Object; 12 11 0 java/lang/runtime/ObjectMethods hashCombiner (II)I 10 31 0  @bci io/ballerina/types/FunctionAtomicType hashCode ()I 1 <appendix> argL2 argL1 form vmentry <vmtarget> ; invoke (Ljava/lang/Object;Ljava/lang/Object;)I 11 15 0 java/lang/invoke/DirectMethodHandle$Holder getReference (Ljava/lang/Object;Ljava/lang/Object;)Ljava/lang/Object; 12 1 0 java/lang/invoke/DirectMethodHandle fieldOffset (Ljava/lang/Object;)J 12 6 0 java/lang/invoke/DirectMethodHandle checkBase (Ljava/lang/Object;)Ljava/lang/Object; 13 1 0 java/util/Objects requireNonNull (Ljava/lang/Object;)Ljava/lang/Object; 11 31 0 java/lang/invoke/DirectMethodHandle$Holder invokeStatic (Ljava/lang/Object;Ljava/lang/Object;)I 12 1 0 java/lang/invoke/DirectMethodHandle internalMemberName (Ljava/lang/Object;)Ljava/lang/Object; 12 10 0 java/util/Objects hashCode (Ljava/lang/Object;)I 10 50 0 java/lang/invoke/DirectMethodHandle$Holder invokeStatic (Ljava/lang/Object;II)I 11 1 0 java/lang/invoke/DirectMethodHandle internalMemberName (Ljava/lang/Object;)Ljava/lang/Object; 11 11 0 java/lang/runtime/ObjectMethods hashCombiner (II)I 6 9 0 java/util/HashMap putVal (ILjava/lang/Object;Ljava/lang/Object;ZZ)Ljava/lang/Object; 7 253 0 java/util/HashMap afterNodeAccess (Ljava/util/HashMap$Node;)V 7 295 0 java/util/HashMap afterNodeInsertion (Z)V 2 135 0 io/ballerina/types/subtypedata/BddNodeImpl atom ()Lio/ballerina/types/Atom; 2 135 0 io/ballerina/types/subtypedata/BddNodeSimple atom ()Lio/ballerina/types/Atom; 2 142 0 io/ballerina/types/subtypedata/BddNodeImpl left ()Lio/ballerina/types/Bdd; 2 142 0 io/ballerina/types/subtypedata/BddNodeSimple left ()Lio/ballerina/types/Bdd; 3 0 0 io/ballerina/types/subtypedata/BddAllOrNothing bddAll ()Lio/ballerina/types/subtypedata/BddAllOrNothing; 2 151 0 io/ballerina/types/subtypedata/BddNodeImpl middle ()Lio/ballerina/types/Bdd; 2 151 0 io/ballerina/types/subtypedata/BddNodeSimple middle ()Lio/ballerina/types/Bdd; 3 0 0 io/ballerina/types/subtypedata/BddAllOrNothing bddNothing ()Lio/ballerina/types/subtypedata/BddAllOrNothing; 2 161 0 io/ballerina/types/subtypedata/BddNodeImpl right ()Lio/ballerina/types/Bdd; 2 161 0 io/ballerina/types/subtypedata/BddNodeSimple right ()Lio/ballerina/types/Bdd; 3 0 0 io/ballerina/types/subtypedata/BddAllOrNothing bddNothing ()Lio/ballerina/types/subtypedata/BddAllOrNothing; 2 171 0 io/ballerina/types/subtypedata/BddNodeImpl atom ()Lio/ballerina/types/Atom; 2 171 0 io/ballerina/types/subtypedata/BddNodeSimple atom ()Lio/ballerina/types/Atom; 2 178 0 io/ballerina/types/subtypedata/BddNodeImpl left ()Lio/ballerina/types/Bdd; 2 178 0 io/ballerina/types/subtypedata/BddNodeSimple left ()Lio/ballerina/types/Bdd; 3 0 0 io/ballerina/types/subtypedata/BddAllOrNothing bddAll ()Lio/ballerina/types/subtypedata/BddAllOrNothing; 2 185 0 io/ballerina/types/subtypedata/BddNodeImpl left ()Lio/ballerina/types/Bdd; 2 185 0 io/ballerina/types/subtypedata/BddNodeSimple left ()Lio/ballerina/types/Bdd; 3 0 0 io/ballerina/types/subtypedata/BddAllOrNothing bddAll ()Lio/ballerina/types/subtypedata/BddAllOrNothing; 2 195 0 io/ballerina/types/subtypedata/BddNodeImpl middle ()Lio/ballerina/types/Bdd; 2 195 0 io/ballerina/types/subtypedata/BddNodeSimple middle ()Lio/ballerina/types/Bdd; 3 0 0 io/ballerina/types/subtypedata/BddAllOrNothing bddNothing ()Lio/ballerina/types/subtypedata/BddAllOrNothing; 2 202 0 io/ballerina/types/subtypedata/BddNodeImpl middle ()Lio/ballerina/types/Bdd; 2 202 0 io/ballerina/types/subtypedata/BddNodeSimple middle ()Lio/ballerina/types/Bdd; 3 0 0 io/ballerina/types/subtypedata/BddAllOrNothing bddNothing ()Lio/ballerina/types/subtypedata/BddAllOrNothing; 2 212 0 io/ballerina/types/subtypedata/BddNodeImpl right ()Lio/ballerina/types/Bdd; 2 212 0 io/ballerina/types/subtypedata/BddNodeSimple right ()Lio/ballerina/types/Bdd; 3 0 0 io/ballerina/types/subtypedata/BddAllOrNothing bddNothing ()Lio/ballerina/types/subtypedata/BddAllOrNothing; 2 219 0 io/ballerina/types/subtypedata/BddNodeImpl right ()Lio/ballerina/types/Bdd; 2 219 0 io/ballerina/types/subtypedata/BddNodeSimple right ()Lio/ballerina/types/Bdd; 3 0 0 io/ballerina/types/subtypedata/BddAllOrNothing bddNothing ()Lio/ballerina/types/subtypedata/BddAllOrNothing;
