version 2
JvmtiExport can_access_local_variables 0
JvmtiExport can_hotswap_or_post_breakpoint 0
JvmtiExport can_post_on_exceptions 0
# 373 ciObject found
instanceKlass sun/nio/ch/IOUtil
ciInstanceKlass sun/nio/ch/DirectBuffer 1 1 13 100 1 100 1 1 1 1 1 1 1 1 1
instanceKlass java/nio/DirectByteBuffer
ciInstanceKlass java/nio/MappedByteBuffer 1 1 162 10 7 12 1 1 1 9 7 12 1 1 1 9 12 1 1 100 1 10 12 1 9 12 1 1 10 12 1 1 9 12 1 1 10 12 1 1 10 7 12 1 1 1 10 12 1 1 10 100 12 1 1 1 10 12 1 1 10 100 12 1 1 1 10 12 1 10 12 1 1 10 12 1 10 12 1 1 10 12 1 10 12 1 10 12 1 10 12 1 10 12 1 1 10 12 10 12 10 12 10 12 10 12 10 12 1 10 12 10 12 1 10 12 1 10 12 10 12 1 1 1 1 1 1 1 1 1 1 1 1 1 1 1 1 1 1 100 1 1 1 1 100 1 1 1 1 1 1 1 1 1 1 1 1 1 1 1 1 100 1 1
staticfield java/nio/MappedByteBuffer SCOPED_MEMORY_ACCESS Ljdk/internal/misc/ScopedMemoryAccess; jdk/internal/misc/ScopedMemoryAccess
instanceKlass java/nio/DirectByteBufferR
ciInstanceKlass java/nio/DirectByteBuffer 1 1 566 9 7 12 1 1 1 9 12 1 1 10 7 12 1 1 1 10 7 12 1 1 1 10 7 12 1 1 1 10 7 12 1 1 1 10 12 1 1 9 12 1 1 10 7 12 1 1 1 100 1 10 12 1 10 12 1 1 9 12 1 1 7 1 10 12 1 10 7 12 1 1 1 100 1 10 12 1 1 10 12 1 10 12 1 1 100 1 100 1 10 12 1 8 1 10 12 1 1 10 12 1 8 1 10 12 1 1 10 12 1 100 1 5 0 8 1 7 1 9 11 7 12 1 1 1 10 12 1 10 12 1 9 12 1 1 100 1 10 10 12 1 1 10 12 1 9 12 1 1 10 12 1 10 100 12 1 1 1 10 12 1 10 12 1 7 1 10 10 12 1 1 10 100 12 1 1 1 10 12 1 100 1 8 1 10 10 12 1 9 12 1 1 10 12 1 10 12 1 1 10 7 12 1 1 1 10 7 12 1 1 1 10 12 1 1 10 12 1 10 12 1 1 10 12 1 1 10 12 1 10 12 10 12 1 9 12 1 10 12 1 1 10 12 10 12 1 1 10 12 1 10 12 1 1 10 12 10 12 1 1 9 12 1 5 0 100 1 10 12 1 100 1 10 9 12 1 100 1 10 12 1 100 1 10 10 12 1 1 10 12 1 1 10 12 1 1 10 12 1 1 100 1 10 100 1 10 100 1 10 100 1 10 10 12 1 1 10 12 1 10 12 1 1 10 12 1 1 5 0 100 1 10 100 1 10 7 1 10 100 1 10 10 12 1 1 10 12 1 10 12 1 1 10 12 1 1 5 0 100 1 10 100 1 10 7 1 10 100 1 10 10 100 12 1 1 1 10 12 1 1 10 12 1 1 10 12 1 1 100 1 10 100 1 10 100 1 10 100 1 10 10 100 12 1 1 1 10 12 1 10 12 1 1 10 12 1 1 100 1 10 100 1 10 100 1 10 100 1 10 10 12 1 1 10 12 1 10 12 1 1 10 12 10 7 12 1 1 10 12 1 1 1 1 1 1 1 1 1 1 1 1 1 1 1 1 1 1 1 1 1 1 1 1 1 1 1 1 1 1 1 1 1 1 100 1 100 1 100 1 1 1 1 1 1 1 1 1 1 1 1 1 1 1 1 1 1 1 1 1 1 1 1 1 1 1 100 1 1 1 1 1 1 1 1 100 1 1 1 1 1 100 1 1 1 1 1 100 1 1 1 1 1 1 1 100 1 1 1 1 1 1 1 1 100 1 1 1 1 1 1 1 1 1 1 1
staticfield java/nio/DirectByteBuffer UNALIGNED Z 1
staticfield java/nio/DirectByteBuffer $assertionsDisabled Z 1
ciInstanceKlass java/util/WeakHashMap$Entry 1 1 112 10 7 12 1 1 1 9 7 12 1 1 1 9 12 1 1 9 12 1 1 10 12 1 1 10 100 12 1 1 1 100 1 10 12 1 11 10 100 12 1 1 1 10 12 1 11 10 100 12 1 1 1 100 1 10 12 1 10 12 1 1 8 1 10 12 1 10 12 1 1 1 1 1 1 1 1 1 1 1 1 1 1 1 1 1 1 1 1 1 1 1 1 1 1 1 1 1 1 1 1 1 1 1 1 1 1 1 1 1 100 1
instanceKlass  @bci io/ballerina/projects/JBallerinaBackend copyJar (Lorg/apache/commons/compress/archivers/zip/ZipArchiveOutputStream;Lio/ballerina/projects/JarLibrary;Ljava/util/HashMap;Ljava/util/HashMap;)V 35 <appendix> member <vmtarget> ; # io/ballerina/projects/JBallerinaBackend$$Lambda+0x0000000100507738
instanceKlass  @cpi io/ballerina/projects/JBallerinaBackend 1631 form vmentry <vmtarget> ; # java/lang/invoke/LambdaForm$DMH+0x0000000100500800
instanceKlass org/apache/commons/compress/archivers/zip/ZipArchiveEntryPredicate
instanceKlass  @bci org/apache/commons/compress/archivers/zip/ZipFile lambda$fillNameMap$2 (Lorg/apache/commons/compress/archivers/zip/ZipArchiveEntry;)V 10 <appendix> argL0 ; # org/apache/commons/compress/archivers/zip/ZipFile$$Lambda+0x0000000100507318
instanceKlass  @bci org/apache/commons/compress/archivers/zip/ZipFile fillNameMap ()V 5 <appendix> member <vmtarget> ; # org/apache/commons/compress/archivers/zip/ZipFile$$Lambda+0x00000001005070f0
instanceKlass org/apache/commons/compress/archivers/zip/UnparseableExtraFieldData
instanceKlass org/apache/commons/compress/archivers/zip/ExtraFieldUtils$UnparseableExtraField
instanceKlass java/nio/BufferMismatch
instanceKlass  @bci org/apache/commons/io/IOUtils <clinit> ()V 53 <appendix> argL0 ; # org/apache/commons/io/IOUtils$$Lambda+0x0000000100505d38
instanceKlass  @bci org/apache/commons/io/IOUtils <clinit> ()V 36 <appendix> argL0 ; # org/apache/commons/io/IOUtils$$Lambda+0x0000000100505b28
instanceKlass org/apache/commons/io/IOUtils
instanceKlass org/apache/commons/compress/utils/IOUtils
instanceKlass org/apache/commons/io/build/AbstractSupplier
instanceKlass org/apache/commons/io/function/IOSupplier
instanceKlass org/apache/commons/compress/utils/MultiReadOnlySeekableByteChannel
instanceKlass  @bci java/util/Comparator thenComparing (Ljava/util/Comparator;)Ljava/util/Comparator; 7 <appendix> member <vmtarget> ; # java/util/Comparator$$Lambda+0x0000000100448688
instanceKlass  @cpi java/util/Comparator 251 form vmentry <vmtarget> ; # java/lang/invoke/LambdaForm$DMH+0x0000000100500400
instanceKlass  @bci org/apache/commons/compress/archivers/zip/ZipFile <clinit> ()V 41 <appendix> argL0 ; # org/apache/commons/compress/archivers/zip/ZipFile$$Lambda+0x00000001004fc730
instanceKlass  @bci java/util/Comparator comparingLong (Ljava/util/function/ToLongFunction;)Ljava/util/Comparator; 6 <appendix> member <vmtarget> ; # java/util/Comparator$$Lambda+0x00000001004483f8
instanceKlass  @bci org/apache/commons/compress/archivers/zip/ZipFile <clinit> ()V 33 <appendix> argL0 ; # org/apache/commons/compress/archivers/zip/ZipFile$$Lambda+0x00000001004fc520
instanceKlass  @cpi org/apache/commons/compress/archivers/zip/ZipFile 1252 form vmentry <vmtarget> ; # java/lang/invoke/LambdaForm$DMH+0x0000000100500000
instanceKlass java/util/function/ToLongFunction
instanceKlass org/apache/commons/compress/compressors/bzip2/BZip2Constants
instanceKlass org/apache/commons/compress/utils/InputStreamStatistics
instanceKlass org/apache/commons/compress/archivers/zip/ZipFile
instanceKlass  @bci io/ballerina/projects/JBallerinaBackend sortAndCopyJars (Ljava/util/Collection;Lorg/apache/commons/compress/archivers/zip/ZipArchiveOutputStream;Ljava/util/HashMap;Ljava/util/HashMap;)V 6 <appendix> argL0 ; # io/ballerina/projects/JBallerinaBackend$$Lambda+0x00000001004f8ea8
instanceKlass org/apache/commons/compress/archivers/zip/ZipArchiveOutputStream$EntryMetaData
instanceKlass  @bci org/apache/commons/compress/archivers/zip/ExtraFieldUtils <clinit> ()V 237 <appendix> argL0 ; # org/apache/commons/compress/archivers/zip/ExtraFieldUtils$$Lambda+0x00000001004f8498
instanceKlass org/apache/commons/compress/archivers/zip/ResourceAlignmentExtraField
instanceKlass  @bci org/apache/commons/compress/archivers/zip/ExtraFieldUtils <clinit> ()V 220 <appendix> argL0 ; # org/apache/commons/compress/archivers/zip/ExtraFieldUtils$$Lambda+0x00000001004f8000
instanceKlass  @bci org/apache/commons/compress/archivers/zip/ExtraFieldUtils <clinit> ()V 203 <appendix> argL0 ; # org/apache/commons/compress/archivers/zip/ExtraFieldUtils$$Lambda+0x00000001004f7a00
instanceKlass  @bci org/apache/commons/compress/archivers/zip/ExtraFieldUtils <clinit> ()V 186 <appendix> argL0 ; # org/apache/commons/compress/archivers/zip/ExtraFieldUtils$$Lambda+0x00000001004f7530
instanceKlass  @bci org/apache/commons/compress/archivers/zip/ExtraFieldUtils <clinit> ()V 169 <appendix> argL0 ; # org/apache/commons/compress/archivers/zip/ExtraFieldUtils$$Lambda+0x00000001004f7078
instanceKlass  @bci org/apache/commons/compress/archivers/zip/ExtraFieldUtils <clinit> ()V 152 <appendix> argL0 ; # org/apache/commons/compress/archivers/zip/ExtraFieldUtils$$Lambda+0x00000001004f6bc0
instanceKlass org/apache/commons/compress/archivers/zip/PKWareExtraHeader
instanceKlass  @bci org/apache/commons/compress/archivers/zip/ExtraFieldUtils <clinit> ()V 135 <appendix> argL0 ; # org/apache/commons/compress/archivers/zip/ExtraFieldUtils$$Lambda+0x00000001004f6490
instanceKlass  @bci org/apache/commons/compress/archivers/zip/ExtraFieldUtils <clinit> ()V 118 <appendix> argL0 ; # org/apache/commons/compress/archivers/zip/ExtraFieldUtils$$Lambda+0x00000001004f6280
instanceKlass org/apache/commons/compress/archivers/zip/Zip64ExtendedInformationExtraField
instanceKlass  @bci org/apache/commons/compress/archivers/zip/ExtraFieldUtils <clinit> ()V 101 <appendix> argL0 ; # org/apache/commons/compress/archivers/zip/ExtraFieldUtils$$Lambda+0x00000001004f5da8
instanceKlass  @bci org/apache/commons/compress/archivers/zip/ExtraFieldUtils <clinit> ()V 84 <appendix> argL0 ; # org/apache/commons/compress/archivers/zip/ExtraFieldUtils$$Lambda+0x00000001004f5b98
instanceKlass  @bci org/apache/commons/compress/archivers/zip/ExtraFieldUtils <clinit> ()V 67 <appendix> argL0 ; # org/apache/commons/compress/archivers/zip/ExtraFieldUtils$$Lambda+0x00000001004f5988
instanceKlass org/apache/commons/compress/archivers/zip/JarMarker
instanceKlass  @bci org/apache/commons/compress/archivers/zip/ExtraFieldUtils <clinit> ()V 50 <appendix> argL0 ; # org/apache/commons/compress/archivers/zip/ExtraFieldUtils$$Lambda+0x00000001004f5538
instanceKlass org/apache/commons/compress/archivers/zip/X7875_NewUnix
instanceKlass  @bci org/apache/commons/compress/archivers/zip/ExtraFieldUtils <clinit> ()V 33 <appendix> argL0 ; # org/apache/commons/compress/archivers/zip/ExtraFieldUtils$$Lambda+0x00000001004f5088
instanceKlass  @bci org/apache/commons/compress/archivers/zip/ExtraFieldUtils <clinit> ()V 16 <appendix> argL0 ; # org/apache/commons/compress/archivers/zip/ExtraFieldUtils$$Lambda+0x00000001004f4e78
instanceKlass org/apache/commons/compress/archivers/zip/AsiExtraField
instanceKlass org/apache/commons/compress/archivers/zip/UnixStat
instanceKlass org/apache/commons/compress/archivers/zip/ExtraFieldUtils
instanceKlass org/apache/commons/compress/archivers/zip/X000A_NTFS
instanceKlass org/apache/commons/compress/archivers/zip/ZipShort
instanceKlass org/apache/commons/compress/archivers/zip/X5455_ExtendedTimestamp
instanceKlass  @bci sun/util/locale/provider/LocaleProviderAdapter toLocaleArray (Ljava/util/Set;)[Ljava/util/Locale; 16 <appendix> argL0 ; # sun/util/locale/provider/LocaleProviderAdapter$$Lambda+0x00000001004476a0
instanceKlass  @bci sun/util/locale/provider/LocaleProviderAdapter toLocaleArray (Ljava/util/Set;)[Ljava/util/Locale; 6 <appendix> argL0 ; # sun/util/locale/provider/LocaleProviderAdapter$$Lambda+0x0000000100447288
instanceKlass  @bci sun/util/cldr/CLDRLocaleProviderAdapter getCalendarDataProvider ()Ljava/util/spi/CalendarDataProvider; 8 <appendix> member <vmtarget> ; # sun/util/cldr/CLDRLocaleProviderAdapter$$Lambda+0x0000000100446bf0
instanceKlass sun/util/locale/provider/CalendarDataUtility$CalendarWeekParameterGetter
instanceKlass sun/util/locale/provider/LocaleServiceProviderPool$LocalizedObjectGetter
instanceKlass sun/util/locale/provider/LocaleServiceProviderPool
instanceKlass java/util/Calendar$Builder
instanceKlass  @bci sun/util/locale/provider/JRELocaleProviderAdapter getCalendarProvider ()Lsun/util/spi/CalendarProvider; 8 <appendix> member <vmtarget> ; # sun/util/locale/provider/JRELocaleProviderAdapter$$Lambda+0x0000000100444c08
instanceKlass org/apache/commons/compress/archivers/zip/AbstractUnicodeExtraField
instanceKlass org/apache/commons/compress/archivers/zip/ZipUtil
instanceKlass org/apache/commons/compress/archivers/zip/ZipArchiveOutputStream$CurrentEntry
instanceKlass org/apache/commons/compress/archivers/zip/GeneralPurposeBit
instanceKlass org/apache/commons/compress/archivers/zip/ExtraFieldParsingBehavior
instanceKlass org/apache/commons/compress/archivers/zip/UnparseableExtraFieldBehavior
instanceKlass org/apache/commons/compress/archivers/zip/StreamCompressor
instanceKlass org/apache/commons/compress/archivers/zip/ZipArchiveOutputStream$UnicodeExtraFieldPolicy
instanceKlass org/apache/commons/io/Charsets
instanceKlass org/apache/commons/compress/archivers/zip/NioZipEncoding
instanceKlass org/apache/commons/compress/archivers/zip/CharsetAccessor
instanceKlass org/apache/commons/compress/archivers/zip/ZipEncoding
instanceKlass org/apache/commons/compress/archivers/zip/ZipEncodingHelper
instanceKlass org/apache/commons/compress/utils/ByteUtils
instanceKlass org/apache/commons/compress/archivers/zip/ZipLong
instanceKlass org/apache/commons/compress/archivers/zip/ZipExtraField
instanceKlass  @bci io/ballerina/projects/JarResolver getJarFilePathsRequiredForExecution ()Ljava/util/Collection; 154 <appendix> member <vmtarget> ; # io/ballerina/projects/JarResolver$$Lambda+0x00000001004ef020
instanceKlass  @bci io/ballerina/projects/JBallerinaBackend codeGeneratedResourcesLibrary (Lio/ballerina/projects/PackageId;Lio/ballerina/projects/PlatformLibraryScope;)Lio/ballerina/projects/PlatformLibrary; 39 <appendix> member <vmtarget> ; # io/ballerina/projects/JBallerinaBackend$$Lambda+0x00000001004eede8
instanceKlass org/apache/maven/artifact/versioning/ComparableVersion$StringItem
instanceKlass org/apache/maven/artifact/versioning/ComparableVersion$IntItem
instanceKlass org/apache/maven/artifact/versioning/ComparableVersion$Item
instanceKlass org/apache/maven/artifact/versioning/ComparableVersion
instanceKlass  @bci io/ballerina/projects/JarResolver addPlatformLibraryPaths (Lio/ballerina/projects/PackageContext;Lio/ballerina/projects/PlatformLibraryScope;Ljava/util/Set;Z)V 149 <appendix> member <vmtarget> ; # io/ballerina/projects/JarResolver$$Lambda+0x00000001004edc78
instanceKlass  @bci io/ballerina/projects/JarResolver getJarFilePathsRequiredForExecution ()Ljava/util/Collection; 88 <appendix> member <vmtarget> ; # io/ballerina/projects/JarResolver$$Lambda+0x00000001004eda50
instanceKlass  @bci io/ballerina/projects/JarResolver getJarFilePathsRequiredForExecution ()Ljava/util/Collection; 76 <appendix> argL0 ; # io/ballerina/projects/JarResolver$$Lambda+0x00000001004ed820
instanceKlass  @bci io/ballerina/projects/JarResolver getJarFilePathsRequiredForExecution ()Ljava/util/Collection; 66 <appendix> argL0 ; # io/ballerina/projects/JarResolver$$Lambda+0x00000001004ed5e0
instanceKlass  @bci io/ballerina/projects/JarResolver getJarFilePathsRequiredForExecution ()Ljava/util/Collection; 56 <appendix> argL0 ; # io/ballerina/projects/JarResolver$$Lambda+0x00000001004ed3a0
instanceKlass sun/security/util/ManifestEntryVerifier
instanceKlass java/util/jar/JarVerifier
instanceKlass  @bci io/ballerina/projects/JBallerinaBackend codeGeneratedLibrary (Lio/ballerina/projects/PackageId;Lio/ballerina/projects/ModuleName;Lio/ballerina/projects/PlatformLibraryScope;Ljava/lang/String;)Lio/ballerina/projects/PlatformLibrary; 74 <appendix> member <vmtarget> ; # io/ballerina/projects/JBallerinaBackend$$Lambda+0x00000001004ed188
instanceKlass  @bci io/ballerina/projects/util/ProjectUtils getDependenciesTomlContent (Ljava/util/List;Ljava/util/List;)Ljava/lang/String; 75 <appendix> member <vmtarget> ; # io/ballerina/projects/util/ProjectUtils$$Lambda+0x00000001004ecb40
instanceKlass  @bci io/ballerina/projects/util/ProjectUtils getDependenciesTomlContent (Ljava/util/List;Ljava/util/List;)Ljava/lang/String; 63 <appendix> member <vmtarget> ; # io/ballerina/projects/util/ProjectUtils$$Lambda+0x00000001004ec918
instanceKlass  @bci io/ballerina/projects/directory/BuildProject getPackageDependencies ()Ljava/util/List; 438 <appendix> argL0 ; # io/ballerina/projects/directory/BuildProject$$Lambda+0x00000001004ec6e8
instanceKlass  @bci io/ballerina/projects/directory/BuildProject getTransitiveDependencies (Lio/ballerina/projects/DependencyGraph;Lio/ballerina/projects/ResolvedPackageDependency;)Ljava/util/List; 98 <appendix> argL0 ; # io/ballerina/projects/directory/BuildProject$$Lambda+0x00000001004ec460
instanceKlass  @bci io/ballerina/projects/directory/BuildProject getPackageDependencies ()Ljava/util/List; 195 <appendix> argL0 ; # io/ballerina/projects/directory/BuildProject$$Lambda+0x00000001004ec230
instanceKlass  @bci io/ballerina/projects/directory/BuildProject writeDependencies ()V 15 <appendix> argL0 ; # io/ballerina/projects/directory/BuildProject$$Lambda+0x00000001004ec000
instanceKlass io/ballerina/projects/internal/model/ToolDependency
instanceKlass  @bci io/ballerina/projects/directory/BuildProject writeDependencies ()V 9 <appendix> argL0 ; # io/ballerina/projects/directory/BuildProject$$Lambda+0x00000001004e79c0
instanceKlass io/ballerina/projects/BuildToolResolution
instanceKlass  @bci io/ballerina/tools/text/LinePosition toString ()Ljava/lang/String; 8 <appendix> form vmentry <vmtarget> ; # java/lang/invoke/LambdaForm$MH+0x00000001004eb400
instanceKlass  @bci io/ballerina/tools/text/LinePosition toString ()Ljava/lang/String; 8 <appendix> argL3 form vmentry <vmtarget> ; # java/lang/invoke/LambdaForm$MH+0x00000001004eb000
# instanceKlass java/lang/invoke/LambdaForm$MH+0x00000001004eac00
# instanceKlass java/lang/invoke/LambdaForm$MH+0x00000001004ea800
# instanceKlass java/lang/invoke/LambdaForm$MH+0x00000001004ea400
# instanceKlass java/lang/invoke/LambdaForm$MH+0x00000001004ea000
instanceKlass  @bci io/ballerina/tools/text/LinePosition toString ()Ljava/lang/String; 8 <appendix> argL1 form vmentry <vmtarget> ; # java/lang/invoke/LambdaForm$MH+0x00000001004e9c00
# instanceKlass java/lang/invoke/LambdaForm$MH+0x00000001004e9800
# instanceKlass java/lang/invoke/LambdaForm$MH+0x00000001004e9400
# instanceKlass java/lang/invoke/LambdaForm$MH+0x00000001004e9000
instanceKlass io/ballerina/projects/internal/PackageDiagnostic$NullLocation
instanceKlass  @bci io/ballerina/cli/task/CompileTask execute (Lio/ballerina/projects/Project;)V 863 <appendix> member <vmtarget> ; # io/ballerina/cli/task/CompileTask$$Lambda+0x00000001004e6f10
instanceKlass  @bci io/ballerina/projects/Diagnostics excludeInternal (Ljava/util/Collection;)Ljava/util/Collection; 1 <appendix> argL0 ; # io/ballerina/projects/Diagnostics$$Lambda+0x00000001004e6cd0
instanceKlass  @bci io/ballerina/projects/util/ProjectUtils getAllGeneratedResources (Ljava/nio/file/Path;)Ljava/util/Map; 20 <appendix> argL0 ; # io/ballerina/projects/util/ProjectUtils$$Lambda+0x00000001004e6ac0
instanceKlass  @bci io/ballerina/projects/JBallerinaBackend cacheResources (Lio/ballerina/projects/CompilationCache;Z)V 72 <appendix> member <vmtarget> ; # io/ballerina/projects/JBallerinaBackend$$Lambda+0x00000001004e6898
instanceKlass  @bci io/ballerina/projects/JBallerinaBackend cacheResources (Lio/ballerina/projects/CompilationCache;Z)V 58 <appendix> argL0 ; # io/ballerina/projects/JBallerinaBackend$$Lambda+0x00000001004e6668
instanceKlass  @bci io/ballerina/projects/JBallerinaBackend cacheResources (Lio/ballerina/projects/CompilationCache;Z)V 48 <appendix> argL0 ; # io/ballerina/projects/JBallerinaBackend$$Lambda+0x00000001004e6428
instanceKlass  @bci io/ballerina/projects/JBallerinaBackend cacheResources (Lio/ballerina/projects/CompilationCache;Z)V 38 <appendix> argL0 ; # io/ballerina/projects/JBallerinaBackend$$Lambda+0x00000001004e61e8
instanceKlass  @bci io/ballerina/projects/PackageResolution allDependencies ()Ljava/util/Collection; 26 <appendix> member <vmtarget> ; # io/ballerina/projects/PackageResolution$$Lambda+0x00000001004e5fa0
instanceKlass org/apache/commons/io/file/DeleteOption
instanceKlass org/apache/commons/io/file/PathUtils
instanceKlass java/nio/file/Path$1
instanceKlass org/wso2/ballerinalang/compiler/bir/codegen/methodgen/LambdaGen$1
instanceKlass org/wso2/ballerinalang/compiler/bir/codegen/methodgen/LambdaGen$LambdaDetails
instanceKlass  @bci org/wso2/ballerinalang/compiler/bir/codegen/split/constants/JvmModuleConstantsGen generateConstantInit (Lorg/wso2/ballerinalang/compiler/bir/codegen/JarEntries;)V 37 <appendix> member <vmtarget> ; # org/wso2/ballerinalang/compiler/bir/codegen/split/constants/JvmModuleConstantsGen$$Lambda+0x00000001004e4fe0
instanceKlass  @bci org/wso2/ballerinalang/compiler/bir/codegen/split/constants/JvmFunctionTypeConstantsGen generateClass (Lorg/wso2/ballerinalang/compiler/bir/codegen/JarEntries;)V 85 <appendix> member <vmtarget> ; # org/wso2/ballerinalang/compiler/bir/codegen/split/constants/JvmFunctionTypeConstantsGen$$Lambda+0x00000001004e4db8
instanceKlass org/wso2/ballerinalang/compiler/bir/codegen/split/JvmCreateTypeGen$AnonTypeHashInfo
instanceKlass org/wso2/ballerinalang/compiler/bir/codegen/methodgen/ModuleStopMethodGen
instanceKlass org/wso2/ballerinalang/compiler/bir/codegen/methodgen/MainMethodGen
instanceKlass  @bci org/wso2/ballerinalang/compiler/bir/codegen/JvmPackageGen generateModuleClasses (Lorg/wso2/ballerinalang/compiler/bir/model/BIRNode$BIRPackage;Lorg/wso2/ballerinalang/compiler/bir/codegen/JarEntries;Ljava/lang/String;Ljava/lang/String;Lorg/wso2/ballerinalang/compiler/bir/codegen/JvmTypeGen;Lorg/wso2/ballerinalang/compiler/bir/codegen/JvmCastGen;Lorg/wso2/ballerinalang/compiler/bir/codegen/split/JvmConstantsGen;Ljava/util/Map;ZLorg/wso2/ballerinalang/compiler/bir/model/BIRNode$BIRFunction;Lorg/wso2/ballerinalang/compiler/bir/model/BIRNode$BIRFunction;Lorg/wso2/ballerinalang/compiler/bir/codegen/internal/AsyncDataCollector;Ljava/util/Set;)V 24 <adapter> ; # java/lang/invoke/LambdaForm$MH+0x00000001004e8c00
# instanceKlass java/lang/invoke/LambdaForm$DMH+0x00000001004e8800
instanceKlass  @bci org/wso2/ballerinalang/compiler/bir/codegen/JvmPackageGen generateModuleClasses (Lorg/wso2/ballerinalang/compiler/bir/model/BIRNode$BIRPackage;Lorg/wso2/ballerinalang/compiler/bir/codegen/JarEntries;Ljava/lang/String;Ljava/lang/String;Lorg/wso2/ballerinalang/compiler/bir/codegen/JvmTypeGen;Lorg/wso2/ballerinalang/compiler/bir/codegen/JvmCastGen;Lorg/wso2/ballerinalang/compiler/bir/codegen/split/JvmConstantsGen;Ljava/util/Map;ZLorg/wso2/ballerinalang/compiler/bir/model/BIRNode$BIRFunction;Lorg/wso2/ballerinalang/compiler/bir/model/BIRNode$BIRFunction;Lorg/wso2/ballerinalang/compiler/bir/codegen/internal/AsyncDataCollector;Ljava/util/Set;)V 24 <appendix> form vmentry <vmtarget> ; # java/lang/invoke/LambdaForm$DMH+0x00000001004e8400
instanceKlass  @bci org/wso2/ballerinalang/compiler/bir/codegen/JvmPackageGen generateModuleClasses (Lorg/wso2/ballerinalang/compiler/bir/model/BIRNode$BIRPackage;Lorg/wso2/ballerinalang/compiler/bir/codegen/JarEntries;Ljava/lang/String;Ljava/lang/String;Lorg/wso2/ballerinalang/compiler/bir/codegen/JvmTypeGen;Lorg/wso2/ballerinalang/compiler/bir/codegen/JvmCastGen;Lorg/wso2/ballerinalang/compiler/bir/codegen/split/JvmConstantsGen;Ljava/util/Map;ZLorg/wso2/ballerinalang/compiler/bir/model/BIRNode$BIRFunction;Lorg/wso2/ballerinalang/compiler/bir/model/BIRNode$BIRFunction;Lorg/wso2/ballerinalang/compiler/bir/codegen/internal/AsyncDataCollector;Ljava/util/Set;)V 24 <appendix> member <vmtarget> ; # org/wso2/ballerinalang/compiler/bir/codegen/JvmPackageGen$$Lambda+0x00000001004e4580
instanceKlass  @cpi org/wso2/ballerinalang/compiler/bir/codegen/JvmPackageGen 1248 form vmentry <vmtarget> ; # java/lang/invoke/LambdaForm$DMH+0x00000001004e8000
instanceKlass io/ballerina/runtime/api/values/BObject
instanceKlass  @bci org/wso2/ballerinalang/compiler/bir/codegen/JvmTerminatorGen genAsyncCallTerm (Lorg/wso2/ballerinalang/compiler/bir/model/BIRTerminator$AsyncCall;IZI)V 352 <appendix> member <vmtarget> ; # org/wso2/ballerinalang/compiler/bir/codegen/JvmTerminatorGen$$Lambda+0x00000001004e4178
instanceKlass io/ballerina/runtime/internal/values/TypedescValueImpl
instanceKlass io/ballerina/runtime/internal/values/TypedescValue
instanceKlass io/ballerina/runtime/api/values/BTypedesc
instanceKlass  @bci org/wso2/ballerinalang/compiler/semantics/analyzer/TypeHashVisitor getFunctionsHashes (Ljava/util/List;)Ljava/util/List; 59 <appendix> argL0 ; # org/wso2/ballerinalang/compiler/semantics/analyzer/TypeHashVisitor$$Lambda+0x00000001004e3718
instanceKlass io/ballerina/runtime/internal/values/AbstractArrayValue
instanceKlass io/ballerina/runtime/internal/values/ArrayValue
instanceKlass io/ballerina/runtime/api/values/BArray
instanceKlass io/ballerina/runtime/internal/values/RecursiveValue
instanceKlass org/wso2/ballerinalang/compiler/bir/codegen/TypeNamePair
instanceKlass org/wso2/ballerinalang/compiler/semantics/model/types/TypeFlags
instanceKlass io/ballerina/runtime/internal/values/MapValue
instanceKlass io/ballerina/runtime/api/values/BMap
instanceKlass io/ballerina/runtime/internal/values/CollectionValue
instanceKlass io/ballerina/runtime/api/values/BCollection
instanceKlass io/ballerina/runtime/internal/values/RefValue
instanceKlass io/ballerina/runtime/api/values/BRefValue
instanceKlass io/ballerina/runtime/internal/values/SimpleValue
instanceKlass io/ballerina/runtime/api/values/BValue
instanceKlass  @bci org/wso2/ballerinalang/compiler/semantics/analyzer/TypeHashVisitor getTypesHashes (Ljava/util/Collection;)Ljava/util/List; 56 <appendix> argL0 ; # org/wso2/ballerinalang/compiler/semantics/analyzer/TypeHashVisitor$$Lambda+0x00000001004dbce0
instanceKlass  @bci org/wso2/ballerinalang/compiler/semantics/analyzer/TypeHashVisitor getFieldsHashes (Ljava/util/Map;)Ljava/util/List; 114 <appendix> argL0 ; # org/wso2/ballerinalang/compiler/semantics/analyzer/TypeHashVisitor$$Lambda+0x00000001004dbad0
instanceKlass  @bci org/wso2/ballerinalang/compiler/bir/codegen/split/constants/JvmModuleConstantsGen addModule (Lorg/ballerinalang/model/elements/PackageID;)Ljava/lang/String; 6 <appendix> member <vmtarget> ; # org/wso2/ballerinalang/compiler/bir/codegen/split/constants/JvmModuleConstantsGen$$Lambda+0x00000001004db898
instanceKlass org/objectweb/asm/Handle
instanceKlass org/wso2/ballerinalang/compiler/bir/codegen/internal/LambdaFunction
instanceKlass org/wso2/ballerinalang/compiler/bir/codegen/internal/LambdaClass
instanceKlass org/wso2/ballerinalang/compiler/bir/codegen/JvmTerminatorGen$1
instanceKlass org/wso2/ballerinalang/compiler/bir/codegen/JvmInstructionGen$1
instanceKlass  @bci org/wso2/ballerinalang/compiler/bir/codegen/JvmCodeGenUtil getLastScopeFromBBInsGen (Lorg/objectweb/asm/MethodVisitor;Lorg/wso2/ballerinalang/compiler/bir/codegen/internal/LabelGenerator;Lorg/wso2/ballerinalang/compiler/bir/codegen/JvmInstructionGen;ILjava/lang/String;Lorg/wso2/ballerinalang/compiler/bir/model/BIRNode$BIRBasicBlock;Ljava/util/Set;Lorg/wso2/ballerinalang/compiler/bir/model/BirScope;)Lorg/wso2/ballerinalang/compiler/bir/model/BirScope; 35 <appendix> form vmentry <vmtarget> ; # java/lang/invoke/LambdaForm$MH+0x00000001004df400
# instanceKlass java/lang/invoke/LambdaForm$MH+0x00000001004df000
instanceKlass  @bci org/wso2/ballerinalang/compiler/bir/codegen/JvmCodeGenUtil getLastScopeFromBBInsGen (Lorg/objectweb/asm/MethodVisitor;Lorg/wso2/ballerinalang/compiler/bir/codegen/internal/LabelGenerator;Lorg/wso2/ballerinalang/compiler/bir/codegen/JvmInstructionGen;ILjava/lang/String;Lorg/wso2/ballerinalang/compiler/bir/model/BIRNode$BIRBasicBlock;Ljava/util/Set;Lorg/wso2/ballerinalang/compiler/bir/model/BirScope;)Lorg/wso2/ballerinalang/compiler/bir/model/BirScope; 35 <appendix> form names 8 function resolvedHandle form vmentry <vmtarget> ; # java/lang/invoke/LambdaForm$DMH+0x00000001004dec00
instanceKlass  @bci org/wso2/ballerinalang/compiler/bir/codegen/JvmCodeGenUtil getLastScopeFromBBInsGen (Lorg/objectweb/asm/MethodVisitor;Lorg/wso2/ballerinalang/compiler/bir/codegen/internal/LabelGenerator;Lorg/wso2/ballerinalang/compiler/bir/codegen/JvmInstructionGen;ILjava/lang/String;Lorg/wso2/ballerinalang/compiler/bir/model/BIRNode$BIRBasicBlock;Ljava/util/Set;Lorg/wso2/ballerinalang/compiler/bir/model/BirScope;)Lorg/wso2/ballerinalang/compiler/bir/model/BirScope; 35 <appendix> argL3 form vmentry <vmtarget> ; # java/lang/invoke/LambdaForm$MH+0x00000001004de800
# instanceKlass java/lang/invoke/LambdaForm$MH+0x00000001004de400
# instanceKlass java/lang/invoke/LambdaForm$MH+0x00000001004de000
# instanceKlass java/lang/invoke/LambdaForm$MH+0x00000001004ddc00
# instanceKlass java/lang/invoke/LambdaForm$MH+0x00000001004dd800
instanceKlass  @bci org/wso2/ballerinalang/compiler/bir/codegen/JvmCodeGenUtil getLastScopeFromBBInsGen (Lorg/objectweb/asm/MethodVisitor;Lorg/wso2/ballerinalang/compiler/bir/codegen/internal/LabelGenerator;Lorg/wso2/ballerinalang/compiler/bir/codegen/JvmInstructionGen;ILjava/lang/String;Lorg/wso2/ballerinalang/compiler/bir/model/BIRNode$BIRBasicBlock;Ljava/util/Set;Lorg/wso2/ballerinalang/compiler/bir/model/BirScope;)Lorg/wso2/ballerinalang/compiler/bir/model/BirScope; 35 <appendix> form names 12 function resolvedHandle form vmentry <vmtarget> ; # java/lang/invoke/LambdaForm$DMH+0x00000001004dd400
instanceKlass  @bci org/wso2/ballerinalang/compiler/bir/codegen/JvmCodeGenUtil getLastScopeFromBBInsGen (Lorg/objectweb/asm/MethodVisitor;Lorg/wso2/ballerinalang/compiler/bir/codegen/internal/LabelGenerator;Lorg/wso2/ballerinalang/compiler/bir/codegen/JvmInstructionGen;ILjava/lang/String;Lorg/wso2/ballerinalang/compiler/bir/model/BIRNode$BIRBasicBlock;Ljava/util/Set;Lorg/wso2/ballerinalang/compiler/bir/model/BirScope;)Lorg/wso2/ballerinalang/compiler/bir/model/BirScope; 35 <appendix> argL1 form vmentry <vmtarget> ; # java/lang/invoke/LambdaForm$MH+0x00000001004dd000
# instanceKlass java/lang/invoke/LambdaForm$MH+0x00000001004dcc00
# instanceKlass java/lang/invoke/LambdaForm$MH+0x00000001004dc800
# instanceKlass java/lang/invoke/LambdaForm$MH+0x00000001004dc400
instanceKlass org/wso2/ballerinalang/compiler/bir/codegen/JvmTerminatorGen
instanceKlass org/wso2/ballerinalang/compiler/bir/codegen/JvmErrorGen
instanceKlass org/wso2/ballerinalang/compiler/bir/codegen/JvmTypeTestGen
instanceKlass org/wso2/ballerinalang/compiler/bir/codegen/internal/LabelGenerator
instanceKlass org/wso2/ballerinalang/compiler/bir/codegen/internal/FunctionParamComparator$1
instanceKlass org/wso2/ballerinalang/compiler/bir/codegen/internal/FunctionParamComparator
instanceKlass org/wso2/ballerinalang/compiler/bir/codegen/internal/BIRVarToJVMIndexMap
instanceKlass  @bci org/wso2/ballerinalang/compiler/bir/codegen/JvmValueGen generateValueClasses (Lorg/wso2/ballerinalang/compiler/bir/codegen/JarEntries;Lorg/wso2/ballerinalang/compiler/bir/codegen/split/JvmConstantsGen;Lorg/wso2/ballerinalang/compiler/bir/codegen/JvmTypeGen;Lorg/wso2/ballerinalang/compiler/bir/codegen/internal/AsyncDataCollector;)V 27 <appendix> member <vmtarget> ; # org/wso2/ballerinalang/compiler/bir/codegen/JvmValueGen$$Lambda+0x00000001004d9bc0
instanceKlass  @cpi org/wso2/ballerinalang/compiler/bir/codegen/JvmValueGen 661 form vmentry <vmtarget> ; # java/lang/invoke/LambdaForm$DMH+0x00000001004dc000
instanceKlass org/wso2/ballerinalang/compiler/bir/codegen/methodgen/LambdaGen
instanceKlass org/wso2/ballerinalang/compiler/bir/codegen/JvmCastGen
instanceKlass org/wso2/ballerinalang/compiler/bir/codegen/split/values/JvmObjectGen
instanceKlass org/wso2/ballerinalang/compiler/bir/codegen/internal/FieldNameHashComparator
instanceKlass org/wso2/ballerinalang/compiler/bir/codegen/split/values/JvmRecordGen
instanceKlass  @bci org/wso2/ballerinalang/compiler/bir/codegen/JvmPackageGen removeSourceAnnotationTypeDefs (Ljava/util/List;)V 1 <appendix> argL0 ; # org/wso2/ballerinalang/compiler/bir/codegen/JvmPackageGen$$Lambda+0x00000001004d8e48
instanceKlass org/wso2/ballerinalang/compiler/bir/codegen/ShutDownListenerGen
instanceKlass org/objectweb/asm/Handler
instanceKlass org/objectweb/asm/Attribute
instanceKlass org/objectweb/asm/Edge
instanceKlass org/wso2/ballerinalang/compiler/bir/codegen/split/creators/JvmFunctionCallsCreatorsGen
instanceKlass org/wso2/ballerinalang/compiler/bir/codegen/split/creators/JvmErrorCreatorGen
instanceKlass org/wso2/ballerinalang/compiler/bir/codegen/split/creators/JvmObjectCreatorGen
instanceKlass org/wso2/ballerinalang/compiler/bir/codegen/split/creators/JvmRecordCreatorGen
instanceKlass org/wso2/ballerinalang/compiler/bir/codegen/split/JvmValueCreatorGen
instanceKlass org/wso2/ballerinalang/compiler/bir/codegen/split/JvmAnnotationsGen
instanceKlass org/wso2/ballerinalang/compiler/bir/codegen/internal/TypeDefHashComparator
instanceKlass org/wso2/ballerinalang/compiler/bir/codegen/split/types/JvmRefTypeGen
instanceKlass org/wso2/ballerinalang/compiler/bir/codegen/split/types/JvmArrayTypeGen
instanceKlass org/wso2/ballerinalang/compiler/bir/codegen/split/types/JvmTupleTypeGen
instanceKlass org/wso2/ballerinalang/compiler/bir/codegen/split/types/JvmUnionTypeGen
instanceKlass org/wso2/ballerinalang/compiler/bir/codegen/split/types/JvmErrorTypeGen
instanceKlass org/wso2/ballerinalang/compiler/bir/codegen/split/types/JvmObjectTypeGen
instanceKlass org/wso2/ballerinalang/compiler/bir/codegen/split/types/JvmRecordTypeGen
instanceKlass org/wso2/ballerinalang/compiler/bir/codegen/split/JvmCreateTypeGen
instanceKlass org/wso2/ballerinalang/compiler/bir/codegen/split/JvmMethodsSplitter
instanceKlass org/wso2/ballerinalang/compiler/bir/codegen/JvmTypeGen
instanceKlass org/wso2/ballerinalang/compiler/bir/codegen/split/constants/JvmRefTypeConstantsGen
instanceKlass org/wso2/ballerinalang/compiler/bir/codegen/split/constants/JvmArrayTypeConstantsGen
instanceKlass org/wso2/ballerinalang/compiler/bir/codegen/split/constants/JvmTupleTypeConstantsGen
instanceKlass org/wso2/ballerinalang/compiler/bir/codegen/split/constants/JvmErrorTypeConstantsGen
instanceKlass org/objectweb/asm/Label
instanceKlass org/objectweb/asm/Type
instanceKlass org/objectweb/asm/Frame
instanceKlass org/wso2/ballerinalang/compiler/bir/codegen/split/constants/JvmConstantGenCommons
instanceKlass org/objectweb/asm/ByteVector
instanceKlass org/objectweb/asm/Symbol
instanceKlass org/objectweb/asm/SymbolTable
instanceKlass org/objectweb/asm/ModuleVisitor
instanceKlass org/objectweb/asm/AnnotationVisitor
instanceKlass org/objectweb/asm/RecordComponentVisitor
instanceKlass org/objectweb/asm/MethodVisitor
instanceKlass org/objectweb/asm/FieldVisitor
instanceKlass org/wso2/ballerinalang/compiler/bir/codegen/split/constants/JvmUnionTypeConstantsGen
instanceKlass org/wso2/ballerinalang/compiler/bir/codegen/split/constants/JvmBallerinaConstantsGen
instanceKlass org/wso2/ballerinalang/compiler/bir/codegen/split/constants/JvmFunctionTypeConstantsGen
instanceKlass org/wso2/ballerinalang/compiler/bir/codegen/split/constants/JvmModuleConstantsGen
instanceKlass org/wso2/ballerinalang/compiler/bir/codegen/split/constants/JvmBStringConstantsGen
instanceKlass org/wso2/ballerinalang/compiler/bir/codegen/internal/BTypeHashComparator
instanceKlass org/wso2/ballerinalang/compiler/bir/codegen/split/JvmConstantsGen
instanceKlass org/wso2/ballerinalang/compiler/bir/codegen/internal/AsyncDataCollector
instanceKlass org/wso2/ballerinalang/compiler/semantics/model/UniqueTypeVisitor
instanceKlass org/wso2/ballerinalang/compiler/bir/codegen/interop/ExternalMethodGen
instanceKlass java/util/zip/ZipOutputStream$XEntry
instanceKlass java/time/zone/Ser
instanceKlass java/time/zone/ZoneRulesProvider$1
instanceKlass java/time/zone/ZoneRulesProvider
instanceKlass java/util/zip/Deflater$DeflaterZStreamRef
instanceKlass java/util/zip/Deflater
instanceKlass org/wso2/ballerinalang/compiler/bir/codegen/JarEntries
instanceKlass org/wso2/ballerinalang/compiler/bir/codegen/CompiledJarFile
instanceKlass org/wso2/ballerinalang/compiler/bir/codegen/JvmValueGen
instanceKlass org/wso2/ballerinalang/compiler/bir/codegen/methodgen/MethodGenUtils
instanceKlass org/wso2/ballerinalang/compiler/bir/codegen/internal/JavaClass
instanceKlass org/wso2/ballerinalang/compiler/bir/codegen/JvmDesugarPhase
instanceKlass org/wso2/ballerinalang/compiler/bir/codegen/JvmInstructionGen
instanceKlass org/wso2/ballerinalang/compiler/bir/codegen/methodgen/ConfigMethodGen
instanceKlass org/wso2/ballerinalang/compiler/bir/codegen/methodgen/InitMethodGen
instanceKlass org/wso2/ballerinalang/compiler/bir/codegen/methodgen/MethodGen
instanceKlass org/objectweb/asm/ClassVisitor
instanceKlass org/wso2/ballerinalang/compiler/bir/codegen/JvmPackageGen
instanceKlass  @bci org/wso2/ballerinalang/compiler/bir/codegen/JvmObservabilityGen populatePredecessorMap (Ljava/util/List;)V 88 <appendix> argL0 ; # org/wso2/ballerinalang/compiler/bir/codegen/JvmObservabilityGen$$Lambda+0x00000001004cda60
instanceKlass  @bci org/wso2/ballerinalang/compiler/bir/codegen/JvmObservabilityGen populatePredecessorMap (Ljava/util/List;)V 40 <appendix> argL0 ; # org/wso2/ballerinalang/compiler/bir/codegen/JvmObservabilityGen$$Lambda+0x00000001004cd830
instanceKlass  @bci org/wso2/ballerinalang/compiler/bir/codegen/JvmObservabilityGen generateGlobalConstantOperand (Lorg/wso2/ballerinalang/compiler/bir/model/BIRNode$BIRPackage;Lorg/wso2/ballerinalang/compiler/semantics/model/types/BType;Ljava/lang/Object;)Lorg/wso2/ballerinalang/compiler/bir/model/BIROperand; 8 <appendix> member <vmtarget> ; # org/wso2/ballerinalang/compiler/bir/codegen/JvmObservabilityGen$$Lambda+0x00000001004ccff0
instanceKlass io/ballerina/identifier/Utils$Identifier
instanceKlass org/wso2/ballerinalang/compiler/bir/codegen/JvmObservabilityGen
instanceKlass org/wso2/ballerinalang/compiler/bir/codegen/internal/NameHashComparator
instanceKlass org/wso2/ballerinalang/compiler/bir/codegen/JvmCodeGenUtil
instanceKlass  @bci io/ballerina/projects/JBallerinaBackend platformLibraryDependencies (Lio/ballerina/projects/PackageId;Lio/ballerina/projects/PlatformLibraryScope;)Ljava/util/Collection; 11 <appendix> member <vmtarget> ; # io/ballerina/projects/JBallerinaBackend$$Lambda+0x00000001004cc088
instanceKlass  @bci io/ballerina/projects/Diagnostics hasDiagnosticsWithSeverity (Ljava/util/Collection;Lio/ballerina/tools/diagnostics/DiagnosticSeverity;)Z 7 <appendix> member <vmtarget> ; # io/ballerina/projects/Diagnostics$$Lambda+0x00000001004cba20
instanceKlass  @bci org/wso2/ballerinalang/compiler/bir/optimizer/BIRRecordValueOptimizer visit (Lorg/wso2/ballerinalang/compiler/bir/model/BIRNode$BIRPackage;)V 28 <appendix> member <vmtarget> ; # org/wso2/ballerinalang/compiler/bir/optimizer/BIRRecordValueOptimizer$$Lambda+0x00000001004cb7f8
instanceKlass  @bci org/wso2/ballerinalang/compiler/bir/optimizer/BIRRecordValueOptimizer visit (Lorg/wso2/ballerinalang/compiler/bir/model/BIRNode$BIRFunction;)V 10 <appendix> member <vmtarget> ; # org/wso2/ballerinalang/compiler/bir/optimizer/BIRRecordValueOptimizer$$Lambda+0x00000001004cb5d0
instanceKlass  @bci org/wso2/ballerinalang/compiler/bir/optimizer/BIRRecordValueOptimizer visit (Lorg/wso2/ballerinalang/compiler/bir/model/BIRNode$BIRTypeDefinition;)V 5 <appendix> member <vmtarget> ; # org/wso2/ballerinalang/compiler/bir/optimizer/BIRRecordValueOptimizer$$Lambda+0x00000001004cb3a8
instanceKlass  @bci org/wso2/ballerinalang/compiler/bir/optimizer/BIRRecordValueOptimizer visit (Lorg/wso2/ballerinalang/compiler/bir/model/BIRNode$BIRPackage;)V 13 <appendix> member <vmtarget> ; # org/wso2/ballerinalang/compiler/bir/optimizer/BIRRecordValueOptimizer$$Lambda+0x00000001004cb180
instanceKlass  @bci org/wso2/ballerinalang/compiler/bir/optimizer/BIRBasicBlockOptimizer visit (Lorg/wso2/ballerinalang/compiler/bir/model/BIRNode$BIRPackage;)V 20 <appendix> member <vmtarget> ; # org/wso2/ballerinalang/compiler/bir/optimizer/BIRBasicBlockOptimizer$$Lambda+0x00000001004cab10
instanceKlass  @bci org/wso2/ballerinalang/compiler/bir/optimizer/BIRBasicBlockOptimizer getRemovableBasicBlocks (Lorg/wso2/ballerinalang/compiler/bir/model/BIRNode$BIRFunction;Lorg/wso2/ballerinalang/compiler/bir/optimizer/BIROptimizer$OptimizerEnv;)Ljava/util/Set; 263 <appendix> member <vmtarget> ; # org/wso2/ballerinalang/compiler/bir/optimizer/BIRBasicBlockOptimizer$$Lambda+0x00000001004ca8e8
instanceKlass  @bci org/wso2/ballerinalang/compiler/bir/optimizer/BIRBasicBlockOptimizer visit (Lorg/wso2/ballerinalang/compiler/bir/model/BIRNode$BIRBasicBlock;)V 14 <appendix> member <vmtarget> ; # org/wso2/ballerinalang/compiler/bir/optimizer/BIRBasicBlockOptimizer$$Lambda+0x00000001004ca6c0
instanceKlass  @bci org/wso2/ballerinalang/compiler/bir/optimizer/BIRBasicBlockOptimizer populatePredecessorMap (Ljava/util/List;)V 88 <appendix> argL0 ; # org/wso2/ballerinalang/compiler/bir/optimizer/BIRBasicBlockOptimizer$$Lambda+0x00000001004ca490
instanceKlass  @bci org/wso2/ballerinalang/compiler/bir/optimizer/BIRBasicBlockOptimizer populatePredecessorMap (Ljava/util/List;)V 40 <appendix> argL0 ; # org/wso2/ballerinalang/compiler/bir/optimizer/BIRBasicBlockOptimizer$$Lambda+0x00000001004ca260
instanceKlass  @bci org/wso2/ballerinalang/compiler/bir/BIRGenUtils rearrangeBasicBlocks (Lorg/wso2/ballerinalang/compiler/bir/model/BIRNode$BIRFunction;)V 44 <appendix> argL0 ; # org/wso2/ballerinalang/compiler/bir/BIRGenUtils$$Lambda+0x00000001004ca050
instanceKlass org/wso2/ballerinalang/compiler/bir/BIRGenUtils
instanceKlass  @bci org/wso2/ballerinalang/compiler/bir/optimizer/BIRBasicBlockOptimizer visit (Lorg/wso2/ballerinalang/compiler/bir/model/BIRNode$BIRTypeDefinition;)V 5 <appendix> member <vmtarget> ; # org/wso2/ballerinalang/compiler/bir/optimizer/BIRBasicBlockOptimizer$$Lambda+0x00000001004c9c30
instanceKlass  @bci org/wso2/ballerinalang/compiler/bir/optimizer/BIRBasicBlockOptimizer visit (Lorg/wso2/ballerinalang/compiler/bir/model/BIRNode$BIRPackage;)V 5 <appendix> member <vmtarget> ; # org/wso2/ballerinalang/compiler/bir/optimizer/BIRBasicBlockOptimizer$$Lambda+0x00000001004c9a08
instanceKlass  @bci org/wso2/ballerinalang/compiler/bir/optimizer/BIRLockOptimizer visit (Lorg/wso2/ballerinalang/compiler/bir/model/BIRNode$BIRPackage;)V 20 <appendix> member <vmtarget> ; # org/wso2/ballerinalang/compiler/bir/optimizer/BIRLockOptimizer$$Lambda+0x00000001004c97e0
instanceKlass  @bci org/wso2/ballerinalang/compiler/bir/optimizer/BIRLockOptimizer visit (Lorg/wso2/ballerinalang/compiler/bir/model/BIRNode$BIRFunction;)V 5 <appendix> member <vmtarget> ; # org/wso2/ballerinalang/compiler/bir/optimizer/BIRLockOptimizer$$Lambda+0x00000001004c95b8
instanceKlass  @bci org/wso2/ballerinalang/compiler/bir/optimizer/BIRLockOptimizer visit (Lorg/wso2/ballerinalang/compiler/bir/model/BIRNode$BIRTypeDefinition;)V 5 <appendix> member <vmtarget> ; # org/wso2/ballerinalang/compiler/bir/optimizer/BIRLockOptimizer$$Lambda+0x00000001004c9390
instanceKlass  @bci org/wso2/ballerinalang/compiler/bir/optimizer/BIRLockOptimizer visit (Lorg/wso2/ballerinalang/compiler/bir/model/BIRNode$BIRPackage;)V 5 <appendix> member <vmtarget> ; # org/wso2/ballerinalang/compiler/bir/optimizer/BIRLockOptimizer$$Lambda+0x00000001004c9168
instanceKlass  @bci org/wso2/ballerinalang/compiler/bir/optimizer/BIROptimizer$LHSTempVarOptimizer visit (Lorg/wso2/ballerinalang/compiler/bir/model/BIRNode$BIRPackage;)V 20 <appendix> member <vmtarget> ; # org/wso2/ballerinalang/compiler/bir/optimizer/BIROptimizer$LHSTempVarOptimizer$$Lambda+0x00000001004c8f40
instanceKlass  @bci org/wso2/ballerinalang/compiler/bir/optimizer/BIROptimizer$LHSTempVarOptimizer visit (Lorg/wso2/ballerinalang/compiler/bir/model/BIRTerminator$AsyncCall;)V 17 <appendix> member <vmtarget> ; # org/wso2/ballerinalang/compiler/bir/optimizer/BIROptimizer$LHSTempVarOptimizer$$Lambda+0x00000001004c8d18
instanceKlass  @bci org/wso2/ballerinalang/compiler/bir/optimizer/BIROptimizer$LHSTempVarOptimizer visit (Lorg/wso2/ballerinalang/compiler/bir/model/BIRTerminator$Call;)V 17 <appendix> member <vmtarget> ; # org/wso2/ballerinalang/compiler/bir/optimizer/BIROptimizer$LHSTempVarOptimizer$$Lambda+0x00000001004c8af0
instanceKlass  @bci org/wso2/ballerinalang/compiler/bir/optimizer/BIROptimizer$LHSTempVarOptimizer visit (Lorg/wso2/ballerinalang/compiler/bir/model/BIRTerminator$FPCall;)V 29 <appendix> member <vmtarget> ; # org/wso2/ballerinalang/compiler/bir/optimizer/BIROptimizer$LHSTempVarOptimizer$$Lambda+0x00000001004c88c8
instanceKlass  @bci org/wso2/ballerinalang/compiler/bir/optimizer/BIROptimizer$LHSTempVarOptimizer replaceVarsWithReusableVars (Ljava/util/List;Ljava/util/List;Ljava/util/Set;Ljava/util/List;)V 93 <appendix> argL0 ; # org/wso2/ballerinalang/compiler/bir/optimizer/BIROptimizer$LHSTempVarOptimizer$$Lambda+0x00000001004c8698
instanceKlass  @bci org/wso2/ballerinalang/compiler/bir/optimizer/BIROptimizer$LHSTempVarOptimizer visit (Lorg/wso2/ballerinalang/compiler/bir/model/BIRNode$BIRFunction;)V 55 <appendix> member <vmtarget> ; # org/wso2/ballerinalang/compiler/bir/optimizer/BIROptimizer$LHSTempVarOptimizer$$Lambda+0x00000001004c8450
instanceKlass  @bci org/wso2/ballerinalang/compiler/bir/optimizer/BIROptimizer$LHSTempVarOptimizer visit (Lorg/wso2/ballerinalang/compiler/bir/model/BIRNode$BIRFunction;)V 30 <appendix> member <vmtarget> ; # org/wso2/ballerinalang/compiler/bir/optimizer/BIROptimizer$LHSTempVarOptimizer$$Lambda+0x00000001004c8228
instanceKlass  @bci org/wso2/ballerinalang/compiler/bir/optimizer/BIROptimizer$LHSTempVarOptimizer visit (Lorg/wso2/ballerinalang/compiler/bir/model/BIRNode$BIRBasicBlock;)V 27 <appendix> member <vmtarget> ; # org/wso2/ballerinalang/compiler/bir/optimizer/BIROptimizer$LHSTempVarOptimizer$$Lambda+0x00000001004c8000
instanceKlass  @bci org/wso2/ballerinalang/compiler/bir/optimizer/BIROptimizer$LHSTempVarOptimizer visit (Lorg/wso2/ballerinalang/compiler/bir/model/BIRNode$BIRFunction;)V 14 <appendix> member <vmtarget> ; # org/wso2/ballerinalang/compiler/bir/optimizer/BIROptimizer$LHSTempVarOptimizer$$Lambda+0x00000001004c7be8
instanceKlass org/wso2/ballerinalang/compiler/bir/optimizer/BIROptimizer$OptimizerEnv
instanceKlass  @bci org/wso2/ballerinalang/compiler/bir/optimizer/BIROptimizer$LHSTempVarOptimizer visit (Lorg/wso2/ballerinalang/compiler/bir/model/BIRNode$BIRTypeDefinition;)V 5 <appendix> member <vmtarget> ; # org/wso2/ballerinalang/compiler/bir/optimizer/BIROptimizer$LHSTempVarOptimizer$$Lambda+0x00000001004c77b8
instanceKlass  @bci org/wso2/ballerinalang/compiler/bir/optimizer/BIROptimizer$LHSTempVarOptimizer visit (Lorg/wso2/ballerinalang/compiler/bir/model/BIRNode$BIRPackage;)V 5 <appendix> member <vmtarget> ; # org/wso2/ballerinalang/compiler/bir/optimizer/BIROptimizer$LHSTempVarOptimizer$$Lambda+0x00000001004c7590
instanceKlass  @bci org/wso2/ballerinalang/compiler/bir/optimizer/BIROptimizer$RHSTempVarOptimizer visit (Lorg/wso2/ballerinalang/compiler/bir/model/BIRNode$BIRPackage;)V 20 <appendix> member <vmtarget> ; # org/wso2/ballerinalang/compiler/bir/optimizer/BIROptimizer$RHSTempVarOptimizer$$Lambda+0x00000001004c7368
instanceKlass  @bci org/wso2/ballerinalang/compiler/bir/optimizer/BIROptimizer$RHSTempVarOptimizer visit (Lorg/wso2/ballerinalang/compiler/bir/model/BIRNode$BIRFunction;)V 50 <appendix> member <vmtarget> ; # org/wso2/ballerinalang/compiler/bir/optimizer/BIROptimizer$RHSTempVarOptimizer$$Lambda+0x00000001004c7140
instanceKlass  @bci org/wso2/ballerinalang/compiler/bir/optimizer/BIROptimizer$RHSTempVarOptimizer visit (Lorg/wso2/ballerinalang/compiler/bir/model/BIRNode$BIRTypeDefinition;)V 5 <appendix> member <vmtarget> ; # org/wso2/ballerinalang/compiler/bir/optimizer/BIROptimizer$RHSTempVarOptimizer$$Lambda+0x00000001004c6960
instanceKlass  @bci org/wso2/ballerinalang/compiler/bir/optimizer/BIROptimizer$RHSTempVarOptimizer visit (Lorg/wso2/ballerinalang/compiler/bir/model/BIRNode$BIRPackage;)V 5 <appendix> member <vmtarget> ; # org/wso2/ballerinalang/compiler/bir/optimizer/BIROptimizer$RHSTempVarOptimizer$$Lambda+0x00000001004c6738
instanceKlass  @bci org/wso2/ballerinalang/compiler/bir/BIRGen visit (Lorg/wso2/ballerinalang/compiler/tree/BLangPackage;)V 127 <appendix> member <vmtarget> ; # org/wso2/ballerinalang/compiler/bir/BIRGen$$Lambda+0x00000001004c62f8
instanceKlass  @bci org/wso2/ballerinalang/compiler/bir/BIRGen visit (Lorg/wso2/ballerinalang/compiler/tree/BLangPackage;)V 112 <appendix> member <vmtarget> ; # org/wso2/ballerinalang/compiler/bir/BIRGen$$Lambda+0x00000001004c60d0
instanceKlass org/wso2/ballerinalang/compiler/bir/model/BIRNode$BIRListConstructorEntry
instanceKlass org/wso2/ballerinalang/compiler/bir/BIRGen$1
instanceKlass  @bci org/wso2/ballerinalang/compiler/bir/BIRGen generateFPVarRef (Lorg/wso2/ballerinalang/compiler/tree/expressions/BLangExpression;Lorg/wso2/ballerinalang/compiler/semantics/model/symbols/BInvokableSymbol;)V 80 <appendix> member <vmtarget> ; # org/wso2/ballerinalang/compiler/bir/BIRGen$$Lambda+0x00000001004c58b0
instanceKlass  @bci org/wso2/ballerinalang/compiler/bir/BIRGen getEffectiveObjectType (Lorg/wso2/ballerinalang/compiler/semantics/model/types/BType;)Lorg/wso2/ballerinalang/compiler/semantics/model/types/BType; 24 <appendix> argL0 ; # org/wso2/ballerinalang/compiler/bir/BIRGen$$Lambda+0x00000001004c5670
instanceKlass  @bci org/wso2/ballerinalang/compiler/bir/BIRGen visit (Lorg/wso2/ballerinalang/compiler/tree/BLangPackage;)V 97 <appendix> member <vmtarget> ; # org/wso2/ballerinalang/compiler/bir/BIRGen$$Lambda+0x00000001004c4e38
instanceKlass  @bci org/wso2/ballerinalang/compiler/bir/BIRGen visit (Lorg/wso2/ballerinalang/compiler/tree/BLangFunction;)V 1329 <appendix> member <vmtarget> ; # org/wso2/ballerinalang/compiler/bir/BIRGen$$Lambda+0x00000001004c4c00
instanceKlass  @bci org/wso2/ballerinalang/compiler/bir/BIRGen visit (Lorg/wso2/ballerinalang/compiler/tree/statements/BLangReturn;)V 78 <appendix> member <vmtarget> ; # org/wso2/ballerinalang/compiler/bir/BIRGen$$Lambda+0x00000001004c49d8
instanceKlass  @bci org/wso2/ballerinalang/compiler/bir/BIRGen visit (Lorg/wso2/ballerinalang/compiler/tree/statements/BLangBlockStmt;)V 142 <appendix> member <vmtarget> ; # org/wso2/ballerinalang/compiler/bir/BIRGen$$Lambda+0x00000001004c47b0
instanceKlass  @bci org/wso2/ballerinalang/compiler/bir/BIRGen visit (Lorg/wso2/ballerinalang/compiler/tree/statements/BLangBlockStmt;)V 38 <appendix> argL0 ; # org/wso2/ballerinalang/compiler/bir/BIRGen$$Lambda+0x00000001004c4580
instanceKlass  @bci org/wso2/ballerinalang/compiler/bir/BIRGen visit (Lorg/wso2/ballerinalang/compiler/tree/BLangBlockFunctionBody;)V 26 <appendix> argL0 ; # org/wso2/ballerinalang/compiler/bir/BIRGen$$Lambda+0x00000001004c3f30
instanceKlass  @bci org/wso2/ballerinalang/compiler/bir/BIRGen visit (Lorg/wso2/ballerinalang/compiler/tree/BLangFunction;)V 758 <appendix> member <vmtarget> ; # org/wso2/ballerinalang/compiler/bir/BIRGen$$Lambda+0x00000001004c3d08
instanceKlass  @bci org/wso2/ballerinalang/compiler/bir/BIRGen visit (Lorg/wso2/ballerinalang/compiler/tree/BLangFunction;)V 743 <appendix> member <vmtarget> ; # org/wso2/ballerinalang/compiler/bir/BIRGen$$Lambda+0x00000001004c3ae0
instanceKlass org/wso2/ballerinalang/compiler/bir/model/BIRNode$ChannelDetails
instanceKlass org/wso2/ballerinalang/compiler/bir/model/BIRNode$BIRLockDetailsHolder
instanceKlass  @bci org/wso2/ballerinalang/compiler/bir/BIRGen visit (Lorg/wso2/ballerinalang/compiler/tree/BLangPackage;)V 58 <appendix> member <vmtarget> ; # org/wso2/ballerinalang/compiler/bir/BIRGen$$Lambda+0x00000001004c2868
instanceKlass org/wso2/ballerinalang/compiler/bir/model/BIRNode$ConstValue
instanceKlass  @bci org/wso2/ballerinalang/compiler/bir/writer/BIRWriterUtils getBIRConstantVal (Lorg/wso2/ballerinalang/compiler/tree/BLangConstantValue;)Lorg/wso2/ballerinalang/compiler/bir/model/BIRNode$ConstValue; 35 <appendix> member <vmtarget> ; # org/wso2/ballerinalang/compiler/bir/writer/BIRWriterUtils$$Lambda+0x00000001004c2440
instanceKlass org/wso2/ballerinalang/compiler/bir/writer/BIRWriterUtils
instanceKlass  @bci org/wso2/ballerinalang/compiler/bir/BIRGen visit (Lorg/wso2/ballerinalang/compiler/tree/BLangPackage;)V 35 <appendix> member <vmtarget> ; # org/wso2/ballerinalang/compiler/bir/BIRGen$$Lambda+0x00000001004c1c10
instanceKlass  @bci org/wso2/ballerinalang/compiler/bir/BIRGen visit (Lorg/wso2/ballerinalang/compiler/tree/BLangPackage;)V 20 <appendix> member <vmtarget> ; # org/wso2/ballerinalang/compiler/bir/BIRGen$$Lambda+0x00000001004c19e8
instanceKlass  @bci org/wso2/ballerinalang/compiler/bir/BIRGen visit (Lorg/wso2/ballerinalang/compiler/tree/BLangPackage;)V 5 <appendix> member <vmtarget> ; # org/wso2/ballerinalang/compiler/bir/BIRGen$$Lambda+0x00000001004c15b8
instanceKlass org/wso2/ballerinalang/compiler/bir/BIRGenEnv
instanceKlass  @bci org/wso2/ballerinalang/compiler/desugar/ClosureDesugar visit (Lorg/wso2/ballerinalang/compiler/tree/BLangFunction;)V 38 <appendix> argL0 ; # org/wso2/ballerinalang/compiler/desugar/ClosureDesugar$$Lambda+0x00000001004c1158
instanceKlass  @bci org/wso2/ballerinalang/compiler/desugar/ClosureDesugar visit (Lorg/wso2/ballerinalang/compiler/tree/BLangPackage;)V 106 <appendix> member <vmtarget> ; # org/wso2/ballerinalang/compiler/desugar/ClosureDesugar$$Lambda+0x00000001004c0f30
instanceKlass  @bci org/wso2/ballerinalang/compiler/desugar/ClosureDesugar visit (Lorg/wso2/ballerinalang/compiler/tree/BLangPackage;)V 90 <appendix> member <vmtarget> ; # org/wso2/ballerinalang/compiler/desugar/ClosureDesugar$$Lambda+0x00000001004c0d08
instanceKlass  @bci org/wso2/ballerinalang/compiler/desugar/ClosureDesugar visit (Lorg/wso2/ballerinalang/compiler/tree/BLangPackage;)V 74 <appendix> member <vmtarget> ; # org/wso2/ballerinalang/compiler/desugar/ClosureDesugar$$Lambda+0x00000001004c0ae0
instanceKlass  @bci org/wso2/ballerinalang/compiler/desugar/ClosureDesugar visit (Lorg/wso2/ballerinalang/compiler/tree/types/BLangUnionTypeNode;)V 14 <appendix> member <vmtarget> ; # org/wso2/ballerinalang/compiler/desugar/ClosureDesugar$$Lambda+0x00000001004c08b8
instanceKlass  @bci org/wso2/ballerinalang/compiler/desugar/ClosureDesugar visit (Lorg/wso2/ballerinalang/compiler/tree/BLangPackage;)V 58 <appendix> member <vmtarget> ; # org/wso2/ballerinalang/compiler/desugar/ClosureDesugar$$Lambda+0x00000001004c0690
instanceKlass  @bci org/wso2/ballerinalang/compiler/desugar/ClosureDesugar visit (Lorg/wso2/ballerinalang/compiler/tree/BLangPackage;)V 42 <appendix> member <vmtarget> ; # org/wso2/ballerinalang/compiler/desugar/ClosureDesugar$$Lambda+0x00000001004c0468
instanceKlass  @bci org/wso2/ballerinalang/compiler/desugar/ClosureDesugar visit (Lorg/wso2/ballerinalang/compiler/tree/BLangPackage;)V 26 <appendix> member <vmtarget> ; # org/wso2/ballerinalang/compiler/desugar/ClosureDesugar$$Lambda+0x00000001004c0240
instanceKlass  @bci org/wso2/ballerinalang/compiler/desugar/Desugar getObjectType (Lorg/wso2/ballerinalang/compiler/semantics/model/types/BType;)Lorg/wso2/ballerinalang/compiler/semantics/model/types/BType; 35 <appendix> argL0 ; # org/wso2/ballerinalang/compiler/desugar/Desugar$$Lambda+0x00000001004c0000
instanceKlass  @bci org/wso2/ballerinalang/compiler/desugar/Desugar desugarForeachToWhileWithoutIterator (Lorg/wso2/ballerinalang/compiler/tree/statements/BLangForeach;)Lorg/wso2/ballerinalang/compiler/tree/statements/BLangBlockStmt; 165 <appendix> member <vmtarget> ; # org/wso2/ballerinalang/compiler/desugar/Desugar$$Lambda+0x00000001004b8c00
instanceKlass  @bci org/wso2/ballerinalang/compiler/semantics/analyzer/Types isImplicitlyCastable (Lorg/wso2/ballerinalang/compiler/semantics/model/types/BType;Lorg/wso2/ballerinalang/compiler/semantics/model/types/BType;)Z 218 <appendix> member <vmtarget> ; # org/wso2/ballerinalang/compiler/semantics/analyzer/Types$$Lambda+0x00000001004b9d70
instanceKlass  @bci org/wso2/ballerinalang/compiler/semantics/analyzer/Types isImplicitlyCastable (Lorg/wso2/ballerinalang/compiler/semantics/model/types/BType;Lorg/wso2/ballerinalang/compiler/semantics/model/types/BType;)Z 125 <appendix> member <vmtarget> ; # org/wso2/ballerinalang/compiler/semantics/analyzer/Types$$Lambda+0x00000001004b9b28
# instanceKlass java/lang/invoke/LambdaForm$MH+0x00000001004b8800
instanceKlass  @bci org/wso2/ballerinalang/compiler/semantics/analyzer/Types lambda$isSameTypeIncludingTags$2 (Lorg/wso2/ballerinalang/compiler/semantics/model/types/BType;Lorg/wso2/ballerinalang/compiler/semantics/model/types/BType;)Ljava/lang/Boolean; 11 <appendix> member <vmtarget> ; # org/wso2/ballerinalang/compiler/semantics/analyzer/Types$$Lambda+0x00000001004b98e0
instanceKlass  @bci org/wso2/ballerinalang/compiler/semantics/analyzer/Types isSameTypeIncludingTags (Lorg/wso2/ballerinalang/compiler/semantics/model/types/BType;Lorg/wso2/ballerinalang/compiler/semantics/model/types/BType;)Z 43 <appendix> argL0 ; # org/wso2/ballerinalang/compiler/semantics/analyzer/Types$$Lambda+0x00000001004b96a0
instanceKlass  @bci org/wso2/ballerinalang/compiler/semantics/analyzer/Types isSameTypeIncludingTags (Lorg/wso2/ballerinalang/compiler/semantics/model/types/BType;Lorg/wso2/ballerinalang/compiler/semantics/model/types/BType;)Z 33 <appendix> member <vmtarget> ; # org/wso2/ballerinalang/compiler/semantics/analyzer/Types$$Lambda+0x00000001004b9468
instanceKlass  @bci org/wso2/ballerinalang/compiler/desugar/Desugar reorderNamedArgs (Lorg/wso2/ballerinalang/compiler/tree/expressions/BLangInvocation;Lorg/wso2/ballerinalang/compiler/semantics/model/symbols/BInvokableSymbol;Lorg/wso2/ballerinalang/compiler/tree/expressions/BLangExpression;)V 39 <appendix> member <vmtarget> ; # org/wso2/ballerinalang/compiler/desugar/Desugar$$Lambda+0x00000001004b9240
instanceKlass  @bci org/wso2/ballerinalang/compiler/desugar/Desugar reorderNamedArgs (Lorg/wso2/ballerinalang/compiler/tree/expressions/BLangInvocation;Lorg/wso2/ballerinalang/compiler/semantics/model/symbols/BInvokableSymbol;Lorg/wso2/ballerinalang/compiler/tree/expressions/BLangExpression;)V 27 <appendix> argL0 ; # org/wso2/ballerinalang/compiler/desugar/Desugar$$Lambda+0x00000001004b9000
instanceKlass  @bci org/wso2/ballerinalang/compiler/desugar/Desugar lambda$getSafeErrorAssignment$41 (Ljava/util/Set;Lorg/wso2/ballerinalang/compiler/semantics/model/types/BType;)Z 8 <appendix> member <vmtarget> ; # org/wso2/ballerinalang/compiler/desugar/Desugar$$Lambda+0x00000001004bb590
instanceKlass  @bci org/wso2/ballerinalang/compiler/desugar/Desugar getSafeErrorAssignment (Lio/ballerina/tools/diagnostics/Location;Lorg/wso2/ballerinalang/compiler/tree/expressions/BLangSimpleVarRef;Lorg/wso2/ballerinalang/compiler/semantics/model/symbols/BSymbol;Ljava/util/List;Z)Lorg/wso2/ballerinalang/compiler/tree/statements/BLangBlockStmt; 58 <appendix> member <vmtarget> ; # org/wso2/ballerinalang/compiler/desugar/Desugar$$Lambda+0x00000001004bb348
instanceKlass  @bci org/wso2/ballerinalang/compiler/desugar/Desugar visit (Lorg/wso2/ballerinalang/compiler/tree/BLangFunction;)V 205 <appendix> member <vmtarget> ; # org/wso2/ballerinalang/compiler/desugar/Desugar$$Lambda+0x00000001004bb120
instanceKlass  @bci org/wso2/ballerinalang/compiler/desugar/Desugar visit (Lorg/wso2/ballerinalang/compiler/tree/BLangFunction;)V 183 <appendix> member <vmtarget> ; # org/wso2/ballerinalang/compiler/desugar/Desugar$$Lambda+0x00000001004baef8
instanceKlass  @bci org/wso2/ballerinalang/compiler/desugar/Desugar visit (Lorg/wso2/ballerinalang/compiler/tree/BLangClassDefinition;)V 52 <appendix> member <vmtarget> ; # org/wso2/ballerinalang/compiler/desugar/Desugar$$Lambda+0x00000001004baae8
instanceKlass  @bci org/wso2/ballerinalang/compiler/desugar/Desugar visit (Lorg/wso2/ballerinalang/compiler/tree/BLangSimpleVariable;)V 96 <appendix> member <vmtarget> ; # org/wso2/ballerinalang/compiler/desugar/Desugar$$Lambda+0x00000001004ba8c0
instanceKlass  @bci org/wso2/ballerinalang/compiler/desugar/Desugar visit (Lorg/wso2/ballerinalang/compiler/tree/BLangTypeDefinition;)V 24 <appendix> member <vmtarget> ; # org/wso2/ballerinalang/compiler/desugar/Desugar$$Lambda+0x00000001004ba698
instanceKlass  @bci org/wso2/ballerinalang/compiler/desugar/Desugar visit (Lorg/wso2/ballerinalang/compiler/tree/types/BLangUnionTypeNode;)V 14 <appendix> member <vmtarget> ; # org/wso2/ballerinalang/compiler/desugar/Desugar$$Lambda+0x00000001004ba470
instanceKlass  @bci org/wso2/ballerinalang/compiler/desugar/Desugar visit (Lorg/wso2/ballerinalang/compiler/tree/BLangPackage;)V 219 <appendix> argL0 ; # org/wso2/ballerinalang/compiler/desugar/Desugar$$Lambda+0x00000001004ba240
instanceKlass  @bci org/wso2/ballerinalang/compiler/desugar/Desugar addUserDefinedModuleInitInvocationAndReturn (Lorg/wso2/ballerinalang/compiler/tree/BLangPackage;)V 9 <appendix> argL0 ; # org/wso2/ballerinalang/compiler/desugar/Desugar$$Lambda+0x00000001004ba000
instanceKlass  @bci org/wso2/ballerinalang/compiler/desugar/AnnotationDesugar defineFunctionAnnotations (Lorg/wso2/ballerinalang/compiler/tree/BLangPackage;Lorg/wso2/ballerinalang/compiler/semantics/model/SymbolEnv;Lorg/wso2/ballerinalang/compiler/tree/BLangFunction;)V 55 <appendix> argL0 ; # org/wso2/ballerinalang/compiler/desugar/AnnotationDesugar$$Lambda+0x00000001004bfbb8
instanceKlass  @bci org/wso2/ballerinalang/compiler/desugar/AnnotationDesugar defineFunctionAnnotations (Lorg/wso2/ballerinalang/compiler/tree/BLangPackage;Lorg/wso2/ballerinalang/compiler/semantics/model/SymbolEnv;Lorg/wso2/ballerinalang/compiler/tree/BLangFunction;)V 45 <appendix> argL0 ; # org/wso2/ballerinalang/compiler/desugar/AnnotationDesugar$$Lambda+0x00000001004bf978
instanceKlass  @bci org/wso2/ballerinalang/compiler/desugar/AnnotationDesugar createInvokableSymbol (Lorg/wso2/ballerinalang/compiler/tree/BLangFunction;Lorg/ballerinalang/model/elements/PackageID;Lorg/wso2/ballerinalang/compiler/semantics/model/symbols/BSymbol;)Lorg/wso2/ballerinalang/compiler/semantics/model/symbols/BInvokableSymbol; 77 <appendix> argL0 ; # org/wso2/ballerinalang/compiler/desugar/AnnotationDesugar$$Lambda+0x00000001004be9f0
instanceKlass  @bci org/wso2/ballerinalang/compiler/desugar/AnnotationDesugar collectAnnotationAttachments (Ljava/util/List;Lorg/wso2/ballerinalang/compiler/semantics/model/SymbolEnv;)Ljava/util/Map; 145 <appendix> member <vmtarget> ; # org/wso2/ballerinalang/compiler/desugar/AnnotationDesugar$$Lambda+0x00000001004be160
instanceKlass  @bci org/wso2/ballerinalang/compiler/desugar/Desugar visit (Lorg/wso2/ballerinalang/compiler/tree/expressions/BLangRecordLiteral;)V 13 <appendix> member <vmtarget> ; # org/wso2/ballerinalang/compiler/desugar/Desugar$$Lambda+0x00000001004bded0
instanceKlass  @bci org/wso2/ballerinalang/compiler/semantics/analyzer/ConstantValueResolver constructBLangConstantValueWithExactType (Lorg/wso2/ballerinalang/compiler/tree/expressions/BLangExpression;Lorg/wso2/ballerinalang/compiler/semantics/model/symbols/BConstantSymbol;Lorg/wso2/ballerinalang/compiler/semantics/model/SymbolEnv;Ljava/util/Deque;Z)Lorg/wso2/ballerinalang/compiler/tree/BLangConstantValue; 67 <appendix> argL0 ; # org/wso2/ballerinalang/compiler/semantics/analyzer/ConstantValueResolver$$Lambda+0x00000001004bdcb0
instanceKlass org/wso2/ballerinalang/compiler/semantics/analyzer/ConstantValueResolver$1
instanceKlass  @bci org/wso2/ballerinalang/compiler/desugar/ServiceDesugar engageCustomServiceDesugar (Lorg/wso2/ballerinalang/compiler/tree/BLangService;Lorg/wso2/ballerinalang/compiler/semantics/model/SymbolEnv;)V 50 <appendix> member <vmtarget> ; # org/wso2/ballerinalang/compiler/desugar/ServiceDesugar$$Lambda+0x00000001004bd890
instanceKlass  @bci org/wso2/ballerinalang/compiler/desugar/ServiceDesugar engageCustomServiceDesugar (Lorg/wso2/ballerinalang/compiler/tree/BLangService;Lorg/wso2/ballerinalang/compiler/semantics/model/SymbolEnv;)V 37 <appendix> argL0 ; # org/wso2/ballerinalang/compiler/desugar/ServiceDesugar$$Lambda+0x00000001004bd650
instanceKlass  @bci org/wso2/ballerinalang/compiler/desugar/ServiceDesugar engageCustomServiceDesugar (Lorg/wso2/ballerinalang/compiler/tree/BLangService;Lorg/wso2/ballerinalang/compiler/semantics/model/SymbolEnv;)V 9 <appendix> argL0 ; # org/wso2/ballerinalang/compiler/desugar/ServiceDesugar$$Lambda+0x00000001004bd420
instanceKlass  @bci org/wso2/ballerinalang/compiler/desugar/Desugar visit (Lorg/wso2/ballerinalang/compiler/tree/BLangPackage;)V 188 <appendix> member <vmtarget> ; # org/wso2/ballerinalang/compiler/desugar/Desugar$$Lambda+0x00000001004bd1f8
instanceKlass org/wso2/ballerinalang/compiler/desugar/Desugar$8
instanceKlass  @bci org/wso2/ballerinalang/compiler/desugar/ASTBuilderUtil createVariableRefList (Lio/ballerina/tools/diagnostics/Location;Ljava/util/List;)Ljava/util/List; 11 <appendix> member <vmtarget> ; # org/wso2/ballerinalang/compiler/desugar/ASTBuilderUtil$$Lambda+0x00000001004bcdd8
instanceKlass  @bci org/wso2/ballerinalang/compiler/desugar/ServiceDesugar rewriteServiceVariables (Ljava/util/List;Lorg/wso2/ballerinalang/compiler/semantics/model/SymbolEnv;)Lorg/wso2/ballerinalang/compiler/tree/statements/BLangBlockStmt; 11 <appendix> member <vmtarget> ; # org/wso2/ballerinalang/compiler/desugar/ServiceDesugar$$Lambda+0x00000001004bc228
instanceKlass  @bci org/wso2/ballerinalang/compiler/desugar/Desugar visit (Lorg/wso2/ballerinalang/compiler/tree/BLangPackage;)V 121 <appendix> member <vmtarget> ; # org/wso2/ballerinalang/compiler/desugar/Desugar$$Lambda+0x00000001004bc000
instanceKlass  @bci org/wso2/ballerinalang/compiler/desugar/Desugar visit (Lorg/wso2/ballerinalang/compiler/tree/BLangPackage;)V 110 <appendix> argL0 ; # org/wso2/ballerinalang/compiler/desugar/Desugar$$Lambda+0x00000001004b7bf0
instanceKlass  @bci org/wso2/ballerinalang/compiler/desugar/ClosureGenerator visit (Lorg/wso2/ballerinalang/compiler/tree/BLangPackage;)V 166 <appendix> member <vmtarget> ; # org/wso2/ballerinalang/compiler/desugar/ClosureGenerator$$Lambda+0x00000001004b79c8
instanceKlass  @bci org/wso2/ballerinalang/compiler/desugar/ClosureGenerator visit (Lorg/wso2/ballerinalang/compiler/tree/BLangPackage;)V 150 <appendix> member <vmtarget> ; # org/wso2/ballerinalang/compiler/desugar/ClosureGenerator$$Lambda+0x00000001004b77a0
instanceKlass  @bci org/wso2/ballerinalang/compiler/desugar/ClosureGenerator visit (Lorg/wso2/ballerinalang/compiler/tree/BLangPackage;)V 134 <appendix> member <vmtarget> ; # org/wso2/ballerinalang/compiler/desugar/ClosureGenerator$$Lambda+0x00000001004b7578
instanceKlass  @bci org/wso2/ballerinalang/compiler/desugar/ClosureGenerator visit (Lorg/wso2/ballerinalang/compiler/tree/BLangPackage;)V 118 <appendix> member <vmtarget> ; # org/wso2/ballerinalang/compiler/desugar/ClosureGenerator$$Lambda+0x00000001004b7350
instanceKlass  @bci org/wso2/ballerinalang/compiler/desugar/ClosureGenerator visit (Lorg/wso2/ballerinalang/compiler/tree/BLangPackage;)V 102 <appendix> member <vmtarget> ; # org/wso2/ballerinalang/compiler/desugar/ClosureGenerator$$Lambda+0x00000001004b7128
instanceKlass  @bci org/wso2/ballerinalang/compiler/desugar/ClosureGenerator visit (Lorg/wso2/ballerinalang/compiler/tree/types/BLangUnionTypeNode;)V 14 <appendix> member <vmtarget> ; # org/wso2/ballerinalang/compiler/desugar/ClosureGenerator$$Lambda+0x00000001004b6f00
instanceKlass org/wso2/ballerinalang/compiler/util/TypeDefBuilderHelper
instanceKlass  @bci io/ballerina/projects/ModuleContext shrinkDocuments (Lio/ballerina/projects/ModuleContext;)V 9 <appendix> argL0 ; # io/ballerina/projects/ModuleContext$$Lambda+0x00000001004b6ae8
instanceKlass org/wso2/ballerinalang/compiler/bir/codegen/CodeGenerator
instanceKlass org/wso2/ballerinalang/compiler/bir/codegen/interop/InteropValidator
instanceKlass io/ballerina/projects/JarResolver
instanceKlass  @bci org/wso2/ballerinalang/compiler/bir/codegen/JvmCodeGenUtil getLastScopeFromBBInsGen (Lorg/objectweb/asm/MethodVisitor;Lorg/wso2/ballerinalang/compiler/bir/codegen/internal/LabelGenerator;Lorg/wso2/ballerinalang/compiler/bir/codegen/JvmInstructionGen;ILjava/lang/String;Lorg/wso2/ballerinalang/compiler/bir/model/BIRNode$BIRBasicBlock;Ljava/util/Set;Lorg/wso2/ballerinalang/compiler/bir/model/BirScope;)Lorg/wso2/ballerinalang/compiler/bir/model/BirScope; 35 <adapter> ; # java/lang/invoke/LambdaForm$MH+0x00000001004b8400
# instanceKlass java/lang/invoke/LambdaForm$DMH+0x00000001004b8000
instanceKlass  @bci io/ballerina/projects/JBallerinaBackend from (Lio/ballerina/projects/PackageCompilation;Lio/ballerina/projects/JvmTarget;Z)Lio/ballerina/projects/JBallerinaBackend; 57 <appendix> form vmentry <vmtarget> ; # java/lang/invoke/LambdaForm$DMH+0x00000001004b2c00
instanceKlass  @bci io/ballerina/projects/JBallerinaBackend from (Lio/ballerina/projects/PackageCompilation;Lio/ballerina/projects/JvmTarget;Z)Lio/ballerina/projects/JBallerinaBackend; 57 <appendix> member <vmtarget> ; # io/ballerina/projects/JBallerinaBackend$$Lambda+0x00000001004b5920
instanceKlass io/ballerina/projects/PlatformLibrary
instanceKlass io/ballerina/projects/CompilerBackend
instanceKlass io/ballerina/projects/CodeAnalyzerManager$CompilationAnalysisContextIml
instanceKlass io/ballerina/stdlib/kafka/plugin/PluginUtils
instanceKlass  @bci io/ballerina/stdlib/http/compiler/HttpResourceValidator isValidReturnTypeWithCaller (Lio/ballerina/compiler/api/symbols/TypeSymbol;)Z 45 <appendix> argL0 ; # io/ballerina/stdlib/http/compiler/HttpResourceValidator$$Lambda+0x00000001004b3230
instanceKlass  @bci io/ballerina/stdlib/http/compiler/HttpResourceValidator isValidReturnTypeWithCaller (Lio/ballerina/compiler/api/symbols/TypeSymbol;)Z 31 <appendix> argL0 ; # io/ballerina/stdlib/http/compiler/HttpResourceValidator$$Lambda+0x00000001004b3000
instanceKlass  @bci io/ballerina/stdlib/http/compiler/HttpResourceValidator validateHttpCallerUsage (Lio/ballerina/projects/plugins/SyntaxNodeAnalysisContext;Lio/ballerina/compiler/syntax/tree/FunctionDefinitionNode;)V 111 <appendix> argL0 ; # io/ballerina/stdlib/http/compiler/HttpResourceValidator$$Lambda+0x00000001004abbd8
instanceKlass io/ballerina/tools/diagnostics/DiagnosticFactory
instanceKlass  @bci io/ballerina/stdlib/http/compiler/HttpResourceValidator extractInputParamTypeAndValidate (Lio/ballerina/projects/plugins/SyntaxNodeAnalysisContext;Lio/ballerina/stdlib/http/compiler/ResourceFunction;ZLjava/util/Map;)V 304 <appendix> argL0 ; # io/ballerina/stdlib/http/compiler/HttpResourceValidator$$Lambda+0x00000001004ab578
instanceKlass  @bci io/ballerina/compiler/api/impl/symbols/BallerinaTypeReferenceTypeSymbol signature ()Ljava/lang/String; 170 <appendix> form vmentry <vmtarget> ; # java/lang/invoke/LambdaForm$MH+0x00000001004b2800
# instanceKlass java/lang/invoke/LambdaForm$MH+0x00000001004b2400
# instanceKlass java/lang/invoke/LambdaForm$MH+0x00000001004b2000
# instanceKlass java/lang/invoke/LambdaForm$MH+0x00000001004b1c00
# instanceKlass java/lang/invoke/LambdaForm$MH+0x00000001004b1800
# instanceKlass java/lang/invoke/LambdaForm$MH+0x00000001004b1400
# instanceKlass java/lang/invoke/LambdaForm$MH+0x00000001004b1000
instanceKlass  @bci io/ballerina/compiler/api/impl/BallerinaModuleID moduleName ()Ljava/lang/String; 12 <appendix> argL0 ; # io/ballerina/compiler/api/impl/BallerinaModuleID$$Lambda+0x00000001004af9d0
instanceKlass  @bci io/ballerina/stdlib/http/compiler/HttpResourceValidator mockCodeModifier (Lio/ballerina/projects/plugins/SyntaxNodeAnalysisContext;Ljava/util/Map;Ljava/util/Optional;)Ljava/util/List; 86 <appendix> argL0 ; # io/ballerina/stdlib/http/compiler/HttpResourceValidator$$Lambda+0x00000001004ab338
instanceKlass  @bci io/ballerina/stdlib/http/compiler/HttpResourceValidator extractInputParamTypeAndValidate (Lio/ballerina/projects/plugins/SyntaxNodeAnalysisContext;Lio/ballerina/stdlib/http/compiler/ResourceFunction;ZLjava/util/Map;)V 165 <appendix> member <vmtarget> ; # io/ballerina/stdlib/http/compiler/HttpResourceValidator$$Lambda+0x00000001004ab0f0
instanceKlass  @bci io/ballerina/stdlib/http/compiler/HttpResourceValidator validatePathParamType (Lio/ballerina/projects/plugins/SyntaxNodeAnalysisContext;Ljava/util/Map;Lio/ballerina/compiler/api/symbols/resourcepath/ResourcePath;)V 65 <appendix> member <vmtarget> ; # io/ballerina/stdlib/http/compiler/HttpResourceValidator$$Lambda+0x00000001004aaec8
instanceKlass  @bci io/ballerina/stdlib/http/compiler/HttpResourceValidator validatePathParamType (Lio/ballerina/projects/plugins/SyntaxNodeAnalysisContext;Ljava/util/Map;Lio/ballerina/compiler/api/symbols/resourcepath/ResourcePath;)V 42 <appendix> member <vmtarget> ; # io/ballerina/stdlib/http/compiler/HttpResourceValidator$$Lambda+0x00000001004aaca0
instanceKlass  @bci io/ballerina/compiler/api/impl/symbols/resourcepath/BallerinaPathSegmentList pathParameters ()Ljava/util/List; 39 <appendix> argL0 ; # io/ballerina/compiler/api/impl/symbols/resourcepath/BallerinaPathSegmentList$$Lambda+0x00000001004af7a0
instanceKlass io/ballerina/compiler/api/symbols/resourcepath/PathRestParam
instanceKlass io/ballerina/compiler/api/impl/symbols/resourcepath/BallerinaPathSegmentList
instanceKlass io/ballerina/compiler/api/symbols/resourcepath/PathSegmentList
instanceKlass io/ballerina/stdlib/http/compiler/LinksMetaData
instanceKlass  @bci io/ballerina/stdlib/http/compiler/HttpServiceValidator perform (Lio/ballerina/projects/plugins/SyntaxNodeAnalysisContext;)V 54 <appendix> member <vmtarget> ; # io/ballerina/stdlib/http/compiler/HttpServiceValidator$$Lambda+0x00000001004aa840
instanceKlass  @bci io/ballerina/stdlib/http/compiler/HttpServiceValidator perform (Lio/ballerina/projects/plugins/SyntaxNodeAnalysisContext;)V 36 <appendix> member <vmtarget> ; # io/ballerina/stdlib/http/compiler/HttpServiceValidator$$Lambda+0x00000001004aa618
instanceKlass  @bci io/ballerina/stdlib/http/compiler/HttpInterceptorServiceValidator perform (Lio/ballerina/projects/plugins/SyntaxNodeAnalysisContext;)V 18 <appendix> argL0 ; # io/ballerina/stdlib/http/compiler/HttpInterceptorServiceValidator$$Lambda+0x00000001004aa3d8
instanceKlass  @bci io/ballerina/projects/CodeAnalyzerManager populateSyntaxNodeTaskMap (Ljava/util/Map;Lio/ballerina/projects/SyntaxNodeAnalysisTask;)V 33 <appendix> argL0 ; # io/ballerina/projects/CodeAnalyzerManager$$Lambda+0x00000001004aef20
instanceKlass  @bci org/ballerinalang/pkgsemanticanalyzer/PackageSemanticAnalyzerPlugin$PackageSemanticAnalyzer init (Lio/ballerina/projects/plugins/CodeAnalysisContext;)V 1 <appendix> argL0 ; # org/ballerinalang/pkgsemanticanalyzer/PackageSemanticAnalyzerPlugin$PackageSemanticAnalyzer$$Lambda+0x00000001004aed10
instanceKlass io/ballerina/openapi/build/HttpServiceAnalysisTask
instanceKlass org/ballerinalang/config/schema/generator/ConfigSchemaGenTask
instanceKlass io/ballerina/projects/CodeAnalyzerManager$CompilationAnalysisTask
instanceKlass io/ballerina/architecturemodelgenerator/plugin/CompilationAnalysisTask
instanceKlass io/ballerina/stdlib/kafka/plugin/KafkaServiceValidator
instanceKlass io/ballerina/stdlib/kafka/plugin/KafkaServiceAnalysisTask
instanceKlass io/ballerina/stdlib/http/compiler/HttpInterceptorServiceValidator
instanceKlass io/ballerina/openapi/service/mapper/model/ServiceNode
instanceKlass io/ballerina/stdlib/http/compiler/oas/ServiceOasGenerator
instanceKlass  @bci io/ballerina/projects/CodeAnalyzerManager$CodeAnalyzerTasks addTask (Lio/ballerina/projects/CodeAnalyzerManager$CodeAnalyzerInfo;Ljava/util/Map;Ljava/lang/Object;)V 2 <appendix> argL0 ; # io/ballerina/projects/CodeAnalyzerManager$CodeAnalyzerTasks$$Lambda+0x00000001004ae088
instanceKlass io/ballerina/projects/CodeAnalyzerManager$CodeAnalysisContextImpl
instanceKlass io/ballerina/projects/CodeAnalyzerManager$CodeAnalyzerTasks
instanceKlass io/ballerina/projects/plugins/CodeAnalysisContext
instanceKlass io/ballerina/projects/plugins/CompilationAnalysisContext
instanceKlass io/ballerina/projects/CodeAnalyzerManager
instanceKlass  @bci io/ballerina/cli/task/CompileTask execute (Lio/ballerina/projects/Project;)V 769 <appendix> member <vmtarget> ; # io/ballerina/cli/task/CompileTask$$Lambda+0x00000001004ad420
instanceKlass  @bci io/ballerina/cli/task/CompileTask execute (Lio/ballerina/projects/Project;)V 741 <appendix> argL0 ; # io/ballerina/cli/task/CompileTask$$Lambda+0x00000001004ad1e0
instanceKlass  @bci io/ballerina/cli/task/CompileTask execute (Lio/ballerina/projects/Project;)V 708 <appendix> member <vmtarget> ; # io/ballerina/cli/task/CompileTask$$Lambda+0x00000001004acfb8
instanceKlass io/ballerina/projects/CodeModifierResult
instanceKlass  @bci io/ballerina/projects/PackageResolution cloneDependencyGraphNewRoot (Lio/ballerina/projects/DependencyGraph;Lio/ballerina/projects/Package;)Lio/ballerina/projects/DependencyGraph; 105 <appendix> member <vmtarget> ; # io/ballerina/projects/PackageResolution$$Lambda+0x00000001004acb70
instanceKlass  @bci io/ballerina/projects/Package$Modifier isOldDependencyGraphValid (Lio/ballerina/projects/Package;Lio/ballerina/projects/Package;)Z 95 <appendix> argL0 ; # io/ballerina/projects/Package$Modifier$$Lambda+0x00000001004ac940
instanceKlass  @bci io/ballerina/projects/Package$Modifier isOldDependencyGraphValid (Lio/ballerina/projects/Package;Lio/ballerina/projects/Package;)Z 69 <appendix> argL0 ; # io/ballerina/projects/Package$Modifier$$Lambda+0x00000001004ac710
instanceKlass  @bci io/ballerina/projects/Package$Modifier isOldDependencyGraphValid (Lio/ballerina/projects/Package;Lio/ballerina/projects/Package;)Z 43 <appendix> argL0 ; # io/ballerina/projects/Package$Modifier$$Lambda+0x00000001004ac4e0
instanceKlass  @bci io/ballerina/projects/Package$Modifier isOldDependencyGraphValid (Lio/ballerina/projects/Package;Lio/ballerina/projects/Package;)Z 17 <appendix> argL0 ; # io/ballerina/projects/Package$Modifier$$Lambda+0x00000001004ac2b0
instanceKlass io/ballerina/projects/Package$Modifier
instanceKlass io/ballerina/projects/Module$Modifier
instanceKlass io/ballerina/projects/CodeModifierManager$PackageModifier
instanceKlass io/ballerina/projects/CodeModifierManager$ModifiedSourceFile
instanceKlass  @bci io/ballerina/stdlib/http/compiler/codemodifier/contract/ContractInfoModifierTask modify (Lio/ballerina/projects/plugins/SourceModifierContext;)V 17 <appendix> argL0 ; # io/ballerina/stdlib/http/compiler/codemodifier/contract/ContractInfoModifierTask$$Lambda+0x00000001004a9908
instanceKlass io/ballerina/projects/CodeModifierManager$CodeModifyTaskResult
instanceKlass  @bci io/ballerina/stdlib/http/compiler/codemodifier/payload/PayloadAnnotationModifierTask modify (Lio/ballerina/projects/plugins/SourceModifierContext;)V 17 <appendix> argL0 ; # io/ballerina/stdlib/http/compiler/codemodifier/payload/PayloadAnnotationModifierTask$$Lambda+0x00000001004a96c8
instanceKlass io/ballerina/projects/CodeModifierManager$SourceModifierContextImpl
instanceKlass io/ballerina/stdlib/http/compiler/HttpResourceValidator
instanceKlass io/ballerina/stdlib/http/compiler/codemodifier/payload/context/PayloadParamData
instanceKlass  @bci io/ballerina/stdlib/http/compiler/codemodifier/payload/HttpPayloadParamIdentifier extractInputParamTypeAndValidate (Lio/ballerina/projects/plugins/SyntaxNodeAnalysisContext;Lio/ballerina/stdlib/http/compiler/ResourceFunction;Lio/ballerina/stdlib/http/compiler/codemodifier/payload/context/ServicePayloadParamContext;Ljava/util/Map;)V 214 <appendix> member <vmtarget> ; # io/ballerina/stdlib/http/compiler/codemodifier/payload/HttpPayloadParamIdentifier$$Lambda+0x00000001004a8710
instanceKlass io/ballerina/stdlib/http/compiler/codemodifier/payload/context/PayloadParamAvailability
instanceKlass io/ballerina/compiler/api/symbols/resourcepath/ResourcePath
instanceKlass io/ballerina/compiler/api/symbols/ResourceMethodSymbol
instanceKlass io/ballerina/compiler/api/symbols/ExternalFunctionSymbol
instanceKlass io/ballerina/stdlib/http/compiler/ResourceFunctionDefinition
instanceKlass io/ballerina/stdlib/http/compiler/codemodifier/payload/context/ServicePayloadParamContext
instanceKlass io/ballerina/compiler/api/impl/BallerinaModuleID
instanceKlass io/ballerina/compiler/api/ModuleID
instanceKlass  @bci io/ballerina/stdlib/http/compiler/HttpCompilerPluginUtil getServiceDeclarationNode (Lio/ballerina/compiler/syntax/tree/Node;Lio/ballerina/compiler/api/SemanticModel;)Lio/ballerina/compiler/syntax/tree/ServiceDeclarationNode; 53 <appendix> argL0 ; # io/ballerina/stdlib/http/compiler/HttpCompilerPluginUtil$$Lambda+0x000000010048bcd8
instanceKlass io/ballerina/compiler/api/impl/symbols/BallerinaAbsResourcePathAttachPoint
instanceKlass io/ballerina/compiler/api/symbols/AbsResourcePathAttachPoint
instanceKlass io/ballerina/compiler/api/symbols/ServiceDeclarationSymbol
instanceKlass io/ballerina/compiler/api/impl/PositionUtil
instanceKlass  @bci io/ballerina/compiler/api/impl/BallerinaSemanticModel getCompilationUnit (Ljava/lang/String;)Ljava/util/Optional; 80 <appendix> member <vmtarget> ; # io/ballerina/compiler/api/impl/BallerinaSemanticModel$$Lambda+0x00000001004a2a78
instanceKlass io/ballerina/compiler/api/symbols/MethodSymbol
instanceKlass io/ballerina/compiler/api/symbols/ClassSymbol
instanceKlass io/ballerina/compiler/api/symbols/IntersectionTypeSymbol
instanceKlass io/ballerina/compiler/api/symbols/EnumSymbol
instanceKlass io/ballerina/compiler/api/symbols/RecordTypeSymbol
instanceKlass io/ballerina/compiler/api/symbols/TypeDefinitionSymbol
instanceKlass io/ballerina/compiler/api/impl/util/SymbolUtils
instanceKlass io/ballerina/compiler/api/impl/symbols/BallerinaDocumentation
instanceKlass io/ballerina/compiler/api/symbols/Documentation
instanceKlass io/ballerina/compiler/api/impl/values/BallerinaConstantValue
instanceKlass io/ballerina/types/Value
instanceKlass io/ballerina/compiler/api/symbols/ConstantSymbol
instanceKlass io/ballerina/compiler/api/symbols/SingletonTypeSymbol
instanceKlass io/ballerina/compiler/api/symbols/VariableSymbol
instanceKlass io/ballerina/compiler/api/impl/symbols/BallerinaSymbol
instanceKlass io/ballerina/compiler/api/impl/symbols/BallerinaSymbol$SymbolBuilder
instanceKlass io/ballerina/compiler/api/symbols/ArrayTypeSymbol
instanceKlass io/ballerina/compiler/api/symbols/UnionTypeSymbol
instanceKlass io/ballerina/compiler/api/symbols/TupleTypeSymbol
instanceKlass io/ballerina/compiler/api/symbols/TableTypeSymbol
instanceKlass io/ballerina/compiler/api/symbols/MapTypeSymbol
instanceKlass io/ballerina/compiler/api/impl/type/builders/BallerinaUnionTypeBuilder
instanceKlass io/ballerina/compiler/api/TypeBuilder$RECORD$RECORD_FIELD
instanceKlass io/ballerina/compiler/api/impl/type/builders/BallerinaRecordTypeBuilder
instanceKlass io/ballerina/compiler/api/TypeBuilder$OBJECT$OBJECT_FIELD
instanceKlass io/ballerina/compiler/api/TypeBuilder$OBJECT$OBJECT_METHOD
instanceKlass io/ballerina/compiler/api/impl/type/builders/BallerinaObjectTypeBuilder
instanceKlass io/ballerina/compiler/api/TypeBuilder$FUNCTION$PARAMETER_BUILDER
instanceKlass io/ballerina/compiler/api/impl/type/builders/BallerinaFunctionTypeBuilder
instanceKlass io/ballerina/compiler/api/impl/type/builders/BallerinaTableTypeBuilder
instanceKlass io/ballerina/compiler/api/impl/type/builders/BallerinaSingletonTypeBuilder
instanceKlass io/ballerina/compiler/api/impl/type/builders/BallerinaErrorTypeBuilder
instanceKlass io/ballerina/compiler/api/impl/type/builders/BallerinaArrayTypeBuilder
instanceKlass io/ballerina/compiler/api/impl/type/builders/BallerinaTupleTypeBuilder
instanceKlass io/ballerina/compiler/api/impl/type/builders/BallerinaStreamTypeBuilder
instanceKlass io/ballerina/compiler/api/impl/type/builders/BallerinaTypeDescTypeBuilder
instanceKlass io/ballerina/compiler/api/impl/type/builders/BallerinaFutureTypeBuilder
instanceKlass io/ballerina/compiler/api/impl/type/builders/BallerinaMapTypeBuilder
instanceKlass io/ballerina/compiler/api/impl/type/builders/BallerinaXMLTypeBuilder
instanceKlass io/ballerina/compiler/api/TypeBuilder$UNION
instanceKlass io/ballerina/compiler/api/TypeBuilder$RECORD
instanceKlass io/ballerina/compiler/api/TypeBuilder$OBJECT
instanceKlass io/ballerina/compiler/api/TypeBuilder$FUNCTION
instanceKlass io/ballerina/compiler/api/TypeBuilder$TABLE
instanceKlass io/ballerina/compiler/api/TypeBuilder$SINGLETON
instanceKlass io/ballerina/compiler/api/TypeBuilder$ERROR
instanceKlass io/ballerina/compiler/api/TypeBuilder$ARRAY
instanceKlass io/ballerina/compiler/api/TypeBuilder$TUPLE
instanceKlass io/ballerina/compiler/api/TypeBuilder$STREAM
instanceKlass io/ballerina/compiler/api/TypeBuilder$TYPEDESC
instanceKlass io/ballerina/compiler/api/TypeBuilder$FUTURE
instanceKlass io/ballerina/compiler/api/TypeBuilder$MAP
instanceKlass io/ballerina/compiler/api/TypeBuilder$XML
instanceKlass  @bci io/ballerina/stdlib/http/compiler/HttpCompilerPluginUtil diagnosticContainsErrors (Lio/ballerina/projects/plugins/SyntaxNodeAnalysisContext;)Z 18 <appendix> argL0 ; # io/ballerina/stdlib/http/compiler/HttpCompilerPluginUtil$$Lambda+0x000000010048ba98
instanceKlass io/ballerina/stdlib/http/compiler/HttpCompilerPluginUtil
instanceKlass io/ballerina/projects/SyntaxNodeAnalysisContextImpl
instanceKlass io/ballerina/compiler/api/symbols/TypeReferenceTypeSymbol
instanceKlass io/ballerina/compiler/api/symbols/CompilationErrorTypeSymbol
instanceKlass io/ballerina/compiler/api/symbols/ByteTypeSymbol
instanceKlass io/ballerina/compiler/api/symbols/JSONTypeSymbol
instanceKlass io/ballerina/compiler/api/symbols/ReadonlyTypeSymbol
instanceKlass io/ballerina/compiler/api/symbols/NeverTypeSymbol
instanceKlass io/ballerina/compiler/api/symbols/AnydataTypeSymbol
instanceKlass io/ballerina/compiler/api/symbols/AnyTypeSymbol
instanceKlass io/ballerina/compiler/api/symbols/StreamTypeSymbol
instanceKlass io/ballerina/compiler/api/symbols/HandleTypeSymbol
instanceKlass io/ballerina/compiler/api/symbols/TypeDescTypeSymbol
instanceKlass io/ballerina/compiler/api/symbols/FutureTypeSymbol
instanceKlass io/ballerina/compiler/api/symbols/FunctionTypeSymbol
instanceKlass io/ballerina/compiler/api/symbols/ModuleSymbol
instanceKlass io/ballerina/compiler/api/symbols/ErrorTypeSymbol
instanceKlass io/ballerina/compiler/api/symbols/NilTypeSymbol
instanceKlass io/ballerina/compiler/api/symbols/StringTypeSymbol
instanceKlass io/ballerina/compiler/api/symbols/DecimalTypeSymbol
instanceKlass io/ballerina/compiler/api/symbols/FloatTypeSymbol
instanceKlass io/ballerina/compiler/api/impl/symbols/AbstractTypeSymbol
instanceKlass io/ballerina/compiler/api/symbols/BooleanTypeSymbol
instanceKlass io/ballerina/compiler/api/impl/symbols/TypesFactory$1
instanceKlass io/ballerina/compiler/api/TypeBuilder
instanceKlass io/ballerina/compiler/api/Types
instanceKlass io/ballerina/compiler/api/impl/BallerinaSemanticModel
instanceKlass io/ballerina/projects/plugins/SyntaxNodeAnalysisContext
instanceKlass io/ballerina/projects/SyntaxNodeAnalysisTaskRunner
instanceKlass  @bci io/ballerina/projects/CodeModifierManager populateSyntaxNodeTaskMap (Ljava/util/Map;Lio/ballerina/projects/SyntaxNodeAnalysisTask;)V 33 <appendix> argL0 ; # io/ballerina/projects/CodeModifierManager$$Lambda+0x000000010048c220
instanceKlass io/ballerina/projects/CodeModifierManager$CodeModifierTaskResultBuilder
instanceKlass io/ballerina/stdlib/http/compiler/codemodifier/contract/ContractInfoModifierTask
instanceKlass io/ballerina/projects/CodeModifierManager$SourceModifierTask
instanceKlass io/ballerina/stdlib/http/compiler/codemodifier/payload/PayloadAnnotationModifierTask
instanceKlass  @bci io/ballerina/projects/CodeModifierManager$CodeModifierTasks addTask (Lio/ballerina/projects/CodeModifierManager$CodeModifierInfo;Ljava/util/Map;Ljava/lang/Object;)V 2 <appendix> argL0 ; # io/ballerina/projects/CodeModifierManager$CodeModifierTasks$$Lambda+0x0000000100487b88
instanceKlass io/ballerina/projects/SyntaxNodeAnalysisTask
instanceKlass io/ballerina/stdlib/http/compiler/ResourceFunction
instanceKlass io/ballerina/stdlib/http/compiler/HttpServiceValidator
instanceKlass io/ballerina/projects/CodeModifierManager$CodeModifierContextImpl
instanceKlass io/ballerina/projects/CodeModifierManager$CodeModifierTasks
instanceKlass io/ballerina/projects/plugins/CodeModifierContext
instanceKlass io/ballerina/projects/plugins/SourceModifierContext
instanceKlass io/ballerina/projects/CodeModifierManager
instanceKlass io/ballerina/projects/CodeGeneratorResult
instanceKlass io/ballerina/compiler/linter/impl/codeactions/LinterCodeAction
instanceKlass io/ballerina/stdlib/kafka/plugin/KafkaCodeTemplateWithoutCallerParameter
instanceKlass io/ballerina/stdlib/kafka/plugin/PluginConstants
instanceKlass io/ballerina/stdlib/kafka/plugin/KafkaCodeTemplateWithCallerParameter
instanceKlass  @bci io/ballerina/stdlib/http/compiler/HttpCompilerPlugin init (Lio/ballerina/projects/plugins/CompilerPluginContext;)V 78 <appendix> member <vmtarget> ; # io/ballerina/stdlib/http/compiler/HttpCompilerPlugin$$Lambda+0x0000000100489bc8
instanceKlass io/ballerina/stdlib/http/compiler/completion/HttpServiceBodyContextProvider
instanceKlass io/ballerina/projects/plugins/completion/CompletionProvider
instanceKlass sun/invoke/util/VerifyAccess$1
instanceKlass  @bci io/ballerina/stdlib/http/compiler/HttpCompilerPlugin init (Lio/ballerina/projects/plugins/CompilerPluginContext;)V 58 <appendix> member <vmtarget> ; # io/ballerina/stdlib/http/compiler/HttpCompilerPlugin$$Lambda+0x0000000100489760
instanceKlass io/ballerina/stdlib/http/compiler/codeaction/ImplementServiceContract
instanceKlass io/ballerina/stdlib/http/compiler/codeaction/AddInterceptorMethodCodeAction
instanceKlass io/ballerina/stdlib/http/compiler/codeaction/AddResponseCacheConfigCodeAction
instanceKlass io/ballerina/stdlib/http/compiler/codeaction/AddResponseContentTypeCodeAction
instanceKlass io/ballerina/stdlib/http/compiler/codeaction/AddResourceParameterCodeAction
instanceKlass io/ballerina/stdlib/http/compiler/codeaction/ChangeReturnTypeWithCallerCodeAction
instanceKlass io/ballerina/stdlib/http/compiler/codeaction/ChangeHeaderParamTypeCodeAction
instanceKlass io/ballerina/projects/CodeAnalyzerManager$CodeAnalyzerInfo
instanceKlass io/ballerina/projects/CodeModifierManager$CodeModifierInfo
instanceKlass io/ballerina/projects/plugins/ModifierTask
instanceKlass io/ballerina/projects/plugins/AnalysisTask
instanceKlass io/ballerina/projects/CompilerPluginContextIml
instanceKlass io/ballerina/projects/plugins/CodeModifier
instanceKlass  @bci java/io/FilePermissionCollection add (Ljava/security/Permission;)V 68 <appendix> argL0 ; # java/io/FilePermissionCollection$$Lambda+0x00000001004404c0
instanceKlass java/net/URLClassLoader$1
instanceKlass  @bci io/ballerina/projects/internal/plugins/CompilerPlugins createClassLoader (Ljava/util/List;)Ljava/lang/ClassLoader; 1 <appendix> member <vmtarget> ; # io/ballerina/projects/internal/plugins/CompilerPlugins$$Lambda+0x0000000100482d00
instanceKlass  @bci io/ballerina/projects/CompilerPluginManager loadCompilerPlugin (Lio/ballerina/projects/internal/model/CompilerPluginDescriptor;Lio/ballerina/projects/PackageManifest;)Lio/ballerina/projects/CompilerPluginInfo; 17 <appendix> argL0 ; # io/ballerina/projects/CompilerPluginManager$$Lambda+0x0000000100482ad0
instanceKlass io/ballerina/projects/internal/PackageDiagnostic$DiagnosticLocation
instanceKlass  @bci org/wso2/ballerinalang/compiler/semantics/analyzer/CompilerPluginRunner visit (Lorg/wso2/ballerinalang/compiler/tree/BLangPackage;)V 216 <appendix> member <vmtarget> ; # org/wso2/ballerinalang/compiler/semantics/analyzer/CompilerPluginRunner$$Lambda+0x0000000100482678
instanceKlass  @bci org/wso2/ballerinalang/compiler/semantics/analyzer/CompilerPluginRunner visit (Lorg/wso2/ballerinalang/compiler/tree/BLangPackage;)V 164 <appendix> member <vmtarget> ; # org/wso2/ballerinalang/compiler/semantics/analyzer/CompilerPluginRunner$$Lambda+0x0000000100482450
instanceKlass  @bci org/wso2/ballerinalang/compiler/semantics/analyzer/CompilerPluginRunner visit (Lorg/wso2/ballerinalang/compiler/tree/BLangService;)V 20 <appendix> member <vmtarget> ; # org/wso2/ballerinalang/compiler/semantics/analyzer/CompilerPluginRunner$$Lambda+0x0000000100482228
instanceKlass  @bci org/wso2/ballerinalang/compiler/semantics/analyzer/CompilerPluginRunner visit (Lorg/wso2/ballerinalang/compiler/tree/BLangService;)V 8 <appendix> member <vmtarget> ; # org/wso2/ballerinalang/compiler/semantics/analyzer/CompilerPluginRunner$$Lambda+0x0000000100482000
instanceKlass  @bci org/wso2/ballerinalang/compiler/semantics/analyzer/CompilerPluginRunner visit (Lorg/wso2/ballerinalang/compiler/tree/BLangClassDefinition;)V 16 <appendix> member <vmtarget> ; # org/wso2/ballerinalang/compiler/semantics/analyzer/CompilerPluginRunner$$Lambda+0x0000000100481dd8
instanceKlass  @bci org/wso2/ballerinalang/compiler/semantics/analyzer/CompilerPluginRunner visit (Lorg/wso2/ballerinalang/compiler/tree/BLangFunction;)V 8 <appendix> member <vmtarget> ; # org/wso2/ballerinalang/compiler/semantics/analyzer/CompilerPluginRunner$$Lambda+0x0000000100481bb0
instanceKlass  @bci org/wso2/ballerinalang/compiler/semantics/analyzer/CompilerPluginRunner visit (Lorg/wso2/ballerinalang/compiler/tree/BLangTypeDefinition;)V 8 <appendix> member <vmtarget> ; # org/wso2/ballerinalang/compiler/semantics/analyzer/CompilerPluginRunner$$Lambda+0x0000000100481988
instanceKlass  @bci org/wso2/ballerinalang/compiler/semantics/analyzer/CompilerPluginRunner visit (Lorg/wso2/ballerinalang/compiler/tree/BLangSimpleVariable;)V 8 <appendix> member <vmtarget> ; # org/wso2/ballerinalang/compiler/semantics/analyzer/CompilerPluginRunner$$Lambda+0x0000000100481760
instanceKlass  @bci org/wso2/ballerinalang/compiler/semantics/analyzer/CompilerPluginRunner visit (Lorg/wso2/ballerinalang/compiler/tree/BLangPackage;)V 108 <appendix> member <vmtarget> ; # org/wso2/ballerinalang/compiler/semantics/analyzer/CompilerPluginRunner$$Lambda+0x0000000100481538
instanceKlass  @bci org/wso2/ballerinalang/compiler/semantics/analyzer/CompilerPluginRunner visit (Lorg/wso2/ballerinalang/compiler/tree/BLangPackage;)V 58 <appendix> member <vmtarget> ; # org/wso2/ballerinalang/compiler/semantics/analyzer/CompilerPluginRunner$$Lambda+0x0000000100481310
instanceKlass org/ballerinalang/compiler/plugins/SupportedResourceParamTypes
instanceKlass  @bci org/wso2/ballerinalang/compiler/semantics/analyzer/CompilerPluginRunner handleAnnotationProcesses (Lorg/ballerinalang/compiler/plugins/CompilerPlugin;)V 71 <appendix> member <vmtarget> ; # org/wso2/ballerinalang/compiler/semantics/analyzer/CompilerPluginRunner$$Lambda+0x0000000100480ef8
instanceKlass org/ballerinalang/compiler/plugins/SupportedAnnotationPackages
instanceKlass  @bci org/wso2/ballerinalang/compiler/semantics/analyzer/CompilerPluginRunner loadPlugins ()V 5 <appendix> member <vmtarget> ; # org/wso2/ballerinalang/compiler/semantics/analyzer/CompilerPluginRunner$$Lambda+0x0000000100480898
instanceKlass  @bci org/wso2/ballerinalang/compiler/semantics/analyzer/DocumentationAnalyzer visit (Lorg/wso2/ballerinalang/compiler/tree/BLangPackage;Lorg/wso2/ballerinalang/compiler/semantics/analyzer/DocumentationAnalyzer$AnalyzerData;)V 69 <appendix> member <vmtarget> ; # org/wso2/ballerinalang/compiler/semantics/analyzer/DocumentationAnalyzer$$Lambda+0x0000000100480670
instanceKlass  @bci org/wso2/ballerinalang/compiler/semantics/analyzer/DocumentationAnalyzer visit (Lorg/wso2/ballerinalang/compiler/tree/BLangClassDefinition;Lorg/wso2/ballerinalang/compiler/semantics/analyzer/DocumentationAnalyzer$AnalyzerData;)V 106 <appendix> member <vmtarget> ; # org/wso2/ballerinalang/compiler/semantics/analyzer/DocumentationAnalyzer$$Lambda+0x0000000100480448
instanceKlass  @bci org/wso2/ballerinalang/compiler/semantics/analyzer/DocumentationAnalyzer visit (Lorg/wso2/ballerinalang/compiler/tree/BLangPackage;Lorg/wso2/ballerinalang/compiler/semantics/analyzer/DocumentationAnalyzer$AnalyzerData;)V 40 <appendix> member <vmtarget> ; # org/wso2/ballerinalang/compiler/semantics/analyzer/DocumentationAnalyzer$$Lambda+0x000000010043fdc0
instanceKlass org/wso2/ballerinalang/compiler/semantics/analyzer/DocumentationAnalyzer$AnalyzerData
instanceKlass io/ballerina/tools/diagnostics/DiagnosticInfo
instanceKlass org/wso2/ballerinalang/compiler/semantics/analyzer/IsolationAnalyzer$IsolationInferenceInfo
instanceKlass  @bci org/wso2/ballerinalang/compiler/semantics/analyzer/cyclefind/GlobalVariableRefAnalyzer analyzeDependenciesRecursively (Lorg/wso2/ballerinalang/compiler/semantics/analyzer/cyclefind/GlobalVariableRefAnalyzer$NodeInfo;Ljava/util/Set;)Ljava/util/Set; 131 <appendix> member <vmtarget> ; # org/wso2/ballerinalang/compiler/semantics/analyzer/cyclefind/GlobalVariableRefAnalyzer$$Lambda+0x000000010043e1c0
instanceKlass  @bci org/wso2/ballerinalang/compiler/semantics/analyzer/cyclefind/GlobalVariableRefAnalyzer populateFunctionDependencies (Ljava/util/Map;Ljava/util/List;)V 82 <appendix> argL0 ; # org/wso2/ballerinalang/compiler/semantics/analyzer/cyclefind/GlobalVariableRefAnalyzer$$Lambda+0x000000010043dfb0
instanceKlass  @bci org/wso2/ballerinalang/compiler/semantics/analyzer/cyclefind/GlobalVariableRefAnalyzer populateFunctionDependencies (Ljava/util/Map;Ljava/util/List;)V 72 <appendix> argL0 ; # org/wso2/ballerinalang/compiler/semantics/analyzer/cyclefind/GlobalVariableRefAnalyzer$$Lambda+0x000000010043dd80
instanceKlass  @bci org/wso2/ballerinalang/compiler/semantics/analyzer/cyclefind/GlobalVariableRefAnalyzer projectSortToTopLevelNodesList ()V 209 <appendix> argL0 ; # org/wso2/ballerinalang/compiler/semantics/analyzer/cyclefind/GlobalVariableRefAnalyzer$$Lambda+0x000000010043db70
instanceKlass  @bci org/wso2/ballerinalang/compiler/semantics/analyzer/cyclefind/GlobalVariableRefAnalyzer projectSortToTopLevelNodesList ()V 67 <appendix> argL0 ; # org/wso2/ballerinalang/compiler/semantics/analyzer/cyclefind/GlobalVariableRefAnalyzer$$Lambda+0x000000010043d960
instanceKlass  @bci org/wso2/ballerinalang/compiler/semantics/analyzer/cyclefind/GlobalVariableRefAnalyzer projectSortToGlobalVarsList (Ljava/util/Set;)V 54 <appendix> member <vmtarget> ; # org/wso2/ballerinalang/compiler/semantics/analyzer/cyclefind/GlobalVariableRefAnalyzer$$Lambda+0x000000010043d728
instanceKlass  @bci org/wso2/ballerinalang/compiler/semantics/analyzer/cyclefind/GlobalVariableRefAnalyzer projectSortToGlobalVarsList (Ljava/util/Set;)V 38 <appendix> member <vmtarget> ; # org/wso2/ballerinalang/compiler/semantics/analyzer/cyclefind/GlobalVariableRefAnalyzer$$Lambda+0x000000010043d4e0
instanceKlass  @bci org/wso2/ballerinalang/compiler/semantics/analyzer/cyclefind/GlobalVariableRefAnalyzer projectSortToGlobalVarsList (Ljava/util/Set;)V 16 <appendix> member <vmtarget> ; # org/wso2/ballerinalang/compiler/semantics/analyzer/cyclefind/GlobalVariableRefAnalyzer$$Lambda+0x000000010043d2b8
instanceKlass  @bci org/wso2/ballerinalang/compiler/semantics/analyzer/cyclefind/GlobalVariableRefAnalyzer sortConstants (Ljava/util/Set;)V 62 <appendix> member <vmtarget> ; # org/wso2/ballerinalang/compiler/semantics/analyzer/cyclefind/GlobalVariableRefAnalyzer$$Lambda+0x000000010043d080
instanceKlass  @bci org/wso2/ballerinalang/compiler/semantics/analyzer/cyclefind/GlobalVariableRefAnalyzer sortConstants (Ljava/util/Set;)V 46 <appendix> member <vmtarget> ; # org/wso2/ballerinalang/compiler/semantics/analyzer/cyclefind/GlobalVariableRefAnalyzer$$Lambda+0x000000010043ce38
instanceKlass  @bci org/wso2/ballerinalang/compiler/semantics/analyzer/cyclefind/GlobalVariableRefAnalyzer sortConstants (Ljava/util/Set;)V 17 <appendix> argL0 ; # org/wso2/ballerinalang/compiler/semantics/analyzer/cyclefind/GlobalVariableRefAnalyzer$$Lambda+0x000000010043cc08
instanceKlass  @bci org/wso2/ballerinalang/compiler/semantics/analyzer/cyclefind/GlobalVariableRefAnalyzer sortConstants (Ljava/util/Set;)V 12 <appendix> argL0 ; # org/wso2/ballerinalang/compiler/semantics/analyzer/cyclefind/GlobalVariableRefAnalyzer$$Lambda+0x000000010043c9d8
instanceKlass  @bci org/wso2/ballerinalang/compiler/semantics/analyzer/cyclefind/GlobalVariableRefAnalyzer analyzeProvidersRecursively (Lorg/wso2/ballerinalang/compiler/semantics/analyzer/cyclefind/GlobalVariableRefAnalyzer$NodeInfo;)I 100 <appendix> member <vmtarget> ; # org/wso2/ballerinalang/compiler/semantics/analyzer/cyclefind/GlobalVariableRefAnalyzer$$Lambda+0x000000010043c7a0
instanceKlass  @bci org/wso2/ballerinalang/compiler/semantics/analyzer/cyclefind/GlobalVariableRefAnalyzer analyzeDependenciesStartingFrom (Lorg/wso2/ballerinalang/compiler/semantics/model/symbols/BSymbol;)Ljava/util/List; 72 <appendix> argL0 ; # org/wso2/ballerinalang/compiler/semantics/analyzer/cyclefind/GlobalVariableRefAnalyzer$$Lambda+0x000000010043c570
instanceKlass org/wso2/ballerinalang/compiler/semantics/analyzer/cyclefind/GlobalVariableRefAnalyzer$NodeInfo
instanceKlass  @bci org/wso2/ballerinalang/compiler/semantics/analyzer/DataflowAnalyzer visit (Lorg/wso2/ballerinalang/compiler/tree/BLangPackage;)V 198 <appendix> member <vmtarget> ; # org/wso2/ballerinalang/compiler/semantics/analyzer/DataflowAnalyzer$$Lambda+0x000000010043c148
instanceKlass  @bci org/wso2/ballerinalang/compiler/semantics/analyzer/DataflowAnalyzer visit (Lorg/wso2/ballerinalang/compiler/tree/BLangService;)V 70 <appendix> member <vmtarget> ; # org/wso2/ballerinalang/compiler/semantics/analyzer/DataflowAnalyzer$$Lambda+0x000000010043bf20
instanceKlass  @bci org/wso2/ballerinalang/compiler/semantics/analyzer/DataflowAnalyzer visitFunctionBodyWithDynamicEnv (Lorg/wso2/ballerinalang/compiler/tree/BLangFunction;Lorg/wso2/ballerinalang/compiler/semantics/model/SymbolEnv;)V 77 <appendix> member <vmtarget> ; # org/wso2/ballerinalang/compiler/semantics/analyzer/DataflowAnalyzer$$Lambda+0x000000010043bcd8
instanceKlass  @bci org/wso2/ballerinalang/compiler/semantics/analyzer/DataflowAnalyzer mergeUninitializedVars (Ljava/util/Map;Ljava/util/Map;)Ljava/util/Map; 68 <appendix> argL0 ; # org/wso2/ballerinalang/compiler/semantics/analyzer/DataflowAnalyzer$$Lambda+0x000000010043bac8
instanceKlass  @bci org/wso2/ballerinalang/compiler/semantics/analyzer/DataflowAnalyzer mergeUninitializedVars (Ljava/util/Map;Ljava/util/Map;)Ljava/util/Map; 63 <appendix> argL0 ; # org/wso2/ballerinalang/compiler/semantics/analyzer/DataflowAnalyzer$$Lambda+0x000000010043b890
instanceKlass  @bci org/wso2/ballerinalang/compiler/semantics/analyzer/DataflowAnalyzer mergeUninitializedVars (Ljava/util/Map;Ljava/util/Map;)Ljava/util/Map; 58 <appendix> member <vmtarget> ; # org/wso2/ballerinalang/compiler/semantics/analyzer/DataflowAnalyzer$$Lambda+0x000000010043b658
instanceKlass  @bci org/wso2/ballerinalang/compiler/semantics/analyzer/DataflowAnalyzer mergeUninitializedVars (Ljava/util/Map;Ljava/util/Map;)Ljava/util/Map; 52 <appendix> argL0 ; # org/wso2/ballerinalang/compiler/semantics/analyzer/DataflowAnalyzer$$Lambda+0x000000010043b428
instanceKlass  @bci org/wso2/ballerinalang/compiler/semantics/analyzer/DataflowAnalyzer visit (Lorg/wso2/ballerinalang/compiler/tree/statements/BLangBlockStmt;)V 15 <appendix> member <vmtarget> ; # org/wso2/ballerinalang/compiler/semantics/analyzer/DataflowAnalyzer$$Lambda+0x000000010043b200
instanceKlass  @bci org/wso2/ballerinalang/compiler/semantics/analyzer/DataflowAnalyzer visit (Lorg/wso2/ballerinalang/compiler/tree/BLangClassDefinition;)V 470 <appendix> member <vmtarget> ; # org/wso2/ballerinalang/compiler/semantics/analyzer/DataflowAnalyzer$$Lambda+0x000000010043afd8
instanceKlass  @bci org/wso2/ballerinalang/compiler/semantics/analyzer/DataflowAnalyzer visit (Lorg/wso2/ballerinalang/compiler/tree/BLangClassDefinition;)V 459 <appendix> argL0 ; # org/wso2/ballerinalang/compiler/semantics/analyzer/DataflowAnalyzer$$Lambda+0x000000010043ad98
instanceKlass  @bci org/wso2/ballerinalang/compiler/semantics/analyzer/DataflowAnalyzer visit (Lorg/wso2/ballerinalang/compiler/tree/BLangClassDefinition;)V 449 <appendix> member <vmtarget> ; # org/wso2/ballerinalang/compiler/semantics/analyzer/DataflowAnalyzer$$Lambda+0x000000010043ab60
instanceKlass org/wso2/ballerinalang/compiler/semantics/analyzer/DataflowAnalyzer$1
instanceKlass  @bci org/wso2/ballerinalang/compiler/semantics/analyzer/DataflowAnalyzer visit (Lorg/wso2/ballerinalang/compiler/tree/BLangClassDefinition;)V 209 <appendix> member <vmtarget> ; # org/wso2/ballerinalang/compiler/semantics/analyzer/DataflowAnalyzer$$Lambda+0x000000010043a740
instanceKlass  @bci org/wso2/ballerinalang/compiler/semantics/analyzer/DataflowAnalyzer visit (Lorg/wso2/ballerinalang/compiler/tree/BLangClassDefinition;)V 192 <appendix> member <vmtarget> ; # org/wso2/ballerinalang/compiler/semantics/analyzer/DataflowAnalyzer$$Lambda+0x000000010043a0f8
instanceKlass org/wso2/ballerinalang/compiler/semantics/analyzer/DataflowAnalyzer$BranchResult
instanceKlass  @bci org/wso2/ballerinalang/compiler/semantics/analyzer/DataflowAnalyzer visit (Lorg/wso2/ballerinalang/compiler/tree/expressions/BLangInvocation;)V 135 <appendix> member <vmtarget> ; # org/wso2/ballerinalang/compiler/semantics/analyzer/DataflowAnalyzer$$Lambda+0x0000000100439cd0
instanceKlass  @bci org/wso2/ballerinalang/compiler/semantics/analyzer/DataflowAnalyzer visit (Lorg/wso2/ballerinalang/compiler/tree/expressions/BLangInvocation;)V 120 <appendix> member <vmtarget> ; # org/wso2/ballerinalang/compiler/semantics/analyzer/DataflowAnalyzer$$Lambda+0x0000000100439aa8
instanceKlass  @bci org/wso2/ballerinalang/compiler/semantics/analyzer/DataflowAnalyzer visit (Lorg/wso2/ballerinalang/compiler/tree/BLangFunction;)V 66 <appendix> member <vmtarget> ; # org/wso2/ballerinalang/compiler/semantics/analyzer/DataflowAnalyzer$$Lambda+0x0000000100439880
instanceKlass  @bci org/wso2/ballerinalang/compiler/semantics/analyzer/DataflowAnalyzer visit (Lorg/wso2/ballerinalang/compiler/tree/BLangFunction;)V 50 <appendix> member <vmtarget> ; # org/wso2/ballerinalang/compiler/semantics/analyzer/DataflowAnalyzer$$Lambda+0x0000000100439658
instanceKlass  @bci org/wso2/ballerinalang/compiler/semantics/analyzer/DataflowAnalyzer visit (Lorg/wso2/ballerinalang/compiler/tree/types/BLangUnionTypeNode;)V 5 <appendix> member <vmtarget> ; # org/wso2/ballerinalang/compiler/semantics/analyzer/DataflowAnalyzer$$Lambda+0x0000000100439430
instanceKlass  @bci org/wso2/ballerinalang/compiler/semantics/analyzer/DataflowAnalyzer addFunctionToGlobalVarDependency (Lorg/wso2/ballerinalang/compiler/semantics/model/symbols/BSymbol;Lorg/wso2/ballerinalang/compiler/semantics/model/symbols/BSymbol;)V 41 <appendix> argL0 ; # org/wso2/ballerinalang/compiler/semantics/analyzer/DataflowAnalyzer$$Lambda+0x0000000100439200
instanceKlass  @bci org/wso2/ballerinalang/compiler/semantics/analyzer/DataflowAnalyzer addDependency (Lorg/wso2/ballerinalang/compiler/semantics/model/symbols/BSymbol;Lorg/wso2/ballerinalang/compiler/semantics/model/symbols/BSymbol;)V 25 <appendix> argL0 ; # org/wso2/ballerinalang/compiler/semantics/analyzer/DataflowAnalyzer$$Lambda+0x0000000100438fd0
instanceKlass  @bci org/wso2/ballerinalang/compiler/semantics/analyzer/DataflowAnalyzer visit (Lorg/wso2/ballerinalang/compiler/tree/expressions/BLangTypeInit;)V 5 <appendix> member <vmtarget> ; # org/wso2/ballerinalang/compiler/semantics/analyzer/DataflowAnalyzer$$Lambda+0x0000000100438da8
instanceKlass  @bci org/wso2/ballerinalang/compiler/semantics/analyzer/DataflowAnalyzer addNodesToSortedNodeList (Lorg/wso2/ballerinalang/compiler/tree/BLangPackage;Ljava/util/List;)V 5 <appendix> member <vmtarget> ; # org/wso2/ballerinalang/compiler/semantics/analyzer/DataflowAnalyzer$$Lambda+0x0000000100438b80
instanceKlass  @bci org/wso2/ballerinalang/compiler/semantics/analyzer/CodeAnalyzer visit (Lorg/wso2/ballerinalang/compiler/tree/BLangPackage;Lorg/wso2/ballerinalang/compiler/semantics/analyzer/CodeAnalyzer$AnalyzerData;)V 67 <appendix> member <vmtarget> ; # org/wso2/ballerinalang/compiler/semantics/analyzer/CodeAnalyzer$$Lambda+0x0000000100438958
instanceKlass org/wso2/ballerinalang/compiler/semantics/analyzer/MainParameterVisitor
instanceKlass  @bci org/wso2/ballerinalang/compiler/semantics/analyzer/CodeAnalyzer visit (Lorg/wso2/ballerinalang/compiler/tree/expressions/BLangTypeConversionExpr;Lorg/wso2/ballerinalang/compiler/semantics/analyzer/CodeAnalyzer$AnalyzerData;)V 15 <appendix> member <vmtarget> ; # org/wso2/ballerinalang/compiler/semantics/analyzer/CodeAnalyzer$$Lambda+0x0000000100437a58
instanceKlass  @bci org/wso2/ballerinalang/compiler/semantics/analyzer/CodeAnalyzer visit (Lorg/wso2/ballerinalang/compiler/tree/BLangClassDefinition;Lorg/wso2/ballerinalang/compiler/semantics/analyzer/CodeAnalyzer$AnalyzerData;)V 168 <appendix> member <vmtarget> ; # org/wso2/ballerinalang/compiler/semantics/analyzer/CodeAnalyzer$$Lambda+0x0000000100437830
instanceKlass org/wso2/ballerinalang/compiler/semantics/analyzer/ReachabilityAnalyzer$PotentiallyInvalidAssignmentInfo
instanceKlass  @bci org/wso2/ballerinalang/compiler/semantics/analyzer/CodeAnalyzer visit (Lorg/wso2/ballerinalang/compiler/tree/statements/BLangBlockStmt;Lorg/wso2/ballerinalang/compiler/semantics/analyzer/CodeAnalyzer$AnalyzerData;)V 54 <appendix> member <vmtarget> ; # org/wso2/ballerinalang/compiler/semantics/analyzer/CodeAnalyzer$$Lambda+0x0000000100437408
instanceKlass  @bci org/wso2/ballerinalang/compiler/semantics/analyzer/CodeAnalyzer visit (Lorg/wso2/ballerinalang/compiler/tree/BLangFunction;Lorg/wso2/ballerinalang/compiler/semantics/analyzer/CodeAnalyzer$AnalyzerData;)V 60 <appendix> member <vmtarget> ; # org/wso2/ballerinalang/compiler/semantics/analyzer/CodeAnalyzer$$Lambda+0x00000001004371e0
instanceKlass  @bci java/util/Comparator comparingInt (Ljava/util/function/ToIntFunction;)Ljava/util/Comparator; 6 <appendix> member <vmtarget> ; # java/util/Comparator$$Lambda+0x0000000100440000
instanceKlass  @bci org/wso2/ballerinalang/compiler/semantics/analyzer/CodeAnalyzer visit (Lorg/wso2/ballerinalang/compiler/tree/BLangClassDefinition;Lorg/wso2/ballerinalang/compiler/semantics/analyzer/CodeAnalyzer$AnalyzerData;)V 109 <appendix> argL0 ; # org/wso2/ballerinalang/compiler/semantics/analyzer/CodeAnalyzer$$Lambda+0x0000000100436fd0
instanceKlass java/util/function/ToIntFunction
instanceKlass  @bci org/wso2/ballerinalang/compiler/semantics/analyzer/CodeAnalyzer visit (Lorg/wso2/ballerinalang/compiler/tree/BLangFunction;Lorg/wso2/ballerinalang/compiler/semantics/analyzer/CodeAnalyzer$AnalyzerData;)V 248 <appendix> member <vmtarget> ; # org/wso2/ballerinalang/compiler/semantics/analyzer/CodeAnalyzer$$Lambda+0x0000000100436da8
instanceKlass  @bci org/wso2/ballerinalang/compiler/semantics/analyzer/CodeAnalyzer$WorkerActionSystem everyoneDone ()Z 9 <appendix> argL0 ; # org/wso2/ballerinalang/compiler/semantics/analyzer/CodeAnalyzer$WorkerActionSystem$$Lambda+0x0000000100436b68
instanceKlass org/wso2/ballerinalang/compiler/semantics/analyzer/ReachabilityAnalyzer$1
instanceKlass org/wso2/ballerinalang/compiler/semantics/analyzer/ReachabilityAnalyzer$AnalyzerData
instanceKlass org/wso2/ballerinalang/compiler/semantics/analyzer/CodeAnalyzer$WorkerActionStateMachine
instanceKlass org/wso2/ballerinalang/compiler/semantics/analyzer/CodeAnalyzer$WorkerActionSystem
instanceKlass  @bci org/wso2/ballerinalang/compiler/semantics/analyzer/CodeAnalyzer visit (Lorg/wso2/ballerinalang/compiler/tree/BLangTypeDefinition;Lorg/wso2/ballerinalang/compiler/semantics/analyzer/CodeAnalyzer$AnalyzerData;)V 15 <appendix> member <vmtarget> ; # org/wso2/ballerinalang/compiler/semantics/analyzer/CodeAnalyzer$$Lambda+0x00000001004360e8
instanceKlass  @bci org/wso2/ballerinalang/compiler/semantics/analyzer/CodeAnalyzer visit (Lorg/wso2/ballerinalang/compiler/tree/types/BLangUnionTypeNode;Lorg/wso2/ballerinalang/compiler/semantics/analyzer/CodeAnalyzer$AnalyzerData;)V 6 <appendix> member <vmtarget> ; # org/wso2/ballerinalang/compiler/semantics/analyzer/CodeAnalyzer$$Lambda+0x0000000100435ec0
instanceKlass  @bci org/wso2/ballerinalang/compiler/semantics/analyzer/CodeAnalyzer checkForExportableType (Lorg/wso2/ballerinalang/compiler/semantics/model/symbols/BTypeSymbol;Lio/ballerina/tools/diagnostics/Location;Ljava/util/HashSet;)V 165 <appendix> member <vmtarget> ; # org/wso2/ballerinalang/compiler/semantics/analyzer/CodeAnalyzer$$Lambda+0x0000000100435c98
instanceKlass  @bci org/wso2/ballerinalang/compiler/semantics/analyzer/CodeAnalyzer visit (Lorg/wso2/ballerinalang/compiler/tree/BLangSimpleVariable;Lorg/wso2/ballerinalang/compiler/semantics/analyzer/CodeAnalyzer$AnalyzerData;)V 181 <appendix> member <vmtarget> ; # org/wso2/ballerinalang/compiler/semantics/analyzer/CodeAnalyzer$$Lambda+0x0000000100435a70
instanceKlass org/wso2/ballerinalang/compiler/semantics/analyzer/CodeAnalyzer$2
instanceKlass org/wso2/ballerinalang/compiler/semantics/analyzer/CodeAnalyzer$AnalyzerData
instanceKlass  @bci org/wso2/ballerinalang/compiler/semantics/analyzer/SemanticAnalyzer visit (Lorg/wso2/ballerinalang/compiler/tree/BLangPackage;Lorg/wso2/ballerinalang/compiler/semantics/analyzer/SemanticAnalyzer$AnalyzerData;)V 437 <appendix> member <vmtarget> ; # org/wso2/ballerinalang/compiler/semantics/analyzer/SemanticAnalyzer$$Lambda+0x0000000100435030
instanceKlass java/util/stream/ReduceOps$2ReducingSink
instanceKlass  @bci org/wso2/ballerinalang/compiler/semantics/model/symbols/BResourceFunction toString ()Ljava/lang/String; 172 <appendix> argL0 ; # org/wso2/ballerinalang/compiler/semantics/model/symbols/BResourceFunction$$Lambda+0x0000000100434df8
instanceKlass  @bci org/wso2/ballerinalang/compiler/semantics/analyzer/SemanticAnalyzer validateWorkerAnnAttachments (Lorg/wso2/ballerinalang/compiler/tree/expressions/BLangExpression;Lorg/wso2/ballerinalang/compiler/semantics/analyzer/SemanticAnalyzer$AnalyzerData;)V 30 <appendix> member <vmtarget> ; # org/wso2/ballerinalang/compiler/semantics/analyzer/SemanticAnalyzer$$Lambda+0x0000000100434bd0
instanceKlass io/ballerina/types/subtypedata/FutureSubtype
instanceKlass  @bci org/wso2/ballerinalang/compiler/semantics/analyzer/TypeChecker visit (Lorg/wso2/ballerinalang/compiler/tree/expressions/BLangSimpleVarRef;Lorg/wso2/ballerinalang/compiler/semantics/analyzer/TypeChecker$AnalyzerData;)V 646 <appendix> member <vmtarget> ; # org/wso2/ballerinalang/compiler/semantics/analyzer/TypeChecker$$Lambda+0x0000000100434790
instanceKlass  @bci org/wso2/ballerinalang/compiler/semantics/model/types/BInvokableType isDependentlyTyped (Lorg/wso2/ballerinalang/compiler/semantics/model/types/BType;Ljava/util/Set;)Z 179 <appendix> member <vmtarget> ; # org/wso2/ballerinalang/compiler/semantics/model/types/BInvokableType$$Lambda+0x0000000100434548
instanceKlass  @bci org/wso2/ballerinalang/compiler/semantics/analyzer/TypeParamAnalyzer findTypeParamInUnion (Lio/ballerina/tools/diagnostics/Location;Lorg/wso2/ballerinalang/compiler/semantics/model/types/BUnionType;Lorg/wso2/ballerinalang/compiler/semantics/model/types/BUnionType;Lorg/wso2/ballerinalang/compiler/semantics/model/SymbolEnv;Ljava/util/HashSet;Lorg/wso2/ballerinalang/compiler/semantics/analyzer/TypeParamAnalyzer$FindTypeParamResult;)V 83 <appendix> member <vmtarget> ; # org/wso2/ballerinalang/compiler/semantics/analyzer/TypeParamAnalyzer$$Lambda+0x0000000100434300
instanceKlass  @bci org/wso2/ballerinalang/compiler/semantics/analyzer/TypeParamAnalyzer findTypeParamInUnion (Lio/ballerina/tools/diagnostics/Location;Lorg/wso2/ballerinalang/compiler/semantics/model/types/BUnionType;Lorg/wso2/ballerinalang/compiler/semantics/model/types/BUnionType;Lorg/wso2/ballerinalang/compiler/semantics/model/SymbolEnv;Ljava/util/HashSet;Lorg/wso2/ballerinalang/compiler/semantics/analyzer/TypeParamAnalyzer$FindTypeParamResult;)V 45 <appendix> member <vmtarget> ; # org/wso2/ballerinalang/compiler/semantics/analyzer/TypeParamAnalyzer$$Lambda+0x00000001004340b8
instanceKlass  @bci org/wso2/ballerinalang/compiler/semantics/analyzer/SemanticAnalyzer visit (Lorg/wso2/ballerinalang/compiler/tree/BLangResourceFunction;Lorg/wso2/ballerinalang/compiler/semantics/analyzer/SemanticAnalyzer$AnalyzerData;)V 189 <appendix> member <vmtarget> ; # org/wso2/ballerinalang/compiler/semantics/analyzer/SemanticAnalyzer$$Lambda+0x0000000100433e90
instanceKlass  @bci org/wso2/ballerinalang/compiler/semantics/analyzer/SemanticAnalyzer visit (Lorg/wso2/ballerinalang/compiler/tree/BLangResourceFunction;Lorg/wso2/ballerinalang/compiler/semantics/analyzer/SemanticAnalyzer$AnalyzerData;)V 178 <appendix> member <vmtarget> ; # org/wso2/ballerinalang/compiler/semantics/analyzer/SemanticAnalyzer$$Lambda+0x0000000100433c48
instanceKlass java/util/ArrayList$SubList$2
instanceKlass io/ballerina/types/subtypedata/RangeUnion
instanceKlass  @bci io/ballerina/types/typeops/FunctionOps lambda$isEmpty$0 (Lio/ballerina/types/Context;Lio/ballerina/types/Bdd;)Ljava/lang/Boolean; 4 <appendix> argL0 ; # io/ballerina/types/typeops/FunctionOps$$Lambda+0x0000000100433838
instanceKlass  @bci io/ballerina/types/typeops/FunctionOps isEmpty (Lio/ballerina/types/Context;Lio/ballerina/types/SubtypeData;)Z 5 <appendix> argL0 ; # io/ballerina/types/typeops/FunctionOps$$Lambda+0x0000000100433600
instanceKlass  @bci org/wso2/ballerinalang/compiler/semantics/analyzer/TypeChecker setLiteralValueAndGetType (Lorg/wso2/ballerinalang/compiler/tree/expressions/BLangLiteral;Lorg/wso2/ballerinalang/compiler/semantics/model/types/BType;Lorg/wso2/ballerinalang/compiler/semantics/analyzer/TypeChecker$AnalyzerData;)Lorg/wso2/ballerinalang/compiler/semantics/model/types/BType; 477 <appendix> member <vmtarget> ; # org/wso2/ballerinalang/compiler/semantics/analyzer/TypeChecker$$Lambda+0x00000001004333b8
instanceKlass java/util/LinkedList$LLSpliterator
instanceKlass io/ballerina/types/subtypedata/TypedescSubtype
instanceKlass org/wso2/ballerinalang/compiler/semantics/model/SymbolEnv$TypeParamEntry
instanceKlass io/ballerina/types/definition/StreamDefinition
instanceKlass org/wso2/ballerinalang/compiler/semantics/analyzer/ConditionResolver$1
instanceKlass org/wso2/ballerinalang/compiler/semantics/analyzer/ConditionResolver
instanceKlass java/lang/StringLatin1$CharsSpliterator
instanceKlass org/wso2/ballerinalang/compiler/semantics/model/types/BType$NarrowedTypes
instanceKlass  @bci org/wso2/ballerinalang/compiler/semantics/analyzer/Types getRemainingType (Lorg/wso2/ballerinalang/compiler/semantics/model/types/BUnionType;Ljava/util/List;)Lorg/wso2/ballerinalang/compiler/semantics/model/types/BType; 44 <appendix> member <vmtarget> ; # org/wso2/ballerinalang/compiler/semantics/analyzer/Types$$Lambda+0x0000000100432570
instanceKlass org/wso2/ballerinalang/compiler/semantics/analyzer/Types$IntersectionContext
instanceKlass java/text/AttributedCharacterIterator$Attribute
instanceKlass java/text/FieldPosition
instanceKlass  @bci org/wso2/ballerinalang/compiler/util/Unifier getExpectedTypeForInferredTypedescMember (Lorg/wso2/ballerinalang/compiler/semantics/model/types/BUnionType;Lorg/wso2/ballerinalang/compiler/semantics/model/types/BType;Lorg/wso2/ballerinalang/compiler/semantics/model/types/BType;)Lorg/wso2/ballerinalang/compiler/semantics/model/types/BType; 251 <appendix> member <vmtarget> ; # org/wso2/ballerinalang/compiler/util/Unifier$$Lambda+0x0000000100431cf8
instanceKlass  @bci org/wso2/ballerinalang/compiler/semantics/analyzer/Types getAllTypes (Lorg/wso2/ballerinalang/compiler/semantics/model/types/BType;Z)Ljava/util/List; 90 <appendix> member <vmtarget> ; # org/wso2/ballerinalang/compiler/semantics/analyzer/Types$$Lambda+0x0000000100431ad0
instanceKlass org/wso2/ballerinalang/compiler/semantics/analyzer/TypeChecker$TypeSymbolPair
instanceKlass  @bci org/wso2/ballerinalang/compiler/semantics/analyzer/TypeChecker checkRecordLiteralKeyExpr (Lorg/wso2/ballerinalang/compiler/tree/expressions/BLangExpression;ZLorg/wso2/ballerinalang/compiler/semantics/model/types/BRecordType;Lorg/wso2/ballerinalang/compiler/semantics/analyzer/TypeChecker$AnalyzerData;)Lorg/wso2/ballerinalang/compiler/semantics/analyzer/TypeChecker$TypeSymbolPair; 59 <appendix> argL0 ; # org/wso2/ballerinalang/compiler/semantics/analyzer/TypeChecker$$Lambda+0x00000001004316c0
instanceKlass  @bci org/wso2/ballerinalang/compiler/semantics/analyzer/TypeChecker checkRecordLiteralKeyExpr (Lorg/wso2/ballerinalang/compiler/tree/expressions/BLangExpression;ZLorg/wso2/ballerinalang/compiler/semantics/model/types/BRecordType;Lorg/wso2/ballerinalang/compiler/semantics/analyzer/TypeChecker$AnalyzerData;)Lorg/wso2/ballerinalang/compiler/semantics/analyzer/TypeChecker$TypeSymbolPair; 49 <appendix> argL0 ; # org/wso2/ballerinalang/compiler/semantics/analyzer/TypeChecker$$Lambda+0x0000000100431490
instanceKlass  @bci org/wso2/ballerinalang/compiler/semantics/analyzer/SemanticAnalyzer visit (Lorg/wso2/ballerinalang/compiler/tree/BLangClassDefinition;Lorg/wso2/ballerinalang/compiler/semantics/analyzer/SemanticAnalyzer$AnalyzerData;)V 61 <appendix> member <vmtarget> ; # org/wso2/ballerinalang/compiler/semantics/analyzer/SemanticAnalyzer$$Lambda+0x0000000100431268
instanceKlass org/wso2/ballerinalang/compiler/semantics/analyzer/TypeNarrower$1
instanceKlass org/wso2/ballerinalang/compiler/semantics/analyzer/TypeParamAnalyzer$FindTypeParamResult
instanceKlass  @bci org/wso2/ballerinalang/compiler/semantics/analyzer/SemanticAnalyzer visit (Lorg/wso2/ballerinalang/compiler/tree/BLangFunction;Lorg/wso2/ballerinalang/compiler/semantics/analyzer/SemanticAnalyzer$AnalyzerData;)V 157 <appendix> member <vmtarget> ; # org/wso2/ballerinalang/compiler/semantics/analyzer/SemanticAnalyzer$$Lambda+0x0000000100430a50
instanceKlass  @bci org/wso2/ballerinalang/compiler/semantics/analyzer/SemanticAnalyzer visit (Lorg/wso2/ballerinalang/compiler/tree/BLangFunction;Lorg/wso2/ballerinalang/compiler/semantics/analyzer/SemanticAnalyzer$AnalyzerData;)V 87 <appendix> member <vmtarget> ; # org/wso2/ballerinalang/compiler/semantics/analyzer/SemanticAnalyzer$$Lambda+0x0000000100430828
instanceKlass  @bci org/wso2/ballerinalang/compiler/semantics/analyzer/SemanticAnalyzer visit (Lorg/wso2/ballerinalang/compiler/tree/BLangFunction;Lorg/wso2/ballerinalang/compiler/semantics/analyzer/SemanticAnalyzer$AnalyzerData;)V 26 <appendix> argL0 ; # org/wso2/ballerinalang/compiler/semantics/analyzer/SemanticAnalyzer$$Lambda+0x0000000100430608
instanceKlass org/wso2/ballerinalang/compiler/semantics/analyzer/SemanticAnalyzer$3
instanceKlass  @bci io/ballerina/types/typeops/ObjectOps objectBddIsEmpty (Lio/ballerina/types/Context;Lio/ballerina/types/Bdd;)Z 4 <appendix> argL0 ; # io/ballerina/types/typeops/ObjectOps$$Lambda+0x0000000100430000
instanceKlass org/wso2/ballerinalang/compiler/semantics/analyzer/Types$ListenerValidationModel
instanceKlass  @bci io/ballerina/types/typeops/ObjectOps objectSubTypeIsEmpty (Lio/ballerina/types/Context;Lio/ballerina/types/SubtypeData;)Z 5 <appendix> argL0 ; # io/ballerina/types/typeops/ObjectOps$$Lambda+0x000000010042db00
instanceKlass  @bci io/ballerina/types/typeops/MappingOps lambda$mappingSubtypeIsEmpty$0 (Lio/ballerina/types/Context;Lio/ballerina/types/Bdd;)Ljava/lang/Boolean; 4 <appendix> argL0 ; # io/ballerina/types/typeops/MappingOps$$Lambda+0x000000010042d8f0
instanceKlass  @bci io/ballerina/types/typeops/MappingOps mappingSubtypeIsEmpty (Lio/ballerina/types/Context;Lio/ballerina/types/SubtypeData;)Z 5 <appendix> argL0 ; # io/ballerina/types/typeops/MappingOps$$Lambda+0x000000010042d6b8
instanceKlass io/ballerina/types/typeops/MappingPairIterator
instanceKlass io/ballerina/types/typeops/FieldPairs
instanceKlass  @bci io/ballerina/types/typeops/ErrorOps errorBddIsEmpty (Lio/ballerina/types/Context;Lio/ballerina/types/Bdd;)Z 4 <appendix> argL0 ; # io/ballerina/types/typeops/ErrorOps$$Lambda+0x000000010042d000
instanceKlass  @bci io/ballerina/types/typeops/ErrorOps errorSubtypeIsEmpty (Lio/ballerina/types/Context;Lio/ballerina/types/SubtypeData;)Z 29 <appendix> argL0 ; # io/ballerina/types/typeops/ErrorOps$$Lambda+0x000000010042fc58
instanceKlass  @bci org/wso2/ballerinalang/compiler/semantics/model/types/BErrorType$DistinctIdSupplier lambda$get$1 (Ljava/util/Map;Lorg/wso2/ballerinalang/compiler/semantics/model/types/BTypeIdSet$BTypeId;)Ljava/lang/Integer; 3 <appendix> member <vmtarget> ; # org/wso2/ballerinalang/compiler/semantics/model/types/BErrorType$DistinctIdSupplier$$Lambda+0x000000010042fa20
instanceKlass  @bci org/wso2/ballerinalang/compiler/semantics/model/types/BInvokableType isDependentlyTyped (Lorg/wso2/ballerinalang/compiler/semantics/model/types/BType;Ljava/util/Set;)Z 49 <appendix> member <vmtarget> ; # org/wso2/ballerinalang/compiler/semantics/model/types/BInvokableType$$Lambda+0x000000010042f7d8
instanceKlass  @bci org/wso2/ballerinalang/compiler/semantics/model/types/BObjectType semTypeInner ()Lio/ballerina/types/SemType; 207 <appendix> member <vmtarget> ; # org/wso2/ballerinalang/compiler/semantics/model/types/BObjectType$$Lambda+0x000000010042f5b0
instanceKlass  @bci org/wso2/ballerinalang/compiler/semantics/analyzer/Types containsTypeParams (Lorg/wso2/ballerinalang/compiler/semantics/model/types/BInvokableType;)Z 9 <appendix> argL0 ; # org/wso2/ballerinalang/compiler/semantics/analyzer/Types$$Lambda+0x000000010042ef58
instanceKlass  @bci org/wso2/ballerinalang/compiler/semantics/model/types/BObjectType distinctIdWrapper (Lio/ballerina/types/SemType;)Lio/ballerina/types/SemType; 23 <appendix> argL0 ; # org/wso2/ballerinalang/compiler/semantics/model/types/BObjectType$$Lambda+0x000000010042ed20
instanceKlass  @bci org/wso2/ballerinalang/compiler/semantics/model/types/BObjectType distinctIdWrapper (Lio/ballerina/types/SemType;)Lio/ballerina/types/SemType; 12 <appendix> argL0 ; # org/wso2/ballerinalang/compiler/semantics/model/types/BObjectType$$Lambda+0x000000010042eaf0
instanceKlass  @bci org/wso2/ballerinalang/compiler/semantics/model/types/BObjectType$DistinctIdSupplier lambda$get$1 (Ljava/util/Map;Lorg/wso2/ballerinalang/compiler/semantics/model/types/BTypeIdSet$BTypeId;)Ljava/lang/Integer; 3 <appendix> member <vmtarget> ; # org/wso2/ballerinalang/compiler/semantics/model/types/BObjectType$DistinctIdSupplier$$Lambda+0x000000010042e8b8
instanceKlass  @bci org/wso2/ballerinalang/compiler/semantics/model/types/BObjectType$DistinctIdSupplier get ()Ljava/util/List; 46 <appendix> member <vmtarget> ; # org/wso2/ballerinalang/compiler/semantics/model/types/BObjectType$DistinctIdSupplier$$Lambda+0x000000010042e680
instanceKlass  @bci io/ballerina/types/definition/ObjectDefinition define (Lio/ballerina/types/Env;Lio/ballerina/types/definition/ObjectQualifiers;Ljava/util/Collection;)Lio/ballerina/types/SemType; 48 <appendix> member <vmtarget> ; # io/ballerina/types/definition/ObjectDefinition$$Lambda+0x000000010042e448
instanceKlass  @bci org/wso2/ballerinalang/compiler/semantics/model/types/BInvokableType semType ()Lio/ballerina/types/SemType; 130 <appendix> argL0 ; # org/wso2/ballerinalang/compiler/semantics/model/types/BInvokableType$$Lambda+0x000000010042e218
instanceKlass io/ballerina/types/definition/FunctionDefinition
instanceKlass java/lang/invoke/MethodHandleImpl$CountingWrapper$1
instanceKlass  @bci org/wso2/ballerinalang/compiler/semantics/model/types/BObjectType semTypeInner ()Lio/ballerina/types/SemType; 137 <appendix> member <vmtarget> ; # org/wso2/ballerinalang/compiler/semantics/model/types/BObjectType$$Lambda+0x000000010042bcf0
instanceKlass io/ballerina/types/definition/Member$MemberTag
instanceKlass io/ballerina/types/definition/ObjectDefinition
instanceKlass org/wso2/ballerinalang/compiler/util/TypeTags
instanceKlass org/wso2/ballerinalang/compiler/semantics/analyzer/TypeChecker$12
instanceKlass org/wso2/ballerinalang/compiler/semantics/analyzer/QueryTypeChecker$AnalyzerData
instanceKlass org/wso2/ballerinalang/compiler/semantics/analyzer/TypeChecker$AnalyzerData
instanceKlass  @bci org/wso2/ballerinalang/compiler/semantics/analyzer/SemanticAnalyzer visit (Lorg/wso2/ballerinalang/compiler/tree/BLangSimpleVariable;Lorg/wso2/ballerinalang/compiler/semantics/analyzer/SemanticAnalyzer$AnalyzerData;)V 323 <adapter> ; # java/lang/invoke/LambdaForm$MH+0x000000010042cc00
instanceKlass  @bci org/wso2/ballerinalang/compiler/semantics/analyzer/SemanticAnalyzer visit (Lorg/wso2/ballerinalang/compiler/tree/BLangSimpleVariable;Lorg/wso2/ballerinalang/compiler/semantics/analyzer/SemanticAnalyzer$AnalyzerData;)V 323 <appendix> member <vmtarget> ; # org/wso2/ballerinalang/compiler/semantics/analyzer/SemanticAnalyzer$$Lambda+0x0000000100429638
instanceKlass  @cpi org/wso2/ballerinalang/compiler/semantics/analyzer/SemanticAnalyzer 4881 form vmentry <vmtarget> ; # java/lang/invoke/LambdaForm$DMH+0x000000010042c800
instanceKlass  @bci org/wso2/ballerinalang/compiler/semantics/analyzer/SemanticAnalyzer visit (Lorg/wso2/ballerinalang/compiler/tree/BLangTypeDefinition;Lorg/wso2/ballerinalang/compiler/semantics/analyzer/SemanticAnalyzer$AnalyzerData;)V 25 <appendix> member <vmtarget> ; # org/wso2/ballerinalang/compiler/semantics/analyzer/SemanticAnalyzer$$Lambda+0x0000000100429410
instanceKlass io/ballerina/types/Common$1
instanceKlass  @bci io/ballerina/types/typeops/ListOps listFormulaIsEmpty (Lio/ballerina/types/Context;Lio/ballerina/types/Conjunction;Lio/ballerina/types/Conjunction;)Z 203 <appendix> argL0 ; # io/ballerina/types/typeops/ListOps$$Lambda+0x0000000100429008
instanceKlass io/ballerina/types/typeops/CellOps$1
instanceKlass  @bci io/ballerina/types/typeops/CellOps cellFormulaIsEmpty (Lio/ballerina/types/Context;Lio/ballerina/types/SubtypeData;)Z 7 <appendix> argL0 ; # io/ballerina/types/typeops/CellOps$$Lambda+0x0000000100428c00
instanceKlass io/ballerina/types/typeops/TwoTuple
instanceKlass java/util/stream/Sink$ChainedInt
instanceKlass java/util/stream/Sink$OfInt
instanceKlass java/util/function/IntConsumer
instanceKlass  @bci io/ballerina/projects/JBallerinaBackend copyJar (Lorg/apache/commons/compress/archivers/zip/ZipArchiveOutputStream;Lio/ballerina/projects/JarLibrary;Ljava/util/HashMap;Ljava/util/HashMap;)V 35 <appendix> form vmentry <vmtarget> ; # java/lang/invoke/LambdaForm$DMH+0x000000010042c400
instanceKlass  @bci io/ballerina/types/typeops/ListOps listIntersectWith (Lio/ballerina/types/Env;Lio/ballerina/types/FixedLengthArray;Lio/ballerina/types/CellSemType;Lio/ballerina/types/FixedLengthArray;Lio/ballerina/types/CellSemType;)Lio/ballerina/types/typeops/TwoTuple; 38 <appendix> member <vmtarget> ; # io/ballerina/types/typeops/ListOps$$Lambda+0x00000001004287e8
instanceKlass  @cpi io/ballerina/types/typeops/ListOps 461 form vmentry <vmtarget> ; # java/lang/invoke/LambdaForm$DMH+0x000000010042c000
instanceKlass java/util/stream/Streams$RangeIntSpliterator
instanceKlass java/util/stream/IntStream
instanceKlass  @bci io/ballerina/types/typeops/ListOps lambda$listSubtypeIsEmpty$0 (Lio/ballerina/types/Context;Lio/ballerina/types/Bdd;)Ljava/lang/Boolean; 4 <appendix> argL0 ; # io/ballerina/types/typeops/ListOps$$Lambda+0x00000001004285d8
instanceKlass io/ballerina/types/Conjunction
instanceKlass io/ballerina/types/Common$BddPredicate
instanceKlass io/ballerina/types/BddMemo
instanceKlass  @bci io/ballerina/types/typeops/ListOps listSubtypeIsEmpty (Lio/ballerina/types/Context;Lio/ballerina/types/SubtypeData;)Z 5 <appendix> argL0 ; # io/ballerina/types/typeops/ListOps$$Lambda+0x0000000100422800
instanceKlass io/ballerina/types/Common$BddIsEmptyPredicate
instanceKlass  @bci org/wso2/ballerinalang/compiler/semantics/analyzer/SemanticAnalyzer validateAnnotationAttachmentCount (Ljava/util/List;)V 73 <appendix> member <vmtarget> ; # org/wso2/ballerinalang/compiler/semantics/analyzer/SemanticAnalyzer$$Lambda+0x0000000100423a78
instanceKlass org/wso2/ballerinalang/compiler/semantics/analyzer/Types$CommonAnalyzerData
instanceKlass org/wso2/ballerinalang/compiler/semantics/analyzer/SemanticAnalyzer$AnalyzerData
instanceKlass  @bci org/wso2/ballerinalang/compiler/semantics/analyzer/SymbolEnter visit (Lorg/wso2/ballerinalang/compiler/tree/BLangPackage;)V 195 <appendix> member <vmtarget> ; # org/wso2/ballerinalang/compiler/semantics/analyzer/SymbolEnter$$Lambda+0x0000000100423450
instanceKlass  @bci org/wso2/ballerinalang/compiler/semantics/analyzer/SymbolEnter defineConstructs (Lorg/wso2/ballerinalang/compiler/tree/BLangPackage;Lorg/wso2/ballerinalang/compiler/semantics/model/SymbolEnv;)V 577 <appendix> member <vmtarget> ; # org/wso2/ballerinalang/compiler/semantics/analyzer/SymbolEnter$$Lambda+0x0000000100423228
instanceKlass  @bci org/wso2/ballerinalang/compiler/semantics/analyzer/SymbolEnter defineConstructs (Lorg/wso2/ballerinalang/compiler/tree/BLangPackage;Lorg/wso2/ballerinalang/compiler/semantics/model/SymbolEnv;)V 502 <appendix> member <vmtarget> ; # org/wso2/ballerinalang/compiler/semantics/analyzer/SymbolEnter$$Lambda+0x0000000100423000
instanceKlass org/wso2/ballerinalang/compiler/semantics/analyzer/SemTypeHelper$1
instanceKlass  @bci org/wso2/ballerinalang/compiler/semantics/analyzer/SymbolEnter createResourceFunction (Lorg/wso2/ballerinalang/compiler/tree/BLangFunction;Lorg/wso2/ballerinalang/compiler/semantics/model/symbols/BInvokableSymbol;Lorg/wso2/ballerinalang/compiler/semantics/model/types/BInvokableType;)Lorg/wso2/ballerinalang/compiler/semantics/model/symbols/BAttachedFunction; 45 <appendix> argL0 ; # org/wso2/ballerinalang/compiler/semantics/analyzer/SymbolEnter$$Lambda+0x0000000100427a90
instanceKlass org/wso2/ballerinalang/compiler/semantics/analyzer/SemTypeHelper
instanceKlass  @bci org/wso2/ballerinalang/compiler/semantics/model/types/BErrorType distinctIdWrapper (Lio/ballerina/types/SemType;)Lio/ballerina/types/SemType; 23 <appendix> argL0 ; # org/wso2/ballerinalang/compiler/semantics/model/types/BErrorType$$Lambda+0x0000000100427660
instanceKlass  @bci org/wso2/ballerinalang/compiler/semantics/model/types/BErrorType distinctIdWrapper (Lio/ballerina/types/SemType;)Lio/ballerina/types/SemType; 12 <appendix> argL0 ; # org/wso2/ballerinalang/compiler/semantics/model/types/BErrorType$$Lambda+0x0000000100427430
instanceKlass  @bci org/wso2/ballerinalang/compiler/semantics/model/types/BErrorType$DistinctIdSupplier get ()Ljava/util/List; 46 <appendix> member <vmtarget> ; # org/wso2/ballerinalang/compiler/semantics/model/types/BErrorType$DistinctIdSupplier$$Lambda+0x00000001004271f8
instanceKlass io/ballerina/types/Error
# instanceKlass java/lang/invoke/LambdaForm$MH+0x0000000100422400
# instanceKlass java/lang/invoke/LambdaForm$MH+0x0000000100422000
# instanceKlass java/lang/invoke/LambdaForm$MH+0x0000000100421c00
# instanceKlass java/lang/invoke/LambdaForm$MH+0x0000000100421800
# instanceKlass java/lang/invoke/LambdaForm$MH+0x0000000100421400
instanceKlass  @bci java/lang/invoke/BootstrapMethodInvoker invoke (Ljava/lang/Class;Ljava/lang/invoke/MethodHandle;Ljava/lang/String;Ljava/lang/Object;Ljava/lang/Object;Ljava/lang/Class;)Ljava/lang/Object; 930 <adapter> ; # java/lang/invoke/LambdaForm$MH+0x0000000100421000
instanceKlass  @bci org/wso2/ballerinalang/compiler/semantics/analyzer/SymbolResolver transform (Lorg/wso2/ballerinalang/compiler/tree/types/BLangErrorType;Lorg/wso2/ballerinalang/compiler/semantics/analyzer/SymbolResolver$AnalyzerData;)Lorg/wso2/ballerinalang/compiler/semantics/model/types/BType; 9 <appendix> member <vmtarget> ; # org/wso2/ballerinalang/compiler/semantics/analyzer/SymbolResolver$$Lambda+0x0000000100426dc8
instanceKlass  @bci org/wso2/ballerinalang/compiler/semantics/model/types/BTupleType getTupleTypes ()Ljava/util/List; 32 <appendix> member <vmtarget> ; # org/wso2/ballerinalang/compiler/semantics/model/types/BTupleType$$Lambda+0x0000000100426ba0
instanceKlass io/ballerina/runtime/api/flags/SymbolFlags
instanceKlass  @bci org/wso2/ballerinalang/compiler/semantics/analyzer/SemanticAnalyzer visit (Lorg/wso2/ballerinalang/compiler/tree/BLangFunction;Lorg/wso2/ballerinalang/compiler/semantics/analyzer/SemanticAnalyzer$AnalyzerData;)V 87 <appendix> form vmentry <vmtarget> ; # java/lang/invoke/LambdaForm$DMH+0x0000000100420c00
instanceKlass  @bci org/wso2/ballerinalang/compiler/semantics/analyzer/SymbolEnter defineFunctionsOfClassDef (Lorg/wso2/ballerinalang/compiler/semantics/model/SymbolEnv;Lorg/wso2/ballerinalang/compiler/tree/BLangClassDefinition;)V 73 <appendix> member <vmtarget> ; # org/wso2/ballerinalang/compiler/semantics/analyzer/SymbolEnter$$Lambda+0x0000000100426780
instanceKlass  @cpi org/wso2/ballerinalang/compiler/semantics/analyzer/SemanticAnalyzer 4847 form vmentry <vmtarget> ; # java/lang/invoke/LambdaForm$DMH+0x0000000100420800
instanceKlass  @bci org/wso2/ballerinalang/compiler/semantics/analyzer/SymbolEnter defineInvokableSymbolParams (Lorg/wso2/ballerinalang/compiler/tree/BLangInvokableNode;Lorg/wso2/ballerinalang/compiler/semantics/model/symbols/BInvokableSymbol;Lorg/wso2/ballerinalang/compiler/semantics/model/SymbolEnv;)V 89 <appendix> argL0 ; # org/wso2/ballerinalang/compiler/semantics/analyzer/SymbolEnter$$Lambda+0x0000000100426550
instanceKlass  @bci org/wso2/ballerinalang/compiler/semantics/model/SymbolEnv cloneSymbolEnvForClosure (Lorg/wso2/ballerinalang/compiler/tree/BLangNode;Lorg/wso2/ballerinalang/compiler/semantics/model/SymbolEnv;)Lorg/wso2/ballerinalang/compiler/semantics/model/SymbolEnv; 43 <appendix> member <vmtarget> ; # org/wso2/ballerinalang/compiler/semantics/model/SymbolEnv$$Lambda+0x0000000100426328
instanceKlass  @bci org/wso2/ballerinalang/compiler/semantics/model/SymbolEnv cloneSymbolEnvForClosure (Lorg/wso2/ballerinalang/compiler/tree/BLangNode;Lorg/wso2/ballerinalang/compiler/semantics/model/SymbolEnv;)Lorg/wso2/ballerinalang/compiler/semantics/model/SymbolEnv; 32 <appendix> argL0 ; # org/wso2/ballerinalang/compiler/semantics/model/SymbolEnv$$Lambda+0x00000001004260e8
instanceKlass org/wso2/ballerinalang/compiler/desugar/ASTBuilderUtil
instanceKlass  @bci org/wso2/ballerinalang/compiler/semantics/analyzer/SymbolEnter getTypePrecedenceComparator ()Ljava/util/Comparator; 0 <appendix> argL0 ; # org/wso2/ballerinalang/compiler/semantics/analyzer/SymbolEnter$$Lambda+0x00000001004259c0
instanceKlass  @bci org/wso2/ballerinalang/compiler/bir/codegen/JvmValueGen generateValueClasses (Lorg/wso2/ballerinalang/compiler/bir/codegen/JarEntries;Lorg/wso2/ballerinalang/compiler/bir/codegen/split/JvmConstantsGen;Lorg/wso2/ballerinalang/compiler/bir/codegen/JvmTypeGen;Lorg/wso2/ballerinalang/compiler/bir/codegen/internal/AsyncDataCollector;)V 27 <appendix> form vmentry <vmtarget> ; # java/lang/invoke/LambdaForm$DMH+0x0000000100420400
instanceKlass  @bci org/wso2/ballerinalang/compiler/semantics/analyzer/SymbolEnter resolveIncludedFields (Lorg/wso2/ballerinalang/compiler/tree/types/BLangStructureTypeNode;)V 128 <appendix> member <vmtarget> ; # org/wso2/ballerinalang/compiler/semantics/analyzer/SymbolEnter$$Lambda+0x0000000100425788
instanceKlass org/wso2/ballerinalang/compiler/semantics/analyzer/SymbolResolver$AnalyzerData
instanceKlass  @bci org/wso2/ballerinalang/compiler/semantics/analyzer/SymbolEnter getFieldCollector ()Ljava/util/stream/Collector; 15 <appendix> argL0 ; # org/wso2/ballerinalang/compiler/semantics/analyzer/SymbolEnter$$Lambda+0x0000000100425378
instanceKlass  @bci org/wso2/ballerinalang/compiler/semantics/analyzer/SymbolEnter getFieldCollector ()Ljava/util/stream/Collector; 6 <appendix> argL0 ; # org/wso2/ballerinalang/compiler/semantics/analyzer/SymbolEnter$$Lambda+0x0000000100425148
instanceKlass  @bci org/wso2/ballerinalang/compiler/semantics/analyzer/SymbolEnter getFieldCollector ()Ljava/util/stream/Collector; 0 <appendix> argL0 ; # org/wso2/ballerinalang/compiler/semantics/analyzer/SymbolEnter$$Lambda+0x0000000100424f10
instanceKlass  @bci org/wso2/ballerinalang/compiler/semantics/analyzer/SymbolEnter resolveFields (Lorg/wso2/ballerinalang/compiler/semantics/model/types/BStructureType;Lorg/wso2/ballerinalang/compiler/tree/types/BLangStructureTypeNode;)V 39 <appendix> member <vmtarget> ; # org/wso2/ballerinalang/compiler/semantics/analyzer/SymbolEnter$$Lambda+0x0000000100424cd8
instanceKlass  @bci org/wso2/ballerinalang/compiler/semantics/analyzer/SymbolEnter resolveFields (Lorg/wso2/ballerinalang/compiler/semantics/model/types/BStructureType;Lorg/wso2/ballerinalang/compiler/tree/types/BLangStructureTypeNode;)V 28 <appendix> member <vmtarget> ; # org/wso2/ballerinalang/compiler/semantics/analyzer/SymbolEnter$$Lambda+0x0000000100424a90
instanceKlass  @bci org/wso2/ballerinalang/compiler/semantics/analyzer/SymbolEnter resolveFields (Lorg/wso2/ballerinalang/compiler/semantics/model/types/BStructureType;Lorg/wso2/ballerinalang/compiler/tree/types/BLangStructureTypeNode;)V 17 <appendix> member <vmtarget> ; # org/wso2/ballerinalang/compiler/semantics/analyzer/SymbolEnter$$Lambda+0x0000000100424868
instanceKlass  @bci org/wso2/ballerinalang/compiler/semantics/analyzer/TypeResolver defineTypeDefinition (Lorg/wso2/ballerinalang/compiler/tree/BLangTypeDefinition;Lorg/wso2/ballerinalang/compiler/semantics/model/types/BType;Lorg/wso2/ballerinalang/compiler/semantics/model/SymbolEnv;)Lorg/wso2/ballerinalang/compiler/semantics/model/types/BType; 737 <appendix> argL0 ; # org/wso2/ballerinalang/compiler/semantics/analyzer/TypeResolver$$Lambda+0x0000000100424628
instanceKlass org/wso2/ballerinalang/compiler/semantics/analyzer/TypeResolver$ResolverData
instanceKlass org/wso2/ballerinalang/compiler/semantics/analyzer/TypeResolver$1
instanceKlass org/wso2/ballerinalang/compiler/semantics/analyzer/SymbolEnter$ImportResolveHolder
instanceKlass  @bci org/wso2/ballerinalang/compiler/semantics/analyzer/SymbolEnter visit (Lorg/wso2/ballerinalang/compiler/tree/BLangImportPackage;)V 374 <appendix> argL0 ; # org/wso2/ballerinalang/compiler/semantics/analyzer/SymbolEnter$$Lambda+0x0000000100424000
instanceKlass  @bci org/wso2/ballerinalang/compiler/semantics/analyzer/SymbolEnter visit (Lorg/wso2/ballerinalang/compiler/tree/BLangImportPackage;)V 346 <appendix> member <vmtarget> ; # org/wso2/ballerinalang/compiler/semantics/analyzer/SymbolEnter$$Lambda+0x000000010041fbc0
instanceKlass  @bci org/wso2/ballerinalang/compiler/tree/BLangImportPackage getQualifiedPackageName ()Ljava/lang/String; 19 <appendix> argL0 ; # org/wso2/ballerinalang/compiler/tree/BLangImportPackage$$Lambda+0x000000010041f990
instanceKlass  @bci org/wso2/ballerinalang/compiler/semantics/analyzer/SymbolEnter defineConstructs (Lorg/wso2/ballerinalang/compiler/tree/BLangPackage;Lorg/wso2/ballerinalang/compiler/semantics/model/SymbolEnv;)V 15 <appendix> member <vmtarget> ; # org/wso2/ballerinalang/compiler/semantics/analyzer/SymbolEnter$$Lambda+0x000000010041f768
instanceKlass  @cpi io/ballerina/projects/JBallerinaBackend 1682 form vmentry <vmtarget> ; # java/lang/invoke/LambdaForm$DMH+0x0000000100420000
instanceKlass org/wso2/ballerinalang/compiler/semantics/analyzer/SymbolEnter$3
instanceKlass  @bci org/wso2/ballerinalang/compiler/semantics/analyzer/SymbolEnter populateCompilationUnit (Lorg/wso2/ballerinalang/compiler/tree/BLangPackage;Lorg/wso2/ballerinalang/compiler/tree/BLangCompilationUnit;)V 6 <appendix> member <vmtarget> ; # org/wso2/ballerinalang/compiler/semantics/analyzer/SymbolEnter$$Lambda+0x000000010041f348
instanceKlass  @bci org/wso2/ballerinalang/compiler/semantics/analyzer/SymbolEnter populatePackageNode (Lorg/wso2/ballerinalang/compiler/tree/BLangPackage;)V 8 <appendix> member <vmtarget> ; # org/wso2/ballerinalang/compiler/semantics/analyzer/SymbolEnter$$Lambda+0x000000010041f120
instanceKlass  @bci org/wso2/ballerinalang/compiler/parser/BLangNodeBuilder transform (Lio/ballerina/compiler/syntax/tree/ServiceDeclarationNode;)Lorg/wso2/ballerinalang/compiler/tree/BLangNode; 273 <appendix> member <vmtarget> ; # org/wso2/ballerinalang/compiler/parser/BLangNodeBuilder$$Lambda+0x000000010041eef8
instanceKlass  @bci org/wso2/ballerinalang/compiler/parser/BLangNodeBuilder transform (Lio/ballerina/compiler/syntax/tree/OnFailClauseNode;)Lorg/wso2/ballerinalang/compiler/tree/BLangNode; 24 <appendix> member <vmtarget> ; # org/wso2/ballerinalang/compiler/parser/BLangNodeBuilder$$Lambda+0x000000010041ecd0
instanceKlass  @bci org/wso2/ballerinalang/compiler/parser/BLangNodeBuilder transform (Lio/ballerina/compiler/syntax/tree/DoStatementNode;)Lorg/wso2/ballerinalang/compiler/tree/BLangNode; 51 <appendix> member <vmtarget> ; # org/wso2/ballerinalang/compiler/parser/BLangNodeBuilder$$Lambda+0x000000010041eaa8
instanceKlass  @bci org/wso2/ballerinalang/compiler/parser/BLangNodeBuilder transform (Lio/ballerina/compiler/syntax/tree/ForEachStatementNode;)Lorg/wso2/ballerinalang/compiler/tree/BLangNode; 117 <appendix> member <vmtarget> ; # org/wso2/ballerinalang/compiler/parser/BLangNodeBuilder$$Lambda+0x000000010041e880
instanceKlass  @bci org/wso2/ballerinalang/compiler/parser/BLangNodeBuilder transform (Lio/ballerina/compiler/syntax/tree/MatchStatementNode;)Lorg/wso2/ballerinalang/compiler/tree/BLangNode; 252 <appendix> member <vmtarget> ; # org/wso2/ballerinalang/compiler/parser/BLangNodeBuilder$$Lambda+0x000000010041e658
instanceKlass  @bci org/wso2/ballerinalang/compiler/parser/BLangNodeBuilder transform (Lio/ballerina/compiler/syntax/tree/WhileStatementNode;)Lorg/wso2/ballerinalang/compiler/tree/BLangNode; 63 <appendix> member <vmtarget> ; # org/wso2/ballerinalang/compiler/parser/BLangNodeBuilder$$Lambda+0x000000010041e430
instanceKlass  @bci org/wso2/ballerinalang/compiler/parser/BLangNodeBuilder transform (Lio/ballerina/compiler/syntax/tree/IfElseStatementNode;)Lorg/wso2/ballerinalang/compiler/tree/BLangNode; 49 <appendix> member <vmtarget> ; # org/wso2/ballerinalang/compiler/parser/BLangNodeBuilder$$Lambda+0x000000010041e208
instanceKlass  @bci io/ballerina/compiler/syntax/tree/AbstractNodeFactory createNodeList (Ljava/util/Collection;)Lio/ballerina/compiler/syntax/tree/NodeList; 20 <appendix> argL0 ; # io/ballerina/compiler/syntax/tree/AbstractNodeFactory$$Lambda+0x000000010041dbb8
instanceKlass  @bci io/ballerina/compiler/syntax/tree/AbstractNodeFactory createNodeList (Ljava/util/Collection;)Lio/ballerina/compiler/syntax/tree/NodeList; 10 <appendix> argL0 ; # io/ballerina/compiler/syntax/tree/AbstractNodeFactory$$Lambda+0x000000010041d988
instanceKlass io/ballerina/compiler/syntax/tree/Minutiae
instanceKlass io/ballerina/compiler/syntax/tree/MinutiaeList
instanceKlass io/ballerina/compiler/syntax/tree/AbstractNodeFactory
instanceKlass  @bci org/wso2/ballerinalang/compiler/parser/BLangNodeBuilder transform (Lio/ballerina/compiler/syntax/tree/ClassDefinitionNode;)Lorg/wso2/ballerinalang/compiler/tree/BLangNode; 67 <appendix> member <vmtarget> ; # org/wso2/ballerinalang/compiler/parser/BLangNodeBuilder$$Lambda+0x000000010041c908
instanceKlass org/wso2/ballerinalang/compiler/tree/OCEDynamicEnvironmentData
instanceKlass  @bci org/wso2/ballerinalang/compiler/parser/BLangNodeBuilder createBLangInvocation (Lio/ballerina/compiler/syntax/tree/Node;Lio/ballerina/compiler/syntax/tree/NodeList;Lio/ballerina/tools/diagnostics/Location;Z)Lorg/wso2/ballerinalang/compiler/tree/expressions/BLangInvocation; 65 <appendix> member <vmtarget> ; # org/wso2/ballerinalang/compiler/parser/BLangNodeBuilder$$Lambda+0x000000010041c4d8
instanceKlass  @bci org/wso2/ballerinalang/compiler/parser/BLangNodeBuilder transform (Lio/ballerina/compiler/syntax/tree/RequiredParameterNode;)Lorg/wso2/ballerinalang/compiler/tree/BLangNode; 7 <appendix> member <vmtarget> ; # org/wso2/ballerinalang/compiler/parser/BLangNodeBuilder$$Lambda+0x000000010041be90
instanceKlass  @bci org/wso2/ballerinalang/compiler/parser/BLangNodeBuilder transform (Lio/ballerina/compiler/syntax/tree/TypeDefinitionNode;)Lorg/wso2/ballerinalang/compiler/tree/BLangNode; 80 <appendix> member <vmtarget> ; # org/wso2/ballerinalang/compiler/parser/BLangNodeBuilder$$Lambda+0x000000010041bc68
instanceKlass org/ballerinalang/model/TreeUtils
instanceKlass  @bci org/wso2/ballerinalang/compiler/parser/BLangNodeBuilder getDocumentationString (Ljava/util/Optional;)Ljava/util/Optional; 1 <appendix> argL0 ; # org/wso2/ballerinalang/compiler/parser/BLangNodeBuilder$$Lambda+0x000000010041b840
instanceKlass  @bci org/wso2/ballerinalang/compiler/parser/BLangNodeBuilder getAnnotations (Ljava/util/Optional;)Lio/ballerina/compiler/syntax/tree/NodeList; 1 <appendix> argL0 ; # org/wso2/ballerinalang/compiler/parser/BLangNodeBuilder$$Lambda+0x000000010041b610
instanceKlass org/wso2/ballerinalang/compiler/parser/BLangNodeBuilder$1
instanceKlass org/wso2/ballerinalang/compiler/parser/BLangNodeBuilder$SimpleVarBuilder
instanceKlass  @bci org/wso2/ballerinalang/compiler/parser/BLangNodeBuilder transform (Lio/ballerina/compiler/syntax/tree/ImportDeclarationNode;)Lorg/wso2/ballerinalang/compiler/tree/BLangNode; 57 <appendix> member <vmtarget> ; # org/wso2/ballerinalang/compiler/parser/BLangNodeBuilder$$Lambda+0x000000010041a3a8
instanceKlass io/ballerina/compiler/syntax/tree/NodeTransformer
instanceKlass io/ballerina/projects/internal/ModuleContextDataHolder
instanceKlass org/wso2/ballerinalang/compiler/semantics/analyzer/cyclefind/GlobalVariableRefAnalyzer
instanceKlass org/wso2/ballerinalang/compiler/bir/emit/BIREmitter
instanceKlass org/wso2/ballerinalang/compiler/bir/model/BIRNode$BIRMappingConstructorEntry
instanceKlass org/wso2/ballerinalang/compiler/bir/codegen/optimizer/LargeMethodOptimizer
instanceKlass org/wso2/ballerinalang/compiler/bir/model/BIRVisitor
instanceKlass org/wso2/ballerinalang/compiler/bir/optimizer/BIROptimizer
instanceKlass org/wso2/ballerinalang/compiler/bir/model/BIRAssignInstruction
instanceKlass org/wso2/ballerinalang/compiler/bir/model/BIRInstruction
instanceKlass org/wso2/ballerinalang/compiler/bir/model/BIRNode
instanceKlass org/wso2/ballerinalang/compiler/desugar/MockDesugar
instanceKlass org/wso2/ballerinalang/compiler/desugar/DeclarativeAuthDesugar
instanceKlass org/wso2/ballerinalang/compiler/desugar/ServiceDesugar
instanceKlass org/wso2/ballerinalang/compiler/desugar/LargeMethodSplitter
instanceKlass org/wso2/ballerinalang/compiler/desugar/Code2CloudDesugar
instanceKlass org/wso2/ballerinalang/compiler/desugar/ObservabilityDesugar
instanceKlass org/wso2/ballerinalang/compiler/desugar/AnnotationDesugar
instanceKlass org/ballerinalang/testerina/core/TesterinaRegistry
instanceKlass org/ballerinalang/compiler/plugins/AbstractCompilerPlugin
instanceKlass  @bci org/wso2/ballerinalang/compiler/semantics/analyzer/CompilerPluginRunner <init> (Lorg/wso2/ballerinalang/compiler/util/CompilerContext;)V 128 <appendix> member <vmtarget> ; # org/wso2/ballerinalang/compiler/semantics/analyzer/CompilerPluginRunner$$Lambda+0x000000010039fc18
instanceKlass org/ballerinalang/compiler/plugins/CompilerPlugin
instanceKlass io/ballerina/projects/internal/CompilerPhaseRunner
instanceKlass io/ballerina/types/EnumerableDecimal
# instanceKlass java/lang/invoke/LambdaForm$MH+0x0000000100402800
# instanceKlass java/lang/invoke/LambdaForm$MH+0x0000000100402400
# instanceKlass java/lang/invoke/LambdaForm$MH+0x0000000100402000
# instanceKlass java/lang/invoke/LambdaForm$MH+0x0000000100401c00
# instanceKlass java/lang/invoke/LambdaForm$MH+0x0000000100401800
# instanceKlass java/lang/invoke/LambdaForm$MH+0x0000000100401400
# instanceKlass java/lang/invoke/LambdaForm$MH+0x0000000100401000
# instanceKlass java/lang/invoke/LambdaForm$MH+0x0000000100400c00
# instanceKlass java/lang/invoke/LambdaForm$MH+0x0000000100400800
# instanceKlass java/lang/invoke/LambdaForm$MH+0x0000000100400400
instanceKlass java/lang/foreign/MemorySegment
instanceKlass  @bci io/ballerina/projects/internal/ResolutionEngine addNodeToGraph (Lio/ballerina/projects/environment/PackageMetadataResponse;)V 51 <appendix> member <vmtarget> ; # io/ballerina/projects/internal/ResolutionEngine$$Lambda+0x000000010039d0e8
# instanceKlass java/lang/invoke/LambdaForm$MH+0x0000000100400000
# instanceKlass java/lang/invoke/LambdaForm$MH+0x000000010039bc00
# instanceKlass java/lang/invoke/LambdaForm$MH+0x000000010039b800
instanceKlass  @bci io/ballerina/projects/internal/PackageDependencyGraphBuilder getUnresolvedNodes ()Ljava/util/Collection; 18 <appendix> member <vmtarget> ; # io/ballerina/projects/internal/PackageDependencyGraphBuilder$$Lambda+0x000000010039ceb0
instanceKlass  @cpi org/wso2/ballerinalang/compiler/semantics/analyzer/cyclefind/GlobalVariableRefAnalyzer 774 form vmentry <vmtarget> ; # java/lang/invoke/LambdaForm$DMH+0x000000010039b400
# instanceKlass java/lang/invoke/LambdaForm$MH+0x000000010039b000
# instanceKlass java/lang/invoke/LambdaForm$MH+0x000000010039ac00
# instanceKlass java/lang/invoke/LambdaForm$MH+0x000000010039a800
# instanceKlass java/lang/invoke/LambdaForm$MH+0x000000010039a400
# instanceKlass java/lang/invoke/LambdaForm$MH+0x000000010039a000
# instanceKlass java/lang/invoke/LambdaForm$MH+0x0000000100399c00
# instanceKlass java/lang/invoke/LambdaForm$MH+0x0000000100399800
# instanceKlass java/lang/invoke/LambdaForm$MH+0x0000000100399400
# instanceKlass java/lang/invoke/LambdaForm$MH+0x0000000100399000
# instanceKlass java/lang/invoke/LambdaForm$MH+0x0000000100398c00
# instanceKlass java/lang/invoke/LambdaForm$MH+0x0000000100398800
# instanceKlass java/lang/invoke/LambdaForm$MH+0x0000000100398400
instanceKlass io/ballerina/projects/internal/PackageDependencyGraphBuilder$1
instanceKlass  @bci io/ballerina/projects/internal/ResolutionEngine getBuiltInPkgDescDepGraph (Lio/ballerina/projects/PackageDependencyScope;Lio/ballerina/projects/PackageDescriptor;)Lio/ballerina/projects/DependencyGraph; 74 <appendix> member <vmtarget> ; # io/ballerina/projects/internal/ResolutionEngine$$Lambda+0x000000010039c680
instanceKlass  @bci io/ballerina/projects/internal/ResolutionEngine populateStaticDependencyGraph (Ljava/util/Collection;)V 294 <appendix> member <vmtarget> ; # io/ballerina/projects/internal/ResolutionEngine$$Lambda+0x000000010039c468
instanceKlass  @bci io/ballerina/projects/internal/environment/DefaultPackageResolver resolvePackageMetadata (Ljava/util/Collection;Lio/ballerina/projects/environment/ResolutionOptions;)Ljava/util/Collection; 437 <appendix> argL0 ; # io/ballerina/projects/internal/environment/DefaultPackageResolver$$Lambda+0x000000010039c230
instanceKlass  @bci io/ballerina/projects/internal/environment/DefaultPackageResolver resolvePackageMetadata (Ljava/util/Collection;Lio/ballerina/projects/environment/ResolutionOptions;)Ljava/util/Collection; 429 <appendix> argL0 ; # io/ballerina/projects/internal/environment/DefaultPackageResolver$$Lambda+0x000000010039c000
instanceKlass  @bci io/ballerina/projects/internal/environment/DefaultPackageResolver resolvePackageMetadata (Ljava/util/Collection;Lio/ballerina/projects/environment/ResolutionOptions;)Ljava/util/Collection; 419 <appendix> argL0 ; # io/ballerina/projects/internal/environment/DefaultPackageResolver$$Lambda+0x0000000100397c80
instanceKlass  @bci java/util/stream/Collectors mapMerger (Ljava/util/function/BinaryOperator;)Ljava/util/function/BinaryOperator; 1 <appendix> member <vmtarget> ; # java/util/stream/Collectors$$Lambda+0x00000001003ba750
instanceKlass  @bci java/util/stream/Collectors toMap (Ljava/util/function/Function;Ljava/util/function/Function;Ljava/util/function/BinaryOperator;Ljava/util/function/Supplier;)Ljava/util/stream/Collector; 3 <appendix> member <vmtarget> ; # java/util/stream/Collectors$$Lambda+0x00000001003ba528
instanceKlass  @cpi java/util/stream/Collectors 1354 form vmentry <vmtarget> ; # java/lang/invoke/LambdaForm$DMH+0x0000000100398000
instanceKlass java/util/IdentityHashMap$IdentityHashMapIterator
instanceKlass  @bci java/util/stream/Collectors toMap (Ljava/util/function/Function;Ljava/util/function/Function;Ljava/util/function/BinaryOperator;)Ljava/util/stream/Collector; 3 <appendix> argL0 ; # java/util/stream/Collectors$$Lambda+0x00000001003b9e68
instanceKlass  @bci io/ballerina/projects/internal/repositories/RemotePackageRepository mergeResolution (Ljava/util/Collection;Ljava/util/Collection;Ljava/util/List;)Ljava/util/Collection; 39 <appendix> member <vmtarget> ; # io/ballerina/projects/internal/repositories/RemotePackageRepository$$Lambda+0x0000000100397a40
instanceKlass  @bci io/ballerina/projects/internal/repositories/RemotePackageRepository mergeResolution (Ljava/util/Collection;Ljava/util/Collection;Ljava/util/List;)Ljava/util/Collection; 29 <appendix> argL0 ; # io/ballerina/projects/internal/repositories/RemotePackageRepository$$Lambda+0x0000000100397810
instanceKlass java/lang/StackTraceElement$HashedModules
instanceKlass  @bci io/ballerina/projects/internal/repositories/RemotePackageRepository mergeResolution (Ljava/util/Collection;Ljava/util/Collection;Ljava/util/List;)Ljava/util/Collection; 19 <appendix> argL0 ; # io/ballerina/projects/internal/repositories/RemotePackageRepository$$Lambda+0x00000001003975e0
instanceKlass  @bci io/ballerina/projects/internal/repositories/RemotePackageRepository fromPackageResolutionResponse (Ljava/util/Collection;Lorg/ballerinalang/central/client/model/PackageResolutionRequest;)Ljava/util/Collection; 120 <appendix> member <vmtarget> ; # io/ballerina/projects/internal/repositories/RemotePackageRepository$$Lambda+0x0000000100397398
instanceKlass sun/security/ssl/Alert$AlertConsumer
instanceKlass sun/nio/ch/ExtendedSocketOption$1
instanceKlass sun/nio/ch/ExtendedSocketOption
instanceKlass sun/nio/ch/OptionKey
instanceKlass sun/nio/ch/SocketOptionRegistry$LazyInitialization
instanceKlass sun/nio/ch/SocketOptionRegistry$RegistryKey
instanceKlass sun/nio/ch/SocketOptionRegistry
instanceKlass java/net/StandardSocketOptions$StdSocketOption
instanceKlass java/net/StandardSocketOptions
instanceKlass  @bci org/ballerinalang/central/client/CentralAPIClient resolveDependencies (Lorg/ballerinalang/central/client/model/PackageResolutionRequest;Ljava/lang/String;Ljava/lang/String;)Lorg/ballerinalang/central/client/model/PackageResolutionResponse; 237 <appendix> argL0 ; # org/ballerinalang/central/client/CentralAPIClient$$Lambda+0x0000000100397178
instanceKlass org/ballerinalang/central/client/model/PackageResolutionResponse$Dependency
instanceKlass org/ballerinalang/central/client/model/PackageResolutionResponse$Package
instanceKlass org/ballerinalang/central/client/model/PackageResolutionResponse
instanceKlass okio/internal/-Buffer
instanceKlass okio/ForwardingSource
instanceKlass okhttp3/internal/http/HttpHeaders
instanceKlass okhttp3/Response$Builder
instanceKlass okhttp3/internal/http/StatusLine
instanceKlass java/util/concurrent/ForkJoinPool$2
instanceKlass jdk/internal/access/JavaUtilConcurrentFJPAccess
instanceKlass java/util/concurrent/ForkJoinPool$DefaultForkJoinWorkerThreadFactory
instanceKlass java/util/concurrent/ForkJoinPool$WorkQueue
instanceKlass java/util/concurrent/ForkJoinPool$ForkJoinWorkerThreadFactory
instanceKlass java/util/concurrent/Executors$RunnableAdapter
instanceKlass java/util/concurrent/Executors
instanceKlass java/util/concurrent/FutureTask$WaitNode
instanceKlass java/util/concurrent/FutureTask
instanceKlass okio/ForwardingSink
instanceKlass okhttp3/internal/http2/Huffman$Node
instanceKlass okhttp3/internal/http2/Huffman
instanceKlass okhttp3/internal/http2/Hpack
instanceKlass okhttp3/internal/http2/Http2Stream$FramingSink
instanceKlass okhttp3/internal/http2/Http2Stream$FramingSource
instanceKlass okhttp3/internal/http2/Http2Stream
instanceKlass okhttp3/internal/http/RequestLine
instanceKlass okhttp3/internal/connection/Exchange
instanceKlass okhttp3/internal/http2/Http2ExchangeCodec
instanceKlass java/lang/Thread$ThreadNumbering
instanceKlass kotlin/Unit
instanceKlass kotlin/text/Charsets
instanceKlass okio/_JvmPlatformKt
instanceKlass okhttp3/internal/http2/Hpack$Reader
instanceKlass okhttp3/internal/http2/Http2Reader$ContinuationSource
instanceKlass okhttp3/internal/http2/Http2Reader
instanceKlass okhttp3/internal/http2/Http2Reader$Handler
instanceKlass okhttp3/internal/http2/Header
instanceKlass okhttp3/internal/http2/Hpack$Writer
instanceKlass okhttp3/internal/http2/Http2
instanceKlass okhttp3/internal/http2/Http2Writer
instanceKlass okhttp3/internal/http2/Settings
instanceKlass okhttp3/internal/NamedRunnable
instanceKlass okhttp3/internal/http2/Http2Connection
instanceKlass okhttp3/internal/http2/PushObserver$1
instanceKlass okhttp3/internal/http2/PushObserver
instanceKlass okhttp3/internal/http2/Http2Connection$Builder
instanceKlass okhttp3/Handshake
instanceKlass com/sun/crypto/provider/GaloisCounterMode$EncryptOp
instanceKlass sun/security/ssl/SSLBasicKeyDerivation$SecretSizeSpec
instanceKlass sun/security/ssl/SSLBasicKeyDerivation
instanceKlass sun/security/ssl/Finished$1
instanceKlass sun/security/ssl/Finished$T13VerifyDataGenerator
instanceKlass sun/security/ssl/Finished$T12VerifyDataGenerator
instanceKlass sun/security/ssl/Finished$T10VerifyDataGenerator
instanceKlass sun/security/ssl/Finished$S30VerifyDataGenerator
instanceKlass sun/security/ssl/Finished$VerifyDataGenerator
instanceKlass sun/security/rsa/MGF1
instanceKlass sun/security/ssl/X509Authentication$X509Credentials
instanceKlass sun/security/validator/EntrustTLSPolicy
instanceKlass sun/security/validator/SymantecTLSPolicy
instanceKlass sun/security/validator/CADistrustPolicy$3
instanceKlass java/security/cert/PKIXCertPathValidatorResult
instanceKlass java/security/cert/CertPathValidatorResult
instanceKlass sun/security/rsa/RSAPadding
instanceKlass sun/security/rsa/RSACore
instanceKlass java/security/interfaces/RSAPrivateCrtKey
instanceKlass java/security/interfaces/RSAPrivateKey
instanceKlass sun/security/util/SignatureUtil
instanceKlass java/security/interfaces/DSAPublicKey
instanceKlass java/security/interfaces/DSAKey
instanceKlass sun/security/provider/certpath/CertPathConstraintsParameters
instanceKlass sun/security/util/ConstraintsParameters
instanceKlass sun/security/provider/certpath/PKIXMasterCertPathValidator
instanceKlass sun/security/provider/certpath/PolicyNodeImpl
instanceKlass java/security/cert/PolicyNode
instanceKlass sun/security/util/DisabledAlgorithmConstraints$CertPathHolder
instanceKlass  @bci sun/security/x509/X509CertImpl getFingerprint (Ljava/lang/String;Lsun/security/util/Debug;)Ljava/lang/String; 7 <appendix> member <vmtarget> ; # sun/security/x509/X509CertImpl$$Lambda+0x00000001003ae318
instanceKlass sun/security/util/UntrustedCertificates$1
instanceKlass sun/security/util/UntrustedCertificates
instanceKlass java/security/cert/X509CertSelector
instanceKlass java/security/cert/CertSelector
instanceKlass sun/security/provider/certpath/PKIX$ValidatorParams
instanceKlass sun/security/provider/certpath/PKIX
instanceKlass java/security/cert/CertPath
instanceKlass java/security/cert/CertPathValidatorSpi
instanceKlass java/security/cert/CertPathValidator
instanceKlass java/security/cert/PKIXCertPathChecker
instanceKlass java/security/cert/CertPathChecker
instanceKlass java/security/Timestamp
instanceKlass sun/security/ssl/SSLAlgorithmConstraints$SupportedSignatureAlgorithmConstraints
instanceKlass java/security/cert/PKIXParameters
instanceKlass java/security/cert/CertPathParameters
instanceKlass sun/security/provider/certpath/CertPathHelper
instanceKlass java/security/cert/TrustAnchor
instanceKlass sun/security/validator/EndEntityChecker
instanceKlass sun/security/validator/Validator
instanceKlass javax/net/ssl/SSLEngine
instanceKlass sun/security/provider/certpath/CertId
instanceKlass sun/security/provider/certpath/OCSPResponse$SingleResponse
instanceKlass sun/security/provider/certpath/OCSP$RevocationStatus
instanceKlass sun/security/provider/certpath/ResponderId
instanceKlass sun/security/provider/certpath/OCSPResponse
instanceKlass sun/security/ssl/CertStatusExtension$CertStatusResponse
instanceKlass sun/security/ssl/CertStatusExtension$CertStatusResponseSpec
instanceKlass sun/security/ssl/CertificateMessage$CertificateEntry
instanceKlass sun/security/ssl/ServerNameExtension$SHServerNamesSpec
instanceKlass com/sun/crypto/provider/GaloisCounterMode$DecryptOp
instanceKlass com/sun/crypto/provider/GaloisCounterMode$GCMOperation
instanceKlass com/sun/crypto/provider/GHASH
instanceKlass com/sun/crypto/provider/GCM
instanceKlass com/sun/crypto/provider/GaloisCounterMode$GCMEngine
instanceKlass javax/crypto/spec/GCMParameterSpec
instanceKlass sun/security/ssl/ChangeCipherSpec$T13ChangeCipherSpecConsumer
instanceKlass sun/security/ssl/ChangeCipherSpec$T10ChangeCipherSpecProducer
instanceKlass sun/security/ssl/ChangeCipherSpec$T10ChangeCipherSpecConsumer
instanceKlass sun/security/ssl/ChangeCipherSpec
instanceKlass javax/crypto/spec/IvParameterSpec
instanceKlass sun/security/ssl/SSLTrafficKeyDerivation$T13TrafficKeyDerivation
instanceKlass sun/security/ssl/SSLTrafficKeyDerivation$1
instanceKlass sun/security/ssl/SSLTrafficKeyDerivation$T13TrafficKeyDerivationGenerator
instanceKlass sun/security/ssl/SSLTrafficKeyDerivation$T12TrafficKeyDerivationGenerator
instanceKlass sun/security/ssl/SSLTrafficKeyDerivation$T10TrafficKeyDerivationGenerator
instanceKlass sun/security/ssl/SSLTrafficKeyDerivation$S30TrafficKeyDerivationGenerator
instanceKlass sun/security/ssl/SSLKeyDerivationGenerator
instanceKlass sun/security/ssl/SSLSecretDerivation
instanceKlass javax/crypto/MacSpi
instanceKlass javax/crypto/Mac
instanceKlass sun/security/ssl/HKDF
instanceKlass  @bci javax/crypto/spec/SecretKeySpec <clinit> ()V 0 <appendix> argL0 ; # javax/crypto/spec/SecretKeySpec$$Lambda+0x00000001003a1b78
instanceKlass jdk/internal/access/JavaxCryptoSpecAccess
instanceKlass javax/crypto/spec/SecretKeySpec
instanceKlass javax/crypto/KeyAgreementSpi
instanceKlass sun/security/ssl/KAKeyDerivation
instanceKlass javax/crypto/SecretKey
instanceKlass sun/security/util/Length
instanceKlass java/security/spec/ECPublicKeySpec
instanceKlass sun/security/ssl/ECDHKeyExchange$ECDHECredentials
instanceKlass sun/security/ssl/NamedGroupCredentials
instanceKlass sun/security/ssl/KeyShareExtension$SHKeyShareSpec
instanceKlass sun/security/ssl/HandshakeHash$CloneableHash
instanceKlass sun/security/ssl/HandshakeHash$T13HandshakeHash
instanceKlass sun/security/ssl/SupportedVersionsExtension$SHSupportedVersionsSpec
instanceKlass sun/security/ssl/TransportContext$1
instanceKlass sun/security/ssl/Plaintext
instanceKlass sun/security/ssl/OutputRecord$T13PaddingHolder
instanceKlass sun/security/ssl/RenegoInfoExtension$RenegotiationInfoSpec
instanceKlass sun/security/ssl/KeyShareExtension$CHKeyShareSpec
instanceKlass sun/security/util/math/IntegerModuloP$MultiplicativeInverser$Secp256R1
instanceKlass sun/security/ec/ECOperations$PointMultiplier$Default
instanceKlass sun/security/ec/ECOperations$PointMultiplier$Secp256R1GeneratorMultiplier$P256
instanceKlass sun/security/ec/ECOperations$PointMultiplier$Secp256R1GeneratorMultiplier
instanceKlass sun/security/ec/ECOperations$PointMultiplier
instanceKlass  @bci sun/security/ec/ECPrivateKeyImpl calculatePublicKey ()Ljava/security/PublicKey; 9 <appendix> argL0 ; # sun/security/ec/ECPrivateKeyImpl$$Lambda+0x000000010038dfb8
instanceKlass sun/security/util/ArrayUtil
instanceKlass java/security/interfaces/ECPrivateKey
instanceKlass sun/security/ec/ECOperations
instanceKlass sun/security/ssl/ECDHKeyExchange$ECDHEPossession
instanceKlass sun/security/ssl/KeyShareExtension$KeyShareEntry
instanceKlass sun/security/ssl/XDHKeyExchange$1
instanceKlass sun/security/pkcs/PKCS8Key
instanceKlass sun/security/util/InternalPrivateKey
instanceKlass java/security/interfaces/XECPrivateKey
instanceKlass java/security/interfaces/XECPublicKey
instanceKlass java/security/interfaces/XECKey
instanceKlass java/security/KeyPair
instanceKlass java/math/MutableBigInteger
instanceKlass sun/security/util/math/IntegerModuloP$MultiplicativeInverser$Default
instanceKlass sun/security/util/math/IntegerModuloP$MultiplicativeInverser
instanceKlass sun/security/util/math/MutableIntegerModuloP
instanceKlass sun/security/jca/JCAUtil$CachedSecureRandomHolder
instanceKlass sun/security/ec/XECOperations
instanceKlass sun/security/ec/XECParameters
instanceKlass  @bci sun/security/ec/XDHKeyPairGenerator initialize (Ljava/security/spec/AlgorithmParameterSpec;Ljava/security/SecureRandom;)V 0 <appendix> argL0 ; # sun/security/ec/XDHKeyPairGenerator$$Lambda+0x000000010038cdb8
instanceKlass sun/security/ssl/XDHKeyExchange$XDHEPossession
instanceKlass sun/security/ssl/ECDHKeyExchange$ECDHEXDHKAGenerator
instanceKlass sun/security/ssl/ECDHKeyExchange$ECDHEKAGenerator
instanceKlass sun/security/ssl/ECDHKeyExchange$ECDHKAGenerator
instanceKlass sun/security/ssl/ECDHKeyExchange$ECDHEPossessionGenerator
instanceKlass sun/security/ssl/ECDHKeyExchange
instanceKlass sun/security/ssl/DHKeyExchange$DHEKAGenerator
instanceKlass sun/security/ssl/DHKeyExchange$DHEPossessionGenerator
instanceKlass sun/security/ssl/DHKeyExchange
instanceKlass sun/security/ssl/RSAKeyExchange$RSAKAGenerator
instanceKlass sun/security/ssl/RSAKeyExchange$EphemeralRSAPossessionGenerator
instanceKlass sun/security/ssl/RSAKeyExchange
instanceKlass sun/security/ssl/SSLKeyExchange$T13KeyAgreement
instanceKlass sun/security/ssl/SSLKeyAgreement
instanceKlass sun/security/ssl/SSLPossessionGenerator
instanceKlass sun/security/ssl/SSLKeyExchange
instanceKlass sun/security/ssl/SSLHandshakeBinding
instanceKlass sun/security/ssl/SSLKeyAgreementGenerator
instanceKlass sun/security/ssl/PskKeyExchangeModesExtension$PskKeyExchangeModesSpec
instanceKlass sun/security/ssl/SupportedVersionsExtension$CHSupportedVersionsSpec
instanceKlass sun/security/ssl/SignatureAlgorithmsExtension$SignatureSchemesSpec
instanceKlass sun/security/ssl/ExtendedMasterSecretExtension$ExtendedMasterSecretSpec
instanceKlass sun/security/ssl/CertStatusExtension$CertStatusRequestV2Spec
instanceKlass sun/security/ssl/AlpnExtension$AlpnSpec
instanceKlass sun/security/ssl/ECPointFormatsExtension$ECPointFormatsSpec
instanceKlass sun/security/ssl/SupportedGroupsExtension$SupportedGroupsSpec
instanceKlass sun/security/ssl/CertStatusExtension$CertStatusRequest
instanceKlass sun/security/ssl/CertStatusExtension$CertStatusRequestSpec
instanceKlass sun/security/ssl/ServerNameExtension$CHServerNamesSpec
instanceKlass sun/security/ssl/SSLExtension$SSLExtensionSpec
instanceKlass sun/security/ssl/SSLExtension$ClientExtensions
instanceKlass sun/security/ssl/PreSharedKeyExtension$SHPreSharedKeyStringizer
instanceKlass sun/security/ssl/PreSharedKeyExtension$SHPreSharedKeyAbsence
instanceKlass sun/security/ssl/PreSharedKeyExtension$SHPreSharedKeyConsumer
instanceKlass sun/security/ssl/PreSharedKeyExtension$SHPreSharedKeyProducer
instanceKlass sun/security/ssl/PreSharedKeyExtension$CHPreSharedKeyStringizer
instanceKlass sun/security/ssl/PreSharedKeyExtension$CHPreSharedKeyOnTradeAbsence
instanceKlass sun/security/ssl/PreSharedKeyExtension$CHPreSharedKeyUpdate
instanceKlass sun/security/ssl/PreSharedKeyExtension$CHPreSharedKeyOnLoadAbsence
instanceKlass sun/security/ssl/PreSharedKeyExtension$CHPreSharedKeyConsumer
instanceKlass sun/security/ssl/PreSharedKeyExtension$CHPreSharedKeyProducer
instanceKlass sun/security/ssl/PreSharedKeyExtension
instanceKlass sun/security/ssl/RenegoInfoExtension$RenegotiationInfoStringizer
instanceKlass sun/security/ssl/RenegoInfoExtension$SHRenegotiationInfoAbsence
instanceKlass sun/security/ssl/RenegoInfoExtension$SHRenegotiationInfoConsumer
instanceKlass sun/security/ssl/RenegoInfoExtension$SHRenegotiationInfoProducer
instanceKlass sun/security/ssl/RenegoInfoExtension$CHRenegotiationInfoAbsence
instanceKlass sun/security/ssl/RenegoInfoExtension$CHRenegotiationInfoConsumer
instanceKlass sun/security/ssl/RenegoInfoExtension$CHRenegotiationInfoProducer
instanceKlass sun/security/ssl/RenegoInfoExtension
instanceKlass sun/security/ssl/KeyShareExtension$HRRKeyShareStringizer
instanceKlass sun/security/ssl/KeyShareExtension$HRRKeyShareReproducer
instanceKlass sun/security/ssl/KeyShareExtension$HRRKeyShareConsumer
instanceKlass sun/security/ssl/KeyShareExtension$HRRKeyShareProducer
instanceKlass sun/security/ssl/KeyShareExtension$SHKeyShareStringizer
instanceKlass sun/security/ssl/KeyShareExtension$SHKeyShareAbsence
instanceKlass sun/security/ssl/KeyShareExtension$SHKeyShareConsumer
instanceKlass sun/security/ssl/KeyShareExtension$SHKeyShareProducer
instanceKlass sun/security/ssl/KeyShareExtension$CHKeyShareStringizer
instanceKlass sun/security/ssl/KeyShareExtension$CHKeyShareOnTradeAbsence
instanceKlass sun/security/ssl/KeyShareExtension$CHKeyShareConsumer
instanceKlass sun/security/ssl/KeyShareExtension$CHKeyShareProducer
instanceKlass sun/security/ssl/KeyShareExtension
instanceKlass sun/security/ssl/CertSignAlgsExtension$CertSignatureSchemesStringizer
instanceKlass sun/security/ssl/CertSignAlgsExtension$CRCertSignatureSchemesUpdate
instanceKlass sun/security/ssl/CertSignAlgsExtension$CRCertSignatureSchemesConsumer
instanceKlass sun/security/ssl/CertSignAlgsExtension$CRCertSignatureSchemesProducer
instanceKlass sun/security/ssl/CertSignAlgsExtension$CHCertSignatureSchemesUpdate
instanceKlass sun/security/ssl/CertSignAlgsExtension$CHCertSignatureSchemesConsumer
instanceKlass sun/security/ssl/CertSignAlgsExtension$CHCertSignatureSchemesProducer
instanceKlass sun/security/ssl/CertSignAlgsExtension
instanceKlass sun/security/ssl/CertificateAuthoritiesExtension$CertificateAuthoritiesStringizer
instanceKlass sun/security/ssl/CertificateAuthoritiesExtension$CRCertificateAuthoritiesConsumer
instanceKlass sun/security/ssl/CertificateAuthoritiesExtension$CRCertificateAuthoritiesProducer
instanceKlass sun/security/ssl/CertificateAuthoritiesExtension$CHCertificateAuthoritiesConsumer
instanceKlass sun/security/ssl/CertificateAuthoritiesExtension$CHCertificateAuthoritiesProducer
instanceKlass sun/security/ssl/CertificateAuthoritiesExtension
instanceKlass sun/security/ssl/PskKeyExchangeModesExtension$PskKeyExchangeModesStringizer
instanceKlass sun/security/ssl/PskKeyExchangeModesExtension$PskKeyExchangeModesOnTradeAbsence
instanceKlass sun/security/ssl/PskKeyExchangeModesExtension$PskKeyExchangeModesOnLoadAbsence
instanceKlass sun/security/ssl/PskKeyExchangeModesExtension$PskKeyExchangeModesConsumer
instanceKlass sun/security/ssl/PskKeyExchangeModesExtension$PskKeyExchangeModesProducer
instanceKlass sun/security/ssl/PskKeyExchangeModesExtension
instanceKlass sun/security/ssl/CookieExtension$CookieStringizer
instanceKlass sun/security/ssl/CookieExtension$HRRCookieReproducer
instanceKlass sun/security/ssl/CookieExtension$HRRCookieConsumer
instanceKlass sun/security/ssl/CookieExtension$HRRCookieProducer
instanceKlass sun/security/ssl/CookieExtension$CHCookieUpdate
instanceKlass sun/security/ssl/CookieExtension$CHCookieConsumer
instanceKlass sun/security/ssl/CookieExtension$CHCookieProducer
instanceKlass sun/security/ssl/CookieExtension
instanceKlass sun/security/ssl/SupportedVersionsExtension$HRRSupportedVersionsReproducer
instanceKlass sun/security/ssl/SupportedVersionsExtension$HRRSupportedVersionsConsumer
instanceKlass sun/security/ssl/SupportedVersionsExtension$HRRSupportedVersionsProducer
instanceKlass sun/security/ssl/SupportedVersionsExtension$SHSupportedVersionsStringizer
instanceKlass sun/security/ssl/SupportedVersionsExtension$SHSupportedVersionsConsumer
instanceKlass sun/security/ssl/SupportedVersionsExtension$SHSupportedVersionsProducer
instanceKlass sun/security/ssl/SupportedVersionsExtension$CHSupportedVersionsStringizer
instanceKlass sun/security/ssl/SupportedVersionsExtension$CHSupportedVersionsConsumer
instanceKlass sun/security/ssl/SupportedVersionsExtension$CHSupportedVersionsProducer
instanceKlass sun/security/ssl/SupportedVersionsExtension
instanceKlass sun/security/ssl/SignatureAlgorithmsExtension$SignatureSchemesStringizer
instanceKlass sun/security/ssl/SignatureAlgorithmsExtension$CRSignatureSchemesUpdate
instanceKlass sun/security/ssl/SignatureAlgorithmsExtension$CRSignatureSchemesAbsence
instanceKlass sun/security/ssl/SignatureAlgorithmsExtension$CRSignatureSchemesConsumer
instanceKlass sun/security/ssl/SignatureAlgorithmsExtension$CRSignatureSchemesProducer
instanceKlass sun/security/ssl/SignatureAlgorithmsExtension$CHSignatureSchemesOnTradeAbsence
instanceKlass sun/security/ssl/SignatureAlgorithmsExtension$CHSignatureSchemesUpdate
instanceKlass sun/security/ssl/SignatureAlgorithmsExtension$CHSignatureSchemesOnLoadAbsence
instanceKlass sun/security/ssl/SignatureAlgorithmsExtension$CHSignatureSchemesConsumer
instanceKlass sun/security/ssl/SignatureAlgorithmsExtension$CHSignatureSchemesProducer
instanceKlass sun/security/ssl/SignatureAlgorithmsExtension
instanceKlass sun/security/ssl/SessionTicketExtension$SessionTicketStringizer
instanceKlass sun/security/ssl/SessionTicketExtension$T12SHSessionTicketConsumer
instanceKlass sun/security/ssl/SessionTicketExtension$T12SHSessionTicketProducer
instanceKlass sun/security/ssl/SessionTicketExtension$T12CHSessionTicketConsumer
instanceKlass sun/security/ssl/SessionTicketExtension$T12CHSessionTicketProducer
instanceKlass sun/security/ssl/SessionTicketExtension
instanceKlass sun/security/ssl/ExtendedMasterSecretExtension$ExtendedMasterSecretStringizer
instanceKlass sun/security/ssl/ExtendedMasterSecretExtension$SHExtendedMasterSecretAbsence
instanceKlass sun/security/ssl/ExtendedMasterSecretExtension$SHExtendedMasterSecretConsumer
instanceKlass sun/security/ssl/ExtendedMasterSecretExtension$SHExtendedMasterSecretProducer
instanceKlass sun/security/ssl/ExtendedMasterSecretExtension$CHExtendedMasterSecretAbsence
instanceKlass sun/security/ssl/ExtendedMasterSecretExtension$CHExtendedMasterSecretConsumer
instanceKlass sun/security/ssl/ExtendedMasterSecretExtension$CHExtendedMasterSecretProducer
instanceKlass sun/security/ssl/ExtendedMasterSecretExtension
instanceKlass  @bci sun/security/ssl/AlpnExtension <clinit> ()V 100 <appendix> argL0 ; # sun/security/ssl/AlpnExtension$$Lambda+0x00000001003e8538
instanceKlass sun/security/ssl/AlpnExtension$AlpnStringizer
instanceKlass sun/security/ssl/AlpnExtension$SHAlpnAbsence
instanceKlass sun/security/ssl/AlpnExtension$SHAlpnConsumer
instanceKlass sun/security/ssl/AlpnExtension$SHAlpnProducer
instanceKlass sun/security/ssl/AlpnExtension$CHAlpnAbsence
instanceKlass sun/security/ssl/AlpnExtension$CHAlpnConsumer
instanceKlass sun/security/ssl/AlpnExtension$CHAlpnProducer
instanceKlass sun/security/ssl/AlpnExtension
instanceKlass sun/security/ssl/ECPointFormatsExtension$ECPointFormatsStringizer
instanceKlass sun/security/ssl/ECPointFormatsExtension$SHECPointFormatsConsumer
instanceKlass sun/security/ssl/ECPointFormatsExtension$CHECPointFormatsConsumer
instanceKlass sun/security/ssl/ECPointFormatsExtension$CHECPointFormatsProducer
instanceKlass sun/security/ssl/ECPointFormatsExtension
instanceKlass sun/security/ssl/SupportedGroupsExtension$EESupportedGroupsConsumer
instanceKlass sun/security/ssl/SupportedGroupsExtension$EESupportedGroupsProducer
instanceKlass sun/security/ssl/SupportedGroupsExtension$SupportedGroupsStringizer
instanceKlass sun/security/ssl/SupportedGroupsExtension$CHSupportedGroupsOnTradeAbsence
instanceKlass sun/security/ssl/SupportedGroupsExtension$CHSupportedGroupsConsumer
instanceKlass sun/security/ssl/SupportedGroupsExtension$CHSupportedGroupsProducer
instanceKlass sun/security/ssl/SupportedGroupsExtension
instanceKlass sun/security/ssl/CertStatusExtension$CertStatusRespStringizer
instanceKlass sun/security/ssl/CertStatusExtension$CertStatusRequestsStringizer
instanceKlass sun/security/ssl/CertStatusExtension$SHCertStatusReqV2Consumer
instanceKlass sun/security/ssl/CertStatusExtension$SHCertStatusReqV2Producer
instanceKlass sun/security/ssl/CertStatusExtension$CHCertStatusReqV2Consumer
instanceKlass sun/security/ssl/CertStatusExtension$CHCertStatusReqV2Producer
instanceKlass sun/security/ssl/CertStatusExtension$CertStatusRequestStringizer
instanceKlass sun/security/ssl/CertStatusExtension$CTCertStatusResponseConsumer
instanceKlass sun/security/ssl/CertStatusExtension$CTCertStatusResponseProducer
instanceKlass sun/security/ssl/CertStatusExtension$SHCertStatusReqConsumer
instanceKlass sun/security/ssl/CertStatusExtension$SHCertStatusReqProducer
instanceKlass sun/security/ssl/CertStatusExtension$CHCertStatusReqConsumer
instanceKlass sun/security/ssl/CertStatusExtension$CHCertStatusReqProducer
instanceKlass sun/security/ssl/CertStatusExtension
instanceKlass sun/security/ssl/MaxFragExtension$MaxFragLenStringizer
instanceKlass sun/security/ssl/MaxFragExtension$EEMaxFragmentLengthUpdate
instanceKlass sun/security/ssl/MaxFragExtension$EEMaxFragmentLengthConsumer
instanceKlass sun/security/ssl/MaxFragExtension$EEMaxFragmentLengthProducer
instanceKlass sun/security/ssl/MaxFragExtension$SHMaxFragmentLengthUpdate
instanceKlass sun/security/ssl/MaxFragExtension$SHMaxFragmentLengthConsumer
instanceKlass sun/security/ssl/MaxFragExtension$SHMaxFragmentLengthProducer
instanceKlass sun/security/ssl/MaxFragExtension$CHMaxFragmentLengthConsumer
instanceKlass sun/security/ssl/MaxFragExtension$CHMaxFragmentLengthProducer
instanceKlass sun/security/ssl/MaxFragExtension
instanceKlass sun/security/ssl/ServerNameExtension$EEServerNameConsumer
instanceKlass sun/security/ssl/ServerNameExtension$EEServerNameProducer
instanceKlass sun/security/ssl/ServerNameExtension$SHServerNamesStringizer
instanceKlass sun/security/ssl/ServerNameExtension$SHServerNameConsumer
instanceKlass sun/security/ssl/ServerNameExtension$SHServerNameProducer
instanceKlass sun/security/ssl/ServerNameExtension$CHServerNamesStringizer
instanceKlass sun/security/ssl/ServerNameExtension$CHServerNameConsumer
instanceKlass sun/security/ssl/SSLExtension$ExtensionConsumer
instanceKlass sun/security/ssl/ServerNameExtension$CHServerNameProducer
instanceKlass sun/security/ssl/ServerNameExtension
instanceKlass sun/security/ssl/SSLStringizer
instanceKlass sun/security/ssl/SSLExtensions
instanceKlass sun/security/ssl/SSLHandshake$HandshakeMessage
instanceKlass sun/security/ssl/RandomCookie
instanceKlass sun/security/util/KeyUtil
instanceKlass sun/security/ssl/SSLKeyDerivation
instanceKlass sun/security/ssl/SSLCredentials
instanceKlass sun/security/ssl/NamedGroupPossession
instanceKlass sun/security/ssl/SSLPossession
instanceKlass sun/security/ssl/HandshakeContext
instanceKlass sun/security/ssl/SSLConfiguration$1
instanceKlass javax/net/ssl/SNIServerName
instanceKlass sun/security/ssl/DTLSRecord
instanceKlass sun/security/ssl/SessionId
instanceKlass java/util/concurrent/ConcurrentLinkedQueue$Node
instanceKlass java/security/spec/MGF1ParameterSpec
instanceKlass sun/security/ec/ParametersMap$1
instanceKlass  @bci sun/security/ec/ed/EdDSAParameters <clinit> ()V 268 <appendix> argL0 ; # sun/security/ec/ed/EdDSAParameters$$Lambda+0x000000010038c238
instanceKlass sun/security/ec/ed/EdDSAParameters$SHAKE256DigesterFactory
instanceKlass sun/security/ec/point/ProjectivePoint
instanceKlass  @bci sun/security/ec/ed/EdDSAParameters <clinit> ()V 117 <appendix> argL0 ; # sun/security/ec/ed/EdDSAParameters$$Lambda+0x0000000100383710
instanceKlass sun/security/ec/ed/EdDSAParameters$Digester
instanceKlass sun/security/ec/ed/EdDSAParameters$SHA512DigesterFactory
instanceKlass sun/security/ec/point/ExtendedHomogeneousPoint
instanceKlass sun/security/ec/point/AffinePoint
instanceKlass sun/security/util/math/intpoly/IntegerPolynomial$Limb
instanceKlass sun/security/util/math/SmallValue
instanceKlass sun/security/ec/point/MutablePoint
instanceKlass sun/security/ec/point/ImmutablePoint
instanceKlass sun/security/ec/point/Point
instanceKlass sun/security/util/math/intpoly/IntegerPolynomial$Element
instanceKlass sun/security/util/math/ImmutableIntegerModuloP
instanceKlass sun/security/util/math/IntegerModuloP
instanceKlass sun/security/util/math/intpoly/IntegerPolynomial
instanceKlass sun/security/ec/ParametersMap
instanceKlass sun/security/ec/ed/EdECOperations
instanceKlass sun/security/ec/ed/EdDSAParameters$DigesterFactory
instanceKlass sun/security/util/math/IntegerFieldModuloP
instanceKlass sun/security/ec/ed/EdDSAParameters
instanceKlass  @bci sun/security/ec/ed/EdDSASignature <init> (Ljava/security/spec/NamedParameterSpec;)V 27 <appendix> argL0 ; # sun/security/ec/ed/EdDSASignature$$Lambda+0x0000000100381610
instanceKlass java/security/spec/EdDSAParameterSpec
instanceKlass sun/security/ec/ed/EdDSASignature$MessageAccumulator
instanceKlass javax/net/ssl/ExtendedSSLSession
instanceKlass javax/crypto/spec/DHParameterSpec
instanceKlass sun/security/ssl/PredefinedDHParameterSpecs$1
instanceKlass sun/security/ssl/PredefinedDHParameterSpecs
instanceKlass sun/security/ssl/NamedGroup$SupportedGroups
instanceKlass sun/security/ssl/SSLConfiguration$CustomizedClientSignatureSchemes
instanceKlass javax/crypto/KeyGeneratorSpi
instanceKlass javax/crypto/KeyGenerator
instanceKlass sun/security/ssl/SSLConfiguration
instanceKlass sun/security/ssl/SSLCipher$SSLWriteCipher
instanceKlass sun/security/ssl/KeyUpdate$KeyUpdateProducer
instanceKlass sun/security/ssl/KeyUpdate$KeyUpdateConsumer
instanceKlass sun/security/ssl/KeyUpdate$KeyUpdateKickstartProducer
instanceKlass sun/security/ssl/KeyUpdate
instanceKlass sun/security/ssl/CertificateStatus$CertificateStatusAbsence
instanceKlass sun/security/ssl/HandshakeAbsence
instanceKlass sun/security/ssl/CertificateStatus$CertificateStatusProducer
instanceKlass sun/security/ssl/CertificateStatus$CertificateStatusConsumer
instanceKlass sun/security/ssl/CertificateStatus
instanceKlass sun/security/ssl/Finished$T13FinishedProducer
instanceKlass sun/security/ssl/Finished$T13FinishedConsumer
instanceKlass sun/security/ssl/Finished$T12FinishedProducer
instanceKlass sun/security/ssl/Finished$T12FinishedConsumer
instanceKlass sun/security/ssl/Finished
instanceKlass sun/security/ssl/ClientKeyExchange$ClientKeyExchangeProducer
instanceKlass sun/security/ssl/ClientKeyExchange$ClientKeyExchangeConsumer
instanceKlass sun/security/ssl/ClientKeyExchange
instanceKlass sun/security/ssl/CertificateVerify$T13CertificateVerifyProducer
instanceKlass sun/security/ssl/CertificateVerify$T13CertificateVerifyConsumer
instanceKlass sun/security/ssl/CertificateVerify$T12CertificateVerifyProducer
instanceKlass sun/security/ssl/CertificateVerify$T12CertificateVerifyConsumer
instanceKlass sun/security/ssl/CertificateVerify$T10CertificateVerifyProducer
instanceKlass sun/security/ssl/CertificateVerify$T10CertificateVerifyConsumer
instanceKlass sun/security/ssl/CertificateVerify$S30CertificateVerifyProducer
instanceKlass sun/security/ssl/CertificateVerify$S30CertificateVerifyConsumer
instanceKlass sun/security/ssl/CertificateVerify
instanceKlass sun/security/ssl/ServerHelloDone$ServerHelloDoneProducer
instanceKlass sun/security/ssl/ServerHelloDone$ServerHelloDoneConsumer
instanceKlass sun/security/ssl/ServerHelloDone
instanceKlass sun/security/ssl/CertificateRequest$T13CertificateRequestProducer
instanceKlass sun/security/ssl/CertificateRequest$T13CertificateRequestConsumer
instanceKlass sun/security/ssl/CertificateRequest$T12CertificateRequestProducer
instanceKlass sun/security/ssl/CertificateRequest$T12CertificateRequestConsumer
instanceKlass sun/security/ssl/CertificateRequest$T10CertificateRequestProducer
instanceKlass sun/security/ssl/CertificateRequest$T10CertificateRequestConsumer
instanceKlass sun/security/ssl/CertificateRequest
instanceKlass sun/security/ssl/ServerKeyExchange$ServerKeyExchangeProducer
instanceKlass sun/security/ssl/ServerKeyExchange$ServerKeyExchangeConsumer
instanceKlass sun/security/ssl/ServerKeyExchange
instanceKlass sun/security/ssl/CertificateMessage$T13CertificateProducer
instanceKlass sun/security/ssl/CertificateMessage$T13CertificateConsumer
instanceKlass sun/security/ssl/CertificateMessage$T12CertificateProducer
instanceKlass sun/security/ssl/CertificateMessage$T12CertificateConsumer
instanceKlass sun/security/ssl/CertificateMessage
instanceKlass sun/security/ssl/EncryptedExtensions$EncryptedExtensionsConsumer
instanceKlass sun/security/ssl/EncryptedExtensions$EncryptedExtensionsProducer
instanceKlass sun/security/ssl/EncryptedExtensions
instanceKlass sun/security/ssl/NewSessionTicket$T12NewSessionTicketProducer
instanceKlass sun/security/ssl/NewSessionTicket$T13NewSessionTicketProducer
instanceKlass sun/security/ssl/NewSessionTicket$T12NewSessionTicketConsumer
instanceKlass sun/security/ssl/NewSessionTicket$T13NewSessionTicketConsumer
instanceKlass sun/security/ssl/NewSessionTicket
instanceKlass sun/security/ssl/HelloVerifyRequest$HelloVerifyRequestProducer
instanceKlass sun/security/ssl/HelloVerifyRequest$HelloVerifyRequestConsumer
instanceKlass sun/security/ssl/HelloVerifyRequest
instanceKlass sun/security/ssl/ServerHello$T13HelloRetryRequestConsumer
instanceKlass sun/security/ssl/ServerHello$T13ServerHelloConsumer
instanceKlass sun/security/ssl/ServerHello$T12ServerHelloConsumer
instanceKlass sun/security/ssl/ServerHello$T13HelloRetryRequestReproducer
instanceKlass sun/security/ssl/ServerHello$T13HelloRetryRequestProducer
instanceKlass sun/security/ssl/ServerHello$T13ServerHelloProducer
instanceKlass sun/security/ssl/ServerHello$T12ServerHelloProducer
instanceKlass sun/security/ssl/ServerHello$ServerHelloConsumer
instanceKlass sun/security/ssl/ServerHello
instanceKlass sun/security/ssl/ClientHello$D13ClientHelloConsumer
instanceKlass sun/security/ssl/ClientHello$D12ClientHelloConsumer
instanceKlass sun/security/ssl/ClientHello$T13ClientHelloConsumer
instanceKlass sun/security/ssl/ClientHello$T12ClientHelloConsumer
instanceKlass sun/security/ssl/HandshakeConsumer
instanceKlass sun/security/ssl/ClientHello$ClientHelloProducer
instanceKlass sun/security/ssl/ClientHello$ClientHelloConsumer
instanceKlass sun/security/ssl/ClientHello$ClientHelloKickstartProducer
instanceKlass sun/security/ssl/ClientHello
instanceKlass sun/security/ssl/HelloRequest$HelloRequestProducer
instanceKlass sun/security/ssl/HelloRequest$HelloRequestConsumer
instanceKlass sun/security/ssl/HelloRequest$HelloRequestKickstartProducer
instanceKlass sun/security/ssl/SSLProducer
instanceKlass sun/security/ssl/HelloRequest
instanceKlass sun/security/ssl/HandshakeProducer
instanceKlass sun/security/ssl/SSLConsumer
instanceKlass sun/security/ssl/Authenticator$MacImpl
instanceKlass sun/security/ssl/Authenticator$MAC
instanceKlass sun/security/ssl/Authenticator
instanceKlass sun/security/ssl/SSLCipher$SSLReadCipher
instanceKlass sun/security/ssl/InputRecord
instanceKlass sun/security/ssl/SSLRecord
instanceKlass sun/security/ssl/Record
instanceKlass sun/security/ssl/TransportContext
instanceKlass sun/security/ssl/ConnectionContext
instanceKlass sun/security/ssl/HandshakeHash$CacheOnlyHash
instanceKlass sun/security/ssl/HandshakeHash$TranscriptHash
instanceKlass sun/security/ssl/HandshakeHash
instanceKlass sun/security/ssl/SSLTransport
instanceKlass okio/RealBufferedSink
instanceKlass okio/AsyncTimeout$sink$1
instanceKlass okio/OutputStreamSink
instanceKlass okio/RealBufferedSource
instanceKlass okio/Okio__OkioKt
instanceKlass okio/AsyncTimeout$source$1
instanceKlass okio/InputStreamSource
instanceKlass okio/Okio__JvmOkioKt
instanceKlass okio/Okio
instanceKlass java/net/SocksSocketImpl$3
instanceKlass java/net/SocksConsts
instanceKlass okhttp3/internal/connection/ConnectionSpecSelector
instanceKlass okhttp3/internal/http/ExchangeCodec
instanceKlass okhttp3/internal/ws/RealWebSocket$Streams
instanceKlass okhttp3/internal/http2/Http2Connection$Listener
instanceKlass okhttp3/internal/connection/RouteSelector$Selection
instanceKlass okhttp3/CacheControl$Builder
instanceKlass okhttp3/CacheControl
instanceKlass okhttp3/internal/cache/CacheStrategy
instanceKlass okhttp3/internal/cache/CacheStrategy$Factory
instanceKlass sun/net/spi/DefaultProxySelector$3
instanceKlass sun/net/spi/DefaultProxySelector$NonProxyInfo
instanceKlass okhttp3/internal/connection/RouteSelector
instanceKlass okhttp3/Address
instanceKlass okhttp3/internal/connection/ExchangeFinder
instanceKlass okhttp3/internal/http/RealInterceptorChain
instanceKlass okhttp3/internal/http/CallServerInterceptor
instanceKlass okhttp3/internal/connection/ConnectInterceptor
instanceKlass okhttp3/internal/cache/CacheInterceptor
instanceKlass okhttp3/internal/http/BridgeInterceptor
instanceKlass okhttp3/internal/http/RetryAndFollowUpInterceptor
instanceKlass okio/AsyncTimeout$Companion
instanceKlass okio/Timeout$Companion
instanceKlass okhttp3/Connection
instanceKlass okio/Timeout
instanceKlass okhttp3/internal/connection/Transmitter
instanceKlass okhttp3/Interceptor$Chain
instanceKlass okhttp3/RealCall
instanceKlass jdk/internal/icu/impl/Trie2$UTrie2Header
instanceKlass jdk/internal/icu/impl/Trie2$1
instanceKlass jdk/internal/icu/impl/Trie2$ValueMapper
instanceKlass jdk/internal/icu/impl/Trie2
instanceKlass jdk/internal/icu/impl/UCharacterProperty$IsAcceptable
instanceKlass jdk/internal/icu/impl/UCharacterProperty$IntProperty
instanceKlass jdk/internal/icu/impl/UCharacterProperty
instanceKlass jdk/internal/icu/lang/UCharacter
instanceKlass jdk/internal/icu/impl/Trie
instanceKlass jdk/internal/icu/text/StringPrep$StringPrepTrieImpl
instanceKlass jdk/internal/icu/impl/Trie$DataManipulate
instanceKlass jdk/internal/icu/impl/StringPrepDataReader
instanceKlass jdk/internal/icu/text/StringPrep
instanceKlass java/net/IDN
instanceKlass okhttp3/HttpUrl$Builder
instanceKlass okhttp3/HttpUrl
instanceKlass okhttp3/internal/http/HttpMethod
instanceKlass org/ballerinalang/central/client/Utils
instanceKlass okhttp3/Headers$Builder
instanceKlass okhttp3/Request$Builder
# instanceKlass java/lang/invoke/LambdaForm$MH+0x0000000100384000
instanceKlass jdk/internal/icu/impl/NormalizerImpl$ReorderingBuffer
instanceKlass jdk/internal/icu/impl/NormalizerImpl$UTF16Plus
instanceKlass jdk/internal/icu/util/CodePointTrie$Data
instanceKlass jdk/internal/icu/util/CodePointMap
instanceKlass jdk/internal/icu/util/VersionInfo
instanceKlass jdk/internal/icu/impl/ICUBinary$1
instanceKlass jdk/internal/icu/impl/ICUBinary
instanceKlass jdk/internal/icu/impl/NormalizerImpl$IsAcceptable
instanceKlass jdk/internal/icu/impl/ICUBinary$Authenticate
instanceKlass jdk/internal/icu/impl/NormalizerImpl
instanceKlass jdk/internal/icu/impl/Norm2AllModes$Norm2AllModesSingleton
instanceKlass jdk/internal/icu/impl/Norm2AllModes$NFKCSingleton
instanceKlass jdk/internal/icu/impl/Norm2AllModes
instanceKlass jdk/internal/icu/text/Normalizer2
instanceKlass jdk/internal/icu/text/NormalizerBase$ModeImpl
instanceKlass jdk/internal/icu/text/NormalizerBase$NFKDModeImpl
instanceKlass jdk/internal/icu/text/NormalizerBase$1
instanceKlass jdk/internal/icu/text/NormalizerBase$Mode
instanceKlass jdk/internal/icu/text/NormalizerBase
instanceKlass java/text/Normalizer
instanceKlass sun/security/pkcs/SignerInfo
instanceKlass sun/security/pkcs/PKCS9Attribute
instanceKlass sun/security/x509/AVAKeyword
instanceKlass okhttp3/internal/tls/BasicTrustRootIndex
instanceKlass  @bci sun/security/ssl/SSLContextImpl engineInit ([Ljavax/net/ssl/KeyManager;[Ljavax/net/ssl/TrustManager;Ljava/security/SecureRandom;)V 57 <appendix> argL0 ; # sun/security/ssl/SSLContextImpl$$Lambda+0x000000010036d940
instanceKlass javax/net/ssl/X509ExtendedKeyManager
instanceKlass javax/net/ssl/X509KeyManager
instanceKlass javax/net/ssl/KeyManager
instanceKlass sun/security/ssl/SSLSessionContextImpl
instanceKlass javax/net/ssl/SSLSessionContext
instanceKlass sun/security/ssl/EphemeralKeyManager$EphemeralKeyPair
instanceKlass sun/security/ssl/EphemeralKeyManager
instanceKlass sun/security/ssl/SSLContextImpl$CustomizedSSLProtocols
instanceKlass java/security/spec/NamedParameterSpec
instanceKlass sun/security/util/ECKeySizeParameterSpec
instanceKlass java/security/KeyPairGeneratorSpi
instanceKlass javax/crypto/KeyAgreement
instanceKlass java/security/Signature$1
instanceKlass jdk/internal/access/JavaSecuritySignatureAccess
instanceKlass java/security/SignatureSpi
instanceKlass sun/security/ssl/JsseJce$EcAvailability
instanceKlass sun/security/ssl/SSLAlgorithmDecomposer$1
instanceKlass sun/security/ssl/Utilities
instanceKlass sun/security/ssl/JsseJce
instanceKlass sun/security/ssl/NamedGroup$XDHScheme
instanceKlass sun/security/ssl/NamedGroup$FFDHEScheme
instanceKlass sun/security/ssl/NamedGroup$ECDHEScheme
instanceKlass sun/security/ssl/NamedGroup$NamedGroupScheme
instanceKlass sun/security/ssl/SSLCipher$1
instanceKlass sun/security/ssl/SSLCipher$T13CC20P1305WriteCipherGenerator
instanceKlass sun/security/ssl/SSLCipher$T12CC20P1305WriteCipherGenerator
instanceKlass sun/security/ssl/SSLCipher$T13CC20P1305ReadCipherGenerator
instanceKlass sun/security/ssl/SSLCipher$T12CC20P1305ReadCipherGenerator
instanceKlass sun/security/ssl/SSLCipher$T13GcmWriteCipherGenerator
instanceKlass sun/security/ssl/SSLCipher$T13GcmReadCipherGenerator
instanceKlass sun/security/ssl/SSLCipher$T12GcmWriteCipherGenerator
instanceKlass sun/security/ssl/SSLCipher$T12GcmReadCipherGenerator
instanceKlass com/sun/crypto/provider/AESConstants
instanceKlass java/util/Vector$1
instanceKlass  @bci javax/crypto/JceSecurityManager <clinit> ()V 67 <appendix> argL0 ; # javax/crypto/JceSecurityManager$$Lambda+0x000000010037cbb8
instanceKlass  @bci javax/crypto/JceSecurityManager <clinit> ()V 49 <appendix> argL0 ; # javax/crypto/JceSecurityManager$$Lambda+0x000000010037c9a8
instanceKlass javax/crypto/JceSecurityManager
instanceKlass sun/security/ssl/SSLCipher$T11BlockWriteCipherGenerator
instanceKlass sun/security/ssl/SSLCipher$T11BlockReadCipherGenerator
instanceKlass com/sun/crypto/provider/PKCS5Padding
instanceKlass com/sun/crypto/provider/Padding
instanceKlass com/sun/crypto/provider/FeedbackCipher
instanceKlass com/sun/crypto/provider/SymmetricCipher
instanceKlass com/sun/crypto/provider/DESConstants
instanceKlass com/sun/crypto/provider/CipherCore
instanceKlass sun/security/ssl/SSLCipher$T10BlockWriteCipherGenerator
instanceKlass sun/security/ssl/SSLCipher$T10BlockReadCipherGenerator
instanceKlass javax/crypto/CipherSpi
instanceKlass javax/crypto/ProviderVerifier
instanceKlass javax/crypto/JceSecurity$3
instanceKlass javax/crypto/JceSecurity$2
instanceKlass java/net/spi/URLStreamHandlerProvider
instanceKlass java/net/URL$1
instanceKlass java/net/URL$2
instanceKlass java/net/URL$ThreadTrackHolder
instanceKlass java/util/Vector$Itr
instanceKlass javax/crypto/CryptoPolicyParser$CryptoPermissionEntry
instanceKlass javax/crypto/CryptoPolicyParser$GrantEntry
instanceKlass javax/crypto/CryptoPolicyParser
instanceKlass java/nio/file/Files$1
instanceKlass javax/crypto/JceSecurity$1
instanceKlass javax/crypto/JceSecurity
instanceKlass sun/security/jca/ServiceId
instanceKlass javax/crypto/Cipher$Transform
instanceKlass javax/crypto/Cipher
instanceKlass sun/security/ssl/SSLCipher$StreamWriteCipherGenerator
instanceKlass sun/security/ssl/SSLCipher$StreamReadCipherGenerator
instanceKlass sun/security/ssl/SSLCipher$NullWriteCipherGenerator
instanceKlass sun/security/ssl/SSLCipher$WriteCipherGenerator
instanceKlass sun/security/ssl/SSLCipher$NullReadCipherGenerator
instanceKlass sun/security/ssl/SSLCipher$ReadCipherGenerator
instanceKlass java/time/zone/ZoneOffsetTransition
instanceKlass java/time/zone/ZoneOffsetTransitionRule
instanceKlass sun/security/util/DisabledAlgorithmConstraints$Constraints$Holder
instanceKlass sun/security/util/DisabledAlgorithmConstraints$Constraint
instanceKlass sun/security/util/DisabledAlgorithmConstraints$Constraints
instanceKlass sun/security/util/AbstractAlgorithmConstraints$1
instanceKlass sun/security/util/AlgorithmDecomposer
instanceKlass sun/security/util/AbstractAlgorithmConstraints
instanceKlass sun/security/ssl/SSLAlgorithmConstraints
instanceKlass javax/net/ssl/SSLContextSpi
instanceKlass javax/net/ssl/SSLContext
instanceKlass javax/net/ssl/HandshakeCompletedListener
instanceKlass javax/net/ssl/SSLSession
instanceKlass java/security/AlgorithmConstraints
instanceKlass javax/net/ssl/SSLParameters
instanceKlass  @bci sun/security/provider/certpath/ldap/JdkLDAP <init> ()V 15 <appendix> member <vmtarget> ; # sun/security/provider/certpath/ldap/JdkLDAP$$Lambda+0x00000001001ffbf8
instanceKlass com/sun/security/sasl/Provider$1
instanceKlass okhttp3/internal/tls/TrustRootIndex
instanceKlass okhttp3/internal/tls/CertificateChainCleaner
instanceKlass okhttp3/internal/platform/Platform
instanceKlass javax/net/ssl/X509ExtendedTrustManager
instanceKlass javax/net/ssl/X509TrustManager
instanceKlass javax/net/ssl/TrustManager
instanceKlass sun/security/validator/TrustStoreUtil
# instanceKlass java/lang/invoke/LambdaForm$MH+0x0000000100365400
# instanceKlass java/lang/invoke/LambdaForm$MH+0x0000000100365000
# instanceKlass java/lang/invoke/LambdaForm$MH+0x0000000100364c00
# instanceKlass java/lang/invoke/LambdaForm$DMH+0x0000000100364800
instanceKlass sun/security/x509/NetscapeCertTypeExtension$MapEntry
instanceKlass sun/security/x509/RFC822Name
instanceKlass sun/security/x509/DistributionPoint
instanceKlass java/security/cert/PolicyQualifierInfo
instanceKlass sun/security/x509/DNSName
instanceKlass sun/security/x509/URIName
instanceKlass sun/security/x509/GeneralName
instanceKlass sun/security/x509/AccessDescription
instanceKlass sun/security/util/ECUtil
instanceKlass java/security/interfaces/ECPublicKey
instanceKlass java/security/interfaces/ECKey
instanceKlass java/security/PrivateKey
instanceKlass javax/security/auth/Destroyable
instanceKlass java/security/AlgorithmParametersSpi
instanceKlass java/security/AlgorithmParameters
instanceKlass sun/security/pkcs12/PKCS12KeyStore$Entry
instanceKlass jdk/internal/event/EventHelper$ThreadTrackHolder
instanceKlass jdk/internal/misc/ThreadTracker
instanceKlass java/util/jar/JarFile$ThreadTrackHolder
instanceKlass jdk/internal/event/EventHelper
instanceKlass sun/security/jca/JCAUtil
instanceKlass sun/security/util/MemoryCache$CacheEntry
instanceKlass sun/security/x509/CertificatePolicyId
instanceKlass sun/security/x509/PolicyInformation
instanceKlass sun/security/x509/GeneralNames
instanceKlass sun/security/x509/KeyIdentifier
instanceKlass sun/security/x509/OIDMap$OIDInfo
instanceKlass sun/security/x509/PKIXExtensions
instanceKlass sun/security/x509/OIDMap
instanceKlass sun/security/x509/Extension
instanceKlass java/security/cert/Extension
instanceKlass sun/security/x509/CertificateExtensions
instanceKlass sun/security/rsa/RSAUtil
instanceKlass java/security/interfaces/RSAPublicKey
instanceKlass java/security/interfaces/RSAKey
instanceKlass java/security/spec/PSSParameterSpec
instanceKlass java/security/spec/RSAPrivateKeySpec
instanceKlass java/security/spec/RSAPublicKeySpec
instanceKlass java/security/KeyFactorySpi
instanceKlass sun/security/jca/ProviderList$ServiceList$1
instanceKlass java/security/KeyFactory
instanceKlass  @bci java/security/spec/EncodedKeySpec <clinit> ()V 0 <appendix> argL0 ; # java/security/spec/EncodedKeySpec$$Lambda+0x00000001001f2c50
instanceKlass jdk/internal/access/JavaSecuritySpecAccess
instanceKlass java/security/spec/EncodedKeySpec
instanceKlass java/security/spec/KeySpec
instanceKlass sun/security/util/BitArray
instanceKlass sun/security/x509/X509Key
instanceKlass java/security/PublicKey
instanceKlass java/security/Key
instanceKlass sun/security/x509/CertificateX509Key
instanceKlass sun/util/calendar/CalendarUtils
instanceKlass sun/util/calendar/CalendarDate
instanceKlass sun/security/x509/CertificateValidity
instanceKlass sun/security/x509/AVA
instanceKlass sun/security/x509/RDN
instanceKlass javax/security/auth/x500/X500Principal
instanceKlass  @bci sun/security/x509/X500Name <clinit> ()V 153 <appendix> argL0 ; # sun/security/x509/X500Name$$Lambda+0x00000001001efc58
instanceKlass sun/security/x509/X500Name
instanceKlass sun/security/x509/GeneralNameInterface
instanceKlass sun/security/x509/CertificateAlgorithmId
instanceKlass sun/security/x509/SerialNumber
instanceKlass sun/security/x509/CertificateSerialNumber
instanceKlass sun/security/x509/CertificateVersion
instanceKlass sun/security/x509/X509CertInfo
instanceKlass sun/security/x509/AlgorithmId
instanceKlass sun/security/util/Cache$EqualByteArray
instanceKlass sun/security/util/Cache
instanceKlass java/security/cert/CertificateFactorySpi
instanceKlass java/security/cert/CertificateFactory
instanceKlass sun/security/pkcs/ContentInfo
instanceKlass sun/security/util/IOUtils
instanceKlass sun/security/util/DerInputStream
instanceKlass sun/security/util/DerValue
instanceKlass sun/security/action/OpenFileInputStreamAction
instanceKlass  @bci sun/security/util/KeyStoreDelegator <init> (Ljava/lang/String;Ljava/lang/Class;Ljava/lang/String;Ljava/lang/Class;)V 4 <appendix> argL0 ; # sun/security/util/KeyStoreDelegator$$Lambda+0x00000001001ec5e0
instanceKlass java/security/KeyStoreSpi
instanceKlass sun/security/ssl/SSLLogger
instanceKlass  @bci java/security/KeyStore getDefaultType ()Ljava/lang/String; 0 <appendix> argL0 ; # java/security/KeyStore$$Lambda+0x00000001001eb150
instanceKlass java/security/KeyStore
instanceKlass sun/security/ssl/TrustStoreManager$TrustStoreDescriptor$1
instanceKlass sun/security/util/FilePaths
instanceKlass sun/security/ssl/TrustStoreManager$TrustStoreDescriptor
instanceKlass sun/security/ssl/TrustStoreManager$TrustAnchorManager
instanceKlass sun/security/ssl/TrustStoreManager
instanceKlass  @bci sun/security/ssl/SunJSSE registerAlgorithms ()V 1 <appendix> member <vmtarget> ; # sun/security/ssl/SunJSSE$$Lambda+0x00000001001e9ed0
instanceKlass java/security/spec/ECFieldF2m
instanceKlass sun/security/util/ObjectIdentifier
instanceKlass sun/security/util/ByteArrayTagOrder
instanceKlass sun/security/util/ByteArrayLexOrder
instanceKlass sun/security/util/DerEncoder
instanceKlass java/security/spec/ECParameterSpec
instanceKlass java/security/spec/AlgorithmParameterSpec
instanceKlass java/security/spec/ECPoint
instanceKlass java/security/spec/EllipticCurve
instanceKlass java/security/spec/ECFieldFp
instanceKlass java/security/spec/ECField
instanceKlass sun/security/util/CurveDB
instanceKlass sun/security/ec/SunEC$1
instanceKlass com/sun/security/sasl/gsskerb/JdkSASL$1
instanceKlass  @bci sun/security/pkcs11/SunPKCS11 register (Lsun/security/pkcs11/SunPKCS11$Descriptor;)V 27 <appendix> argL0 ; # sun/security/pkcs11/SunPKCS11$$Lambda+0x00000001001a3b78
instanceKlass sun/security/pkcs11/SunPKCS11$Descriptor
instanceKlass javax/security/auth/callback/CallbackHandler
instanceKlass javax/security/auth/Subject
instanceKlass org/jcp/xml/dsig/internal/dom/XMLDSigRI$2
instanceKlass org/jcp/xml/dsig/internal/dom/XMLDSigRI$1
instanceKlass  @bci sun/security/jgss/SunProvider <init> ()V 15 <appendix> member <vmtarget> ; # sun/security/jgss/SunProvider$$Lambda+0x00000001001a2518
instanceKlass sun/security/smartcardio/SunPCSC$1
instanceKlass sun/security/jca/ProviderConfig$ProviderLoader
instanceKlass sun/security/jca/ProviderConfig$3
instanceKlass sun/security/rsa/SunRsaSignEntries
instanceKlass javax/net/ssl/TrustManagerFactorySpi
instanceKlass  @bci javax/net/ssl/TrustManagerFactory getDefaultAlgorithm ()Ljava/lang/String; 0 <appendix> argL0 ; # javax/net/ssl/TrustManagerFactory$$Lambda+0x00000001001e5ab0
instanceKlass javax/net/ssl/TrustManagerFactory
instanceKlass org/ballerinalang/central/client/CentralAPIClient$CustomRetryInterceptor
instanceKlass  @bci okhttp3/Dns <clinit> ()V 0 <appendix> argL0 ; # okhttp3/Dns$$Lambda+0x0000000100362df0
instanceKlass okhttp3/Dns
instanceKlass okhttp3/internal/connection/RouteDatabase
instanceKlass  @bci okhttp3/internal/connection/RealConnectionPool <init> (IJLjava/util/concurrent/TimeUnit;)V 6 <appendix> member <vmtarget> ; # okhttp3/internal/connection/RealConnectionPool$$Lambda+0x00000001003627e8
instanceKlass  @bci okhttp3/internal/Util threadFactory (Ljava/lang/String;Z)Ljava/util/concurrent/ThreadFactory; 2 <appendix> form vmentry <vmtarget> ; # java/lang/invoke/LambdaForm$DMH+0x0000000100364400
instanceKlass  @bci okhttp3/internal/Util threadFactory (Ljava/lang/String;Z)Ljava/util/concurrent/ThreadFactory; 2 <appendix> member <vmtarget> ; # okhttp3/internal/Util$$Lambda+0x00000001003625d0
instanceKlass  @cpi okhttp3/internal/Util 491 form vmentry <vmtarget> ; # java/lang/invoke/LambdaForm$DMH+0x0000000100364000
instanceKlass okhttp3/internal/connection/RealConnectionPool
instanceKlass okhttp3/ConnectionPool
instanceKlass  @bci okhttp3/Authenticator <clinit> ()V 0 <appendix> argL0 ; # okhttp3/Authenticator$$Lambda+0x0000000100361fc0
instanceKlass okhttp3/Request
instanceKlass okhttp3/Response
instanceKlass okhttp3/Route
instanceKlass okhttp3/Authenticator
instanceKlass okhttp3/CertificatePinner$Builder
instanceKlass java/security/cert/X509Extension
instanceKlass okhttp3/CertificatePinner
instanceKlass okhttp3/internal/tls/OkHostnameVerifier
instanceKlass javax/net/SocketFactory
instanceKlass okhttp3/CookieJar$1
instanceKlass okhttp3/CookieJar
instanceKlass sun/net/NetProperties$1
instanceKlass sun/net/NetProperties
instanceKlass sun/net/spi/DefaultProxySelector$1
instanceKlass java/net/Proxy
instanceKlass  @bci okhttp3/EventListener factory (Lokhttp3/EventListener;)Lokhttp3/EventListener$Factory; 1 <appendix> member <vmtarget> ; # okhttp3/EventListener$$Lambda+0x0000000100360b60
instanceKlass okhttp3/EventListener$Factory
instanceKlass okhttp3/EventListener
instanceKlass okhttp3/ConnectionSpec$Builder
instanceKlass  @bci okhttp3/CipherSuite <clinit> ()V 0 <appendix> argL0 ; # okhttp3/CipherSuite$$Lambda+0x000000010035fa58
instanceKlass okhttp3/CipherSuite
instanceKlass okhttp3/ConnectionSpec
instanceKlass java/lang/Throwable$PrintStreamOrWriter
instanceKlass  @bci okhttp3/internal/Util <clinit> ()V 117 <appendix> argL0 ; # okhttp3/internal/Util$$Lambda+0x000000010035f000
instanceKlass sun/util/calendar/ZoneInfoFile$ZoneOffsetTransitionRule
instanceKlass sun/util/calendar/ZoneInfoFile$1
instanceKlass sun/util/calendar/ZoneInfoFile
instanceKlass java/util/concurrent/atomic/AtomicReference
instanceKlass okio/Segment$Companion
instanceKlass okio/Segment
instanceKlass okio/SegmentPool
instanceKlass kotlin/comparisons/ComparisonsKt__ComparisonsKt
instanceKlass kotlin/collections/ArrayAsCollection
instanceKlass kotlin/collections/CollectionsKt__CollectionsJVMKt
instanceKlass kotlin/collections/ArraysKt__ArraysJVMKt
instanceKlass okio/Options$Companion
instanceKlass kotlin/collections/AbstractList$Companion
instanceKlass kotlin/collections/AbstractCollection
instanceKlass kotlin/jvm/internal/markers/KMappedMarker
instanceKlass okio/internal/-ByteString
instanceKlass okio/ByteString$Companion
instanceKlass okio/ByteString
instanceKlass okio/Buffer$UnsafeCursor
instanceKlass okio/-SegmentedByteString
instanceKlass kotlin/jvm/internal/Intrinsics
instanceKlass okio/Buffer
instanceKlass okio/BufferedSink
instanceKlass okio/Sink
instanceKlass okio/BufferedSource
instanceKlass okio/Source
instanceKlass okhttp3/ResponseBody
instanceKlass okhttp3/Headers
instanceKlass okhttp3/internal/Util
instanceKlass okhttp3/WebSocket
instanceKlass okhttp3/Call
instanceKlass okhttp3/internal/Internal
instanceKlass okhttp3/OkHttpClient
instanceKlass okhttp3/WebSocket$Factory
instanceKlass okhttp3/Call$Factory
instanceKlass okhttp3/Dispatcher
instanceKlass javax/net/ssl/HostnameVerifier
instanceKlass java/net/ProxySelector
instanceKlass okhttp3/OkHttpClient$Builder
instanceKlass  @bci io/ballerina/projects/internal/repositories/RemotePackageRepository fromPackageResolutionResponse (Ljava/util/Collection;Lorg/ballerinalang/central/client/model/PackageResolutionRequest;)Ljava/util/Collection; 23 <appendix> argL0 ; # io/ballerina/projects/internal/repositories/RemotePackageRepository$$Lambda+0x0000000100356c90
instanceKlass java/net/URLEncoder
instanceKlass org/ballerinalang/central/client/model/PackageResolutionRequest$Package
instanceKlass  @bci io/ballerina/projects/internal/repositories/RemotePackageRepository toPackageResolutionRequest (Ljava/util/Collection;)Lorg/ballerinalang/central/client/model/PackageResolutionRequest; 104 <appendix> argL0 ; # io/ballerina/projects/internal/repositories/RemotePackageRepository$$Lambda+0x0000000100356820
instanceKlass io/ballerina/projects/internal/repositories/RemotePackageRepository$1
instanceKlass org/ballerinalang/central/client/model/PackageResolutionRequest
instanceKlass  @bci io/ballerina/projects/internal/BalaFiles loadModule (Ljava/lang/String;Ljava/lang/String;Ljava/nio/file/Path;Lio/ballerina/projects/internal/model/PackageJson;)Lio/ballerina/projects/internal/ModuleData; 205 <appendix> member <vmtarget> ; # io/ballerina/projects/internal/BalaFiles$$Lambda+0x000000010034fc28
instanceKlass io/ballerina/projects/internal/model/CompilerPluginDescriptor$Dependency
instanceKlass com/google/gson/internal/bind/ObjectTypeAdapter$2
instanceKlass  @bci io/ballerina/projects/internal/BalaFiles getPlatforms (Lio/ballerina/projects/internal/model/PackageJson;)Ljava/util/Map; 30 <appendix> member <vmtarget> ; # io/ballerina/projects/internal/BalaFiles$$Lambda+0x000000010034f5f8
instanceKlass  @bci io/ballerina/projects/internal/BalaFiles setCompilerPluginDependencyPaths (Lio/ballerina/projects/internal/bala/CompilerPluginJson;Ljava/nio/file/Path;)V 22 <appendix> member <vmtarget> ; # io/ballerina/projects/internal/BalaFiles$$Lambda+0x000000010034f3d0
# instanceKlass java/lang/invoke/LambdaForm$MH+0x0000000100354800
# instanceKlass java/lang/invoke/LambdaForm$MH+0x0000000100354400
# instanceKlass java/lang/invoke/LambdaForm$MH+0x0000000100354000
# instanceKlass java/lang/invoke/LambdaForm$MH+0x0000000100353c00
# instanceKlass java/lang/invoke/LambdaForm$MH+0x0000000100353800
# instanceKlass java/lang/invoke/LambdaForm$MH+0x0000000100353400
# instanceKlass java/lang/invoke/LambdaForm$MH+0x0000000100353000
# instanceKlass java/lang/invoke/LambdaForm$MH+0x0000000100352c00
# instanceKlass java/lang/invoke/LambdaForm$MH+0x0000000100352800
# instanceKlass java/lang/invoke/LambdaForm$DMH+0x0000000100352400
instanceKlass  @bci io/ballerina/projects/internal/environment/DefaultPackageResolver resolvePackageMetadata (Ljava/util/Collection;Lio/ballerina/projects/environment/ResolutionOptions;)Ljava/util/Collection; 357 <appendix> argL0 ; # io/ballerina/projects/internal/environment/DefaultPackageResolver$$Lambda+0x000000010034f190
# instanceKlass java/lang/invoke/LambdaForm$MH+0x0000000100352000
# instanceKlass java/lang/invoke/LambdaForm$MH+0x0000000100351c00
# instanceKlass java/lang/invoke/LambdaForm$MH+0x0000000100351800
# instanceKlass java/lang/invoke/LambdaForm$BMH+0x0000000100351400
# instanceKlass java/lang/invoke/LambdaForm$DMH+0x0000000100351000
# instanceKlass java/lang/invoke/LambdaForm$MH+0x0000000100350c00
# instanceKlass java/lang/invoke/LambdaForm$DMH+0x0000000100350800
instanceKlass java/lang/invoke/ClassSpecializer$Factory$1Var
# instanceKlass java/lang/invoke/LambdaForm$DMH+0x0000000100350400
instanceKlass sun/invoke/util/ValueConversions$1
instanceKlass  @bci org/wso2/ballerinalang/compiler/semantics/analyzer/SemanticAnalyzer visit (Lorg/wso2/ballerinalang/compiler/tree/BLangSimpleVariable;Lorg/wso2/ballerinalang/compiler/semantics/analyzer/SemanticAnalyzer$AnalyzerData;)V 323 <appendix> form vmentry <vmtarget> ; # java/lang/invoke/LambdaForm$DMH+0x0000000100350000
instanceKlass  @bci io/ballerina/projects/internal/repositories/AbstractPackageRepository getCompatiblePackageVersions (Lio/ballerina/projects/PackageDescriptor;Lio/ballerina/projects/environment/PackageLockingMode;)Ljava/util/List; 99 <appendix> argL0 ; # io/ballerina/projects/internal/repositories/AbstractPackageRepository$$Lambda+0x000000010034ef60
instanceKlass  @bci io/ballerina/projects/internal/repositories/AbstractPackageRepository getCompatiblePackageVersions (Lio/ballerina/projects/PackageDescriptor;Lio/ballerina/projects/environment/PackageLockingMode;)Ljava/util/List; 56 <appendix> argL0 ; # io/ballerina/projects/internal/repositories/AbstractPackageRepository$$Lambda+0x000000010034e910
instanceKlass io/ballerina/projects/environment/PackageMetadataResponse
instanceKlass  @bci io/ballerina/projects/internal/repositories/FileSystemRepository lambda$pathToVersions$0 (Ljava/nio/file/Path;)Ljava/lang/String; 12 <appendix> argL0 ; # io/ballerina/projects/internal/repositories/FileSystemRepository$$Lambda+0x000000010034e4c0
instanceKlass  @bci io/ballerina/projects/internal/repositories/FileSystemRepository lambda$pathToVersions$0 (Ljava/nio/file/Path;)Ljava/lang/String; 4 <appendix> argL0 ; # io/ballerina/projects/internal/repositories/FileSystemRepository$$Lambda+0x000000010034e290
instanceKlass  @bci io/ballerina/projects/internal/repositories/FileSystemRepository pathToVersions (Ljava/util/List;)Ljava/util/List; 25 <appendix> member <vmtarget> ; # io/ballerina/projects/internal/repositories/FileSystemRepository$$Lambda+0x000000010034e068
instanceKlass  @bci io/ballerina/projects/internal/repositories/FileSystemRepository pathToVersions (Ljava/util/List;)Ljava/util/List; 14 <appendix> argL0 ; # io/ballerina/projects/internal/repositories/FileSystemRepository$$Lambda+0x000000010034de38
instanceKlass  @bci java/nio/file/Files asUncheckedRunnable (Ljava/io/Closeable;)Ljava/lang/Runnable; 1 <appendix> member <vmtarget> ; # java/nio/file/Files$$Lambda+0x00000001001dfd80
instanceKlass java/nio/file/Files$2
instanceKlass  @bci io/ballerina/projects/internal/ResolutionEngine populateStaticDependencyGraph (Ljava/util/Collection;)V 6 <appendix> argL0 ; # io/ballerina/projects/internal/ResolutionEngine$$Lambda+0x000000010034dbf8
instanceKlass  @bci io/ballerina/projects/internal/BlendedManifest dependencyOrThrow (Lio/ballerina/projects/PackageOrg;Lio/ballerina/projects/PackageName;)Lio/ballerina/projects/internal/BlendedManifest$Dependency; 11 <appendix> member <vmtarget> ; # io/ballerina/projects/internal/BlendedManifest$$Lambda+0x000000010034d9e0
instanceKlass  @bci io/ballerina/projects/internal/PackageContainer getAll ()Ljava/util/Collection; 24 <appendix> argL0 ; # io/ballerina/projects/internal/PackageContainer$$Lambda+0x000000010034d7b0
instanceKlass  @bci io/ballerina/projects/internal/PackageContainer getAll ()Ljava/util/Collection; 14 <appendix> argL0 ; # io/ballerina/projects/internal/PackageContainer$$Lambda+0x000000010034d580
instanceKlass io/ballerina/projects/internal/ImportModuleResponse
instanceKlass io/ballerina/projects/internal/ImportModuleRequest
instanceKlass io/ballerina/projects/internal/ModuleResolver$DirectPackageDependency
instanceKlass  @bci io/ballerina/projects/internal/BlendedManifest dependency (Lio/ballerina/projects/PackageOrg;Lio/ballerina/projects/PackageName;Lio/ballerina/projects/internal/BlendedManifest$DependencyOrigin;)Ljava/util/Optional; 10 <appendix> member <vmtarget> ; # io/ballerina/projects/internal/BlendedManifest$$Lambda+0x000000010034c8c0
instanceKlass  @bci io/ballerina/projects/internal/ModuleResolver getPackageOrg (Lio/ballerina/projects/environment/ModuleLoadRequest;)Lio/ballerina/projects/PackageOrg; 15 <appendix> member <vmtarget> ; # io/ballerina/projects/internal/ModuleResolver$$Lambda+0x000000010034c6a8
instanceKlass io/ballerina/projects/internal/PackageDependencyGraphBuilder$Vertex
instanceKlass io/ballerina/projects/internal/PackageDependencyGraphBuilder
instanceKlass io/ballerina/projects/internal/ResolutionEngine
instanceKlass  @bci io/ballerina/projects/internal/TransactionImportValidator visit (Lio/ballerina/compiler/syntax/tree/FunctionDefinitionNode;)V 7 <appendix> argL0 ; # io/ballerina/projects/internal/TransactionImportValidator$$Lambda+0x000000010034bbd0
instanceKlass io/ballerina/compiler/syntax/tree/ChildNodeList$ChildNodeIterator
instanceKlass io/ballerina/compiler/syntax/tree/ChildNodeList
instanceKlass io/ballerina/compiler/syntax/tree/NodeVisitor
instanceKlass io/ballerina/compiler/syntax/tree/NodeLocation
instanceKlass io/ballerina/projects/environment/ModuleLoadRequest
instanceKlass  @bci io/ballerina/projects/DocumentContext getModuleLoadRequest (Lio/ballerina/compiler/syntax/tree/ImportDeclarationNode;Lio/ballerina/projects/PackageDependencyScope;)Lio/ballerina/projects/environment/ModuleLoadRequest; 4 <appendix> argL0 ; # io/ballerina/projects/DocumentContext$$Lambda+0x0000000100324860
instanceKlass  @bci jdk/internal/reflect/MethodHandleLongFieldAccessorImpl setLong (Ljava/lang/Object;J)V 41 <adapter> ; # java/lang/invoke/LambdaForm$MH+0x0000000100328000
instanceKlass com/google/gson/internal/ConstructorConstructor$18
instanceKlass io/ballerina/projects/internal/model/BuildJson
instanceKlass  @bci io/ballerina/compiler/syntax/tree/NonTerminalNode diagnostics ()Ljava/lang/Iterable; 10 <appendix> argL0 ; # io/ballerina/compiler/syntax/tree/NonTerminalNode$$Lambda+0x0000000100323f18
instanceKlass io/ballerina/compiler/syntax/tree/NodeList$NodeListIterator
instanceKlass io/ballerina/compiler/syntax/tree/NodeList
instanceKlass io/ballerina/compiler/internal/syntax/NodeListUtils
instanceKlass io/ballerina/compiler/internal/parser/BallerinaParser$1
instanceKlass io/ballerina/compiler/internal/parser/tree/STNodeFlags
instanceKlass io/ballerina/compiler/internal/syntax/SyntaxUtils
instanceKlass io/ballerina/compiler/internal/parser/tree/STAbstractNodeFactory
instanceKlass io/ballerina/compiler/internal/parser/BallerinaLexer$1
instanceKlass io/ballerina/compiler/internal/parser/AbstractParserErrorHandler
instanceKlass io/ballerina/compiler/internal/parser/TokenReader$TokenBuffer
instanceKlass io/ballerina/compiler/internal/parser/tree/STNode
instanceKlass io/ballerina/compiler/internal/parser/AbstractParser
instanceKlass io/ballerina/compiler/internal/parser/AbstractTokenReader
instanceKlass io/ballerina/compiler/internal/parser/AbstractLexer
instanceKlass io/ballerina/compiler/internal/parser/ParserFactory
instanceKlass io/ballerina/compiler/syntax/tree/Node
instanceKlass io/ballerina/compiler/syntax/tree/SyntaxTree
instanceKlass  @bci org/wso2/ballerinalang/compiler/bir/codegen/split/types/JvmObjectTypeGen splitObjectAttachedFunctions (Lorg/objectweb/asm/ClassWriter;Ljava/lang/String;Ljava/util/List;Lorg/wso2/ballerinalang/compiler/semantics/model/types/BObjectType;Lorg/wso2/ballerinalang/compiler/semantics/model/SymbolTable;)I 145 <appendix> form vmentry <vmtarget> ; # java/lang/invoke/LambdaForm$MH+0x00000001002de800
# instanceKlass java/lang/invoke/LambdaForm$MH+0x00000001002de400
instanceKlass  @bci org/wso2/ballerinalang/compiler/bir/codegen/split/types/JvmObjectTypeGen splitObjectAttachedFunctions (Lorg/objectweb/asm/ClassWriter;Ljava/lang/String;Ljava/util/List;Lorg/wso2/ballerinalang/compiler/semantics/model/types/BObjectType;Lorg/wso2/ballerinalang/compiler/semantics/model/SymbolTable;)I 145 <appendix> argL3 form vmentry <vmtarget> ; # java/lang/invoke/LambdaForm$MH+0x00000001002de000
# instanceKlass java/lang/invoke/LambdaForm$MH+0x00000001002ddc00
# instanceKlass java/lang/invoke/LambdaForm$MH+0x00000001002dd800
# instanceKlass java/lang/invoke/LambdaForm$MH+0x00000001002dd400
# instanceKlass java/lang/invoke/LambdaForm$MH+0x00000001002dd000
instanceKlass  @bci org/wso2/ballerinalang/compiler/bir/codegen/split/types/JvmObjectTypeGen splitObjectAttachedFunctions (Lorg/objectweb/asm/ClassWriter;Ljava/lang/String;Ljava/util/List;Lorg/wso2/ballerinalang/compiler/semantics/model/types/BObjectType;Lorg/wso2/ballerinalang/compiler/semantics/model/SymbolTable;)I 145 <appendix> argL1 form vmentry <vmtarget> ; # java/lang/invoke/LambdaForm$MH+0x00000001002dcc00
# instanceKlass java/lang/invoke/LambdaForm$MH+0x00000001002dc800
# instanceKlass java/lang/invoke/LambdaForm$MH+0x00000001002dc400
# instanceKlass java/lang/invoke/LambdaForm$MH+0x00000001002dc000
instanceKlass  @bci io/ballerina/cli/task/RunBuildToolsTask execute (Lio/ballerina/projects/Project;)V 52 <appendix> member <vmtarget> ; # io/ballerina/cli/task/RunBuildToolsTask$$Lambda+0x00000001002d88a0
instanceKlass  @bci io/ballerina/cli/task/RunBuildToolsTask execute (Lio/ballerina/projects/Project;)V 26 <appendix> argL0 ; # io/ballerina/cli/task/RunBuildToolsTask$$Lambda+0x00000001002d8660
instanceKlass io/ballerina/cli/task/DumpBuildTimeTask
instanceKlass io/ballerina/cli/task/CreateExecutableTask
instanceKlass io/ballerina/cli/task/CompileTask
instanceKlass io/ballerina/cli/task/ResolveMavenDependenciesTask
instanceKlass io/ballerina/projects/buildtools/CodeGeneratorTool
instanceKlass io/ballerina/cli/task/RunBuildToolsTask
instanceKlass io/ballerina/cli/task/CleanTargetDirTask
instanceKlass io/ballerina/cli/TaskExecutor$TaskBuilder
instanceKlass io/ballerina/projects/internal/model/Target
instanceKlass io/ballerina/projects/ProjectEnvironmentBuilder$1
instanceKlass io/ballerina/projects/internal/model/CompilerPluginDescriptor$Plugin
instanceKlass  @bci io/ballerina/projects/internal/ProjectFiles createBuildOptions (Lio/ballerina/projects/PackageConfig;Lio/ballerina/projects/BuildOptions;Ljava/nio/file/Path;)Lio/ballerina/projects/BuildOptions; 59 <appendix> argL0 ; # io/ballerina/projects/internal/ProjectFiles$$Lambda+0x00000001002d3b10
instanceKlass  @bci io/ballerina/projects/internal/ProjectFiles createBuildOptions (Lio/ballerina/projects/PackageConfig;Lio/ballerina/projects/BuildOptions;Ljava/nio/file/Path;)Lio/ballerina/projects/BuildOptions; 32 <appendix> argL0 ; # io/ballerina/projects/internal/ProjectFiles$$Lambda+0x00000001002d38e0
instanceKlass  @bci io/ballerina/projects/internal/ProjectFiles createBuildOptions (Lio/ballerina/projects/PackageConfig;Lio/ballerina/projects/BuildOptions;Ljava/nio/file/Path;)Lio/ballerina/projects/BuildOptions; 6 <appendix> argL0 ; # io/ballerina/projects/internal/ProjectFiles$$Lambda+0x00000001002d36b0
instanceKlass  @bci io/ballerina/projects/internal/DependencyManifestBuilder diagnostics ()Lio/ballerina/projects/DiagnosticResult; 17 <appendix> member <vmtarget> ; # io/ballerina/projects/internal/DependencyManifestBuilder$$Lambda+0x00000001002d3488
instanceKlass io/ballerina/projects/internal/DependencyManifestBuilder
instanceKlass io/ballerina/projects/internal/ManifestUtils
instanceKlass  @bci io/ballerina/projects/util/ProjectUtils defaultName (Ljava/nio/file/Path;)Lio/ballerina/projects/PackageName; 9 <appendix> argL0 ; # io/ballerina/projects/util/ProjectUtils$$Lambda+0x00000001002d27d0
instanceKlass io/ballerina/toml/semantic/ast/TomlTransformer$1
instanceKlass org/apache/commons/lang3/Validate
instanceKlass org/apache/commons/lang3/ArrayUtils
instanceKlass org/apache/commons/lang3/Range
instanceKlass  @bci org/apache/commons/text/translate/AggregateTranslator <init> ([Lorg/apache/commons/text/translate/CharSequenceTranslator;)V 42 <appendix> member <vmtarget> ; # org/apache/commons/text/translate/AggregateTranslator$$Lambda+0x00000001002d6920
instanceKlass  @bci org/apache/commons/text/translate/AggregateTranslator <init> ([Lorg/apache/commons/text/translate/CharSequenceTranslator;)V 23 <appendix> argL0 ; # org/apache/commons/text/translate/AggregateTranslator$$Lambda+0x00000001002d66e0
instanceKlass  @bci java/util/Collections$UnmodifiableMap$UnmodifiableEntrySet entryConsumer (Ljava/util/function/Consumer;)Ljava/util/function/Consumer; 1 <appendix> member <vmtarget> ; # java/util/Collections$UnmodifiableMap$UnmodifiableEntrySet$$Lambda+0x00000001001ded00
instanceKlass  @bci org/apache/commons/text/translate/EntityArrays invert (Ljava/util/Map;)Ljava/util/Map; 16 <appendix> argL0 ; # org/apache/commons/text/translate/EntityArrays$$Lambda+0x00000001002d5e88
instanceKlass  @bci org/apache/commons/text/translate/EntityArrays invert (Ljava/util/Map;)Ljava/util/Map; 11 <appendix> argL0 ; # org/apache/commons/text/translate/EntityArrays$$Lambda+0x00000001002d5c58
instanceKlass java/util/Collections$UnmodifiableMap$UnmodifiableEntrySet$UnmodifiableEntrySetSpliterator
instanceKlass org/apache/commons/text/translate/EntityArrays
instanceKlass org/apache/commons/text/translate/CharSequenceTranslator
instanceKlass org/apache/commons/text/StringEscapeUtils
instanceKlass io/ballerina/identifier/Utils
instanceKlass io/ballerina/toml/internal/parser/TomlParser$1
instanceKlass io/ballerina/projects/internal/ManifestBuilder
instanceKlass  @bci io/ballerina/projects/internal/PackageConfigCreator createBuildProjectConfig (Ljava/nio/file/Path;Z)Lio/ballerina/projects/PackageConfig; 95 <appendix> argL0 ; # io/ballerina/projects/internal/PackageConfigCreator$$Lambda+0x00000001002cbcd0
instanceKlass  @bci io/ballerina/projects/internal/PackageConfigCreator createBuildProjectConfig (Ljava/nio/file/Path;Z)Lio/ballerina/projects/PackageConfig; 74 <appendix> argL0 ; # io/ballerina/projects/internal/PackageConfigCreator$$Lambda+0x00000001002cbaa0
instanceKlass  @bci io/ballerina/projects/internal/PackageConfigCreator createBuildProjectConfig (Ljava/nio/file/Path;Z)Lio/ballerina/projects/PackageConfig; 53 <appendix> argL0 ; # io/ballerina/projects/internal/PackageConfigCreator$$Lambda+0x00000001002cb870
instanceKlass  @bci io/ballerina/projects/internal/PackageConfigCreator createBuildProjectConfig (Ljava/nio/file/Path;Z)Lio/ballerina/projects/PackageConfig; 33 <appendix> argL0 ; # io/ballerina/projects/internal/PackageConfigCreator$$Lambda+0x00000001002cb640
instanceKlass io/ballerina/projects/CompilerPluginCache
instanceKlass  @bci org/wso2/ballerinalang/compiler/semantics/analyzer/TypeParamAnalyzer createAnydataType (Lorg/wso2/ballerinalang/compiler/semantics/model/types/BUnionType;Lorg/ballerinalang/model/Name;J)Lorg/wso2/ballerinalang/compiler/semantics/model/types/BAnydataType; 35 <appendix> member <vmtarget> ; # org/wso2/ballerinalang/compiler/semantics/analyzer/TypeParamAnalyzer$$Lambda+0x00000001002cac50
# instanceKlass java/lang/invoke/LambdaForm$MH+0x00000001002d0800
# instanceKlass java/lang/invoke/LambdaForm$MH+0x00000001002d0400
# instanceKlass java/lang/invoke/LambdaForm$MH+0x00000001002d0000
# instanceKlass java/lang/invoke/LambdaForm$MH+0x00000001002cfc00
# instanceKlass java/lang/invoke/LambdaForm$MH+0x00000001002cf800
# instanceKlass java/lang/invoke/LambdaForm$MH+0x00000001002cf400
instanceKlass jdk/internal/math/MathUtils
instanceKlass jdk/internal/math/DoubleToDecimal
instanceKlass io/ballerina/types/EnumerableFloat
# instanceKlass java/lang/invoke/LambdaForm$MH+0x00000001002cf000
instanceKlass  @bci io/ballerina/projects/CompilerPluginManager loadEngagedCompilerPlugins (Ljava/util/List;)Ljava/util/List; 48 <appendix> member <vmtarget> ; # io/ballerina/projects/CompilerPluginManager$$Lambda+0x00000001002ca228
instanceKlass  @cpi org/wso2/ballerinalang/compiler/bir/writer/BIRWriterUtils 437 form vmentry <vmtarget> ; # java/lang/invoke/LambdaForm$DMH+0x00000001002cec00
instanceKlass io/ballerina/projects/ModuleDependency
instanceKlass io/ballerina/projects/DependencyManifest$Dependency
instanceKlass org/wso2/ballerinalang/compiler/tree/BLangConstantValue
instanceKlass  @bci org/wso2/ballerinalang/compiler/bir/codegen/JvmTypeGen loadUserDefinedType (Lorg/objectweb/asm/MethodVisitor;Lorg/wso2/ballerinalang/compiler/semantics/model/types/BType;)V 246 <appendix> form vmentry <vmtarget> ; # java/lang/invoke/LambdaForm$MH+0x00000001002ce800
# instanceKlass java/lang/invoke/LambdaForm$MH+0x00000001002ce400
instanceKlass  @bci org/wso2/ballerinalang/compiler/bir/codegen/JvmTypeGen loadUserDefinedType (Lorg/objectweb/asm/MethodVisitor;Lorg/wso2/ballerinalang/compiler/semantics/model/types/BType;)V 246 <appendix> argL3 form vmentry <vmtarget> ; # java/lang/invoke/LambdaForm$MH+0x00000001002ce000
# instanceKlass java/lang/invoke/LambdaForm$MH+0x00000001002cdc00
# instanceKlass java/lang/invoke/LambdaForm$MH+0x00000001002cd800
# instanceKlass java/lang/invoke/LambdaForm$MH+0x00000001002cd400
# instanceKlass java/lang/invoke/LambdaForm$MH+0x00000001002cd000
instanceKlass  @bci org/wso2/ballerinalang/compiler/bir/codegen/JvmTypeGen loadUserDefinedType (Lorg/objectweb/asm/MethodVisitor;Lorg/wso2/ballerinalang/compiler/semantics/model/types/BType;)V 246 <appendix> argL1 form vmentry <vmtarget> ; # java/lang/invoke/LambdaForm$MH+0x00000001002ccc00
# instanceKlass java/lang/invoke/LambdaForm$MH+0x00000001002cc800
# instanceKlass java/lang/invoke/LambdaForm$MH+0x00000001002cc400
# instanceKlass java/lang/invoke/LambdaForm$MH+0x00000001002cc000
instanceKlass org/wso2/ballerinalang/compiler/semantics/model/types/BTypeIdSet$BTypeId
instanceKlass org/wso2/ballerinalang/compiler/semantics/model/types/BObjectType$DistinctIdSupplier
instanceKlass io/ballerina/projects/plugins/codeaction/CodeAction
instanceKlass io/ballerina/projects/plugins/CodeAnalyzer
instanceKlass io/ballerina/projects/plugins/CompilerPlugin
instanceKlass io/ballerina/projects/internal/plugins/CompilerPlugins
instanceKlass  @bci io/ballerina/projects/CompilerPluginManager getDirectDependencies (Lio/ballerina/projects/ResolvedPackageDependency;Lio/ballerina/projects/DependencyGraph;)Ljava/util/List; 10 <appendix> argL0 ; # io/ballerina/projects/CompilerPluginManager$$Lambda+0x00000001002c7b10
instanceKlass io/ballerina/projects/CompilerPluginInfo
instanceKlass io/ballerina/projects/plugins/CompilerPluginContext
instanceKlass io/ballerina/projects/CompilerPluginManager
instanceKlass org/wso2/ballerinalang/compiler/util/CompilerUtils
instanceKlass  @bci org/wso2/ballerinalang/compiler/PackageCache putSymbol (Lorg/ballerinalang/model/elements/PackageID;Lorg/wso2/ballerinalang/compiler/semantics/model/symbols/BPackageSymbol;)V 21 <appendix> argL0 ; # org/wso2/ballerinalang/compiler/PackageCache$$Lambda+0x00000001002c6e80
instanceKlass org/wso2/ballerinalang/compiler/semantics/model/SymbolEnv
instanceKlass  @bci org/wso2/ballerinalang/compiler/BIRPackageSymbolEnter definePackage (Ljava/io/DataInputStream;I)Lorg/wso2/ballerinalang/compiler/semantics/model/symbols/BPackageSymbol; 240 <appendix> member <vmtarget> ; # org/wso2/ballerinalang/compiler/BIRPackageSymbolEnter$$Lambda+0x00000001002c6a48
instanceKlass org/wso2/ballerinalang/util/AttachPoints$1
instanceKlass org/wso2/ballerinalang/util/AttachPoints
instanceKlass org/ballerinalang/model/elements/AttachPoint
instanceKlass  @bci org/wso2/ballerinalang/compiler/BIRPackageSymbolEnter definePackage (Ljava/io/DataInputStream;I)Lorg/wso2/ballerinalang/compiler/semantics/model/symbols/BPackageSymbol; 226 <appendix> member <vmtarget> ; # org/wso2/ballerinalang/compiler/BIRPackageSymbolEnter$$Lambda+0x00000001002c5e20
instanceKlass  @bci org/wso2/ballerinalang/compiler/BIRPackageSymbolEnter definePackage (Ljava/io/DataInputStream;I)Lorg/wso2/ballerinalang/compiler/semantics/model/symbols/BPackageSymbol; 212 <appendix> member <vmtarget> ; # org/wso2/ballerinalang/compiler/BIRPackageSymbolEnter$$Lambda+0x00000001002c5c08
instanceKlass  @bci org/wso2/ballerinalang/compiler/BIRPackageSymbolEnter readTypeDefBodies (Ljava/io/DataInputStream;)V 56 <appendix> member <vmtarget> ; # org/wso2/ballerinalang/compiler/BIRPackageSymbolEnter$$Lambda+0x00000001002c59f0
instanceKlass  @bci org/wso2/ballerinalang/compiler/BIRPackageSymbolEnter readTypeDefBodies (Ljava/io/DataInputStream;)V 42 <appendix> member <vmtarget> ; # org/wso2/ballerinalang/compiler/BIRPackageSymbolEnter$$Lambda+0x00000001002c57d8
instanceKlass  @bci org/wso2/ballerinalang/compiler/BIRPackageSymbolEnter definePackage (Ljava/io/DataInputStream;I)Lorg/wso2/ballerinalang/compiler/semantics/model/symbols/BPackageSymbol; 193 <appendix> member <vmtarget> ; # org/wso2/ballerinalang/compiler/BIRPackageSymbolEnter$$Lambda+0x00000001002c55c0
instanceKlass org/ballerinalang/model/elements/MarkdownDocAttachment$Parameter
instanceKlass org/wso2/ballerinalang/compiler/semantics/model/types/BField
instanceKlass org/wso2/ballerinalang/compiler/semantics/model/types/NamedNode
instanceKlass org/ballerinalang/model/types/Field
instanceKlass org/ballerinalang/model/elements/MarkdownDocAttachment
instanceKlass org/wso2/ballerinalang/compiler/BIRPackageSymbolEnter$BIRTypeReader
instanceKlass  @bci org/wso2/ballerinalang/compiler/BIRPackageSymbolEnter definePackage (Ljava/io/DataInputStream;I)Lorg/wso2/ballerinalang/compiler/semantics/model/symbols/BPackageSymbol; 179 <appendix> member <vmtarget> ; # org/wso2/ballerinalang/compiler/BIRPackageSymbolEnter$$Lambda+0x00000001002c4138
instanceKlass  @bci org/wso2/ballerinalang/compiler/BIRPackageSymbolEnter definePackage (Ljava/io/DataInputStream;I)Lorg/wso2/ballerinalang/compiler/semantics/model/symbols/BPackageSymbol; 154 <appendix> member <vmtarget> ; # org/wso2/ballerinalang/compiler/BIRPackageSymbolEnter$$Lambda+0x00000001002c3f20
instanceKlass  @bci org/wso2/ballerinalang/util/LambdaExceptionUtils rethrow (Lorg/wso2/ballerinalang/util/LambdaExceptionUtils$ConsumerWithExceptions;)Ljava/util/function/Consumer; 1 <appendix> member <vmtarget> ; # org/wso2/ballerinalang/util/LambdaExceptionUtils$$Lambda+0x00000001002c3cf8
instanceKlass org/wso2/ballerinalang/util/LambdaExceptionUtils
instanceKlass  @bci org/wso2/ballerinalang/compiler/BIRPackageSymbolEnter definePackage (Ljava/io/DataInputStream;I)Lorg/wso2/ballerinalang/compiler/semantics/model/symbols/BPackageSymbol; 140 <appendix> member <vmtarget> ; # org/wso2/ballerinalang/compiler/BIRPackageSymbolEnter$$Lambda+0x00000001002c38e8
instanceKlass org/wso2/ballerinalang/util/LambdaExceptionUtils$ConsumerWithExceptions
instanceKlass org/wso2/ballerinalang/compiler/BIRPackageSymbolEnter$1
instanceKlass org/wso2/ballerinalang/programfile/CompiledBinaryFile
instanceKlass org/wso2/ballerinalang/compiler/BIRPackageSymbolEnter$BIRPackageSymbolEnv
instanceKlass org/wso2/ballerinalang/compiler/bir/writer/CPEntry
instanceKlass org/wso2/ballerinalang/compiler/BIRPackageSymbolEnter
instanceKlass org/apache/commons/io/filefilter/IOFileFilter
instanceKlass java/io/FilenameFilter
instanceKlass java/io/FileFilter
instanceKlass org/apache/commons/io/file/PathFilter
instanceKlass org/apache/commons/io/FileUtils
instanceKlass  @bci io/ballerina/projects/Diagnostics filterDiagnostics (Ljava/util/Collection;Lio/ballerina/tools/diagnostics/DiagnosticSeverity;)Ljava/util/Collection; 2 <appendix> member <vmtarget> ; # io/ballerina/projects/Diagnostics$$Lambda+0x00000001002bef70
instanceKlass io/ballerina/projects/Diagnostics
instanceKlass  @bci io/ballerina/projects/Module <init> (Lio/ballerina/projects/ModuleContext;Lio/ballerina/projects/Package;)V 50 <appendix> member <vmtarget> ; # io/ballerina/projects/Module$$Lambda+0x00000001002be720
instanceKlass io/ballerina/projects/Document
instanceKlass  @bci io/ballerina/projects/DependencyGraph toTopologicallySortedList ()Ljava/util/List; 133 <appendix> argL0 ; # io/ballerina/projects/DependencyGraph$$Lambda+0x00000001002be2d0
instanceKlass io/ballerina/projects/PackageResolution$DependencyResolution
instanceKlass  @bci io/ballerina/projects/PackageResolution buildPackageGraph (Lio/ballerina/projects/DependencyGraph;Lio/ballerina/projects/Package;Lio/ballerina/projects/environment/PackageResolver;)Lio/ballerina/projects/DependencyGraph; 368 <appendix> argL0 ; # io/ballerina/projects/PackageResolution$$Lambda+0x00000001002bde88
instanceKlass  @bci io/ballerina/projects/PackageResolution buildPackageGraph (Lio/ballerina/projects/DependencyGraph;Lio/ballerina/projects/Package;Lio/ballerina/projects/environment/PackageResolver;)Lio/ballerina/projects/DependencyGraph; 358 <appendix> member <vmtarget> ; # io/ballerina/projects/PackageResolution$$Lambda+0x00000001002bdc50
instanceKlass  @bci io/ballerina/projects/PackageResolution buildPackageGraph (Lio/ballerina/projects/DependencyGraph;Lio/ballerina/projects/Package;Lio/ballerina/projects/environment/PackageResolver;)Lio/ballerina/projects/DependencyGraph; 83 <appendix> member <vmtarget> ; # io/ballerina/projects/PackageResolution$$Lambda+0x00000001002bda18
instanceKlass  @bci io/ballerina/projects/PackageResolution buildPackageGraph (Lio/ballerina/projects/DependencyGraph;Lio/ballerina/projects/Package;Lio/ballerina/projects/environment/PackageResolver;)Lio/ballerina/projects/DependencyGraph; 72 <appendix> member <vmtarget> ; # io/ballerina/projects/PackageResolution$$Lambda+0x00000001002bd7d0
instanceKlass io/ballerina/projects/internal/ResolutionEngine$DependencyNode
instanceKlass io/ballerina/projects/internal/ModuleResolver
instanceKlass  @bci io/ballerina/projects/PackageResolution createModuleResolver (Lio/ballerina/projects/PackageContext;Lio/ballerina/projects/environment/ProjectEnvironment;)Lio/ballerina/projects/internal/ModuleResolver; 25 <appendix> argL0 ; # io/ballerina/projects/PackageResolution$$Lambda+0x00000001002bd148
instanceKlass  @bci io/ballerina/projects/PackageResolution createModuleResolver (Lio/ballerina/projects/PackageContext;Lio/ballerina/projects/environment/ProjectEnvironment;)Lio/ballerina/projects/internal/ModuleResolver; 15 <appendix> member <vmtarget> ; # io/ballerina/projects/PackageResolution$$Lambda+0x00000001002bcf10
instanceKlass  @bci io/ballerina/projects/internal/BlendedManifest moduleNames (Lio/ballerina/projects/DependencyManifest$Package;)Ljava/util/Collection; 9 <appendix> argL0 ; # io/ballerina/projects/internal/BlendedManifest$$Lambda+0x00000001002bc8c0
instanceKlass io/ballerina/projects/DependencyManifest$Module
instanceKlass io/ballerina/projects/internal/BlendedManifest$Dependency
instanceKlass io/ballerina/projects/internal/BlendedManifest$Repository
instanceKlass io/ballerina/projects/internal/BlendedManifest
instanceKlass io/ballerina/projects/PackageResolution
instanceKlass io/ballerina/compiler/api/SemanticModel
instanceKlass io/ballerina/projects/PackageCompilation
instanceKlass  @bci io/ballerina/projects/Bootstrap loadLangLibFromBala (Lio/ballerina/projects/environment/ResolutionRequest;)V 25 <appendix> argL0 ; # io/ballerina/projects/Bootstrap$$Lambda+0x00000001002badc0
instanceKlass  @bci io/ballerina/projects/internal/environment/EnvironmentPackageCache cache (Lio/ballerina/projects/Package;)V 43 <appendix> argL0 ; # io/ballerina/projects/internal/environment/EnvironmentPackageCache$$Lambda+0x00000001002ba958
instanceKlass  @bci io/ballerina/projects/internal/environment/EnvironmentPackageCache cache (Lio/ballerina/projects/Package;)V 26 <appendix> argL0 ; # io/ballerina/projects/internal/environment/EnvironmentPackageCache$$Lambda+0x00000001002ba728
instanceKlass  @bci io/ballerina/projects/internal/environment/DefaultPackageResolver resolvePackage (Lio/ballerina/projects/environment/ResolutionRequest;Lio/ballerina/projects/environment/ResolutionOptions;)Lio/ballerina/projects/environment/ResolutionResponse; 30 <appendix> member <vmtarget> ; # io/ballerina/projects/internal/environment/DefaultPackageResolver$$Lambda+0x00000001002ba500
instanceKlass  @bci io/ballerina/projects/Package <init> (Lio/ballerina/projects/PackageContext;Lio/ballerina/projects/Project;)V 108 <appendix> member <vmtarget> ; # io/ballerina/projects/Package$$Lambda+0x00000001002ba2c8
instanceKlass io/ballerina/projects/Resource
instanceKlass  @bci io/ballerina/projects/Package <init> (Lio/ballerina/projects/PackageContext;Lio/ballerina/projects/Project;)V 76 <appendix> member <vmtarget> ; # io/ballerina/projects/Package$$Lambda+0x00000001002b9e60
instanceKlass io/ballerina/projects/Module
instanceKlass  @bci io/ballerina/projects/PackageContext from (Lio/ballerina/projects/Project;Lio/ballerina/projects/PackageConfig;Lio/ballerina/projects/CompilationOptions;)Lio/ballerina/projects/PackageContext; 308 <appendix> argL0 ; # io/ballerina/projects/PackageContext$$Lambda+0x00000001002b99a0
instanceKlass  @bci io/ballerina/projects/PackageContext from (Lio/ballerina/projects/Project;Lio/ballerina/projects/PackageConfig;Lio/ballerina/projects/CompilationOptions;)Lio/ballerina/projects/PackageContext; 289 <appendix> argL0 ; # io/ballerina/projects/PackageContext$$Lambda+0x00000001002b9770
instanceKlass  @bci io/ballerina/projects/PackageContext from (Lio/ballerina/projects/Project;Lio/ballerina/projects/PackageConfig;Lio/ballerina/projects/CompilationOptions;)Lio/ballerina/projects/PackageContext; 270 <appendix> argL0 ; # io/ballerina/projects/PackageContext$$Lambda+0x00000001002b9540
instanceKlass  @bci io/ballerina/projects/PackageContext from (Lio/ballerina/projects/Project;Lio/ballerina/projects/PackageConfig;Lio/ballerina/projects/CompilationOptions;)Lio/ballerina/projects/PackageContext; 251 <appendix> argL0 ; # io/ballerina/projects/PackageContext$$Lambda+0x00000001002b9310
instanceKlass  @bci io/ballerina/projects/PackageContext from (Lio/ballerina/projects/Project;Lio/ballerina/projects/PackageConfig;Lio/ballerina/projects/CompilationOptions;)Lio/ballerina/projects/PackageContext; 232 <appendix> argL0 ; # io/ballerina/projects/PackageContext$$Lambda+0x00000001002b90e0
instanceKlass  @bci io/ballerina/projects/PackageContext from (Lio/ballerina/projects/Project;Lio/ballerina/projects/PackageConfig;Lio/ballerina/projects/CompilationOptions;)Lio/ballerina/projects/PackageContext; 213 <appendix> argL0 ; # io/ballerina/projects/PackageContext$$Lambda+0x00000001002b8eb0
instanceKlass  @bci io/ballerina/projects/ModuleContext from (Lio/ballerina/projects/Project;Lio/ballerina/projects/ModuleConfig;Z)Lio/ballerina/projects/ModuleContext; 150 <appendix> argL0 ; # io/ballerina/projects/ModuleContext$$Lambda+0x00000001002b8c80
instanceKlass io/ballerina/projects/MdDocumentContext
instanceKlass io/ballerina/projects/DocumentContext
instanceKlass io/ballerina/projects/ModuleContext
instanceKlass io/ballerina/projects/PackageContext
instanceKlass io/ballerina/projects/internal/bala/BalaJson
instanceKlass io/ballerina/projects/internal/environment/ProjectPackageCache
instanceKlass io/ballerina/projects/PackageConfig
instanceKlass  @bci io/ballerina/projects/internal/PackageConfigCreator createPackageConfig (Lio/ballerina/projects/internal/PackageData;Lio/ballerina/projects/PackageManifest;Lio/ballerina/projects/DependencyManifest;Lio/ballerina/projects/DependencyGraph;Ljava/util/Map;Z)Lio/ballerina/projects/PackageConfig; 245 <appendix> argL0 ; # io/ballerina/projects/internal/PackageConfigCreator$$Lambda+0x00000001002b58c0
instanceKlass  @bci io/ballerina/projects/internal/PackageConfigCreator createPackageConfig (Lio/ballerina/projects/internal/PackageData;Lio/ballerina/projects/PackageManifest;Lio/ballerina/projects/DependencyManifest;Lio/ballerina/projects/DependencyGraph;Ljava/util/Map;Z)Lio/ballerina/projects/PackageConfig; 156 <appendix> argL0 ; # io/ballerina/projects/internal/PackageConfigCreator$$Lambda+0x00000001002b5690
instanceKlass  @bci io/ballerina/projects/internal/PackageConfigCreator createPackageConfig (Lio/ballerina/projects/internal/PackageData;Lio/ballerina/projects/PackageManifest;Lio/ballerina/projects/DependencyManifest;Lio/ballerina/projects/DependencyGraph;Ljava/util/Map;Z)Lio/ballerina/projects/PackageConfig; 135 <appendix> argL0 ; # io/ballerina/projects/internal/PackageConfigCreator$$Lambda+0x00000001002b5460
instanceKlass  @bci io/ballerina/projects/internal/PackageConfigCreator createPackageConfig (Lio/ballerina/projects/internal/PackageData;Lio/ballerina/projects/PackageManifest;Lio/ballerina/projects/DependencyManifest;Lio/ballerina/projects/DependencyGraph;Ljava/util/Map;Z)Lio/ballerina/projects/PackageConfig; 114 <appendix> argL0 ; # io/ballerina/projects/internal/PackageConfigCreator$$Lambda+0x00000001002b5230
instanceKlass  @bci io/ballerina/projects/internal/PackageConfigCreator createPackageConfig (Lio/ballerina/projects/internal/PackageData;Lio/ballerina/projects/PackageManifest;Lio/ballerina/projects/DependencyManifest;Lio/ballerina/projects/DependencyGraph;Ljava/util/Map;Z)Lio/ballerina/projects/PackageConfig; 93 <appendix> argL0 ; # io/ballerina/projects/internal/PackageConfigCreator$$Lambda+0x00000001002b5000
instanceKlass  @bci io/ballerina/projects/internal/PackageConfigCreator createPackageConfig (Lio/ballerina/projects/internal/PackageData;Lio/ballerina/projects/PackageManifest;Lio/ballerina/projects/DependencyManifest;Lio/ballerina/projects/DependencyGraph;Ljava/util/Map;Z)Lio/ballerina/projects/PackageConfig; 72 <appendix> argL0 ; # io/ballerina/projects/internal/PackageConfigCreator$$Lambda+0x00000001002b7bc0
instanceKlass  @bci java/util/stream/StreamSpliterators$WrappingSpliterator forEachRemaining (Ljava/util/function/Consumer;)V 33 <appendix> member <vmtarget> ; # java/util/stream/StreamSpliterators$WrappingSpliterator$$Lambda+0x00000001001dd108
instanceKlass java/util/stream/StreamSpliterators
instanceKlass  @cpi io/ballerina/stdlib/http/compiler/HttpCompilerPlugin 155 form vmentry <vmtarget> ; # java/lang/invoke/LambdaForm$DMH+0x00000001002b4800
instanceKlass java/util/stream/Streams$2
instanceKlass java/util/stream/StreamSpliterators$AbstractWrappingSpliterator
instanceKlass  @bci java/util/stream/AbstractPipeline spliterator ()Ljava/util/Spliterator; 103 <appendix> member <vmtarget> ; # java/util/stream/AbstractPipeline$$Lambda+0x00000001001dc5c8
instanceKlass java/util/stream/Streams$ConcatSpliterator
instanceKlass  @bci io/ballerina/projects/internal/PackageConfigCreator createModuleConfig (Lio/ballerina/projects/ModuleDescriptor;Lio/ballerina/projects/internal/ModuleData;Lio/ballerina/projects/PackageId;Ljava/util/List;)Lio/ballerina/projects/ModuleConfig; 39 <appendix> argL0 ; # io/ballerina/projects/internal/PackageConfigCreator$$Lambda+0x00000001002b7990
instanceKlass io/ballerina/projects/DocumentId
instanceKlass  @bci io/ballerina/projects/internal/PackageConfigCreator getDocumentConfigs (Lio/ballerina/projects/ModuleId;Ljava/util/List;)Ljava/util/List; 20 <appendix> member <vmtarget> ; # io/ballerina/projects/internal/PackageConfigCreator$$Lambda+0x00000001002b7558
instanceKlass io/ballerina/projects/DocumentConfig
instanceKlass java/util/stream/SortedOps
instanceKlass  @bci io/ballerina/projects/internal/PackageConfigCreator getDocumentConfigs (Lio/ballerina/projects/ModuleId;Ljava/util/List;)Ljava/util/List; 6 <appendix> argL0 ; # io/ballerina/projects/internal/PackageConfigCreator$$Lambda+0x00000001002b7110
instanceKlass io/ballerina/projects/ModuleId
instanceKlass  @bci io/ballerina/projects/internal/PackageConfigCreator createPackageConfig (Lio/ballerina/projects/internal/PackageData;Lio/ballerina/projects/PackageManifest;Lio/ballerina/projects/DependencyManifest;Lio/ballerina/projects/DependencyGraph;Ljava/util/Map;Z)Lio/ballerina/projects/PackageConfig; 30 <appendix> member <vmtarget> ; # io/ballerina/projects/internal/PackageConfigCreator$$Lambda+0x00000001002b6cd8
instanceKlass io/ballerina/projects/ModuleConfig
instanceKlass java/util/UUID$Holder
instanceKlass io/ballerina/projects/PackageId
instanceKlass io/ballerina/projects/internal/BalaFiles$DependencyGraphResult
instanceKlass  @bci io/ballerina/projects/internal/BalaFiles createModDescriptorList (Ljava/util/List;)Ljava/util/List; 6 <appendix> argL0 ; # io/ballerina/projects/internal/BalaFiles$$Lambda+0x00000001002b6448
instanceKlass io/ballerina/projects/ModuleName
instanceKlass  @bci io/ballerina/projects/internal/BalaFiles createModuleDescDependencies (Ljava/util/List;)Ljava/util/Map; 11 <appendix> argL0 ; # io/ballerina/projects/internal/BalaFiles$$Lambda+0x00000001002b6000
instanceKlass  @bci io/ballerina/projects/internal/BalaFiles createModuleDescDependencies (Ljava/util/List;)Ljava/util/Map; 6 <appendix> argL0 ; # io/ballerina/projects/internal/BalaFiles$$Lambda+0x00000001002b3c98
instanceKlass io/ballerina/projects/ModuleDescriptor
instanceKlass  @bci io/ballerina/projects/DependencyGraph$DependencyGraphBuilder addDependencies (Ljava/lang/Object;Ljava/util/Collection;)Lio/ballerina/projects/DependencyGraph$DependencyGraphBuilder; 14 <appendix> member <vmtarget> ; # io/ballerina/projects/DependencyGraph$DependencyGraphBuilder$$Lambda+0x00000001002b3818
instanceKlass  @cpi io/ballerina/projects/PackageResolution 1170 form vmentry <vmtarget> ; # java/lang/invoke/LambdaForm$DMH+0x00000001002b4400
instanceKlass io/ballerina/projects/DependencyGraph$DependencyGraphBuilder
instanceKlass io/ballerina/projects/DependencyGraph
instanceKlass io/ballerina/projects/internal/PackageData
instanceKlass  @bci io/ballerina/projects/internal/BalaFiles loadOtherModules (Ljava/lang/String;Ljava/nio/file/Path;Lio/ballerina/projects/internal/model/PackageJson;)Ljava/util/List; 67 <appendix> member <vmtarget> ; # io/ballerina/projects/internal/BalaFiles$$Lambda+0x00000001002b2ed8
instanceKlass  @bci io/ballerina/projects/internal/BalaFiles loadOtherModules (Ljava/lang/String;Ljava/nio/file/Path;Lio/ballerina/projects/internal/model/PackageJson;)Ljava/util/List; 54 <appendix> argL0 ; # io/ballerina/projects/internal/BalaFiles$$Lambda+0x00000001002b2ca8
instanceKlass  @bci io/ballerina/projects/internal/BalaFiles loadOtherModules (Ljava/lang/String;Ljava/nio/file/Path;Lio/ballerina/projects/internal/model/PackageJson;)Ljava/util/List; 44 <appendix> argL0 ; # io/ballerina/projects/internal/BalaFiles$$Lambda+0x00000001002b2a68
instanceKlass  @bci io/ballerina/projects/internal/BalaFiles loadOtherModules (Ljava/lang/String;Ljava/nio/file/Path;Lio/ballerina/projects/internal/model/PackageJson;)Ljava/util/List; 34 <appendix> member <vmtarget> ; # io/ballerina/projects/internal/BalaFiles$$Lambda+0x00000001002b2820
instanceKlass  @bci io/ballerina/projects/internal/BalaFiles loadOtherModules (Ljava/lang/String;Ljava/nio/file/Path;Lio/ballerina/projects/internal/model/PackageJson;)Ljava/util/List; 23 <appendix> member <vmtarget> ; # io/ballerina/projects/internal/BalaFiles$$Lambda+0x00000001002b25d8
instanceKlass io/ballerina/projects/internal/ModuleData
instanceKlass  @bci io/ballerina/projects/internal/ProjectFiles loadDocuments (Ljava/nio/file/Path;)Ljava/util/List; 47 <appendix> argL0 ; # io/ballerina/projects/internal/ProjectFiles$$Lambda+0x00000001002b2168
instanceKlass io/ballerina/projects/internal/DocumentData
instanceKlass  @bci io/ballerina/projects/internal/ProjectFiles loadDocuments (Ljava/nio/file/Path;)Ljava/util/List; 37 <appendix> argL0 ; # io/ballerina/projects/internal/ProjectFiles$$Lambda+0x00000001002b1d18
instanceKlass  @bci io/ballerina/projects/internal/ProjectFiles loadDocuments (Ljava/nio/file/Path;)Ljava/util/List; 27 <appendix> member <vmtarget> ; # io/ballerina/projects/internal/ProjectFiles$$Lambda+0x00000001002b1ad0
instanceKlass  @bci java/nio/file/Files walk (Ljava/nio/file/Path;I[Ljava/nio/file/FileVisitOption;)Ljava/util/stream/Stream; 43 <appendix> argL0 ; # java/nio/file/Files$$Lambda+0x00000001001dab50
instanceKlass  @bci java/nio/file/Files walk (Ljava/nio/file/Path;I[Ljava/nio/file/FileVisitOption;)Ljava/util/stream/Stream; 30 <appendix> member <vmtarget> ; # java/nio/file/Files$$Lambda+0x00000001001da938
instanceKlass  @cpi javax/crypto/spec/SecretKeySpec 161 form vmentry <vmtarget> ; # java/lang/invoke/LambdaForm$DMH+0x00000001002b4000
instanceKlass java/nio/file/FileTreeWalker$Event
instanceKlass java/nio/file/FileTreeWalker$DirectoryNode
instanceKlass java/nio/file/FileTreeWalker
instanceKlass java/nio/file/FileTreeIterator
instanceKlass  @bci io/ballerina/projects/internal/PackageContainer add (Lio/ballerina/projects/PackageOrg;Lio/ballerina/projects/PackageName;Ljava/lang/Object;)V 5 <appendix> argL0 ; # io/ballerina/projects/internal/PackageContainer$$Lambda+0x00000001002b18a0
instanceKlass io/ballerina/projects/internal/PackageContainer
instanceKlass io/ballerina/projects/DependencyManifest
instanceKlass io/ballerina/projects/internal/bala/ModuleDependency
instanceKlass io/ballerina/projects/internal/model/Dependency$Module
instanceKlass com/google/gson/internal/bind/TypeAdapters$EnumTypeAdapter$1
instanceKlass io/ballerina/projects/internal/model/Dependency
instanceKlass io/ballerina/projects/internal/bala/DependencyGraphJson
instanceKlass io/ballerina/projects/PackageManifest
instanceKlass  @bci io/ballerina/projects/internal/BalaFiles getPackageManifest (Lio/ballerina/projects/internal/model/PackageJson;Ljava/util/Optional;Ljava/util/Optional;Ljava/lang/String;)Lio/ballerina/projects/PackageManifest; 121 <appendix> argL0 ; # io/ballerina/projects/internal/BalaFiles$$Lambda+0x00000001002b0218
instanceKlass io/ballerina/projects/internal/bala/BalToolJson
instanceKlass io/ballerina/projects/internal/model/BalToolDescriptor
instanceKlass  @bci io/ballerina/projects/internal/BalaFiles getPackageManifest (Lio/ballerina/projects/internal/model/PackageJson;Ljava/util/Optional;Ljava/util/Optional;Ljava/lang/String;)Lio/ballerina/projects/PackageManifest; 103 <appendix> argL0 ; # io/ballerina/projects/internal/BalaFiles$$Lambda+0x00000001002afb38
instanceKlass  @bci org/apache/commons/io/IOUtils <clinit> ()V 36 <bsm> form vmentry <vmtarget> ; # java/lang/invoke/LambdaForm$DMH+0x00000001002adc00
instanceKlass io/ballerina/projects/internal/bala/CompilerPluginJson
instanceKlass io/ballerina/projects/internal/model/CompilerPluginDescriptor
instanceKlass io/ballerina/projects/PackageManifest$Platform
# instanceKlass java/lang/invoke/LambdaForm$MH+0x00000001002ad800
# instanceKlass java/lang/invoke/LambdaForm$MH+0x00000001002ad400
instanceKlass jdk/internal/vm/annotation/ForceInline
instanceKlass sun/misc/Unsafe
instanceKlass com/google/gson/internal/UnsafeAllocator
instanceKlass  @bci jdk/internal/reflect/DirectMethodHandleAccessor invokeImpl (Ljava/lang/Object;[Ljava/lang/Object;Ljava/lang/Class;)Ljava/lang/Object; 136 <adapter> ; # java/lang/invoke/LambdaForm$MH+0x00000001002ad000
# instanceKlass com/google/gson/internal/reflect/ReflectionHelper$RecordSupportedHelper$$InjectedInvoker+0x00000001002acc00
instanceKlass java/lang/invoke/MethodHandleImpl$BindCaller$InjectedInvokerHolder
instanceKlass java/lang/invoke/MethodHandleImpl$BindCaller
# instanceKlass java/lang/invoke/LambdaForm$MH+0x00000001002ac800
# instanceKlass java/lang/invoke/LambdaForm$MH+0x00000001002ac400
instanceKlass java/lang/Short$ShortCache
instanceKlass io/ballerina/projects/internal/model/LocalDependency
instanceKlass com/google/gson/internal/ConstructorConstructor$9
instanceKlass io/ballerina/projects/internal/model/PlatformLibrary
instanceKlass com/google/gson/internal/ConstructorConstructor$13
instanceKlass com/google/gson/internal/$Gson$Types$ParameterizedTypeImpl
instanceKlass com/google/gson/annotations/SerializedName
instanceKlass com/google/gson/internal/ConstructorConstructor$19
# instanceKlass java/lang/invoke/LambdaForm$MH+0x00000001002ac000
instanceKlass java/lang/reflect/AnnotatedType
instanceKlass com/google/gson/internal/reflect/ReflectionHelper$RecordHelper
instanceKlass com/google/gson/internal/reflect/ReflectionHelper
instanceKlass com/google/gson/internal/ReflectionAccessFilterHelper
instanceKlass com/google/gson/annotations/JsonAdapter
instanceKlass io/ballerina/projects/internal/model/PackageJson
instanceKlass io/ballerina/projects/internal/BalaFiles
instanceKlass io/ballerina/projects/internal/ProjectFiles
instanceKlass io/ballerina/projects/ResourceConfig
instanceKlass io/ballerina/projects/internal/PackageConfigCreator
instanceKlass io/ballerina/projects/repos/FileSystemCache$FileSystemCacheFactory
instanceKlass sun/util/resources/Bundles$2
instanceKlass sun/util/resources/Bundles$CacheKeyReference
instanceKlass  @bci java/util/ResourceBundle$ResourceBundleProviderHelper newResourceBundle (Ljava/lang/Class;)Ljava/util/ResourceBundle; 22 <appendix> member <vmtarget> ; # java/util/ResourceBundle$ResourceBundleProviderHelper$$Lambda+0x00000001001d66e8
instanceKlass java/util/ResourceBundle$ResourceBundleProviderHelper
instanceKlass java/util/ArrayList$SubList$1
instanceKlass  @bci sun/util/cldr/CLDRLocaleProviderAdapter applyAliases (Ljava/util/Locale;)Ljava/util/Locale; 4 <appendix> argL0 ; # sun/util/cldr/CLDRLocaleProviderAdapter$$Lambda+0x00000001001d56e8
instanceKlass sun/util/resources/LocaleData$LocaleDataResourceBundleProvider
instanceKlass java/util/spi/ResourceBundleProvider
instanceKlass sun/util/resources/Bundles$CacheKey
instanceKlass sun/util/resources/LocaleData$LocaleDataStrategy
instanceKlass sun/util/resources/Bundles$Strategy
instanceKlass sun/util/resources/LocaleData$1
instanceKlass sun/util/resources/LocaleData
instanceKlass sun/util/locale/provider/LocaleResources
instanceKlass java/util/Locale$Builder
instanceKlass sun/util/locale/provider/CalendarDataUtility
instanceKlass sun/util/locale/provider/AvailableLanguageTags
instanceKlass  @bci sun/util/locale/provider/JRELocaleProviderAdapter getDecimalFormatSymbolsProvider ()Ljava/text/spi/DecimalFormatSymbolsProvider; 8 <appendix> member <vmtarget> ; # sun/util/locale/provider/JRELocaleProviderAdapter$$Lambda+0x00000001001d3900
instanceKlass sun/util/resources/cldr/provider/CLDRLocaleDataMetaInfo
instanceKlass  @bci sun/util/cldr/CLDRLocaleProviderAdapter <init> ()V 4 <appendix> argL0 ; # sun/util/cldr/CLDRLocaleProviderAdapter$$Lambda+0x00000001001d36f0
instanceKlass sun/util/locale/InternalLocaleBuilder$CaseInsensitiveChar
instanceKlass sun/util/locale/InternalLocaleBuilder
instanceKlass sun/util/locale/StringTokenIterator
instanceKlass sun/util/locale/ParseStatus
instanceKlass sun/util/locale/LanguageTag
instanceKlass sun/util/cldr/CLDRBaseLocaleDataMetaInfo
instanceKlass sun/util/locale/provider/LocaleDataMetaInfo
instanceKlass sun/util/locale/provider/ResourceBundleBasedAdapter
instanceKlass sun/util/locale/provider/LocaleProviderAdapter
instanceKlass java/util/spi/LocaleServiceProvider
instanceKlass java/text/DecimalFormatSymbols
instanceKlass  @bci io/ballerina/projects/internal/environment/EnvironmentPackageCache getPackage (Lio/ballerina/projects/PackageOrg;Lio/ballerina/projects/PackageName;Lio/ballerina/projects/PackageVersion;)Ljava/util/Optional; 48 <appendix> argL0 ; # io/ballerina/projects/internal/environment/EnvironmentPackageCache$$Lambda+0x00000001002a90f0
instanceKlass  @bci io/ballerina/projects/internal/environment/DefaultPackageResolver resolvePackages (Ljava/util/Collection;Lio/ballerina/projects/environment/ResolutionOptions;)Ljava/util/Collection; 21 <appendix> member <vmtarget> ; # io/ballerina/projects/internal/environment/DefaultPackageResolver$$Lambda+0x00000001002a8eb8
instanceKlass io/ballerina/projects/environment/ResolutionResponse
instanceKlass io/ballerina/projects/environment/ResolutionOptions$ResolutionOptionBuilder
instanceKlass io/ballerina/projects/environment/ResolutionOptions
instanceKlass io/ballerina/projects/environment/ResolutionRequest
instanceKlass io/ballerina/projects/PackageDescriptor
instanceKlass com/github/zafarkhaja/semver/MetadataVersion
instanceKlass com/github/zafarkhaja/semver/NormalVersion
instanceKlass com/github/zafarkhaja/semver/util/Stream
instanceKlass com/github/zafarkhaja/semver/util/Stream$ElementType
instanceKlass com/github/zafarkhaja/semver/VersionParser
instanceKlass com/github/zafarkhaja/semver/Parser
instanceKlass com/github/zafarkhaja/semver/Version$BuildAwareOrder
instanceKlass com/github/zafarkhaja/semver/Version
instanceKlass io/ballerina/projects/PackageVersion
instanceKlass org/wso2/ballerinalang/compiler/SourceDirectory
instanceKlass org/wso2/ballerinalang/compiler/semantics/model/TypeVisitor
instanceKlass org/wso2/ballerinalang/compiler/util/Unifier
instanceKlass org/wso2/ballerinalang/compiler/semantics/model/types/BTypeVisitor
instanceKlass org/wso2/ballerinalang/compiler/tree/BLangNodeAnalyzer
instanceKlass org/wso2/ballerinalang/compiler/parser/BLangMissingNodesHelper
instanceKlass org/wso2/ballerinalang/compiler/semantics/analyzer/TypeResolver
instanceKlass org/wso2/ballerinalang/compiler/semantics/analyzer/TypeParamAnalyzer
instanceKlass org/wso2/ballerinalang/compiler/semantics/model/symbols/BAttachedFunction
instanceKlass org/ballerinalang/model/symbols/AnnotationSymbol
instanceKlass org/wso2/ballerinalang/compiler/tree/BLangNodeVisitor
instanceKlass org/wso2/ballerinalang/util/Flags$1
instanceKlass java/util/RegularEnumSet$EnumSetIterator
instanceKlass org/wso2/ballerinalang/util/Flags
instanceKlass org/wso2/ballerinalang/compiler/util/ImmutableTypeCloner
instanceKlass io/ballerina/types/subtypedata/BooleanSubtype
instanceKlass org/wso2/ballerinalang/compiler/semantics/model/types/BErrorType$DistinctIdSupplier
instanceKlass org/wso2/ballerinalang/compiler/semantics/model/types/BTypeIdSet
instanceKlass  @bci io/ballerina/stdlib/kafka/plugin/KafkaCodeTemplateWithoutCallerParameter <clinit> ()V 12 <appendix> form vmentry <vmtarget> ; # java/lang/invoke/LambdaForm$MH+0x0000000100296400
# instanceKlass java/lang/invoke/LambdaForm$MH+0x0000000100296000
instanceKlass  @bci io/ballerina/stdlib/kafka/plugin/KafkaCodeTemplateWithoutCallerParameter <clinit> ()V 12 <appendix> argL3 form vmentry <vmtarget> ; # java/lang/invoke/LambdaForm$MH+0x0000000100295c00
instanceKlass  @bci io/ballerina/compiler/api/impl/symbols/BallerinaTypeReferenceTypeSymbol signature ()Ljava/lang/String; 170 <appendix> argL4 form vmentry <vmtarget> ; # java/lang/invoke/LambdaForm$MH+0x0000000100295800
# instanceKlass java/lang/invoke/LambdaForm$MH+0x0000000100295400
# instanceKlass java/lang/invoke/LambdaForm$MH+0x0000000100295000
# instanceKlass java/lang/invoke/LambdaForm$MH+0x0000000100294c00
instanceKlass  @bci io/ballerina/compiler/api/impl/symbols/BallerinaTypeReferenceTypeSymbol signature ()Ljava/lang/String; 170 <appendix> argL1 form vmentry <vmtarget> ; # java/lang/invoke/LambdaForm$MH+0x0000000100294800
# instanceKlass java/lang/invoke/LambdaForm$MH+0x0000000100294400
# instanceKlass java/lang/invoke/LambdaForm$MH+0x0000000100294000
# instanceKlass java/lang/invoke/LambdaForm$MH+0x0000000100293c00
instanceKlass  @bci io/ballerina/types/definition/MappingDefinition define (Lio/ballerina/types/Env;Ljava/util/List;Lio/ballerina/types/CellSemType;)Lio/ballerina/types/SemType; 30 <appendix> argL0 ; # io/ballerina/types/definition/MappingDefinition$$Lambda+0x000000010028d010
instanceKlass  @bci io/ballerina/types/definition/MappingDefinition define (Lio/ballerina/types/Env;Ljava/util/List;Lio/ballerina/types/CellSemType;)Lio/ballerina/types/SemType; 12 <appendix> argL0 ; # io/ballerina/types/definition/MappingDefinition$$Lambda+0x000000010028ce00
instanceKlass io/ballerina/types/definition/SplitField
instanceKlass  @bci java/util/Comparator comparing (Ljava/util/function/Function;)Ljava/util/Comparator; 6 <appendix> member <vmtarget> ; # java/util/Comparator$$Lambda+0x00000001001d03f8
instanceKlass  @bci java/lang/invoke/BootstrapMethodInvoker invoke (Ljava/lang/Class;Ljava/lang/invoke/MethodHandle;Ljava/lang/String;Ljava/lang/Object;Ljava/lang/Object;Ljava/lang/Class;)Ljava/lang/Object; 462 <adapter> ; # java/lang/invoke/LambdaForm$MH+0x0000000100293800
instanceKlass  @cpi io/ballerina/types/typeops/CellOps 240 form vmentry <vmtarget> ; # java/lang/invoke/LambdaForm$DMH+0x0000000100293400
instanceKlass  @bci io/ballerina/types/definition/MappingDefinition splitFields (Ljava/util/List;)Lio/ballerina/types/definition/SplitField; 16 <appendix> argL0 ; # io/ballerina/types/definition/MappingDefinition$$Lambda+0x000000010028c9d0
instanceKlass  @bci io/ballerina/types/definition/MappingDefinition splitFields (Ljava/util/List;)Lio/ballerina/types/definition/SplitField; 1 <appendix> argL0 ; # io/ballerina/types/definition/MappingDefinition$$Lambda+0x000000010028c7c0
instanceKlass  @bci io/ballerina/types/FunctionAtomicType equals (Ljava/lang/Object;)Z 2 <adapter> ; # java/lang/invoke/LambdaForm$MH+0x0000000100293000
# instanceKlass java/lang/invoke/LambdaForm$MH+0x0000000100292c00
instanceKlass  @bci io/ballerina/types/FunctionAtomicType equals (Ljava/lang/Object;)Z 2 <appendix> form vmentry <vmtarget> ; # java/lang/invoke/LambdaForm$MH+0x0000000100292800
instanceKlass  @bci io/ballerina/types/FunctionAtomicType equals (Ljava/lang/Object;)Z 2 <appendix> argL1 form vmentry <vmtarget> ; # java/lang/invoke/LambdaForm$MH+0x0000000100292400
instanceKlass  @bci io/ballerina/types/FunctionAtomicType equals (Ljava/lang/Object;)Z 2 <appendix> form names 9 function resolvedHandle form vmentry <vmtarget> ; # java/lang/invoke/LambdaForm$MH+0x0000000100292000
instanceKlass  @bci io/ballerina/types/FunctionAtomicType equals (Ljava/lang/Object;)Z 2 <appendix> form names 9 function resolvedHandle form names 5 function resolvedHandle form vmentry <vmtarget> ; # java/lang/invoke/LambdaForm$DMH+0x0000000100291c00
# instanceKlass java/lang/invoke/LambdaForm$DMH+0x0000000100291800
instanceKlass java/lang/invoke/MethodHandleImpl$LoopClauses
instanceKlass java/lang/invoke/MethodHandleImpl$CasesHolder
# instanceKlass java/lang/invoke/LambdaForm$MH+0x0000000100291400
# instanceKlass java/lang/invoke/LambdaForm$MH+0x0000000100291000
# instanceKlass java/lang/invoke/LambdaForm$MH+0x0000000100290c00
instanceKlass  @cpi org/wso2/ballerinalang/compiler/semantics/analyzer/TypeChecker 6321 form vmentry <vmtarget> ; # java/lang/invoke/LambdaForm$DMH+0x0000000100290800
# instanceKlass java/lang/invoke/LambdaForm$MH+0x0000000100290400
# instanceKlass java/lang/invoke/LambdaForm$MH+0x0000000100290000
instanceKlass io/ballerina/types/subtypedata/CellSubtype
instanceKlass  @bci io/ballerina/types/definition/ListDefinition defineListTypeWrapped (Lio/ballerina/types/Env;Ljava/util/List;ILio/ballerina/types/SemType;Lio/ballerina/types/CellAtomicType$CellMutability;)Lio/ballerina/types/SemType; 28 <appendix> member <vmtarget> ; # io/ballerina/types/definition/ListDefinition$$Lambda+0x000000010028bfa8
instanceKlass java/util/AbstractList$RandomAccessSpliterator
instanceKlass io/ballerina/types/subtypedata/TableSubtype
instanceKlass  @bci org/wso2/ballerinalang/compiler/semantics/model/types/BTableType semTypeInner ()Lio/ballerina/types/SemType; 139 <appendix> argL0 ; # org/wso2/ballerinalang/compiler/semantics/model/types/BTableType$$Lambda+0x000000010028bba0
instanceKlass io/ballerina/types/definition/MappingDefinition
instanceKlass io/ballerina/types/definition/ListDefinition
instanceKlass io/ballerina/types/Definition
instanceKlass org/wso2/ballerinalang/compiler/semantics/model/types/BTupleMember
instanceKlass org/wso2/ballerinalang/compiler/semantics/model/symbols/Symbols
instanceKlass  @bci java/util/stream/Collectors toCollection (Ljava/util/function/Supplier;)Ljava/util/stream/Collector; 10 <appendix> argL0 ; # java/util/stream/Collectors$$Lambda+0x00000001001cf1b8
instanceKlass  @bci java/util/stream/Collectors toCollection (Ljava/util/function/Supplier;)Ljava/util/stream/Collector; 5 <appendix> argL0 ; # java/util/stream/Collectors$$Lambda+0x00000001001cef98
instanceKlass  @bci org/wso2/ballerinalang/compiler/semantics/model/types/BUnionType toFlatTypeSet (Ljava/util/LinkedHashSet;)Ljava/util/LinkedHashSet; 14 <appendix> argL0 ; # org/wso2/ballerinalang/compiler/semantics/model/types/BUnionType$$Lambda+0x000000010028aad0
instanceKlass  @bci org/wso2/ballerinalang/compiler/semantics/model/types/BUnionType toFlatTypeSet (Ljava/util/LinkedHashSet;)Ljava/util/LinkedHashSet; 4 <appendix> argL0 ; # org/wso2/ballerinalang/compiler/semantics/model/types/BUnionType$$Lambda+0x000000010028a8a0
instanceKlass java/lang/Byte$ByteCache
instanceKlass org/wso2/ballerinalang/compiler/semantics/model/Scope$ScopeEntry
instanceKlass org/ballerinalang/model/ScopeEntry
instanceKlass org/wso2/ballerinalang/compiler/semantics/model/Scope
instanceKlass org/ballerinalang/model/Scope
instanceKlass org/wso2/ballerinalang/compiler/diagnostic/BLangDiagnosticLocation
instanceKlass org/wso2/ballerinalang/compiler/diagnostic/DiagnosticComparator
instanceKlass org/ballerinalang/model/tree/expressions/CollectContextInvocationNode
instanceKlass org/ballerinalang/model/TreeBuilder
instanceKlass org/wso2/ballerinalang/compiler/parser/BLangAnonymousModelHelper
instanceKlass org/ballerinalang/model/symbols/ConstantSymbol
instanceKlass io/ballerina/compiler/api/symbols/ServiceAttachPoint
instanceKlass io/ballerina/compiler/api/symbols/ParameterSymbol
instanceKlass io/ballerina/compiler/api/symbols/PathParameterSymbol
instanceKlass io/ballerina/compiler/api/symbols/resourcepath/util/PathSegment
instanceKlass io/ballerina/compiler/api/values/ConstantValue
instanceKlass io/ballerina/compiler/api/symbols/AnnotationSymbol
instanceKlass io/ballerina/compiler/api/symbols/FunctionSymbol
instanceKlass io/ballerina/compiler/api/symbols/Documentable
instanceKlass io/ballerina/compiler/api/symbols/Annotatable
instanceKlass io/ballerina/compiler/api/symbols/Deprecatable
instanceKlass io/ballerina/compiler/api/symbols/AnnotationAttachmentSymbol
instanceKlass io/ballerina/compiler/api/impl/SymbolFactory
instanceKlass io/ballerina/compiler/api/symbols/ObjectTypeSymbol
instanceKlass io/ballerina/compiler/api/symbols/Qualifiable
instanceKlass io/ballerina/compiler/api/symbols/XMLTypeSymbol
instanceKlass io/ballerina/compiler/api/symbols/IntTypeSymbol
instanceKlass io/ballerina/compiler/api/symbols/TypeSymbol
instanceKlass io/ballerina/compiler/api/impl/symbols/TypesFactory
instanceKlass org/wso2/ballerinalang/compiler/PackageCache
instanceKlass java/util/ResourceBundle$Control$2
instanceKlass sun/util/resources/Bundles
instanceKlass java/util/ResourceBundle$CacheKeyReference
instanceKlass java/util/ResourceBundle$CacheKey
instanceKlass  @bci java/util/ResourceBundle getLoader (Ljava/lang/Module;)Ljava/lang/ClassLoader; 6 <appendix> member <vmtarget> ; # java/util/ResourceBundle$$Lambda+0x00000001001cd3a8
instanceKlass java/util/ResourceBundle$Control
instanceKlass  @bci java/util/ResourceBundle$ResourceBundleControlProviderHolder lambda$static$0 ()Ljava/util/List; 11 <appendix> argL0 ; # java/util/ResourceBundle$ResourceBundleControlProviderHolder$$Lambda+0x00000001001ccd20
instanceKlass java/util/spi/ResourceBundleControlProvider
instanceKlass  @bci java/util/ResourceBundle$ResourceBundleControlProviderHolder <clinit> ()V 0 <appendix> argL0 ; # java/util/ResourceBundle$ResourceBundleControlProviderHolder$$Lambda+0x00000001001cc920
instanceKlass java/util/ResourceBundle$ResourceBundleControlProviderHolder
instanceKlass java/util/ResourceBundle$1
instanceKlass jdk/internal/access/JavaUtilResourceBundleAccess
instanceKlass java/util/ResourceBundle
instanceKlass io/ballerina/tools/diagnostics/DiagnosticProperty
instanceKlass io/ballerina/compiler/api/symbols/Symbol
instanceKlass org/wso2/ballerinalang/compiler/diagnostic/BLangDiagnosticLog
instanceKlass org/ballerinalang/util/diagnostic/DiagnosticLog
instanceKlass io/ballerina/types/Context
instanceKlass  @bci io/ballerina/types/PredefinedTypeEnv initializeEnv (Lio/ballerina/types/Env;)V 44 <appendix> member <vmtarget> ; # io/ballerina/types/PredefinedTypeEnv$$Lambda+0x0000000100283ba0
instanceKlass  @bci io/ballerina/types/PredefinedTypeEnv initializeEnv (Lio/ballerina/types/Env;)V 29 <appendix> member <vmtarget> ; # io/ballerina/types/PredefinedTypeEnv$$Lambda+0x0000000100283978
instanceKlass io/ballerina/types/Env
instanceKlass java/math/MathContext
instanceKlass org/wso2/ballerinalang/compiler/semantics/analyzer/Types
instanceKlass io/ballerina/types/Common
instanceKlass io/ballerina/types/typeops/XmlOps
instanceKlass io/ballerina/types/typeops/StringOps
instanceKlass io/ballerina/types/typeops/CommonOps
instanceKlass io/ballerina/types/typeops/IntOps
instanceKlass io/ballerina/types/typeops/BooleanOps
instanceKlass io/ballerina/types/typeops/BasicTypeOpsPanicImpl
instanceKlass io/ballerina/types/BasicTypeOps
instanceKlass io/ballerina/types/CommonBasicTypeOps
instanceKlass io/ballerina/types/IsEmptyOp
instanceKlass io/ballerina/types/OpsTable
instanceKlass io/ballerina/types/SemTypes
instanceKlass io/ballerina/types/typeops/SubtypePair
instanceKlass io/ballerina/types/typeops/UnpackComplexSemType
instanceKlass io/ballerina/types/typeops/SubtypePairIterator
instanceKlass io/ballerina/types/typeops/SubtypePairs
instanceKlass io/ballerina/types/CellSemType
instanceKlass  @bci org/wso2/ballerinalang/compiler/bir/model/BirScope hashCode ()I 1 <appendix> argL2 argL1 form vmentry <vmtarget> ; # java/lang/invoke/LambdaForm$MH+0x000000010027e000
instanceKlass  @bci org/wso2/ballerinalang/compiler/bir/model/BirScope hashCode ()I 1 <appendix> argL2 argL1 form names 5 function resolvedHandle form vmentry <vmtarget> ; # java/lang/invoke/LambdaForm$DMH+0x000000010027dc00
# instanceKlass java/lang/invoke/LambdaForm$MH+0x000000010027d800
# instanceKlass java/lang/invoke/LambdaForm$MH+0x000000010027d400
# instanceKlass java/lang/invoke/LambdaForm$MH+0x000000010027d000
# instanceKlass java/lang/invoke/LambdaForm$MH+0x000000010027cc00
# instanceKlass java/lang/invoke/LambdaForm$MH+0x000000010027c800
instanceKlass  @bci org/wso2/ballerinalang/compiler/bir/model/BirScope hashCode ()I 1 <adapter> ; # java/lang/invoke/LambdaForm$MH+0x000000010027c400
instanceKlass  @bci org/wso2/ballerinalang/compiler/bir/model/BirScope hashCode ()I 1 <appendix> form vmentry <vmtarget> ; # java/lang/invoke/LambdaForm$MH+0x000000010027c000
# instanceKlass java/lang/invoke/LambdaForm$MH+0x000000010027bc00
# instanceKlass java/lang/invoke/LambdaForm$MH+0x000000010027b800
instanceKlass  @bci org/wso2/ballerinalang/compiler/bir/model/BirScope hashCode ()I 1 <appendix> form names 7 function resolvedHandle form vmentry <vmtarget> ; # java/lang/invoke/LambdaForm$DMH+0x000000010027b400
instanceKlass  @bci org/wso2/ballerinalang/compiler/bir/model/BirScope hashCode ()I 1 <appendix> argL2 argL2 form vmentry <vmtarget> ; # java/lang/invoke/LambdaForm$MH+0x000000010027b000
instanceKlass  @bci java/lang/runtime/ObjectMethods bootstrap (Ljava/lang/invoke/MethodHandles$Lookup;Ljava/lang/String;Ljava/lang/invoke/TypeDescriptor;Ljava/lang/Class;Ljava/lang/String;[Ljava/lang/invoke/MethodHandle;)Ljava/lang/Object; 37 <appendix> argL0 ; # java/lang/runtime/ObjectMethods$$Lambda+0x00000001001cb240
instanceKlass java/lang/invoke/DirectMethodHandle$1
# instanceKlass java/lang/invoke/LambdaForm$DMH+0x000000010027ac00
# instanceKlass java/lang/invoke/LambdaForm$DMH+0x000000010027a800
# instanceKlass java/lang/invoke/LambdaForm$DMH+0x000000010027a400
# instanceKlass java/lang/invoke/LambdaForm$DMH+0x000000010027a000
# instanceKlass java/lang/invoke/LambdaForm$DMH+0x0000000100279c00
# instanceKlass java/lang/invoke/LambdaForm$DMH+0x0000000100279800
# instanceKlass java/lang/invoke/LambdaForm$DMH+0x0000000100279400
# instanceKlass java/lang/invoke/LambdaForm$DMH+0x0000000100279000
# instanceKlass java/lang/invoke/LambdaForm$DMH+0x0000000100278c00
# instanceKlass java/lang/invoke/LambdaForm$DMH+0x0000000100278800
instanceKlass  @cpi okhttp3/CipherSuite 523 form vmentry <vmtarget> ; # java/lang/invoke/LambdaForm$DMH+0x0000000100278400
instanceKlass  @cpi org/wso2/ballerinalang/compiler/semantics/analyzer/CodeAnalyzer$WorkerActionSystem 180 form vmentry <vmtarget> ; # java/lang/invoke/LambdaForm$DMH+0x0000000100278000
instanceKlass  @cpi org/wso2/ballerinalang/compiler/util/Unifier 992 form vmentry <vmtarget> ; # java/lang/invoke/LambdaForm$DMH+0x0000000100273c00
instanceKlass java/lang/runtime/ObjectMethods$1
# instanceKlass java/lang/invoke/LambdaForm$MH+0x0000000100273800
instanceKlass sun/invoke/util/ValueConversions$WrapperCache
# instanceKlass java/lang/invoke/LambdaForm$MH+0x0000000100273400
# instanceKlass java/lang/invoke/LambdaForm$MH+0x0000000100273000
# instanceKlass java/lang/invoke/LambdaForm$MH+0x0000000100272c00
# instanceKlass java/lang/invoke/LambdaForm$MH+0x0000000100272800
# instanceKlass java/lang/invoke/LambdaForm$MH+0x0000000100272400
# instanceKlass java/lang/invoke/LambdaForm$MH+0x0000000100272000
# instanceKlass java/lang/invoke/LambdaForm$DMH+0x0000000100271c00
# instanceKlass java/lang/invoke/LambdaForm$DMH+0x0000000100271800
instanceKlass java/lang/invoke/MethodHandleImpl$ArrayAccessor
# instanceKlass java/lang/invoke/LambdaForm$MH+0x0000000100271400
# instanceKlass java/lang/invoke/LambdaForm$MH+0x0000000100271000
# instanceKlass java/lang/invoke/LambdaForm$DMH+0x0000000100270c00
instanceKlass java/lang/invoke/MethodHandleImpl$Makers$2
instanceKlass java/lang/invoke/MethodHandleImpl$Makers$1
instanceKlass java/lang/invoke/MethodHandleImpl$Makers
instanceKlass  @bci java/lang/invoke/BootstrapMethodInvoker invoke (Ljava/lang/Class;Ljava/lang/invoke/MethodHandle;Ljava/lang/String;Ljava/lang/Object;Ljava/lang/Object;Ljava/lang/Class;)Ljava/lang/Object; 862 <adapter> ; # java/lang/invoke/LambdaForm$MH+0x0000000100270800
# instanceKlass java/lang/invoke/LambdaForm$DMH+0x0000000100270400
instanceKlass java/lang/runtime/ObjectMethods
instanceKlass io/ballerina/types/subtypedata/BddNode
instanceKlass io/ballerina/types/typeops/BddCommonOps
instanceKlass io/ballerina/types/RecAtom
instanceKlass io/ballerina/types/Core
instanceKlass io/ballerina/types/subtypedata/AllOrNothingSubtype
instanceKlass io/ballerina/types/subtypedata/BddAllOrNothing
instanceKlass io/ballerina/types/Bdd
instanceKlass io/ballerina/types/subtypedata/XmlSubtype
instanceKlass io/ballerina/types/EnumerableSubtype
instanceKlass io/ballerina/types/EnumerableCharString
instanceKlass io/ballerina/types/EnumerableString
instanceKlass io/ballerina/types/EnumerableType
instanceKlass io/ballerina/types/subtypedata/StringSubtype
instanceKlass  @bci io/ballerina/types/ComplexSemType createComplexSemType (ILjava/util/List;)Lio/ballerina/types/ComplexSemType; 73 <appendix> argL0 ; # io/ballerina/types/ComplexSemType$$Lambda+0x000000010026d888
instanceKlass io/ballerina/types/BasicSubtype
instanceKlass io/ballerina/types/subtypedata/Range
instanceKlass io/ballerina/types/subtypedata/IntSubtype
# instanceKlass java/lang/invoke/LambdaForm$MH+0x0000000100270000
instanceKlass io/ballerina/types/BasicTypeCode
instanceKlass io/ballerina/types/BasicTypeBitSet$BitSetCache
instanceKlass io/ballerina/types/BasicTypeBitSet
instanceKlass io/ballerina/types/AtomicType
instanceKlass io/ballerina/types/PredefinedTypeEnv
instanceKlass io/ballerina/types/ComplexSemType
instanceKlass io/ballerina/types/ProperSubtypeData
instanceKlass io/ballerina/types/SubtypeData
instanceKlass io/ballerina/types/Atom
instanceKlass io/ballerina/types/PredefinedType
instanceKlass  @bci org/ballerinalang/model/elements/PackageID createNameComps (Lorg/wso2/ballerinalang/compiler/util/Name;)Ljava/util/List; 33 <appendix> argL0 ; # org/ballerinalang/model/elements/PackageID$$Lambda+0x000000010026ac28
instanceKlass  @bci org/ballerinalang/model/elements/PackageID <init> (Lorg/wso2/ballerinalang/compiler/util/Name;Ljava/util/List;Lorg/wso2/ballerinalang/compiler/util/Name;)V 50 <appendix> argL0 ; # org/ballerinalang/model/elements/PackageID$$Lambda+0x000000010026a9f8
instanceKlass org/ballerinalang/model/elements/PackageID
instanceKlass io/ballerina/types/SemType
instanceKlass org/ballerinalang/model/types/NoType
instanceKlass org/wso2/ballerinalang/compiler/semantics/model/SymbolTable
instanceKlass org/ballerinalang/model/types/IntersectionType
instanceKlass org/ballerinalang/model/symbols/AnnotationAttachmentSymbol
instanceKlass org/ballerinalang/model/types/RecordType
instanceKlass org/ballerinalang/model/types/ObjectType
instanceKlass org/ballerinalang/model/types/ArrayType
instanceKlass org/ballerinalang/model/types/UnionType
instanceKlass org/ballerinalang/model/types/ErrorType
instanceKlass org/ballerinalang/model/symbols/VariableSymbol
instanceKlass org/ballerinalang/model/symbols/InvokableSymbol
instanceKlass org/ballerinalang/model/symbols/Annotatable
instanceKlass org/ballerinalang/model/types/InvokableType
instanceKlass org/ballerinalang/model/types/StreamType
instanceKlass org/ballerinalang/model/types/ConstrainedType
instanceKlass org/ballerinalang/model/types/TableType
instanceKlass org/ballerinalang/model/types/TupleType
instanceKlass org/ballerinalang/model/types/SelectivelyImmutableReferenceType
instanceKlass org/wso2/ballerinalang/compiler/semantics/model/types/BType
instanceKlass org/ballerinalang/model/types/ValueType
instanceKlass org/ballerinalang/model/types/Type
instanceKlass org/ballerinalang/model/symbols/TypeSymbol
instanceKlass org/wso2/ballerinalang/compiler/semantics/model/symbols/BSymbol
instanceKlass org/ballerinalang/model/symbols/Symbol
instanceKlass org/ballerinalang/model/tree/expressions/GroupExpressionNode
instanceKlass org/ballerinalang/model/tree/expressions/IgnoreNode
instanceKlass org/ballerinalang/model/tree/expressions/InferredTypedescDefaultNode
instanceKlass org/ballerinalang/model/tree/expressions/IndexBasedAccessNode
instanceKlass org/ballerinalang/model/tree/statements/ConstantNode
instanceKlass org/ballerinalang/model/tree/expressions/CommitExpressionNode
instanceKlass org/ballerinalang/model/tree/expressions/CheckPanickedExpressionNode
instanceKlass org/ballerinalang/model/tree/expressions/AnnotAccessNode
instanceKlass org/ballerinalang/model/tree/expressions/ArrowFunctionNode
instanceKlass org/ballerinalang/model/tree/expressions/BinaryExpressionNode
instanceKlass org/ballerinalang/model/tree/expressions/CheckedExpressionNode
instanceKlass org/ballerinalang/model/tree/expressions/FieldBasedAccessNode
instanceKlass org/ballerinalang/model/tree/expressions/ErrorVariableReferenceNode
instanceKlass org/ballerinalang/model/tree/expressions/DynamicArgNode
instanceKlass org/ballerinalang/model/tree/expressions/ElvisExpressionNode
instanceKlass org/ballerinalang/model/tree/expressions/ErrorConstructorExpressionNode
instanceKlass org/ballerinalang/model/tree/expressions/RawTemplateLiteralNode
instanceKlass org/ballerinalang/model/tree/expressions/QueryExpressionNode
instanceKlass org/ballerinalang/model/tree/expressions/MatchGuard
instanceKlass org/ballerinalang/model/tree/expressions/NamedArgNode
instanceKlass org/ballerinalang/model/tree/statements/QueryActionNode
instanceKlass org/ballerinalang/model/tree/expressions/RecordVariableReferenceNode
instanceKlass org/ballerinalang/model/tree/expressions/RecordLiteralNode
instanceKlass org/ballerinalang/model/tree/expressions/RecordLiteralNode$RecordKeyValueFieldNode
instanceKlass org/ballerinalang/model/tree/expressions/RecordLiteralNode$RecordVarNameFieldNode
instanceKlass org/ballerinalang/model/tree/expressions/RecordLiteralNode$RecordSpreadOperatorFieldNode
instanceKlass org/ballerinalang/model/tree/expressions/RecordLiteralNode$RecordField
instanceKlass org/ballerinalang/model/tree/expressions/LetExpressionNode
instanceKlass org/ballerinalang/model/tree/expressions/LambdaFunctionNode
instanceKlass org/ballerinalang/model/tree/expressions/IsLikeExpressionNode
instanceKlass org/ballerinalang/model/tree/expressions/InvocationNode
instanceKlass org/ballerinalang/model/tree/expressions/IsAssignableNode
instanceKlass org/ballerinalang/model/tree/expressions/MarkDownDocumentationDeprecationAttributeNode
instanceKlass org/ballerinalang/model/tree/expressions/MarkdownDocumentationTextAttributeNode
instanceKlass org/ballerinalang/model/tree/expressions/MarkdownDocumentationParameterAttributeNode
instanceKlass org/ballerinalang/model/tree/expressions/MarkdownDocumentationReturnParameterAttributeNode
instanceKlass org/ballerinalang/model/tree/expressions/ListConstructorExprNode
instanceKlass org/ballerinalang/model/tree/expressions/LiteralNode
instanceKlass org/ballerinalang/model/tree/expressions/MarkDownDocumentationDeprecatedParametersAttributeNode
instanceKlass org/ballerinalang/model/tree/SimpleVariableNode
instanceKlass org/ballerinalang/model/tree/ServiceNode
instanceKlass org/ballerinalang/model/tree/RetrySpecNode
instanceKlass org/ballerinalang/model/tree/RecordVariableNode
instanceKlass org/ballerinalang/model/tree/RecordVariableNode$BLangRecordVariableKeyValueNode
instanceKlass org/ballerinalang/model/tree/TypeDefinition
instanceKlass org/ballerinalang/model/tree/TableKeySpecifierNode
instanceKlass org/ballerinalang/model/tree/TableKeyTypeConstraintNode
instanceKlass org/ballerinalang/model/tree/TupleVariableNode
instanceKlass org/ballerinalang/model/tree/ErrorVariableNode$ErrorDetailEntry
instanceKlass org/ballerinalang/model/tree/ErrorVariableNode
instanceKlass org/ballerinalang/model/tree/VariableNode
instanceKlass org/ballerinalang/model/tree/CompilationUnitNode
instanceKlass org/ballerinalang/model/tree/AnnotationNode
instanceKlass org/ballerinalang/model/tree/AnnotationAttachmentNode
instanceKlass org/ballerinalang/model/tree/BlockFunctionBodyNode
instanceKlass org/ballerinalang/model/tree/ClassDefinition
instanceKlass org/ballerinalang/model/tree/OrderedNode
instanceKlass org/ballerinalang/model/tree/ImportPackageNode
instanceKlass org/ballerinalang/model/tree/MarkdownDocumentationNode
instanceKlass org/ballerinalang/model/tree/MarkdownDocumentationReferenceAttributeNode
instanceKlass org/ballerinalang/model/tree/PackageNode
instanceKlass org/ballerinalang/model/tree/ExprFunctionBodyNode
instanceKlass org/ballerinalang/model/tree/ExternalFunctionBodyNode
instanceKlass org/ballerinalang/model/tree/FunctionBodyNode
instanceKlass org/ballerinalang/model/tree/FunctionNode
instanceKlass org/ballerinalang/model/tree/InvokableNode
instanceKlass org/ballerinalang/model/tree/DocumentableNode
instanceKlass org/ballerinalang/model/tree/IdentifierNode
instanceKlass org/ballerinalang/model/clauses/OnFailClauseNode
instanceKlass org/ballerinalang/model/clauses/OnConflictClauseNode
instanceKlass org/ballerinalang/model/clauses/OnClauseNode
instanceKlass org/ballerinalang/model/clauses/LetClauseNode
instanceKlass org/ballerinalang/model/clauses/LimitClauseNode
instanceKlass org/ballerinalang/model/clauses/MatchClauseNode
instanceKlass org/ballerinalang/model/clauses/WhereClauseNode
instanceKlass org/ballerinalang/model/clauses/CollectClauseNode
instanceKlass org/ballerinalang/model/clauses/SelectClauseNode
instanceKlass org/ballerinalang/model/clauses/OrderByClauseNode
instanceKlass org/ballerinalang/model/clauses/OrderKeyNode
instanceKlass org/ballerinalang/model/clauses/GroupByClauseNode
instanceKlass org/ballerinalang/model/clauses/GroupingKeyNode
instanceKlass org/ballerinalang/model/tree/bindingpattern/FieldBindingPatternNode
instanceKlass org/ballerinalang/model/tree/bindingpattern/ErrorMessageBindingPatternNode
instanceKlass org/ballerinalang/model/tree/bindingpattern/ErrorFieldBindingPatternsNode
instanceKlass org/ballerinalang/model/tree/XMLNSDeclarationNode
instanceKlass org/ballerinalang/model/tree/TopLevelNode
instanceKlass org/ballerinalang/model/tree/bindingpattern/CaptureBindingPatternNode
instanceKlass org/ballerinalang/model/tree/bindingpattern/ErrorBindingPatternNode
instanceKlass org/ballerinalang/model/tree/bindingpattern/ErrorCauseBindingPatternNode
instanceKlass org/ballerinalang/model/tree/bindingpattern/SimpleBindingPatternNode
instanceKlass org/ballerinalang/model/tree/bindingpattern/WildCardBindingPatternNode
instanceKlass org/ballerinalang/model/clauses/DoClauseNode
instanceKlass org/ballerinalang/model/clauses/InputClauseNode
instanceKlass org/ballerinalang/model/tree/bindingpattern/ListBindingPatternNode
instanceKlass org/ballerinalang/model/tree/bindingpattern/MappingBindingPatternNode
instanceKlass org/ballerinalang/model/tree/bindingpattern/NamedArgBindingPatternNode
instanceKlass org/ballerinalang/model/tree/bindingpattern/BindingPatternNode
instanceKlass org/ballerinalang/model/tree/bindingpattern/RestBindingPatternNode
instanceKlass org/ballerinalang/model/tree/statements/LockNode
instanceKlass org/ballerinalang/model/tree/statements/IfNode
instanceKlass org/ballerinalang/model/tree/statements/ExpressionStatementNode
instanceKlass org/ballerinalang/model/tree/statements/FailStatementNode
instanceKlass org/ballerinalang/model/tree/statements/ForeachNode
instanceKlass org/ballerinalang/model/tree/statements/ForkJoinNode
instanceKlass org/ballerinalang/model/tree/RetryTransactionNode
instanceKlass org/ballerinalang/model/tree/statements/RetryNode
instanceKlass org/ballerinalang/model/tree/statements/MatchStatementNode
instanceKlass org/ballerinalang/model/tree/statements/PanicNode
instanceKlass org/ballerinalang/model/tree/statements/RecordDestructureNode
instanceKlass org/ballerinalang/model/tree/matchpatterns/WildCardMatchPatternNode
instanceKlass org/ballerinalang/model/tree/matchpatterns/VarBindingPatternMatchPatternNode
instanceKlass org/ballerinalang/model/tree/matchpatterns/SimpleMatchPatternNode
instanceKlass org/ballerinalang/model/tree/matchpatterns/ListMatchPatternNode
instanceKlass org/ballerinalang/model/tree/matchpatterns/MappingMatchPatternNode
instanceKlass org/ballerinalang/model/tree/matchpatterns/NamedArgMatchPatternNode
instanceKlass org/ballerinalang/model/tree/matchpatterns/RestMatchPatternNode
instanceKlass org/ballerinalang/model/tree/statements/ContinueNode
instanceKlass org/ballerinalang/model/tree/statements/DoNode
instanceKlass org/ballerinalang/model/tree/statements/ErrorDestructureNode
instanceKlass org/ballerinalang/model/tree/statements/AssignmentNode
instanceKlass org/ballerinalang/model/tree/statements/BlockStatementNode
instanceKlass org/ballerinalang/model/tree/BlockNode
instanceKlass org/ballerinalang/model/tree/statements/BreakNode
instanceKlass org/ballerinalang/model/tree/statements/CompoundAssignmentNode
instanceKlass org/ballerinalang/model/tree/types/TupleTypeNode
instanceKlass org/ballerinalang/model/tree/types/TableTypeNode
instanceKlass org/ballerinalang/model/tree/types/StreamTypeNode
instanceKlass org/ballerinalang/model/tree/types/IntersectionTypeNode
instanceKlass org/ballerinalang/model/tree/types/ObjectTypeNode
instanceKlass org/ballerinalang/model/tree/types/RecordTypeNode
instanceKlass org/ballerinalang/model/tree/types/StructureTypeNode
instanceKlass org/ballerinalang/model/tree/types/UnionTypeNode
instanceKlass org/ballerinalang/model/tree/types/UserDefinedTypeNode
instanceKlass org/ballerinalang/model/tree/types/ValueTypeNode
instanceKlass org/ballerinalang/model/tree/statements/WhileNode
instanceKlass org/ballerinalang/model/tree/statements/TupleDestructureNode
instanceKlass org/ballerinalang/model/tree/statements/ReturnNode
instanceKlass org/ballerinalang/model/tree/statements/RollbackNode
instanceKlass org/ballerinalang/model/tree/statements/VariableDefinitionNode
instanceKlass org/ballerinalang/model/tree/statements/TransactionNode
instanceKlass org/ballerinalang/model/tree/types/ConstrainedTypeNode
instanceKlass org/ballerinalang/model/tree/types/ErrorTypeNode
instanceKlass org/ballerinalang/model/tree/types/FiniteTypeNode
instanceKlass org/ballerinalang/model/tree/types/FunctionTypeNode
instanceKlass org/ballerinalang/model/tree/statements/XMLNSDeclStatementNode
instanceKlass org/ballerinalang/model/tree/statements/StatementNode
instanceKlass org/ballerinalang/model/tree/types/ArrayTypeNode
instanceKlass org/ballerinalang/model/tree/types/BuiltInReferenceTypeNode
instanceKlass org/ballerinalang/model/tree/types/ReferenceTypeNode
instanceKlass org/ballerinalang/model/tree/types/TypeNode
instanceKlass org/ballerinalang/model/tree/expressions/ReDisjunctionNode
instanceKlass org/ballerinalang/model/tree/expressions/ReCapturingGroupsNode
instanceKlass org/ballerinalang/model/tree/expressions/ReAssertionNode
instanceKlass org/ballerinalang/model/tree/expressions/ReQuantifierNode
instanceKlass org/ballerinalang/model/tree/expressions/ReCharacterClassNode
instanceKlass org/ballerinalang/model/tree/expressions/ReCharSetNode
instanceKlass org/ballerinalang/model/tree/expressions/ReCharSetRangeNode
instanceKlass org/ballerinalang/model/tree/expressions/TupleVariableReferenceNode
instanceKlass org/ballerinalang/model/tree/expressions/TrapExpressionNode
instanceKlass org/ballerinalang/model/tree/expressions/TransactionalExpressionNode
instanceKlass org/ballerinalang/model/tree/expressions/ReFlagsOnOffNode
instanceKlass org/ballerinalang/model/tree/expressions/ReFlagExpressionNode
instanceKlass org/ballerinalang/model/tree/expressions/TableConstructorExprNode
instanceKlass org/ballerinalang/model/tree/expressions/TernaryExpressionNode
instanceKlass org/ballerinalang/model/tree/expressions/RecordVariableReferenceNode$BLangRecordVarRefKeyValueNode
instanceKlass org/ballerinalang/model/tree/NodeEntry
instanceKlass org/ballerinalang/model/tree/expressions/RestArgsNode
instanceKlass org/ballerinalang/model/tree/expressions/ServiceConstructorNode
instanceKlass org/ballerinalang/model/tree/expressions/RegExpTemplateLiteralNode
instanceKlass org/ballerinalang/model/tree/expressions/ReSequenceNode
instanceKlass org/ballerinalang/model/tree/expressions/ReTermNode
instanceKlass org/ballerinalang/model/tree/expressions/ReAtomQuantifierNode
instanceKlass org/ballerinalang/model/tree/expressions/ReAtomNode
instanceKlass org/ballerinalang/model/tree/expressions/ReAtomCharOrEscapeNode
instanceKlass org/ballerinalang/model/tree/expressions/SimpleVariableReferenceNode
instanceKlass org/ballerinalang/model/tree/expressions/StatementExpressionNode
instanceKlass org/ballerinalang/model/tree/expressions/StringTemplateLiteralNode
instanceKlass org/ballerinalang/model/tree/expressions/XMLQuotedStringNode
instanceKlass org/ballerinalang/model/tree/expressions/XMLQNameNode
instanceKlass org/ballerinalang/model/tree/expressions/XMLProcessingInstructionLiteralNode
instanceKlass org/ballerinalang/model/tree/expressions/XMLElementAccess
instanceKlass org/ballerinalang/model/tree/expressions/XMLElementFilter
instanceKlass org/ballerinalang/model/tree/expressions/XMLElementLiteralNode
instanceKlass org/ballerinalang/model/tree/expressions/XMLNavigationAccess
instanceKlass org/ballerinalang/model/tree/expressions/VariableReferenceNode
instanceKlass org/ballerinalang/model/tree/matchpatterns/ErrorFieldMatchPatternsNode
instanceKlass org/ballerinalang/model/tree/matchpatterns/ErrorMatchPatternNode
instanceKlass org/ballerinalang/model/tree/matchpatterns/ErrorMessageMatchPatternNode
instanceKlass org/ballerinalang/model/tree/matchpatterns/FieldMatchPatternNode
instanceKlass org/ballerinalang/model/tree/expressions/XMLTextLiteralNode
instanceKlass org/ballerinalang/model/tree/matchpatterns/ConstPatternNode
instanceKlass org/ballerinalang/model/tree/matchpatterns/MatchPatternNode
instanceKlass org/ballerinalang/model/tree/matchpatterns/ErrorCauseMatchPatternNode
instanceKlass org/ballerinalang/model/tree/expressions/WaitForAllExpressionNode
instanceKlass org/ballerinalang/model/tree/expressions/WaitExpressionNode
instanceKlass org/ballerinalang/model/tree/expressions/UnaryExpressionNode
instanceKlass org/ballerinalang/model/tree/expressions/TypeConversionNode
instanceKlass org/ballerinalang/model/tree/AnnotatableNode
instanceKlass org/ballerinalang/model/tree/expressions/TypedescExpressionNode
instanceKlass org/ballerinalang/model/tree/expressions/TypeInitNode
instanceKlass org/ballerinalang/model/tree/expressions/TypeTestExpressionNode
instanceKlass org/ballerinalang/model/tree/expressions/WorkerSendExpressionNode
instanceKlass org/ballerinalang/model/tree/expressions/XMLAttributeNode
instanceKlass org/ballerinalang/model/tree/expressions/XMLCommentLiteralNode
instanceKlass org/ballerinalang/model/tree/expressions/XMLLiteralNode
instanceKlass org/ballerinalang/model/tree/expressions/WaitForAllExpressionNode$WaitKeyValueNode
instanceKlass org/ballerinalang/model/tree/expressions/WorkerFlushExpressionNode
instanceKlass org/ballerinalang/model/tree/statements/WorkerReceiveNode
instanceKlass org/ballerinalang/model/tree/expressions/ExpressionNode
instanceKlass org/ballerinalang/model/tree/ActionNode
instanceKlass org/wso2/ballerinalang/compiler/tree/BLangNode
instanceKlass org/ballerinalang/model/tree/Node
instanceKlass org/wso2/ballerinalang/compiler/tree/BLangNodeTransformer
instanceKlass io/ballerina/projects/Bootstrap
instanceKlass org/wso2/ballerinalang/compiler/util/CompilerOptions
instanceKlass org/wso2/ballerinalang/compiler/util/CompilerContext
instanceKlass io/ballerina/projects/internal/environment/DefaultPackageResolver
instanceKlass  @bci io/ballerina/projects/environment/EnvironmentBuilder build ()Lio/ballerina/projects/environment/Environment; 99 <appendix> argL0 ; # io/ballerina/projects/environment/EnvironmentBuilder$$Lambda+0x0000000100216888
instanceKlass  @bci io/ballerina/projects/environment/EnvironmentBuilder build ()Lio/ballerina/projects/environment/Environment; 94 <appendix> argL0 ; # io/ballerina/projects/environment/EnvironmentBuilder$$Lambda+0x0000000100216658
instanceKlass io/ballerina/projects/internal/repositories/CustomPkgRepositoryContainer
instanceKlass okhttp3/MediaType
instanceKlass okhttp3/RequestBody
instanceKlass org/ballerinalang/central/client/LogFormatter
instanceKlass okhttp3/Interceptor
instanceKlass io/ballerina/projects/internal/repositories/RemotePackageRepository
instanceKlass io/ballerina/projects/internal/model/Repository
instanceKlass io/ballerina/projects/internal/model/Central
instanceKlass io/ballerina/projects/internal/model/Proxy
instanceKlass com/google/gson/internal/Primitives
instanceKlass com/google/gson/internal/bind/JsonTreeReader$2
instanceKlass com/google/gson/internal/LinkedTreeMap$LinkedTreeMapIterator
instanceKlass com/google/gson/internal/LinkedTreeMap$Node
instanceKlass com/google/gson/internal/LinkedTreeMap$1
instanceKlass com/google/gson/internal/bind/TypeAdapters$35
instanceKlass com/google/gson/internal/Streams
instanceKlass com/google/gson/internal/bind/TreeTypeAdapter$GsonContextImpl
instanceKlass com/google/gson/internal/JsonReaderInternalAccess
instanceKlass com/google/gson/internal/bind/ReflectiveTypeAdapterFactory$BoundField
instanceKlass com/google/gson/internal/bind/ReflectiveTypeAdapterFactory
instanceKlass com/google/gson/internal/bind/JsonAdapterAnnotationTypeAdapterFactory
instanceKlass com/google/gson/internal/bind/MapTypeAdapterFactory
instanceKlass com/google/gson/internal/bind/CollectionTypeAdapterFactory
instanceKlass com/google/gson/internal/bind/ArrayTypeAdapter$1
instanceKlass com/google/gson/internal/bind/DateTypeAdapter$1
instanceKlass java/util/concurrent/atomic/AtomicLongArray
instanceKlass com/google/gson/internal/bind/NumberTypeAdapter$1
instanceKlass com/google/gson/internal/bind/ObjectTypeAdapter$1
instanceKlass com/google/gson/internal/bind/TypeAdapters$29
instanceKlass com/google/gson/internal/bind/TypeAdapters$33
instanceKlass java/util/Calendar
instanceKlass com/google/gson/internal/bind/TypeAdapters$34
instanceKlass java/util/concurrent/atomic/AtomicIntegerArray
instanceKlass com/google/gson/internal/bind/TypeAdapters$32
instanceKlass com/google/gson/internal/bind/TypeAdapters$31
instanceKlass com/google/gson/internal/bind/TypeAdapters
instanceKlass com/google/gson/internal/ObjectConstructor
instanceKlass com/google/gson/internal/ConstructorConstructor
instanceKlass com/google/gson/internal/sql/SqlTimestampTypeAdapter$1
instanceKlass com/google/gson/internal/sql/SqlTimeTypeAdapter$1
instanceKlass com/google/gson/internal/sql/SqlDateTypeAdapter$1
instanceKlass java/text/Format
instanceKlass com/google/gson/internal/bind/DefaultDateTypeAdapter$DateType
instanceKlass com/google/gson/internal/sql/SqlTypesSupport
instanceKlass com/google/gson/internal/bind/TreeTypeAdapter$SingleTypeFactory
instanceKlass com/google/gson/JsonDeserializationContext
instanceKlass com/google/gson/JsonSerializationContext
instanceKlass java/lang/reflect/WildcardType
instanceKlass com/google/gson/internal/$Gson$Types
instanceKlass com/google/gson/reflect/TypeToken
instanceKlass com/google/gson/InstanceCreator
instanceKlass com/google/gson/internal/$Gson$Preconditions
instanceKlass com/google/gson/JsonSerializer
instanceKlass io/ballerina/toml/validator/schema/SchemaDeserializer
instanceKlass com/google/gson/JsonDeserializer
instanceKlass com/google/gson/stream/JsonReader
instanceKlass com/google/gson/stream/JsonWriter
instanceKlass com/google/gson/ToNumberStrategy
instanceKlass com/google/gson/Gson
instanceKlass com/google/gson/TypeAdapter
instanceKlass com/google/gson/internal/Excluder
instanceKlass com/google/gson/TypeAdapterFactory
instanceKlass com/google/gson/FieldNamingStrategy
instanceKlass com/google/gson/GsonBuilder
instanceKlass io/ballerina/toml/validator/schema/AbstractSchema
instanceKlass jdk/internal/foreign/MemorySessionImpl
instanceKlass java/lang/foreign/MemorySegment$Scope
instanceKlass io/ballerina/projects/util/FileUtils
instanceKlass io/ballerina/toml/semantic/ast/TomlNodeVisitor
instanceKlass io/ballerina/toml/validator/TomlValidator
instanceKlass io/ballerina/projects/DiagnosticResult
instanceKlass io/ballerina/projects/internal/SettingsBuilder
instanceKlass io/ballerina/projects/internal/environment/BallerinaUserHome
instanceKlass io/ballerina/projects/internal/environment/EnvironmentPackageCache
instanceKlass io/ballerina/projects/internal/environment/WritablePackageCache
instanceKlass io/ballerina/projects/internal/repositories/AbstractPackageRepository
instanceKlass io/ballerina/projects/internal/environment/BallerinaDistribution
instanceKlass io/ballerina/projects/environment/Environment
instanceKlass io/ballerina/projects/environment/PackageResolver
instanceKlass io/ballerina/projects/environment/PackageRepository
instanceKlass io/ballerina/projects/environment/PackageCache
instanceKlass io/ballerina/projects/environment/EnvironmentBuilder
instanceKlass io/ballerina/projects/environment/ProjectEnvironment
instanceKlass io/ballerina/projects/CompilationCache
instanceKlass io/ballerina/projects/ProjectEnvironmentBuilder
instanceKlass io/ballerina/cli/utils/FileUtils
instanceKlass io/ballerina/projects/CompilationOptions$CompilationOptionsBuilder
instanceKlass io/ballerina/projects/CompilationOptions
instanceKlass io/ballerina/projects/BuildOptions$BuildOptionsBuilder
instanceKlass  @bci io/ballerina/cli/launcher/Main main ([Ljava/lang/String;)V 6 <appendix> argL0 ; # io/ballerina/cli/launcher/Main$$Lambda+0x00000001001b9df8
instanceKlass  @cpi io/ballerina/cli/launcher/Main 466 form vmentry <vmtarget> ; # java/lang/invoke/LambdaForm$DMH+0x00000001001bc400
instanceKlass picocli/CommandLine$ParseResult$GroupValidationResult
instanceKlass  @bci jdk/internal/reflect/MethodHandleBooleanFieldAccessorImpl setBoolean (Ljava/lang/Object;Z)V 41 <adapter> ; # java/lang/invoke/LambdaForm$MH+0x00000001001bc000
instanceKlass picocli/CommandLine$ParseResult$GroupMatch
instanceKlass picocli/CommandLine$ParseResult$GroupMatchContainer
instanceKlass picocli/CommandLine$ParseResult$Builder
instanceKlass picocli/CommandLine$ParseResult
instanceKlass io/ballerina/cli/launcher/Main$HomeCmd
instanceKlass io/ballerina/cli/launcher/Main$VersionCmd
instanceKlass java/util/Collections$UnmodifiableMap$UnmodifiableEntrySet$UnmodifiableEntry
instanceKlass io/ballerina/cli/launcher/Main$HelpCmd
instanceKlass org/ballerinalang/debugadapter/cmd/DebugAdapterStartCmd
instanceKlass org/ballerinalang/langserver/cmd/LangServerSpecCmd
instanceKlass org/ballerinalang/langserver/cmd/LangServerStartCmd
instanceKlass org/ballerinalang/semver/checker/cmd/SemverCmd
instanceKlass java/util/Collections$ReverseComparator2
instanceKlass java/util/Collections$ReverseComparator
instanceKlass picocli/CommandLine$Help$ShortestFirst
instanceKlass org/slf4j/spi/DefaultLoggingEventBuilder
instanceKlass org/slf4j/spi/CallerBoundaryAware
instanceKlass org/slf4j/helpers/SubstituteLogger
instanceKlass org/slf4j/spi/LoggingEventBuilder
instanceKlass org/slf4j/helpers/AbstractLogger
instanceKlass org/slf4j/spi/LocationAwareLogger
instanceKlass org/slf4j/jul/JDK14LoggerFactory
instanceKlass org/slf4j/jul/JULServiceProvider
instanceKlass org/slf4j/helpers/Util
instanceKlass org/slf4j/helpers/NOPMDCAdapter
instanceKlass org/slf4j/helpers/NOPLoggerFactory
instanceKlass org/slf4j/helpers/NOP_FallbackServiceProvider
instanceKlass org/slf4j/helpers/ThreadLocalMapOfStacks
instanceKlass org/slf4j/helpers/BasicMDCAdapter
instanceKlass org/slf4j/Marker
instanceKlass org/slf4j/helpers/BasicMarkerFactory
instanceKlass java/util/concurrent/LinkedBlockingQueue$Node
instanceKlass org/slf4j/Logger
instanceKlass org/slf4j/helpers/SubstituteLoggerFactory
instanceKlass org/slf4j/ILoggerFactory
instanceKlass org/slf4j/spi/MDCAdapter
instanceKlass org/slf4j/IMarkerFactory
instanceKlass org/slf4j/helpers/SubstituteServiceProvider
instanceKlass org/slf4j/event/LoggingEvent
instanceKlass org/slf4j/spi/SLF4JServiceProvider
instanceKlass org/slf4j/LoggerFactory
instanceKlass io/ballerina/protoc/protobuf/cmd/GrpcCmd
instanceKlass io/ballerina/persist/introspect/Introspector
instanceKlass io/ballerina/persist/models/MigrationDataHolder
instanceKlass io/ballerina/persist/models/Entity
instanceKlass io/ballerina/persist/models/Module
instanceKlass io/ballerina/persist/models/Index
instanceKlass io/ballerina/projects/PackageDependency
instanceKlass io/ballerina/persist/configuration/PersistConfiguration
instanceKlass io/ballerina/projects/Package
instanceKlass io/ballerina/persist/cmd/Pull
instanceKlass io/ballerina/persist/cmd/Add
instanceKlass io/ballerina/persist/cmd/Migrate
instanceKlass io/ballerina/persist/cmd/Push
instanceKlass io/ballerina/persist/cmd/Generate
instanceKlass io/ballerina/persist/cmd/Init
instanceKlass io/ballerina/persist/cmd/PersistCmd
instanceKlass io/ballerina/openapi/service/mapper/diagnostic/OpenAPIMapperDiagnostic
instanceKlass io/ballerina/openapi/cmd/BallerinaCodeGenerator
instanceKlass io/swagger/v3/oas/models/OpenAPI
instanceKlass io/swagger/v3/oas/models/Operation
instanceKlass io/swagger/v3/oas/models/PathItem
instanceKlass io/ballerina/openapi/core/generators/common/model/Filter
instanceKlass  @bci jdk/internal/reflect/MethodHandleObjectFieldAccessorImpl set (Ljava/lang/Object;Ljava/lang/Object;)V 41 <adapter> ; # java/lang/invoke/LambdaForm$MH+0x00000001001b0000
instanceKlass java/util/Collections$UnmodifiableMap$UnmodifiableEntrySet$1
instanceKlass io/ballerina/openapi/cmd/CmdOptions
instanceKlass io/ballerina/openapi/cmd/SubCmdBase
instanceKlass io/ballerina/openapi/cmd/Add
instanceKlass io/ballerina/openapi/cmd/BaseCmd
instanceKlass io/ballerina/openapi/cmd/OpenApiCmd
instanceKlass io/ballerina/graphql/cmd/pojo/Config
instanceKlass io/ballerina/graphql/generator/CodeGenerator
instanceKlass org/yaml/snakeyaml/constructor/BaseConstructor
instanceKlass io/ballerina/graphql/generator/GraphqlProject
instanceKlass io/ballerina/graphql/cmd/GraphqlCmd
instanceKlass org/ballerinalang/formatter/cli/FormatCmd
instanceKlass io/ballerina/cli/TaskExecutor
instanceKlass io/ballerina/cli/cmd/ProfileCommand
instanceKlass io/ballerina/projects/BalToolsManifest$Tool
instanceKlass io/ballerina/projects/SemanticVersion
instanceKlass org/wso2/ballerinalang/compiler/util/Name
instanceKlass org/ballerinalang/model/Name
instanceKlass org/wso2/ballerinalang/compiler/util/CompilerContext$Key
instanceKlass org/wso2/ballerinalang/compiler/util/Names
instanceKlass io/ballerina/cli/cmd/ToolCommand
instanceKlass io/ballerina/cli/cmd/DeprecateCommand
instanceKlass io/ballerina/cli/cmd/GraphCommand
# instanceKlass java/lang/invoke/LambdaForm$MH+0x00000001001a5800
instanceKlass io/ballerina/cli/cmd/PackCommand
instanceKlass  @bci jdk/internal/reflect/MethodHandleLongFieldAccessorImpl getLong (Ljava/lang/Object;)J 20 <adapter> ; # java/lang/invoke/LambdaForm$MH+0x00000001001a5400
# instanceKlass java/lang/invoke/LambdaForm$MH+0x00000001001a5000
# instanceKlass java/lang/invoke/LambdaForm$BMH+0x00000001001a4c00
# instanceKlass java/lang/invoke/LambdaForm$DMH+0x00000001001a4800
# instanceKlass java/lang/invoke/LambdaForm$MH+0x00000001001a4400
# instanceKlass java/lang/invoke/LambdaForm$BMH+0x00000001001a4000
instanceKlass io/ballerina/cli/cmd/ShellCommand
instanceKlass io/ballerina/cli/cmd/CleanCommand
instanceKlass io/ballerina/cli/cmd/AddCommand
instanceKlass io/ballerina/cli/cmd/SearchCommand
instanceKlass io/ballerina/projects/PackageOrg
instanceKlass io/ballerina/projects/PackageName
instanceKlass org/ballerinalang/maven/bala/client/MavenResolverClient
instanceKlass org/ballerinalang/central/client/CentralAPIClient
instanceKlass io/ballerina/projects/DependencyManifest$Package
instanceKlass io/ballerina/projects/CompilerBackend$TargetPlatform
instanceKlass com/google/gson/JsonElement
instanceKlass io/ballerina/cli/cmd/PushCommand
instanceKlass io/ballerina/projects/Settings
instanceKlass io/ballerina/cli/cmd/PullCommand
instanceKlass io/ballerina/cli/cmd/NewCommand
instanceKlass jdk/nio/zipfs/ZipFileSystem$END
instanceKlass jdk/nio/zipfs/ZipConstants
instanceKlass java/nio/channels/spi/AbstractInterruptibleChannel$1
instanceKlass sun/nio/ch/Interruptible
instanceKlass sun/nio/fs/WindowsChannelFactory$2
instanceKlass java/nio/file/attribute/PosixFileAttributeView
instanceKlass jdk/nio/zipfs/ZipFileAttributeView
instanceKlass jdk/nio/zipfs/ZipPath
instanceKlass jdk/nio/zipfs/ZipCoder
instanceKlass sun/nio/fs/WindowsSecurity
instanceKlass sun/nio/fs/AbstractAclFileAttributeView
instanceKlass java/nio/file/attribute/AclFileAttributeView
instanceKlass java/nio/file/attribute/FileOwnerAttributeView
instanceKlass  @bci jdk/nio/zipfs/ZipFileSystem <init> (Ljdk/nio/zipfs/ZipFileSystemProvider;Ljava/nio/file/Path;Ljava/util/Map;)V 431 <appendix> member <vmtarget> ; # jdk/nio/zipfs/ZipFileSystem$$Lambda+0x000000010019b7f8
instanceKlass sun/nio/fs/WindowsFileSystemProvider$1
instanceKlass java/nio/file/attribute/PosixFilePermissions
instanceKlass  @bci jdk/nio/zipfs/ZipFileSystem <clinit> ()V 0 <appendix> argL0 ; # jdk/nio/zipfs/ZipFileSystem$$Lambda+0x000000010019b5e8
instanceKlass java/nio/file/attribute/PosixFileAttributes
instanceKlass jdk/nio/zipfs/ZipFileAttributes
instanceKlass jdk/nio/zipfs/ZipFileSystem$IndexNode
instanceKlass sun/nio/fs/WindowsLinkSupport
instanceKlass sun/nio/fs/WindowsUriSupport
instanceKlass java/util/AbstractMap$SimpleEntry
instanceKlass jdk/internal/jimage/ImageBufferCache$2
instanceKlass jdk/internal/jimage/ImageBufferCache
instanceKlass  @bci sun/net/www/protocol/jrt/JavaRuntimeURLConnection <clinit> ()V 0 <appendix> argL0 ; # sun/net/www/protocol/jrt/JavaRuntimeURLConnection$$Lambda+0x00000001001c0668
instanceKlass java/nio/channels/AsynchronousFileChannel
instanceKlass java/nio/channels/AsynchronousChannel
instanceKlass java/nio/file/FileStore
instanceKlass java/nio/file/spi/FileSystemProvider$1
instanceKlass io/ballerina/projects/CompilationCacheFactory
instanceKlass java/nio/file/FileVisitor
instanceKlass io/ballerina/cli/cmd/CommandUtil
instanceKlass io/ballerina/cli/cmd/InitCommand
instanceKlass io/ballerina/cli/cmd/TestCommand
instanceKlass io/ballerina/cli/task/RunExecutableTask
instanceKlass sun/nio/fs/WindowsFileSystem$2
instanceKlass java/nio/file/PathMatcher
instanceKlass  @bci java/util/regex/Pattern DOT ()Ljava/util/regex/Pattern$CharPredicate; 0 <appendix> argL0 ; # java/util/regex/Pattern$$Lambda+0x000000010017dad8
instanceKlass sun/nio/fs/Globs
instanceKlass io/ballerina/cli/cmd/RunCommand
# instanceKlass java/lang/invoke/LambdaForm$MH+0x0000000100198800
# instanceKlass java/lang/invoke/LambdaForm$MH+0x0000000100198400
instanceKlass io/ballerina/cli/cmd/DocCommand
instanceKlass io/ballerina/projects/BuildOptions
instanceKlass io/ballerina/cli/task/Task
instanceKlass io/ballerina/projects/Project
instanceKlass io/ballerina/cli/cmd/BuildCommand
instanceKlass org/ballerinalang/bindgen/utils/BindgenUtils
instanceKlass org/ballerinalang/bindgen/command/BindgenCommand
instanceKlass picocli/CommandLine$Model$Messages
instanceKlass io/ballerina/asyncapi/cmd/websockets/AsyncApiToBallerinaGenerator
instanceKlass io/ballerina/asyncapi/codegenerator/application/Application
instanceKlass io/ballerina/asyncapi/cmd/AsyncApiCmd
instanceKlass sun/net/www/MessageHeader
instanceKlass sun/net/www/protocol/jar/JarFileFactory
instanceKlass sun/net/www/protocol/jar/URLJarFile$URLJarFileCloseController
instanceKlass java/net/URLConnection
instanceKlass  @bci java/util/stream/MatchOps makeRef (Ljava/util/function/Predicate;Ljava/util/stream/MatchOps$MatchKind;)Ljava/util/stream/TerminalOp; 20 <appendix> member <vmtarget> ; # java/util/stream/MatchOps$$Lambda+0x000000010017b0c8
instanceKlass java/util/stream/MatchOps$BooleanTerminalSink
instanceKlass java/util/stream/MatchOps$MatchOp
instanceKlass java/util/stream/MatchOps
instanceKlass  @bci io/ballerina/cli/launcher/util/BalToolsUtil isToolCommand (Ljava/lang/String;)Z 53 <appendix> member <vmtarget> ; # io/ballerina/cli/launcher/util/BalToolsUtil$$Lambda+0x0000000100194b08
instanceKlass  @bci io/ballerina/cli/launcher/util/BalToolsUtil isToolCommand (Ljava/lang/String;)Z 37 <appendix> argL0 ; # io/ballerina/cli/launcher/util/BalToolsUtil$$Lambda+0x00000001001948d8
instanceKlass  @cpi org/apache/commons/text/translate/EntityArrays 578 form vmentry <vmtarget> ; # java/lang/invoke/LambdaForm$DMH+0x0000000100198000
instanceKlass io/ballerina/projects/BalToolsManifest
instanceKlass io/ballerina/toml/api/Toml
instanceKlass io/ballerina/toml/syntax/tree/NodeList$NodeListIterator
instanceKlass  @bci io/ballerina/toml/syntax/tree/NonTerminalNode diagnostics ()Ljava/lang/Iterable; 10 <appendix> argL0 ; # io/ballerina/toml/syntax/tree/NonTerminalNode$$Lambda+0x0000000100193ad8
instanceKlass io/ballerina/toml/semantic/diagnostics/DiagnosticComparator
instanceKlass io/ballerina/toml/syntax/tree/NodeList
instanceKlass io/ballerina/toml/syntax/tree/Minutiae
instanceKlass io/ballerina/toml/internal/syntax/NodeListUtils
instanceKlass io/ballerina/toml/syntax/tree/MinutiaeList
instanceKlass io/ballerina/toml/syntax/tree/AbstractNodeFactory
instanceKlass io/ballerina/tools/text/LineRange
instanceKlass io/ballerina/tools/text/LinePosition
instanceKlass io/ballerina/tools/text/TextLine
instanceKlass io/ballerina/tools/text/LineMap
instanceKlass io/ballerina/tools/text/TextRange
instanceKlass io/ballerina/toml/semantic/diagnostics/TomlNodeLocation
instanceKlass io/ballerina/tools/diagnostics/Location
instanceKlass io/ballerina/toml/semantic/diagnostics/DiagnosticLog
instanceKlass io/ballerina/toml/semantic/ast/TomlNode
instanceKlass io/ballerina/toml/syntax/tree/NodeTransformer
instanceKlass io/ballerina/tools/diagnostics/Diagnostic
instanceKlass io/ballerina/toml/internal/syntax/SyntaxUtils
instanceKlass io/ballerina/toml/internal/parser/tree/STAbstractNodeFactory
instanceKlass io/ballerina/toml/internal/parser/TomlLexer$1
instanceKlass io/ballerina/toml/internal/parser/AbstractParserErrorHandler
instanceKlass io/ballerina/toml/internal/parser/AbstractParser
instanceKlass io/ballerina/toml/internal/parser/TokenReader$TokenBuffer
instanceKlass io/ballerina/tools/text/CharReader
instanceKlass io/ballerina/tools/diagnostics/DiagnosticCode
instanceKlass io/ballerina/toml/internal/parser/tree/STNode
instanceKlass io/ballerina/toml/internal/parser/AbstractTokenReader
instanceKlass io/ballerina/toml/internal/parser/AbstractLexer
instanceKlass io/ballerina/toml/internal/parser/ParserFactory
instanceKlass io/ballerina/toml/syntax/tree/Node
instanceKlass io/ballerina/toml/syntax/tree/SyntaxTree
instanceKlass io/ballerina/tools/text/TextDocument
instanceKlass io/ballerina/tools/text/TextDocuments
instanceKlass io/ballerina/projects/internal/BalToolsManifestBuilder
instanceKlass io/ballerina/projects/TomlDocumentContext
instanceKlass io/ballerina/projects/TomlDocument
instanceKlass io/ballerina/projects/BalToolsToml
instanceKlass org/wso2/ballerinalang/util/Lists
instanceKlass sun/nio/fs/WindowsPath$1
instanceKlass java/lang/ProcessEnvironment$CheckedEntry
instanceKlass java/lang/ProcessEnvironment$CheckedEntrySet$1
instanceKlass java/lang/ProcessEnvironment$EntryComparator
instanceKlass java/lang/ProcessEnvironment$NameComparator
instanceKlass org/wso2/ballerinalang/util/RepoUtils
instanceKlass  @bci java/util/regex/Pattern negate (Ljava/util/regex/Pattern$CharPredicate;)Ljava/util/regex/Pattern$CharPredicate; 1 <appendix> member <vmtarget> ; # java/util/regex/Pattern$$Lambda+0x0000000100177940
instanceKlass org/apache/commons/compress/archivers/EntryStreamOffsets
instanceKlass org/apache/commons/compress/archivers/ArchiveEntry
instanceKlass io/ballerina/projects/util/ProjectUtils
instanceKlass io/ballerina/cli/launcher/util/BalToolsUtil
instanceKlass picocli/CommandLine$PositionalParametersSorter
# instanceKlass java/lang/invoke/LambdaForm$MH+0x0000000100181800
instanceKlass  @bci org/wso2/ballerinalang/compiler/bir/model/BirScope hashCode ()I 1 <appendix> argL1 argL1 form vmentry <vmtarget> ; # java/lang/invoke/LambdaForm$MH+0x0000000100181400
instanceKlass  @bci jdk/internal/reflect/MethodHandleBooleanFieldAccessorImpl getBoolean (Ljava/lang/Object;)Z 20 <adapter> ; # java/lang/invoke/LambdaForm$MH+0x0000000100181000
# instanceKlass java/lang/invoke/LambdaForm$MH+0x0000000100180c00
# instanceKlass java/lang/invoke/LambdaForm$BMH+0x0000000100180800
# instanceKlass java/lang/invoke/LambdaForm$DMH+0x0000000100180400
instanceKlass  @bci org/wso2/ballerinalang/compiler/bir/model/BirScope hashCode ()I 1 <appendix> argL1 form vmentry <vmtarget> ; # java/lang/invoke/LambdaForm$MH+0x0000000100180000
instanceKlass picocli/CommandLine$Model$ObjectBinding
instanceKlass picocli/CommandLine$Model$ArgSpec$Builder
instanceKlass picocli/CommandLine$Model$FieldBinding
instanceKlass picocli/CommandLine$Model$RuntimeTypeInfo
instanceKlass picocli/CommandLine$Model$ITypeInfo
instanceKlass picocli/CommandLine$Range
instanceKlass picocli/CommandLine$NullParameterConsumer
instanceKlass picocli/CommandLine$IParameterConsumer
instanceKlass picocli/CommandLine$NoCompletionCandidates
instanceKlass picocli/CommandLine$3
instanceKlass picocli/CommandLine$Model
instanceKlass picocli/CommandLine$NoDefaultProvider
instanceKlass picocli/CommandLine$IDefaultValueProvider
instanceKlass picocli/CommandLine$NoVersionProvider
instanceKlass picocli/CommandLine$IVersionProvider
instanceKlass  @bci sun/reflect/annotation/AnnotationParser parseClassArray (ILjava/nio/ByteBuffer;Ljdk/internal/reflect/ConstantPool;Ljava/lang/Class;)Ljava/lang/Object; 10 <appendix> member <vmtarget> ; # sun/reflect/annotation/AnnotationParser$$Lambda+0x0000000100176580
instanceKlass jdk/internal/vm/annotation/IntrinsicCandidate
instanceKlass picocli/CommandLine$ParentCommand
instanceKlass picocli/CommandLine$Spec
instanceKlass picocli/CommandLine$Mixin
instanceKlass picocli/CommandLine$Unmatched
instanceKlass picocli/CommandLine$ArgGroup
instanceKlass picocli/CommandLine$Parameters
instanceKlass picocli/CommandLine$Option
instanceKlass picocli/CommandLine$Model$MethodBinding
instanceKlass picocli/CommandLine$Model$PicocliInvocationHandler
instanceKlass picocli/CommandLine$Model$TypedMember
instanceKlass picocli/CommandLine$Command
instanceKlass picocli/CommandLine$Model$ObjectScope
instanceKlass  @bci java/util/regex/CharPredicates ASCII_WORD ()Ljava/util/regex/Pattern$BmpCharPredicate; 0 <appendix> argL0 ; # java/util/regex/CharPredicates$$Lambda+0x00000001001751c8
instanceKlass picocli/CommandLine$RegexTransformer$Builder
instanceKlass picocli/CommandLine$RegexTransformer
instanceKlass picocli/CommandLine$Model$UsageMessageSpec$17
instanceKlass picocli/CommandLine$Model$UsageMessageSpec$16
instanceKlass picocli/CommandLine$Model$UsageMessageSpec$15
instanceKlass picocli/CommandLine$Model$UsageMessageSpec$14
instanceKlass picocli/CommandLine$Model$UsageMessageSpec$13
instanceKlass picocli/CommandLine$Model$UsageMessageSpec$12
instanceKlass picocli/CommandLine$Model$UsageMessageSpec$11
instanceKlass picocli/CommandLine$Model$UsageMessageSpec$10
instanceKlass picocli/CommandLine$Model$UsageMessageSpec$9
instanceKlass picocli/CommandLine$Model$UsageMessageSpec$8
instanceKlass picocli/CommandLine$Model$UsageMessageSpec$7
instanceKlass picocli/CommandLine$Model$UsageMessageSpec$6
instanceKlass picocli/CommandLine$Model$UsageMessageSpec$5
instanceKlass picocli/CommandLine$Model$UsageMessageSpec$4
instanceKlass picocli/CommandLine$Model$UsageMessageSpec$3
instanceKlass picocli/CommandLine$Model$UsageMessageSpec$2
instanceKlass picocli/CommandLine$IHelpSectionRenderer
instanceKlass picocli/CommandLine$IHelpFactory
instanceKlass picocli/CommandLine$Model$UsageMessageSpec
instanceKlass picocli/CommandLine$Model$Interpolator$4
instanceKlass picocli/CommandLine$Model$Interpolator$3
instanceKlass picocli/CommandLine$Model$Interpolator$2
instanceKlass picocli/CommandLine$Model$Interpolator$1
instanceKlass picocli/CommandLine$Model$Interpolator$ILookup
instanceKlass picocli/CommandLine$Model$Interpolator
instanceKlass picocli/CommandLine$Model$ParserSpec
instanceKlass picocli/CommandLine$Model$IAnnotatedElement
instanceKlass picocli/CommandLine$Model$IScope
instanceKlass picocli/CommandLine$Model$ISetter
instanceKlass picocli/CommandLine$Model$IGetter
instanceKlass picocli/CommandLine$Model$CommandReflection
instanceKlass picocli/CommandLine$INegatableOptionTransformer
instanceKlass picocli/CommandLine$Model$CommandSpec
instanceKlass java/time/zone/ZoneRules
instanceKlass java/time/YearMonth
instanceKlass java/time/Year
instanceKlass  @bci java/util/regex/Pattern CIRange (II)Ljava/util/regex/Pattern$CharPredicate; 2 <appendix> member <vmtarget> ; # java/util/regex/Pattern$$Lambda+0x0000000100173ed8
instanceKlass  @bci java/util/regex/Pattern SingleI (II)Ljava/util/regex/Pattern$BmpCharPredicate; 2 <appendix> member <vmtarget> ; # java/util/regex/Pattern$$Lambda+0x0000000100173c58
instanceKlass  @bci java/time/ZoneOffset ofTotalSeconds (I)Ljava/time/ZoneOffset; 37 <appendix> argL0 ; # java/time/ZoneOffset$$Lambda+0x0000000100173a28
instanceKlass  @bci java/time/format/DateTimeFormatter <clinit> ()V 1075 <appendix> argL0 ; # java/time/format/DateTimeFormatter$$Lambda+0x0000000100173818
instanceKlass  @bci java/time/format/DateTimeFormatter <clinit> ()V 1067 <appendix> argL0 ; # java/time/format/DateTimeFormatter$$Lambda+0x0000000100173608
instanceKlass java/time/format/DateTimeFormatterBuilder$TextPrinterParser
instanceKlass java/time/format/DateTimeTextProvider$1
instanceKlass java/time/format/DateTimeTextProvider
instanceKlass java/time/format/DateTimeTextProvider$LocaleStore
instanceKlass java/time/format/DateTimeFormatterBuilder$InstantPrinterParser
instanceKlass java/time/format/DateTimeFormatterBuilder$ZoneIdPrinterParser
instanceKlass java/time/format/DateTimeFormatterBuilder$OffsetIdPrinterParser
instanceKlass java/time/format/DecimalStyle
instanceKlass java/time/format/DateTimeFormatterBuilder$CompositePrinterParser
instanceKlass java/time/format/DateTimeFormatterBuilder$CharLiteralPrinterParser
instanceKlass java/time/format/DateTimeFormatterBuilder$NumberPrinterParser
instanceKlass java/time/format/DateTimeFormatterBuilder$StringLiteralPrinterParser
instanceKlass java/time/format/DateTimeFormatterBuilder$DateTimePrinterParser
instanceKlass java/time/temporal/JulianFields
instanceKlass java/time/temporal/IsoFields
instanceKlass  @bci java/time/format/DateTimeFormatterBuilder <clinit> ()V 0 <appendix> argL0 ; # java/time/format/DateTimeFormatterBuilder$$Lambda+0x000000010016e120
instanceKlass java/time/format/DateTimeFormatterBuilder
instanceKlass java/time/MonthDay
instanceKlass java/time/OffsetTime
instanceKlass java/time/Period
instanceKlass java/time/chrono/ChronoPeriod
instanceKlass java/time/chrono/AbstractChronology
instanceKlass java/time/chrono/Chronology
instanceKlass java/time/chrono/Era
instanceKlass java/time/LocalTime
instanceKlass java/time/format/DateTimeFormatter
instanceKlass java/time/LocalDate
instanceKlass java/time/chrono/ChronoLocalDate
instanceKlass java/time/OffsetDateTime
instanceKlass java/time/ZonedDateTime
instanceKlass java/time/chrono/ChronoZonedDateTime
instanceKlass java/time/ZoneId
instanceKlass java/time/Clock
instanceKlass java/time/InstantSource
instanceKlass java/time/temporal/ValueRange
instanceKlass java/time/temporal/TemporalQuery
instanceKlass java/time/temporal/TemporalField
instanceKlass java/time/temporal/TemporalUnit
instanceKlass java/time/Duration
instanceKlass java/time/temporal/TemporalAmount
instanceKlass java/time/Instant
instanceKlass java/time/LocalDateTime
instanceKlass java/time/chrono/ChronoLocalDateTime
instanceKlass java/time/temporal/TemporalAdjuster
instanceKlass java/time/temporal/Temporal
instanceKlass java/time/temporal/TemporalAccessor
instanceKlass picocli/CommandLine$BuiltIn$ReflectionConverter
instanceKlass java/sql/DriverAction
instanceKlass java/sql/Driver
instanceKlass java/sql/DriverManager
instanceKlass java/sql/Connection
instanceKlass java/sql/Wrapper
instanceKlass picocli/CommandLine$BuiltIn$ISO8601TimeConverter
instanceKlass jdk/internal/module/ModulePatcher$PatchedModuleReader
instanceKlass picocli/CommandLine$BuiltIn
instanceKlass picocli/CommandLine$BuiltIn$NetworkInterfaceConverter
instanceKlass picocli/CommandLine$BuiltIn$ClassConverter
instanceKlass picocli/CommandLine$BuiltIn$ByteOrderConverter
instanceKlass picocli/CommandLine$BuiltIn$TimeZoneConverter
instanceKlass java/util/TimeZone
instanceKlass picocli/CommandLine$BuiltIn$CurrencyConverter
instanceKlass java/util/Currency
instanceKlass picocli/CommandLine$BuiltIn$UUIDConverter
instanceKlass java/util/UUID
instanceKlass picocli/CommandLine$BuiltIn$PatternConverter
instanceKlass picocli/CommandLine$BuiltIn$InetAddressConverter
instanceKlass picocli/CommandLine$BuiltIn$CharsetConverter
instanceKlass picocli/CommandLine$BuiltIn$BigIntegerConverter
instanceKlass picocli/CommandLine$BuiltIn$BigDecimalConverter
instanceKlass picocli/CommandLine$BuiltIn$ISO8601DateConverter
instanceKlass picocli/CommandLine$BuiltIn$URLConverter
instanceKlass picocli/CommandLine$BuiltIn$URIConverter
instanceKlass picocli/CommandLine$BuiltIn$FileConverter
instanceKlass picocli/CommandLine$BuiltIn$DoubleConverter
instanceKlass picocli/CommandLine$BuiltIn$FloatConverter
instanceKlass picocli/CommandLine$BuiltIn$LongConverter
instanceKlass picocli/CommandLine$BuiltIn$IntegerConverter
instanceKlass picocli/CommandLine$BuiltIn$ShortConverter
instanceKlass picocli/CommandLine$BuiltIn$CharacterConverter
instanceKlass picocli/CommandLine$BuiltIn$BooleanConverter
instanceKlass picocli/CommandLine$BuiltIn$ByteConverter
instanceKlass picocli/CommandLine$BuiltIn$CharSequenceConverter
instanceKlass picocli/CommandLine$BuiltIn$CharArrayConverter
instanceKlass picocli/CommandLine$BuiltIn$StringBuilderConverter
instanceKlass picocli/CommandLine$BuiltIn$StringConverter
instanceKlass picocli/CommandLine$ITypeConverter
instanceKlass java/io/StreamTokenizer
instanceKlass picocli/CommandLine$Interpreter
instanceKlass picocli/CommandLine$2
instanceKlass picocli/CommandLine$1
instanceKlass picocli/CommandLine$AbstractHandler
instanceKlass picocli/CommandLine$IParseResultHandler
instanceKlass picocli/CommandLine$Help$ColorScheme
instanceKlass picocli/CommandLine$Help$Ansi$IStyle
instanceKlass picocli/CommandLine$Assert
instanceKlass picocli/CommandLine$Help$ColorScheme$Builder
instanceKlass picocli/CommandLine$Help$IParamLabelRenderer
instanceKlass picocli/CommandLine$Model$IOrdered
instanceKlass picocli/CommandLine$Model$ArgSpec
instanceKlass picocli/CommandLine$Help$IParameterRenderer
instanceKlass picocli/CommandLine$Help$IOptionRenderer
instanceKlass picocli/CommandLine$Help
instanceKlass picocli/CommandLine$Help$Ansi$Text
instanceKlass picocli/CommandLine$Tracer
instanceKlass picocli/CommandLine$DefaultFactory
instanceKlass picocli/CommandLine$IExecutionExceptionHandler
instanceKlass picocli/CommandLine$IParameterExceptionHandler
instanceKlass picocli/CommandLine$IExecutionStrategy
instanceKlass picocli/CommandLine$IParseResultHandler2
instanceKlass picocli/CommandLine$IFactory
instanceKlass picocli/CommandLine$IExceptionHandler2
instanceKlass picocli/CommandLine$IExceptionHandler
instanceKlass picocli/CommandLine
instanceKlass io/ballerina/cli/launcher/Main$DefaultCmd
instanceKlass io/ballerina/cli/BLauncherCmd
instanceKlass jdk/internal/misc/MainMethodFinder
instanceKlass io/ballerina/cli/launcher/Main
instanceKlass java/security/SecureClassLoader$DebugHolder
instanceKlass java/security/SecureClassLoader$1
instanceKlass java/util/zip/Checksum$1
instanceKlass java/util/zip/CRC32
instanceKlass java/util/zip/Checksum
instanceKlass sun/nio/ByteBuffered
instanceKlass java/lang/Package$VersionInfo
instanceKlass java/lang/NamedPackage
instanceKlass jdk/internal/loader/Resource
instanceKlass sun/nio/cs/MS1252$Holder
instanceKlass sun/nio/cs/ArrayDecoder
instanceKlass sun/launcher/LauncherHelper
instanceKlass sun/management/counter/Units
instanceKlass jdk/internal/agent/ConnectorAddressLink
# instanceKlass java/lang/invoke/LambdaForm$MH+0x0000000100144400
# instanceKlass java/lang/invoke/LambdaForm$MH+0x0000000100144000
# instanceKlass java/lang/invoke/LambdaForm$MH+0x0000000100143c00
instanceKlass  @cpi org/apache/commons/compress/archivers/zip/ZipFile 1241 form vmentry <vmtarget> ; # java/lang/invoke/LambdaForm$DMH+0x0000000100143800
instanceKlass java/io/SerialCallbackContext
instanceKlass java/io/ObjectStreamClass$ClassDataSlot
instanceKlass java/io/ObjectStreamClass$FieldReflector
instanceKlass java/io/ObjectStreamClass$FieldReflectorKey
instanceKlass java/io/ObjectInput
instanceKlass jdk/internal/reflect/ClassDefiner$1
instanceKlass jdk/internal/reflect/ClassDefiner
instanceKlass jdk/internal/reflect/MethodAccessorGenerator$1
instanceKlass jdk/internal/reflect/Label$PatchInfo
instanceKlass jdk/internal/reflect/Label
instanceKlass jdk/internal/reflect/UTF8
instanceKlass jdk/internal/reflect/ClassFileAssembler
instanceKlass jdk/internal/reflect/ByteVectorImpl
instanceKlass jdk/internal/reflect/ByteVector
instanceKlass jdk/internal/reflect/ByteVectorFactory
instanceKlass jdk/internal/reflect/AccessorGenerator
instanceKlass jdk/internal/reflect/ClassFileConstants
instanceKlass  @bci jdk/internal/reflect/MethodHandleLongFieldAccessorImpl getLong (Ljava/lang/Object;)J 11 <adapter> ; # java/lang/invoke/LambdaForm$MH+0x0000000100142800
# instanceKlass java/lang/invoke/LambdaForm$DMH+0x0000000100142400
instanceKlass java/io/ObjectStreamClass$2
instanceKlass java/io/ClassCache
instanceKlass java/io/ObjectStreamClass$Caches
instanceKlass java/io/ObjectStreamClass
instanceKlass java/io/ObjectOutputStream$ReplaceTable
instanceKlass java/io/ObjectOutputStream$HandleTable
instanceKlass java/io/ObjectStreamConstants
instanceKlass java/io/ObjectOutput
instanceKlass java/net/Socket
instanceKlass jdk/internal/util/ByteArray
instanceKlass sun/rmi/server/UnicastServerRef$HashToMethod_Maps$1
instanceKlass sun/rmi/server/WeakClassHashMap$ValueCell
instanceKlass sun/rmi/transport/tcp/TCPTransport$AcceptLoop
instanceKlass sun/rmi/runtime/NewThreadAction$2
instanceKlass sun/rmi/runtime/NewThreadAction$1
instanceKlass sun/rmi/runtime/NewThreadAction
instanceKlass java/util/LinkedList$ListItr
instanceKlass sun/net/NetHooks
instanceKlass  @bci sun/nio/ch/NioSocketImpl closerFor (Ljava/io/FileDescriptor;Z)Ljava/lang/Runnable; 5 <appendix> member <vmtarget> ; # sun/nio/ch/NioSocketImpl$$Lambda+0x0000000100137888
instanceKlass jdk/net/ExtendedSocketOptions$2
instanceKlass jdk/net/ExtendedSocketOptions$PlatformSocketOptions
instanceKlass jdk/net/ExtendedSocketOptions$ExtSocketOption
instanceKlass java/net/SocketOption
instanceKlass jdk/net/ExtendedSocketOptions
instanceKlass sun/net/ext/ExtendedSocketOptions
instanceKlass sun/nio/ch/Net$1
instanceKlass java/net/ProtocolFamily
instanceKlass sun/nio/ch/Net
instanceKlass java/net/InetSocketAddress$InetSocketAddressHolder
instanceKlass java/net/SocketAddress
instanceKlass sun/net/PlatformSocketImpl
instanceKlass java/net/SocketImpl
instanceKlass java/net/SocketOptions
instanceKlass java/net/ServerSocket
instanceKlass sun/rmi/transport/ObjectEndpoint
instanceKlass sun/rmi/transport/DGCImpl$2$1
instanceKlass  @bci java/net/SocketPermissionCollection add (Ljava/security/Permission;)V 69 <appendix> member <vmtarget> ; # java/net/SocketPermissionCollection$$Lambda+0x0000000100133680
instanceKlass sun/rmi/transport/DGCImpl_Skel
instanceKlass java/rmi/server/Skeleton
instanceKlass java/rmi/server/Operation
instanceKlass  @bci sun/rmi/transport/DGCImpl$2 run ()Ljava/lang/Void; 50 <appendix> argL0 ; # sun/rmi/transport/DGCImpl$2$$Lambda+0x0000000100132820
instanceKlass java/io/ObjectInputFilter$FilterInfo
instanceKlass sun/rmi/transport/DGCImpl$2
instanceKlass  @bci sun/rmi/transport/DGCImpl <clinit> ()V 89 <appendix> argL0 ; # sun/rmi/transport/DGCImpl$$Lambda+0x0000000100132200
instanceKlass java/util/concurrent/RunnableScheduledFuture
instanceKlass java/util/concurrent/ScheduledFuture
instanceKlass java/util/concurrent/Delayed
instanceKlass java/util/concurrent/RunnableFuture
instanceKlass java/util/concurrent/Future
instanceKlass sun/rmi/runtime/RuntimeUtil$1
instanceKlass java/util/concurrent/ScheduledExecutorService
instanceKlass  @bci sun/rmi/runtime/RuntimeUtil <clinit> ()V 10 <appendix> argL0 ; # sun/rmi/runtime/RuntimeUtil$$Lambda+0x000000010012fdf0
instanceKlass sun/rmi/runtime/RuntimeUtil
instanceKlass sun/rmi/runtime/RuntimeUtil$GetInstanceAction
instanceKlass  @bci sun/rmi/transport/DGCImpl <clinit> ()V 43 <appendix> argL0 ; # sun/rmi/transport/DGCImpl$$Lambda+0x000000010012f7c0
instanceKlass  @bci sun/rmi/transport/DGCImpl <clinit> ()V 26 <appendix> argL0 ; # sun/rmi/transport/DGCImpl$$Lambda+0x000000010012f5b0
instanceKlass  @bci sun/rmi/transport/DGCImpl <clinit> ()V 6 <appendix> argL0 ; # sun/rmi/transport/DGCImpl$$Lambda+0x000000010012f3a0
instanceKlass sun/rmi/transport/DGCImpl
instanceKlass java/rmi/dgc/DGC
instanceKlass  @bci sun/rmi/transport/ObjectTable <clinit> ()V 0 <appendix> argL0 ; # sun/rmi/transport/ObjectTable$$Lambda+0x000000010012ed80
instanceKlass sun/rmi/transport/ObjectTable
instanceKlass sun/rmi/transport/Target
instanceKlass javax/management/remote/rmi/RMIConnection
instanceKlass java/rmi/server/RemoteObject
instanceKlass java/util/LinkedList$Node
instanceKlass  @bci sun/rmi/transport/tcp/TCPTransport <clinit> ()V 142 <appendix> argL0 ; # sun/rmi/transport/tcp/TCPTransport$$Lambda+0x000000010012be88
instanceKlass java/rmi/server/RMISocketFactory
instanceKlass java/rmi/server/RMIClientSocketFactory
instanceKlass jdk/internal/vm/ThreadContainers
instanceKlass jdk/internal/vm/StackableScope
instanceKlass sun/rmi/transport/tcp/TCPTransport$1
instanceKlass java/util/concurrent/LinkedTransferQueue$DualNode
instanceKlass java/util/concurrent/TransferQueue
instanceKlass java/util/concurrent/BlockingQueue
instanceKlass java/util/concurrent/ThreadPoolExecutor$AbortPolicy
instanceKlass java/util/concurrent/RejectedExecutionHandler
instanceKlass java/util/concurrent/AbstractExecutorService
instanceKlass java/util/concurrent/ExecutorService
instanceKlass  @bci sun/rmi/transport/tcp/TCPTransport <clinit> ()V 59 <appendix> argL0 ; # sun/rmi/transport/tcp/TCPTransport$$Lambda+0x00000001001276e8
instanceKlass  @bci sun/rmi/transport/tcp/TCPTransport <clinit> ()V 42 <appendix> argL0 ; # sun/rmi/transport/tcp/TCPTransport$$Lambda+0x00000001001274d8
instanceKlass  @bci sun/rmi/transport/tcp/TCPTransport <clinit> ()V 22 <appendix> argL0 ; # sun/rmi/transport/tcp/TCPTransport$$Lambda+0x00000001001272c8
instanceKlass java/security/PermissionCollection
instanceKlass  @bci sun/rmi/transport/Transport getLogLevel ()Ljava/lang/String; 0 <appendix> argL0 ; # sun/rmi/transport/Transport$$Lambda+0x00000001001267f8
instanceKlass sun/rmi/transport/Transport
instanceKlass  @bci sun/rmi/transport/tcp/TCPEndpoint getBoolean (Ljava/lang/String;)Z 1 <appendix> member <vmtarget> ; # sun/rmi/transport/tcp/TCPEndpoint$$Lambda+0x0000000100126170
instanceKlass java/net/InetAddress$CachedLocalHost
instanceKlass  @bci sun/rmi/transport/tcp/TCPEndpoint getHostnameProperty ()Ljava/lang/String; 0 <appendix> argL0 ; # sun/rmi/transport/tcp/TCPEndpoint$$Lambda+0x0000000100125d58
instanceKlass sun/rmi/transport/tcp/TCPEndpoint
instanceKlass sun/rmi/transport/Endpoint
instanceKlass  @bci java/rmi/server/ObjID useRandomIDs ()Z 0 <appendix> argL0 ; # java/rmi/server/ObjID$$Lambda+0x00000001001256c0
instanceKlass sun/security/provider/AbstractDrbg$NonceProvider
instanceKlass  @bci sun/security/provider/AbstractDrbg$SeederHolder <clinit> ()V 42 <appendix> member <vmtarget> ; # sun/security/provider/AbstractDrbg$SeederHolder$$Lambda+0x0000000100124bd8
instanceKlass  @cpi sun/security/provider/AbstractDrbg$SeederHolder 91 form vmentry <vmtarget> ; # java/lang/invoke/LambdaForm$DMH+0x0000000100142000
# instanceKlass java/lang/invoke/LambdaForm$DMH+0x0000000100141c00
instanceKlass java/net/NetworkInterface$1
instanceKlass java/net/DefaultInterface
instanceKlass java/net/InterfaceAddress
instanceKlass java/net/NetworkInterface
instanceKlass sun/security/provider/ByteArrayAccess$BE
instanceKlass sun/security/provider/ByteArrayAccess
instanceKlass sun/security/provider/SeedGenerator$1
instanceKlass sun/security/util/MessageDigestSpi2
instanceKlass sun/security/jca/GetInstance$Instance
instanceKlass sun/security/jca/GetInstance
instanceKlass java/security/MessageDigestSpi
instanceKlass sun/security/provider/SeedGenerator
instanceKlass sun/security/provider/AbstractDrbg$SeederHolder
instanceKlass java/security/DrbgParameters$NextBytes
instanceKlass  @bci sun/security/provider/AbstractDrbg <clinit> ()V 12 <appendix> argL0 ; # sun/security/provider/AbstractDrbg$$Lambda+0x0000000100121118
instanceKlass  @cpi sun/security/provider/AbstractDrbg 383 form vmentry <vmtarget> ; # java/lang/invoke/LambdaForm$DMH+0x0000000100141800
# instanceKlass java/lang/invoke/LambdaForm$DMH+0x0000000100141400
instanceKlass sun/security/provider/EntropySource
instanceKlass sun/security/provider/AbstractDrbg
instanceKlass java/security/DrbgParameters$Instantiation
instanceKlass java/security/DrbgParameters
instanceKlass sun/security/provider/MoreDrbgParameters
instanceKlass  @bci sun/security/provider/DRBG <init> (Ljava/security/SecureRandomParameters;)V 26 <appendix> argL0 ; # sun/security/provider/DRBG$$Lambda+0x000000010011fc58
instanceKlass java/security/SecureRandomSpi
instanceKlass sun/security/util/SecurityProviderConstants
instanceKlass java/security/Provider$UString
instanceKlass java/security/Provider$Service
instanceKlass sun/security/provider/NativePRNG$NonBlocking
instanceKlass sun/security/provider/NativePRNG$Blocking
instanceKlass sun/security/provider/NativePRNG
instanceKlass sun/security/provider/SunEntries$1
instanceKlass sun/security/provider/SunEntries
instanceKlass java/util/AbstractList$Itr
instanceKlass sun/security/jca/ProviderList$2
instanceKlass jdk/internal/math/FloatingDecimal$ASCIIToBinaryBuffer
instanceKlass jdk/internal/math/FloatingDecimal$PreparedASCIIToBinaryBuffer
instanceKlass jdk/internal/math/FloatingDecimal$ASCIIToBinaryConverter
instanceKlass jdk/internal/math/FloatingDecimal$BinaryToASCIIBuffer
instanceKlass jdk/internal/math/FloatingDecimal$ExceptionalBinaryToASCIIBuffer
instanceKlass jdk/internal/math/FloatingDecimal$BinaryToASCIIConverter
instanceKlass jdk/internal/math/FloatingDecimal
instanceKlass javax/security/auth/login/Configuration$Parameters
instanceKlass java/security/Policy$Parameters
instanceKlass java/security/cert/CertStoreParameters
instanceKlass java/security/SecureRandomParameters
instanceKlass java/security/Provider$EngineDescription
instanceKlass java/security/Provider$ServiceKey
instanceKlass sun/security/jca/ProviderConfig
instanceKlass sun/security/jca/ProviderList
instanceKlass sun/security/jca/Providers
instanceKlass java/rmi/server/UID
instanceKlass java/rmi/server/ObjID
instanceKlass sun/rmi/transport/LiveRef
instanceKlass sun/rmi/server/WeakClassHashMap
instanceKlass  @bci sun/rmi/server/UnicastServerRef <clinit> ()V 49 <appendix> argL0 ; # sun/rmi/server/UnicastServerRef$$Lambda+0x0000000100116848
instanceKlass  @bci sun/rmi/server/UnicastServerRef <clinit> ()V 32 <appendix> argL0 ; # sun/rmi/server/UnicastServerRef$$Lambda+0x0000000100116638
instanceKlass  @bci sun/rmi/server/UnicastServerRef <clinit> ()V 0 <appendix> argL0 ; # sun/rmi/server/UnicastServerRef$$Lambda+0x0000000100116428
instanceKlass  @bci sun/rmi/server/UnicastRef <clinit> ()V 21 <appendix> argL0 ; # sun/rmi/server/UnicastRef$$Lambda+0x0000000100116218
instanceKlass  @bci sun/rmi/server/Util <clinit> ()V 32 <appendix> argL0 ; # sun/rmi/server/Util$$Lambda+0x0000000100116008
instanceKlass java/util/logging/StreamHandler$1
instanceKlass java/util/logging/Handler$1
instanceKlass java/util/logging/ErrorManager
instanceKlass jdk/internal/logger/SimpleConsoleLogger$Formatting
instanceKlass  @bci java/util/logging/SimpleFormatter <init> ()V 5 <appendix> argL0 ; # java/util/logging/SimpleFormatter$$Lambda+0x0000000100115590
instanceKlass java/util/logging/Formatter
instanceKlass sun/rmi/runtime/Log$LoggerLog$1
instanceKlass java/util/logging/Logger$SystemLoggerHelper$1
instanceKlass java/util/logging/Logger$SystemLoggerHelper
instanceKlass sun/rmi/runtime/Log$LoggerLogFactory
instanceKlass sun/rmi/runtime/Log$LogFactory
instanceKlass  @bci sun/rmi/runtime/Log <clinit> ()V 22 <appendix> argL0 ; # sun/rmi/runtime/Log$$Lambda+0x0000000100113d98
instanceKlass sun/rmi/runtime/Log
instanceKlass  @bci sun/rmi/server/Util <clinit> ()V 0 <appendix> argL0 ; # sun/rmi/server/Util$$Lambda+0x0000000100113190
instanceKlass sun/rmi/server/Util
instanceKlass sun/rmi/server/UnicastRef
instanceKlass sun/rmi/server/Dispatcher
instanceKlass java/rmi/server/ServerRef
instanceKlass java/rmi/server/RemoteRef
instanceKlass java/io/Externalizable
instanceKlass  @bci java/io/ObjectInputFilter$Config$Global <init> (Ljava/lang/String;Z)V 444 <appendix> member <vmtarget> ; # java/io/ObjectInputFilter$Config$Global$$Lambda+0x0000000100111858
instanceKlass  @bci java/io/ObjectInputFilter$Config$Global <init> (Ljava/lang/String;Z)V 534 <appendix> member <vmtarget> ; # java/io/ObjectInputFilter$Config$Global$$Lambda+0x0000000100111620
instanceKlass java/io/ObjectInputFilter$Config$Global
instanceKlass  @bci java/io/ObjectInputFilter$Config <clinit> ()V 368 <appendix> argL0 ; # java/io/ObjectInputFilter$Config$$Lambda+0x00000001001109c8
instanceKlass jdk/internal/access/JavaObjectInputFilterAccess
instanceKlass java/io/ObjectInputFilter$Config$BuiltinFilterFactory
instanceKlass  @bci java/io/ObjectInputFilter$Config <clinit> ()V 80 <appendix> argL0 ; # java/io/ObjectInputFilter$Config$$Lambda+0x0000000100110390
instanceKlass  @bci java/io/ObjectInputFilter$Config <clinit> ()V 56 <appendix> argL0 ; # java/io/ObjectInputFilter$Config$$Lambda+0x0000000100110180
instanceKlass java/util/concurrent/atomic/AtomicBoolean
instanceKlass java/io/ObjectInputFilter
instanceKlass java/io/ObjectInputFilter$Config
instanceKlass javax/management/remote/rmi/RMIServerImpl
instanceKlass javax/management/remote/rmi/RMIServer
instanceKlass java/rmi/Remote
instanceKlass com/sun/jmx/remote/protocol/rmi/ServerProvider
instanceKlass javax/management/remote/JMXConnectorFactory$ProviderFinder
instanceKlass java/util/ServiceLoader$ProviderSpliterator
instanceKlass javax/management/remote/JMXConnectorProvider
instanceKlass  @bci javax/management/remote/JMXConnectorServerFactory getConnectorServerAsService (Ljava/lang/ClassLoader;Ljavax/management/remote/JMXServiceURL;Ljava/util/Map;Ljavax/management/MBeanServer;Ljava/util/function/Predicate;)Ljavax/management/remote/JMXConnectorServer; 3 <appendix> member <vmtarget> ; # javax/management/remote/JMXConnectorServerFactory$$Lambda+0x000000010010e358
instanceKlass javax/management/remote/JMXAddressable
instanceKlass javax/management/remote/JMXConnectorServerMBean
instanceKlass javax/management/remote/JMXConnectorFactory$ConnectorFactory
instanceKlass  @bci java/util/function/Predicate negate ()Ljava/util/function/Predicate; 1 <appendix> member <vmtarget> ; # java/util/function/Predicate$$Lambda+0x000000010010d7b8
instanceKlass  @cpi java/util/function/Predicate 75 form vmentry <vmtarget> ; # java/lang/invoke/LambdaForm$DMH+0x0000000100141000
instanceKlass  @bci javax/management/remote/JMXConnectorServerFactory newJMXConnectorServer (Ljavax/management/remote/JMXServiceURL;Ljava/util/Map;Ljavax/management/MBeanServer;)Ljavax/management/remote/JMXConnectorServer; 75 <appendix> argL0 ; # javax/management/remote/JMXConnectorServerFactory$$Lambda+0x000000010010d578
instanceKlass javax/management/remote/JMXConnectorFactory$1
instanceKlass javax/management/remote/JMXConnectorFactory
instanceKlass javax/management/remote/JMXConnectorServerProvider
instanceKlass com/sun/jmx/remote/util/EnvHelp
instanceKlass javax/management/remote/JMXConnectorServerFactory
instanceKlass sun/management/jmxremote/LocalRMIServerSocketFactory
instanceKlass java/rmi/server/RMIServerSocketFactory
instanceKlass java/util/StringTokenizer
instanceKlass java/util/BitSet
instanceKlass javax/management/remote/JMXServiceURL
instanceKlass  @bci java/util/stream/Collectors joining (Ljava/lang/CharSequence;Ljava/lang/CharSequence;Ljava/lang/CharSequence;)Ljava/util/stream/Collector; 22 <appendix> argL0 ; # java/util/stream/Collectors$$Lambda+0x000000010010bdf8
instanceKlass  @bci java/util/stream/Collectors joining (Ljava/lang/CharSequence;Ljava/lang/CharSequence;Ljava/lang/CharSequence;)Ljava/util/stream/Collector; 17 <appendix> argL0 ; # java/util/stream/Collectors$$Lambda+0x000000010010bbc0
instanceKlass  @bci java/util/stream/Collectors joining (Ljava/lang/CharSequence;Ljava/lang/CharSequence;Ljava/lang/CharSequence;)Ljava/util/stream/Collector; 12 <appendix> argL0 ; # java/util/stream/Collectors$$Lambda+0x000000010010b9a0
instanceKlass  @bci java/util/stream/Collectors joining (Ljava/lang/CharSequence;Ljava/lang/CharSequence;Ljava/lang/CharSequence;)Ljava/util/stream/Collector; 7 <appendix> member <vmtarget> ; # java/util/stream/Collectors$$Lambda+0x000000010010b788
instanceKlass  @bci java/lang/Class methodToString (Ljava/lang/String;[Ljava/lang/Class;)Ljava/lang/String; 42 <appendix> argL0 ; # java/lang/Class$$Lambda+0x000000010010b558
instanceKlass jdk/management/jfr/FlightRecorderMXBeanImpl$MXBeanListener
instanceKlass jdk/jfr/FlightRecorderListener
instanceKlass jdk/jfr/FlightRecorder
instanceKlass jdk/jfr/Recording
instanceKlass javax/management/NotificationFilter
instanceKlass javax/management/NotificationListener
instanceKlass java/util/EventListener
instanceKlass javax/management/StandardMBean$MBeanInfoSafeAction
instanceKlass jdk/jfr/internal/management/StreamManager
instanceKlass jdk/management/jfr/EventTypeInfo
instanceKlass jdk/management/jfr/ConfigurationInfo
instanceKlass jdk/management/jfr/RecordingInfo
instanceKlass sun/reflect/generics/tree/VoidDescriptor
instanceKlass sun/reflect/generics/tree/LongSignature
instanceKlass jdk/management/jfr/SettingDescriptorInfo$1
instanceKlass jdk/management/jfr/SettingDescriptorInfo
instanceKlass  @bci java/lang/management/DefaultPlatformMBeanProvider$10 nameToMBeanMap ()Ljava/util/Map; 36 <appendix> member <vmtarget> ; # java/lang/management/DefaultPlatformMBeanProvider$10$$Lambda+0x0000000100108218
instanceKlass  @cpi org/wso2/ballerinalang/compiler/parser/BLangNodeBuilder 8176 form vmentry <vmtarget> ; # java/lang/invoke/LambdaForm$DMH+0x0000000100140c00
instanceKlass sun/management/ManagementFactoryHelper$1
instanceKlass  @bci java/util/stream/Collectors toList ()Ljava/util/stream/Collector; 14 <appendix> argL0 ; # java/util/stream/Collectors$$Lambda+0x0000000100107d70
instanceKlass  @bci java/util/stream/Collectors toList ()Ljava/util/stream/Collector; 9 <appendix> argL0 ; # java/util/stream/Collectors$$Lambda+0x0000000100107b50
instanceKlass  @bci java/util/stream/Collectors toList ()Ljava/util/stream/Collector; 4 <appendix> argL0 ; # java/util/stream/Collectors$$Lambda+0x0000000100107940
instanceKlass  @bci sun/management/ManagementFactoryHelper getBufferPoolMXBeans ()Ljava/util/List; 25 <appendix> argL0 ; # sun/management/ManagementFactoryHelper$$Lambda+0x0000000100107710
instanceKlass java/lang/management/BufferPoolMXBean
instanceKlass sun/nio/ch/FileChannelImpl$3
instanceKlass sun/nio/ch/FileChannelImpl$2
instanceKlass jdk/internal/misc/VM$BufferPoolsHolder
instanceKlass com/sun/management/VMOption
instanceKlass com/sun/management/internal/HotSpotDiagnostic
instanceKlass com/sun/management/HotSpotDiagnosticMXBean
instanceKlass com/sun/management/GcInfo
instanceKlass javax/management/openmbean/CompositeDataView
# instanceKlass java/lang/invoke/LambdaForm$MH+0x0000000100140800
instanceKlass  @bci jdk/jfr/internal/dcmd/DCmdCheck printHelp ()[Ljava/lang/String; 6 <appendix> argL0 ; # jdk/jfr/internal/dcmd/DCmdCheck$$Lambda+0x0000000100105cb8
instanceKlass  @bci jdk/jfr/internal/dcmd/DCmdDump printHelp ()[Ljava/lang/String; 27 <appendix> argL0 ; # jdk/jfr/internal/dcmd/DCmdDump$$Lambda+0x0000000100105aa8
instanceKlass  @bci jdk/jfr/internal/dcmd/DCmdStart printHelp ()[Ljava/lang/String; 26 <appendix> argL0 ; # jdk/jfr/internal/dcmd/DCmdStart$$Lambda+0x0000000100105898
instanceKlass java/util/regex/ASCII
instanceKlass java/util/regex/IntHashSet
instanceKlass java/util/regex/Matcher
instanceKlass java/util/regex/MatchResult
instanceKlass  @bci java/util/regex/CharPredicates ASCII_SPACE ()Ljava/util/regex/Pattern$BmpCharPredicate; 0 <appendix> argL0 ; # java/util/regex/CharPredicates$$Lambda+0x0000000100104bc0
instanceKlass  @bci jdk/jfr/internal/jfc/model/JFCModel add (Ljdk/jfr/internal/jfc/model/ControlElement;)V 10 <appendix> argL0 ; # jdk/jfr/internal/jfc/model/JFCModel$$Lambda+0x0000000100104990
instanceKlass  @bci jdk/jfr/internal/jfc/model/JFCModel <init> (Ljdk/jfr/internal/jfc/model/XmlConfiguration;)V 25 <appendix> argL0 ; # jdk/jfr/internal/jfc/model/JFCModel$$Lambda+0x0000000100104770
instanceKlass jdk/jfr/internal/jfc/model/ControlElement
# instanceKlass java/lang/invoke/LambdaForm$DMH+0x0000000100140400
# instanceKlass java/lang/invoke/LambdaForm$DMH+0x0000000100140000
instanceKlass java/lang/invoke/MethodHandle$1
instanceKlass jdk/jfr/internal/jfc/model/SettingsLog
instanceKlass jdk/internal/misc/PreviewFeatures
instanceKlass jdk/jfr/internal/jfc/model/Utilities
instanceKlass jdk/jfr/internal/jfc/model/XmlElement
instanceKlass jdk/internal/util/xml/impl/Input
instanceKlass jdk/internal/org/xml/sax/InputSource
instanceKlass jdk/internal/org/xml/sax/helpers/DefaultHandler
instanceKlass jdk/internal/org/xml/sax/ErrorHandler
instanceKlass jdk/internal/org/xml/sax/ContentHandler
instanceKlass jdk/internal/org/xml/sax/DTDHandler
instanceKlass jdk/internal/org/xml/sax/EntityResolver
instanceKlass jdk/internal/util/xml/impl/Pair
instanceKlass jdk/internal/util/xml/impl/Attrs
instanceKlass jdk/internal/org/xml/sax/Attributes
instanceKlass jdk/internal/util/xml/impl/Parser
instanceKlass jdk/internal/org/xml/sax/Locator
instanceKlass jdk/internal/org/xml/sax/XMLReader
instanceKlass jdk/internal/util/xml/SAXParser
instanceKlass jdk/jfr/internal/jfc/model/Parser
instanceKlass java/io/Reader
instanceKlass sun/nio/ch/IOStatus
instanceKlass sun/nio/ch/Util$BufferCache
instanceKlass sun/nio/ch/Util
instanceKlass sun/nio/ch/NativeThread
instanceKlass java/nio/channels/NetworkChannel
instanceKlass sun/nio/ch/SelChImpl
instanceKlass sun/nio/ch/Streams
instanceKlass java/nio/channels/Channels
instanceKlass sun/nio/ch/FileChannelImpl$Closer
instanceKlass sun/nio/ch/NativeThreadSet
instanceKlass sun/nio/ch/IOUtil
instanceKlass sun/nio/ch/NativeDispatcher
instanceKlass java/nio/channels/spi/AbstractInterruptibleChannel
instanceKlass java/nio/channels/InterruptibleChannel
instanceKlass java/nio/channels/ScatteringByteChannel
instanceKlass java/nio/channels/GatheringByteChannel
instanceKlass java/nio/channels/SeekableByteChannel
instanceKlass java/nio/channels/ByteChannel
instanceKlass java/nio/channels/WritableByteChannel
instanceKlass java/nio/channels/ReadableByteChannel
instanceKlass java/nio/channels/Channel
instanceKlass sun/nio/fs/WindowsChannelFactory$Flags
instanceKlass sun/nio/fs/WindowsChannelFactory$1
instanceKlass sun/nio/fs/WindowsChannelFactory
instanceKlass sun/nio/fs/WindowsSecurityDescriptor
instanceKlass java/nio/file/attribute/FileAttribute
instanceKlass  @bci jdk/jfr/internal/SecuritySupport newFileInputStream (Ljdk/jfr/internal/SecuritySupport$SafePath;)Ljava/io/InputStream; 1 <appendix> member <vmtarget> ; # jdk/jfr/internal/SecuritySupport$$Lambda+0x00000001000dfae0
instanceKlass  @bci jdk/jfr/internal/SecuritySupport getFileSize (Ljdk/jfr/internal/SecuritySupport$SafePath;)J 1 <appendix> member <vmtarget> ; # jdk/jfr/internal/SecuritySupport$$Lambda+0x00000001000df8c8
instanceKlass jdk/jfr/internal/jfc/JFC$KnownConfiguration
instanceKlass jdk/jfr/internal/jfc/model/JFCModel
instanceKlass  @bci jdk/jfr/internal/dcmd/DCmdStart jfcOptions ()Ljava/lang/String; 45 <appendix> argL0 ; # jdk/jfr/internal/dcmd/DCmdStart$$Lambda+0x00000001000df2a8
instanceKlass jdk/jfr/internal/jfc/JFC
instanceKlass  @bci jdk/jfr/internal/SecuritySupport isDirectory (Ljdk/jfr/internal/SecuritySupport$SafePath;)Z 1 <appendix> member <vmtarget> ; # jdk/jfr/internal/SecuritySupport$$Lambda+0x00000001000dee98
instanceKlass sun/nio/fs/BasicFileAttributesHolder
instanceKlass sun/nio/fs/WindowsDirectoryStream$WindowsDirectoryIterator
instanceKlass sun/nio/fs/WindowsDirectoryStream
instanceKlass java/nio/file/Files$AcceptAllFilter
instanceKlass java/nio/file/DirectoryStream$Filter
instanceKlass jdk/jfr/internal/SecuritySupport$1
instanceKlass  @bci jdk/jfr/internal/SecuritySupport getPredefinedJFCFiles ()Ljava/util/List; 8 <appendix> argL0 ; # jdk/jfr/internal/SecuritySupport$$Lambda+0x00000001000dda58
instanceKlass java/nio/file/DirectoryStream
instanceKlass jdk/jfr/internal/consumer/FileAccess
instanceKlass jdk/jfr/internal/SecuritySupport$4
instanceKlass  @bci jdk/jfr/internal/SecuritySupport getPathInProperty (Ljava/lang/String;Ljava/lang/String;)Ljdk/jfr/internal/SecuritySupport$SafePath; 2 <appendix> member <vmtarget> ; # jdk/jfr/internal/SecuritySupport$$Lambda+0x00000001000dcb40
instanceKlass  @cpi okhttp3/Authenticator 29 form vmentry <vmtarget> ; # java/lang/invoke/LambdaForm$DMH+0x00000001000c8400
instanceKlass jdk/jfr/internal/SecuritySupport$SafePath
instanceKlass jdk/jfr/internal/SecuritySupport$CallableWithoutCheckException
instanceKlass jdk/internal/event/Event
instanceKlass jdk/jfr/internal/SecuritySupport
instanceKlass  @bci jdk/jfr/internal/dcmd/DCmdStop printHelp ()[Ljava/lang/String; 19 <appendix> argL0 ; # jdk/jfr/internal/dcmd/DCmdStop$$Lambda+0x00000001000dba90
instanceKlass java/util/Formattable
instanceKlass java/util/Formatter$Flags
instanceKlass java/util/Formatter$FormatSpecifier
instanceKlass java/util/Formatter$Conversion
instanceKlass java/util/Formatter$FixedString
instanceKlass java/util/Formatter$FormatString
instanceKlass sun/util/locale/LocaleObjectCache
instanceKlass sun/util/locale/BaseLocale$Key
instanceKlass java/util/regex/Pattern$TreeInfo
instanceKlass  @bci java/util/regex/Pattern union (Ljava/util/regex/Pattern$CharPredicate;Ljava/util/regex/Pattern$CharPredicate;Z)Ljava/util/regex/Pattern$CharPredicate; 6 <appendix> member <vmtarget> ; # java/util/regex/Pattern$$Lambda+0x00000001000d9080
instanceKlass  @bci java/util/regex/Pattern Range (II)Ljava/util/regex/Pattern$CharPredicate; 23 <appendix> member <vmtarget> ; # java/util/regex/Pattern$$Lambda+0x00000001000d8e00
instanceKlass java/util/regex/Pattern$BitClass
instanceKlass  @bci java/util/regex/CharPredicates ASCII_DIGIT ()Ljava/util/regex/Pattern$BmpCharPredicate; 0 <appendix> argL0 ; # java/util/regex/CharPredicates$$Lambda+0x00000001000d7a50
instanceKlass java/util/regex/CharPredicates
instanceKlass  @bci java/util/regex/Pattern Single (I)Ljava/util/regex/Pattern$BmpCharPredicate; 1 <appendix> member <vmtarget> ; # java/util/regex/Pattern$$Lambda+0x00000001000d6f80
instanceKlass java/util/regex/Pattern$BmpCharPredicate
instanceKlass java/util/regex/Pattern$CharPredicate
instanceKlass java/util/regex/Pattern$Node
instanceKlass java/util/regex/Pattern
instanceKlass java/util/Formatter
instanceKlass  @bci jdk/jfr/internal/dcmd/DCmdView printHelp ()[Ljava/lang/String; 111 <appendix> argL0 ; # jdk/jfr/internal/dcmd/DCmdView$$Lambda+0x00000001000d5b38
instanceKlass jdk/jfr/internal/util/Columnizer$Column
instanceKlass jdk/jfr/internal/util/Tokenizer
instanceKlass  @bci jdk/internal/module/SystemModuleFinders$SystemModuleReader open (Ljava/lang/String;)Ljava/util/Optional; 6 <appendix> member <vmtarget> ; # jdk/internal/module/SystemModuleFinders$SystemModuleReader$$Lambda+0x00000001000d52e8
instanceKlass jdk/jfr/internal/query/ViewFile
instanceKlass jdk/jfr/internal/util/Columnizer
instanceKlass jdk/jfr/internal/query/ViewPrinter
instanceKlass java/util/stream/AbstractSpinedBuffer
instanceKlass  @bci java/util/stream/ReferencePipeline toArray ()[Ljava/lang/Object; 1 <appendix> argL0 ; # java/util/stream/ReferencePipeline$$Lambda+0x00000001000d4248
instanceKlass java/util/ImmutableCollections$Access$1
instanceKlass jdk/internal/access/JavaUtilCollectionAccess
instanceKlass java/util/ImmutableCollections$Access
instanceKlass java/lang/StringLatin1$LinesSpliterator
instanceKlass java/util/Arrays$ArrayItr
instanceKlass com/sun/management/internal/DiagnosticCommandImpl$Wrapper
instanceKlass jdk/jfr/internal/util/Output$LinePrinter
instanceKlass jdk/jfr/internal/util/Output
instanceKlass jdk/jfr/internal/dcmd/AbstractDCmd
instanceKlass com/sun/management/internal/DiagnosticCommandArgumentInfo
instanceKlass com/sun/management/internal/DiagnosticCommandInfo
instanceKlass com/sun/management/internal/DiagnosticCommandImpl$OperationInfoComparator
instanceKlass sun/management/ClassLoadingImpl
instanceKlass java/lang/management/ClassLoadingMXBean
instanceKlass javax/management/MBeanInfo$ArrayGettersSafeAction
instanceKlass javax/management/openmbean/OpenMBeanOperationInfo
instanceKlass java/util/logging/LogManager$4
instanceKlass jdk/internal/logger/BootstrapLogger$BootstrapExecutors
instanceKlass sun/security/util/SecurityConstants
instanceKlass jdk/internal/logger/LoggerFinderLoader
instanceKlass  @bci java/lang/System$LoggerFinder accessProvider ()Ljava/lang/System$LoggerFinder; 8 <appendix> argL0 ; # java/lang/System$LoggerFinder$$Lambda+0x00000001000fe908
instanceKlass java/util/stream/Streams
instanceKlass java/util/stream/Streams$AbstractStreamBuilderImpl
instanceKlass java/util/stream/Stream$Builder
instanceKlass  @bci java/util/logging/Level$KnownLevel findByName (Ljava/lang/String;Ljava/util/function/Function;)Ljava/util/Optional; 29 <appendix> argL0 ; # java/util/logging/Level$KnownLevel$$Lambda+0x00000001000fda18
instanceKlass  @bci java/util/logging/Level findLevel (Ljava/lang/String;)Ljava/util/logging/Level; 13 <appendix> argL0 ; # java/util/logging/Level$$Lambda+0x00000001000fd7e8
instanceKlass java/util/Hashtable$Enumerator
instanceKlass java/util/Collections$3
instanceKlass java/util/logging/LogManager$LoggerContext$1
instanceKlass java/util/logging/LogManager$VisitedLoggers
instanceKlass java/util/logging/Logger$ConfigurationData
instanceKlass java/util/logging/Logger$LoggerBundle
instanceKlass java/util/logging/Handler
instanceKlass java/util/logging/LogManager$2
instanceKlass java/util/logging/Logging
instanceKlass java/util/logging/LogManager$LoggingProviderAccess
instanceKlass java/lang/Shutdown$Lock
instanceKlass java/lang/Shutdown
instanceKlass java/lang/ApplicationShutdownHooks$1
instanceKlass java/lang/ApplicationShutdownHooks
instanceKlass java/util/Collections$SynchronizedMap
instanceKlass java/util/logging/LogManager$LogNode
instanceKlass java/util/logging/LogManager$LoggerContext
instanceKlass java/util/logging/LogManager$1
instanceKlass  @bci java/util/logging/Level$KnownLevel add (Ljava/util/logging/Level;)V 49 <appendix> argL0 ; # java/util/logging/Level$KnownLevel$$Lambda+0x00000001000f97d0
instanceKlass  @bci java/util/logging/Level$KnownLevel add (Ljava/util/logging/Level;)V 19 <appendix> argL0 ; # java/util/logging/Level$KnownLevel$$Lambda+0x00000001000f95a0
instanceKlass java/util/logging/Level
instanceKlass java/util/logging/LoggingMXBean
instanceKlass java/util/logging/Logger
instanceKlass sun/management/ManagementFactoryHelper$PlatformLoggingImpl
instanceKlass java/lang/management/PlatformLoggingMXBean
instanceKlass sun/management/CompilationImpl
instanceKlass java/lang/management/CompilationMXBean
instanceKlass sun/management/VMManagementImpl$1
instanceKlass java/lang/management/MemoryUsage
instanceKlass sun/management/Sensor
instanceKlass sun/management/MemoryPoolImpl
instanceKlass java/lang/management/MemoryPoolMXBean
instanceKlass  @bci org/wso2/ballerinalang/compiler/bir/codegen/JvmTerminatorGen genStaticCall (Lorg/wso2/ballerinalang/compiler/bir/model/BIRTerminator$Call;Lorg/ballerinalang/model/elements/PackageID;ILjava/lang/String;Ljava/lang/String;)V 162 <appendix> form vmentry <vmtarget> ; # java/lang/invoke/LambdaForm$MH+0x00000001000c8000
instanceKlass java/lang/invoke/LambdaFormEditor$1
# instanceKlass java/lang/invoke/LambdaForm$MH+0x00000001000c7c00
instanceKlass  @bci org/wso2/ballerinalang/compiler/bir/codegen/JvmTerminatorGen genStaticCall (Lorg/wso2/ballerinalang/compiler/bir/model/BIRTerminator$Call;Lorg/ballerinalang/model/elements/PackageID;ILjava/lang/String;Ljava/lang/String;)V 162 <appendix> argL3 form vmentry <vmtarget> ; # java/lang/invoke/LambdaForm$MH+0x00000001000c7800
instanceKlass  @bci io/ballerina/compiler/api/impl/symbols/BallerinaTypeReferenceTypeSymbol signature ()Ljava/lang/String; 170 <appendix> argL4 argL2 form vmentry <vmtarget> ; # java/lang/invoke/LambdaForm$MH+0x00000001000c7400
# instanceKlass java/lang/invoke/LambdaForm$MH+0x00000001000c7000
# instanceKlass java/lang/invoke/LambdaForm$MH+0x00000001000c6c00
# instanceKlass java/lang/invoke/LambdaForm$MH+0x00000001000c6800
instanceKlass  @bci org/wso2/ballerinalang/compiler/bir/codegen/JvmTerminatorGen genStaticCall (Lorg/wso2/ballerinalang/compiler/bir/model/BIRTerminator$Call;Lorg/ballerinalang/model/elements/PackageID;ILjava/lang/String;Ljava/lang/String;)V 162 <appendix> argL1 form vmentry <vmtarget> ; # java/lang/invoke/LambdaForm$MH+0x00000001000c6400
# instanceKlass java/lang/invoke/LambdaForm$MH+0x00000001000c6000
# instanceKlass java/lang/invoke/LambdaForm$MH+0x00000001000c5c00
# instanceKlass java/lang/invoke/LambdaForm$MH+0x00000001000c5800
# instanceKlass java/lang/invoke/LambdaForm$MH+0x00000001000c5400
instanceKlass sun/management/Util
instanceKlass  @bci java/util/stream/Collectors uniqKeysMapMerger ()Ljava/util/function/BinaryOperator; 0 <appendix> argL0 ; # java/util/stream/Collectors$$Lambda+0x00000001000f58c8
instanceKlass  @bci java/util/stream/Collectors uniqKeysMapAccumulator (Ljava/util/function/Function;Ljava/util/function/Function;)Ljava/util/function/BiConsumer; 2 <appendix> member <vmtarget> ; # java/util/stream/Collectors$$Lambda+0x00000001000f56a0
instanceKlass  @bci java/util/stream/Collectors toMap (Ljava/util/function/Function;Ljava/util/function/Function;)Ljava/util/stream/Collector; 4 <appendix> argL0 ; # java/util/stream/Collectors$$Lambda+0x00000001000f5490
instanceKlass  @bci java/util/function/Function identity ()Ljava/util/function/Function; 0 <appendix> argL0 ; # java/util/function/Function$$Lambda+0x00000001000f5260
instanceKlass  @bci java/lang/management/DefaultPlatformMBeanProvider$5 nameToMBeanMap ()Ljava/util/Map; 21 <appendix> argL0 ; # java/lang/management/DefaultPlatformMBeanProvider$5$$Lambda+0x00000001000f5030
instanceKlass  @bci java/lang/management/DefaultPlatformMBeanProvider$5 nameToMBeanMap ()Ljava/util/Map; 11 <appendix> member <vmtarget> ; # java/lang/management/DefaultPlatformMBeanProvider$5$$Lambda+0x00000001000f4de8
instanceKlass  @cpi io/ballerina/stdlib/http/compiler/HttpResourceValidator 1207 form vmentry <vmtarget> ; # java/lang/invoke/LambdaForm$DMH+0x00000001000c5000
instanceKlass java/util/ArrayList$ArrayListSpliterator
instanceKlass com/sun/management/GarbageCollectorMXBean
instanceKlass java/lang/management/GarbageCollectorMXBean
instanceKlass java/lang/management/MemoryManagerMXBean
instanceKlass java/lang/management/MemoryMXBean
instanceKlass javax/management/DescriptorKey
instanceKlass java/lang/annotation/Target
# instanceKlass java/lang/invoke/LambdaForm$MH+0x00000001000c4c00
instanceKlass java/lang/reflect/Proxy$ProxyBuilder$1
instanceKlass jdk/internal/org/objectweb/asm/Edge
instanceKlass  @bci java/lang/reflect/ProxyGenerator addProxyMethod (Ljava/lang/reflect/Method;Ljava/lang/Class;)V 23 <appendix> argL0 ; # java/lang/reflect/ProxyGenerator$$Lambda+0x00000001000f20d0
instanceKlass  @bci java/lang/reflect/ProxyGenerator addProxyMethod (Ljava/lang/reflect/ProxyGenerator$ProxyMethod;)V 10 <appendix> argL0 ; # java/lang/reflect/ProxyGenerator$$Lambda+0x00000001000f1ea0
instanceKlass java/util/StringJoiner
instanceKlass java/lang/reflect/ProxyGenerator$ProxyMethod
instanceKlass  @bci java/lang/reflect/Proxy getLoader (Ljava/lang/Module;)Ljava/lang/ClassLoader; 6 <appendix> member <vmtarget> ; # java/lang/reflect/Proxy$$Lambda+0x00000001000f1578
instanceKlass  @bci java/lang/WeakPairMap computeIfAbsent (Ljava/lang/Object;Ljava/lang/Object;Ljava/util/function/BiFunction;)Ljava/lang/Object; 18 <appendix> member <vmtarget> ; # java/lang/WeakPairMap$$Lambda+0x00000001000f1140
instanceKlass  @bci java/lang/Module implAddExportsOrOpens (Ljava/lang/String;Ljava/lang/Module;ZZ)V 145 <appendix> argL0 ; # java/lang/Module$$Lambda+0x00000001000f0f20
instanceKlass  @bci java/lang/module/ModuleDescriptor$Builder packages (Ljava/util/Set;)Ljava/lang/module/ModuleDescriptor$Builder; 17 <appendix> argL0 ; # java/lang/module/ModuleDescriptor$Builder$$Lambda+0x00000001000f0608
instanceKlass jdk/internal/module/Checks
instanceKlass java/lang/module/ModuleDescriptor$Builder
instanceKlass  @bci java/lang/reflect/Proxy$ProxyBuilder getDynamicModule (Ljava/lang/ClassLoader;)Ljava/lang/Module; 4 <appendix> argL0 ; # java/lang/reflect/Proxy$ProxyBuilder$$Lambda+0x00000001000efff0
instanceKlass java/lang/reflect/Proxy$ProxyBuilder
instanceKlass  @bci java/lang/reflect/Proxy getProxyConstructor (Ljava/lang/Class;Ljava/lang/ClassLoader;[Ljava/lang/Class;)Ljava/lang/reflect/Constructor; 35 <appendix> argL0 ; # java/lang/reflect/Proxy$$Lambda+0x00000001000efbd0
instanceKlass java/lang/reflect/Proxy
instanceKlass sun/reflect/annotation/AnnotationInvocationHandler
instanceKlass java/lang/reflect/InvocationHandler
instanceKlass sun/reflect/annotation/AnnotationParser$1
instanceKlass java/lang/annotation/Documented
instanceKlass java/lang/annotation/Inherited
instanceKlass java/lang/annotation/Retention
instanceKlass sun/reflect/annotation/ExceptionProxy
instanceKlass sun/reflect/annotation/AnnotationType$1
instanceKlass sun/reflect/annotation/AnnotationType
instanceKlass java/lang/Deprecated
instanceKlass sun/management/BaseOperatingSystemImpl
instanceKlass com/sun/management/OperatingSystemMXBean
instanceKlass java/lang/management/OperatingSystemMXBean
instanceKlass com/sun/jmx/mbeanserver/PerInterface$MethodAndSig
instanceKlass  @bci org/wso2/ballerinalang/compiler/bir/codegen/split/values/JvmObjectGen createAndSplitCallMethod (Lorg/objectweb/asm/ClassWriter;Ljava/util/List;Ljava/lang/String;Lorg/wso2/ballerinalang/compiler/bir/codegen/JvmCastGen;)V 177 <appendix> form vmentry <vmtarget> ; # java/lang/invoke/LambdaForm$MH+0x00000001000c4800
instanceKlass  @bci org/wso2/ballerinalang/compiler/bir/codegen/split/values/JvmObjectGen createAndSplitCallMethod (Lorg/objectweb/asm/ClassWriter;Ljava/util/List;Ljava/lang/String;Lorg/wso2/ballerinalang/compiler/bir/codegen/JvmCastGen;)V 177 <appendix> argL3 form vmentry <vmtarget> ; # java/lang/invoke/LambdaForm$MH+0x00000001000c4400
# instanceKlass java/lang/invoke/LambdaForm$MH+0x00000001000c4000
# instanceKlass java/lang/invoke/LambdaForm$MH+0x00000001000c3c00
instanceKlass  @bci org/wso2/ballerinalang/compiler/bir/codegen/split/values/JvmObjectGen createAndSplitCallMethod (Lorg/objectweb/asm/ClassWriter;Ljava/util/List;Ljava/lang/String;Lorg/wso2/ballerinalang/compiler/bir/codegen/JvmCastGen;)V 177 <appendix> argL1 form vmentry <vmtarget> ; # java/lang/invoke/LambdaForm$MH+0x00000001000c3800
# instanceKlass java/lang/invoke/LambdaForm$MH+0x00000001000c3400
instanceKlass java/lang/management/LockInfo
instanceKlass java/lang/management/ThreadInfo
instanceKlass sun/management/ThreadImpl
instanceKlass com/sun/management/ThreadMXBean
instanceKlass java/lang/management/ThreadMXBean
instanceKlass com/sun/jmx/mbeanserver/WeakIdentityHashMap
instanceKlass com/sun/jmx/mbeanserver/MXBeanLookup
instanceKlass com/sun/jmx/mbeanserver/PerInterface$InitMaps
instanceKlass com/sun/jmx/mbeanserver/PerInterface
instanceKlass  @bci org/wso2/ballerinalang/compiler/bir/codegen/split/types/JvmUnionTypeGen addUnionMembers (Lorg/objectweb/asm/ClassWriter;Lorg/objectweb/asm/MethodVisitor;Lorg/wso2/ballerinalang/compiler/semantics/model/types/BUnionType;Ljava/lang/String;Ljava/lang/String;)V 45 <appendix> form vmentry <vmtarget> ; # java/lang/invoke/LambdaForm$MH+0x00000001000c3000
instanceKlass javax/management/openmbean/OpenMBeanAttributeInfo
instanceKlass javax/management/openmbean/OpenMBeanParameterInfo
instanceKlass com/sun/jmx/mbeanserver/MBeanIntrospector$MBeanInfoMaker
instanceKlass com/sun/jmx/mbeanserver/MBeanAnalyzer$MBeanVisitor
instanceKlass  @bci org/wso2/ballerinalang/compiler/bir/codegen/methodgen/LambdaGen getMethodVisitorAndLoadFirst (Lorg/objectweb/asm/ClassWriter;Ljava/lang/String;Lorg/wso2/ballerinalang/compiler/bir/codegen/methodgen/LambdaGen$LambdaDetails;Lorg/wso2/ballerinalang/compiler/bir/model/BIRInstruction;Z)Lorg/objectweb/asm/MethodVisitor; 16 <appendix> form vmentry <vmtarget> ; # java/lang/invoke/LambdaForm$MH+0x00000001000c2c00
# instanceKlass java/lang/invoke/LambdaForm$MH+0x00000001000c2800
instanceKlass  @bci org/wso2/ballerinalang/compiler/bir/codegen/methodgen/LambdaGen getMethodVisitorAndLoadFirst (Lorg/objectweb/asm/ClassWriter;Ljava/lang/String;Lorg/wso2/ballerinalang/compiler/bir/codegen/methodgen/LambdaGen$LambdaDetails;Lorg/wso2/ballerinalang/compiler/bir/model/BIRInstruction;Z)Lorg/objectweb/asm/MethodVisitor; 16 <appendix> argL3 form vmentry <vmtarget> ; # java/lang/invoke/LambdaForm$MH+0x00000001000c2400
instanceKlass java/lang/invoke/MethodHandles$1
instanceKlass java/lang/Long$LongCache
# instanceKlass java/lang/invoke/LambdaForm$MH+0x00000001000c2000
instanceKlass  @bci org/wso2/ballerinalang/compiler/bir/codegen/methodgen/LambdaGen getMethodVisitorAndLoadFirst (Lorg/objectweb/asm/ClassWriter;Ljava/lang/String;Lorg/wso2/ballerinalang/compiler/bir/codegen/methodgen/LambdaGen$LambdaDetails;Lorg/wso2/ballerinalang/compiler/bir/model/BIRInstruction;Z)Lorg/objectweb/asm/MethodVisitor; 16 <appendix> argL2 form vmentry <vmtarget> ; # java/lang/invoke/LambdaForm$MH+0x00000001000c1c00
# instanceKlass java/lang/invoke/LambdaForm$MH+0x00000001000c1800
instanceKlass  @bci org/wso2/ballerinalang/compiler/bir/codegen/JvmTerminatorGen genStaticCall (Lorg/wso2/ballerinalang/compiler/bir/model/BIRTerminator$Call;Lorg/ballerinalang/model/elements/PackageID;ILjava/lang/String;Ljava/lang/String;)V 162 <appendix> argL1 argL0 form vmentry <vmtarget> ; # java/lang/invoke/LambdaForm$MH+0x00000001000c1400
# instanceKlass java/lang/invoke/LambdaForm$MH+0x00000001000c1000
instanceKlass java/lang/reflect/GenericArrayType
instanceKlass sun/reflect/generics/reflectiveObjects/LazyReflectiveObjectGenerator
instanceKlass sun/reflect/generics/tree/TypeVariableSignature
instanceKlass sun/reflect/generics/tree/ClassSignature
instanceKlass sun/reflect/generics/reflectiveObjects/ParameterizedTypeImpl
instanceKlass java/lang/reflect/ParameterizedType
instanceKlass sun/reflect/generics/visitor/Reifier
instanceKlass sun/reflect/generics/visitor/TypeTreeVisitor
instanceKlass sun/reflect/generics/tree/MethodTypeSignature
instanceKlass sun/reflect/generics/tree/Signature
instanceKlass sun/reflect/generics/tree/ClassTypeSignature
instanceKlass sun/reflect/generics/tree/SimpleClassTypeSignature
instanceKlass sun/reflect/generics/tree/FieldTypeSignature
instanceKlass sun/reflect/generics/tree/TypeArgument
instanceKlass sun/reflect/generics/tree/BaseType
instanceKlass sun/reflect/generics/tree/TypeSignature
instanceKlass sun/reflect/generics/tree/ReturnType
instanceKlass sun/reflect/generics/tree/FormalTypeParameter
instanceKlass sun/reflect/generics/tree/TypeTree
instanceKlass sun/reflect/generics/tree/Tree
instanceKlass sun/reflect/generics/parser/SignatureParser
instanceKlass java/lang/reflect/TypeVariable
instanceKlass sun/reflect/generics/repository/AbstractRepository
instanceKlass sun/reflect/generics/factory/CoreReflectionFactory
instanceKlass sun/reflect/generics/factory/GenericsFactory
instanceKlass sun/reflect/generics/scope/AbstractScope
instanceKlass sun/reflect/generics/scope/Scope
instanceKlass com/sun/jmx/mbeanserver/MBeanAnalyzer$AttrMethods
# instanceKlass java/lang/invoke/LambdaForm$MH+0x00000001000c0c00
instanceKlass com/sun/jmx/mbeanserver/MXBeanMapping
instanceKlass javax/management/openmbean/TabularData
instanceKlass javax/management/openmbean/CompositeData
instanceKlass javax/management/openmbean/OpenType
instanceKlass com/sun/jmx/mbeanserver/MXBeanMappingFactory
instanceKlass com/sun/jmx/mbeanserver/ConvertingMethod
instanceKlass java/util/TimSort
instanceKlass com/sun/jmx/mbeanserver/MBeanAnalyzer$MethodOrder
instanceKlass java/util/LinkedHashMap$LinkedHashIterator
instanceKlass java/lang/PublicMethods
instanceKlass com/sun/jmx/mbeanserver/MBeanAnalyzer
instanceKlass com/sun/jmx/mbeanserver/MBeanIntrospector
instanceKlass sun/reflect/misc/ReflectUtil
instanceKlass java/lang/Class$AnnotationData
instanceKlass javax/management/MXBean
instanceKlass com/sun/jmx/mbeanserver/MBeanSupport
instanceKlass com/sun/jmx/mbeanserver/DescriptorCache
instanceKlass javax/management/JMX
instanceKlass javax/management/StandardMBean
instanceKlass  @bci java/lang/management/ManagementFactory addMXBean (Ljavax/management/MBeanServer;Ljava/lang/String;Ljava/lang/Object;)V 8 <appendix> member <vmtarget> ; # java/lang/management/ManagementFactory$$Lambda+0x00000001000b9a90
instanceKlass java/util/Collections$2
instanceKlass java/util/AbstractMap$SimpleImmutableEntry
instanceKlass sun/management/RuntimeImpl
instanceKlass java/lang/management/RuntimeMXBean
instanceKlass java/util/stream/ForEachOps$ForEachOp
instanceKlass java/util/stream/ForEachOps
instanceKlass  @bci java/lang/management/ManagementFactory getPlatformMBeanServer ()Ljavax/management/MBeanServer; 63 <appendix> argL0 ; # java/lang/management/ManagementFactory$$Lambda+0x00000001000b7f88
instanceKlass  @cpi org/ballerinalang/pkgsemanticanalyzer/PackageSemanticAnalyzerPlugin$PackageSemanticAnalyzer 141 form vmentry <vmtarget> ; # java/lang/invoke/LambdaForm$DMH+0x00000001000c0800
instanceKlass  @bci java/lang/management/ManagementFactory getPlatformMBeanServer ()Ljavax/management/MBeanServer; 53 <appendix> argL0 ; # java/lang/management/ManagementFactory$$Lambda+0x00000001000b7870
instanceKlass  @bci java/lang/management/ManagementFactory getPlatformMBeanServer ()Ljavax/management/MBeanServer; 43 <appendix> argL0 ; # java/lang/management/ManagementFactory$$Lambda+0x00000001000b7630
instanceKlass  @cpi java/lang/management/ManagementFactory 556 form vmentry <vmtarget> ; # java/lang/invoke/LambdaForm$DMH+0x00000001000c0400
instanceKlass java/util/HashMap$HashMapSpliterator
instanceKlass java/util/Collections$1
instanceKlass jdk/management/jfr/internal/FlightRecorderMXBeanProvider$SingleMBeanComponent
instanceKlass jdk/management/jfr/FlightRecorderMXBean
instanceKlass java/lang/management/PlatformManagedObject
instanceKlass java/lang/management/DefaultPlatformMBeanProvider$11
instanceKlass java/lang/management/DefaultPlatformMBeanProvider$10
instanceKlass java/lang/management/DefaultPlatformMBeanProvider$9
instanceKlass java/util/logging/LogManager
instanceKlass sun/management/ManagementFactoryHelper$LoggingMXBeanAccess$1
instanceKlass sun/management/ManagementFactoryHelper$LoggingMXBeanAccess
instanceKlass java/lang/management/DefaultPlatformMBeanProvider$8
instanceKlass java/lang/management/DefaultPlatformMBeanProvider$7
instanceKlass java/lang/management/DefaultPlatformMBeanProvider$6
instanceKlass java/lang/management/DefaultPlatformMBeanProvider$5
instanceKlass java/lang/management/DefaultPlatformMBeanProvider$4
instanceKlass java/lang/management/DefaultPlatformMBeanProvider$3
instanceKlass java/lang/management/DefaultPlatformMBeanProvider$2
instanceKlass java/lang/management/DefaultPlatformMBeanProvider$1
instanceKlass java/util/concurrent/Callable
instanceKlass com/sun/management/internal/PlatformMBeanProviderImpl$5
instanceKlass sun/management/VMManagementImpl
instanceKlass sun/management/VMManagement
instanceKlass sun/management/ManagementFactoryHelper
instanceKlass sun/management/NotificationEmitterSupport
instanceKlass com/sun/management/DiagnosticCommandMBean
instanceKlass com/sun/management/internal/PlatformMBeanProviderImpl$4
instanceKlass com/sun/management/internal/PlatformMBeanProviderImpl$3
instanceKlass com/sun/management/internal/PlatformMBeanProviderImpl$2
instanceKlass com/sun/management/internal/PlatformMBeanProviderImpl$1
instanceKlass sun/management/spi/PlatformMBeanProvider$PlatformComponent
instanceKlass  @bci com/sun/management/internal/PlatformMBeanProviderImpl <clinit> ()V 8 <appendix> argL0 ; # com/sun/management/internal/PlatformMBeanProviderImpl$$Lambda+0x00000001000b0520
instanceKlass sun/management/spi/PlatformMBeanProvider
instanceKlass sun/security/util/SecurityProperties
instanceKlass sun/security/util/FilePermCompat
instanceKlass java/io/FilePermission$1
instanceKlass jdk/internal/access/JavaIOFilePermissionAccess
instanceKlass java/lang/management/ManagementFactory$PlatformMBeanFinder$1
instanceKlass java/lang/management/ManagementFactory$PlatformMBeanFinder
instanceKlass com/sun/jmx/mbeanserver/JmxMBeanServer$3
instanceKlass javax/management/ObjectInstance
instanceKlass sun/util/calendar/CalendarSystem$GregorianHolder
instanceKlass sun/util/calendar/CalendarSystem
instanceKlass java/util/Date
instanceKlass java/util/EventObject
instanceKlass com/sun/jmx/mbeanserver/NamedObject
instanceKlass com/sun/jmx/interceptor/DefaultMBeanServerInterceptor$ResourceContext$1
instanceKlass com/sun/jmx/interceptor/DefaultMBeanServerInterceptor$ResourceContext
instanceKlass com/sun/jmx/mbeanserver/Repository$RegistrationContext
instanceKlass com/sun/jmx/mbeanserver/DynamicMBean2
instanceKlass sun/util/logging/PlatformLogger
instanceKlass sun/util/logging/PlatformLogger$ConfigurableBridge$LoggerConfiguration
instanceKlass jdk/internal/logger/BootstrapLogger$RedirectedLoggers
instanceKlass com/sun/jmx/defaults/JmxProperties
instanceKlass com/sun/jmx/mbeanserver/Introspector
instanceKlass com/sun/jmx/mbeanserver/JmxMBeanServer$2
instanceKlass com/sun/jmx/interceptor/DefaultMBeanServerInterceptor
instanceKlass com/sun/jmx/interceptor/MBeanServerInterceptor
instanceKlass java/util/concurrent/locks/ReentrantReadWriteLock$WriteLock
instanceKlass java/util/concurrent/locks/ReentrantReadWriteLock$ReadLock
instanceKlass java/util/concurrent/locks/ReentrantReadWriteLock
instanceKlass java/util/concurrent/locks/ReadWriteLock
instanceKlass com/sun/jmx/mbeanserver/Repository
instanceKlass com/sun/jmx/mbeanserver/JmxMBeanServer$1
instanceKlass com/sun/jmx/mbeanserver/SecureClassLoaderRepository
instanceKlass com/sun/jmx/mbeanserver/MBeanInstantiator
instanceKlass com/sun/jmx/mbeanserver/ClassLoaderRepositorySupport$LoaderEntry
instanceKlass com/sun/jmx/mbeanserver/ClassLoaderRepositorySupport
instanceKlass com/sun/jmx/mbeanserver/ModifiableClassLoaderRepository
instanceKlass javax/management/loading/ClassLoaderRepository
instanceKlass javax/management/ImmutableDescriptor
instanceKlass javax/management/Descriptor
instanceKlass com/sun/jmx/remote/util/ClassLogger
instanceKlass javax/management/NotificationBroadcasterSupport$1
instanceKlass java/util/concurrent/Executor
instanceKlass javax/management/NotificationBroadcasterSupport
instanceKlass java/util/ComparableTimSort
instanceKlass java/util/Arrays$LegacyMergeSort
instanceKlass javax/management/ObjectName$Property
instanceKlass javax/management/ObjectName
instanceKlass javax/management/QueryExp
instanceKlass com/sun/jmx/mbeanserver/Util
instanceKlass javax/management/MBeanInfo
instanceKlass javax/management/MBeanFeatureInfo
instanceKlass javax/management/DescriptorRead
instanceKlass javax/management/MBeanServerDelegate
instanceKlass javax/management/NotificationEmitter
instanceKlass javax/management/NotificationBroadcaster
instanceKlass javax/management/MBeanServerDelegateMBean
instanceKlass javax/management/MBeanRegistration
instanceKlass javax/management/DynamicMBean
instanceKlass com/sun/jmx/mbeanserver/JmxMBeanServer
instanceKlass com/sun/jmx/mbeanserver/SunJmxMBeanServer
instanceKlass javax/management/MBeanServer
instanceKlass javax/management/MBeanServerConnection
instanceKlass javax/management/MBeanServerBuilder
instanceKlass com/sun/jmx/mbeanserver/GetPropertyAction
instanceKlass javax/management/MBeanServerFactory
instanceKlass  @bci java/lang/management/ManagementFactory loadNativeLib ()V 0 <appendix> argL0 ; # java/lang/management/ManagementFactory$$Lambda+0x00000001000a1950
instanceKlass java/lang/management/ManagementFactory
instanceKlass java/util/concurrent/atomic/Striped64$1
instanceKlass jdk/internal/util/random/RandomSupport
instanceKlass java/util/Random
instanceKlass java/util/random/RandomGenerator
instanceKlass java/lang/invoke/VarHandle$AccessDescriptor
instanceKlass java/net/InetAddress$CachedLookup
instanceKlass java/security/Security$1
instanceKlass jdk/internal/access/JavaSecurityPropertiesAccess
instanceKlass  @bci java/security/Security <clinit> ()V 9 <appendix> argL0 ; # java/security/Security$$Lambda+0x000000010009f2b8
instanceKlass java/security/Security
instanceKlass sun/net/InetAddressCachePolicy$1
instanceKlass sun/net/InetAddressCachePolicy
instanceKlass java/util/stream/Nodes$ArrayNode
instanceKlass java/util/stream/Node$Builder
instanceKlass java/util/stream/Node$OfDouble
instanceKlass java/util/stream/Node$OfLong
instanceKlass java/util/stream/Node$OfInt
instanceKlass java/util/stream/Node$OfPrimitive
instanceKlass java/util/stream/Nodes$EmptyNode
instanceKlass java/util/stream/Node
instanceKlass java/util/stream/Nodes
instanceKlass  @bci java/net/InetAddress getAddressesFromNameService (Ljava/lang/String;)[Ljava/net/InetAddress; 94 <appendix> argL0 ; # java/net/InetAddress$$Lambda+0x000000010009c630
instanceKlass java/util/function/IntFunction
instanceKlass java/net/Inet6Address$Inet6AddressHolder
instanceKlass  @bci java/net/InetAddress loadResolver ()Ljava/net/spi/InetAddressResolver; 8 <appendix> argL0 ; # java/net/InetAddress$$Lambda+0x000000010009b890
instanceKlass java/net/spi/InetAddressResolverProvider
instanceKlass java/net/InetAddress$NameServiceAddresses
instanceKlass java/net/InetAddress$Addresses
instanceKlass java/util/concurrent/ConcurrentSkipListMap$Iter
instanceKlass java/net/InetAddress$PlatformResolver
instanceKlass java/net/spi/InetAddressResolver
instanceKlass java/net/spi/InetAddressResolver$LookupPolicy
instanceKlass java/net/Inet4AddressImpl
instanceKlass java/net/Inet6AddressImpl
instanceKlass java/net/InetAddressImpl
instanceKlass java/util/concurrent/ConcurrentSkipListMap$Node
instanceKlass java/lang/invoke/VarForm
instanceKlass java/lang/invoke/VarHandleGuards
instanceKlass java/lang/ClassValue$Version
instanceKlass java/lang/ClassValue$Identity
instanceKlass java/lang/ClassValue
instanceKlass java/lang/invoke/VarHandles
instanceKlass java/util/concurrent/ConcurrentSkipListMap$Index
instanceKlass java/util/concurrent/ConcurrentNavigableMap
instanceKlass java/net/InetAddress$InetAddressHolder
instanceKlass java/net/InetAddress$1
instanceKlass jdk/internal/access/JavaNetInetAddressAccess
instanceKlass java/net/InetAddress
instanceKlass  @bci org/wso2/ballerinalang/compiler/bir/codegen/methodgen/MainMethodGen genShutdownHook (Lorg/objectweb/asm/MethodVisitor;Ljava/lang/String;I)V 1 <appendix> form vmentry <vmtarget> ; # java/lang/invoke/LambdaForm$MH+0x00000001000c0000
instanceKlass sun/management/jmxremote/ConnectorBootstrap$PermanentExporter
instanceKlass com/sun/jmx/remote/internal/rmi/RMIExporter
instanceKlass jdk/internal/logger/LazyLoggers$LazyLoggerAccessor
instanceKlass jdk/internal/logger/LazyLoggers$LoggerAccessor
instanceKlass jdk/internal/logger/AbstractLoggerWrapper
instanceKlass java/util/ServiceLoader$ProviderImpl
instanceKlass java/util/ServiceLoader$Provider
instanceKlass java/util/ServiceLoader$1
instanceKlass sun/util/logging/internal/LoggingProviderImpl$LogManagerAccess
instanceKlass java/util/concurrent/CopyOnWriteArrayList$COWIterator
instanceKlass java/util/jar/Attributes$Name
instanceKlass java/util/jar/Attributes
instanceKlass java/util/TreeMap$PrivateEntryIterator
instanceKlass java/util/TreeMap$Entry
instanceKlass java/util/NavigableMap
instanceKlass java/util/SortedMap
instanceKlass java/util/NavigableSet
instanceKlass java/util/SortedSet
instanceKlass sun/security/action/GetIntegerAction
instanceKlass sun/security/util/Debug
instanceKlass sun/security/util/SignatureFileVerifier
instanceKlass java/util/zip/ZipFile$InflaterCleanupAction
instanceKlass java/util/zip/Inflater$InflaterZStreamRef
instanceKlass java/util/zip/Inflater
instanceKlass java/util/zip/ZipEntry
instanceKlass java/util/zip/ZipFile$2
instanceKlass jdk/internal/perf/PerfCounter$CoreCounters
instanceKlass jdk/internal/perf/Perf
instanceKlass jdk/internal/perf/Perf$GetPerfAction
instanceKlass jdk/internal/perf/PerfCounter
instanceKlass sun/util/locale/LocaleUtils
instanceKlass sun/util/locale/BaseLocale
instanceKlass java/util/Locale
instanceKlass java/nio/file/attribute/FileTime
instanceKlass java/util/zip/ZipUtils
instanceKlass java/util/zip/ZipFile$Source$End
instanceKlass java/io/RandomAccessFile$2
instanceKlass jdk/internal/access/JavaIORandomAccessFileAccess
instanceKlass java/io/RandomAccessFile
instanceKlass java/io/DataInput
instanceKlass java/io/DataOutput
instanceKlass sun/nio/fs/WindowsNativeDispatcher$CompletionStatus
instanceKlass sun/nio/fs/WindowsNativeDispatcher$AclInformation
instanceKlass sun/nio/fs/WindowsNativeDispatcher$Account
instanceKlass sun/nio/fs/WindowsNativeDispatcher$DiskFreeSpace
instanceKlass sun/nio/fs/WindowsNativeDispatcher$VolumeInformation
instanceKlass sun/nio/fs/WindowsNativeDispatcher$FirstStream
instanceKlass sun/nio/fs/WindowsNativeDispatcher$FirstFile
instanceKlass sun/nio/fs/WindowsNativeDispatcher
instanceKlass sun/nio/fs/NativeBuffer$Deallocator
instanceKlass sun/nio/fs/NativeBuffer
instanceKlass java/lang/ThreadLocal$ThreadLocalMap
instanceKlass java/lang/ThreadLocal
instanceKlass sun/nio/fs/NativeBuffers
instanceKlass sun/nio/fs/WindowsFileAttributes
instanceKlass java/nio/file/attribute/DosFileAttributes
instanceKlass sun/nio/fs/AbstractBasicFileAttributeView
instanceKlass sun/nio/fs/DynamicFileAttributeView
instanceKlass sun/nio/fs/WindowsFileAttributeViews
instanceKlass sun/nio/fs/Util
instanceKlass java/nio/file/attribute/BasicFileAttributeView
instanceKlass java/nio/file/attribute/FileAttributeView
instanceKlass java/nio/file/attribute/AttributeView
instanceKlass java/nio/file/Files
instanceKlass java/nio/file/CopyOption
instanceKlass java/nio/file/attribute/BasicFileAttributes
instanceKlass java/util/zip/ZipFile$Source$Key
instanceKlass java/util/zip/ZipFile$Source
instanceKlass java/util/zip/ZipCoder
instanceKlass java/util/zip/ZipFile$CleanableResource
instanceKlass java/lang/Runtime$Version
instanceKlass java/util/jar/JavaUtilJarAccessImpl
instanceKlass jdk/internal/access/JavaUtilJarAccess
instanceKlass java/nio/charset/CoderResult
instanceKlass java/lang/StringCoding
instanceKlass java/nio/charset/CharsetDecoder
instanceKlass java/lang/Readable
instanceKlass jdk/internal/loader/FileURLMapper
instanceKlass jdk/internal/loader/URLClassPath$JarLoader$1
instanceKlass java/util/zip/ZipFile$1
instanceKlass jdk/internal/access/JavaUtilZipFileAccess
instanceKlass java/util/zip/ZipFile
instanceKlass java/util/zip/ZipConstants
instanceKlass jdk/internal/loader/URLClassPath$Loader
instanceKlass jdk/internal/loader/URLClassPath$3
instanceKlass sun/net/util/URLUtil
instanceKlass jdk/internal/loader/URLClassPath$1
instanceKlass java/lang/CompoundEnumeration
instanceKlass jdk/internal/loader/BuiltinClassLoader$1
instanceKlass java/util/Collections$EmptyEnumeration
instanceKlass java/util/Collections$EmptyIterator
instanceKlass jdk/internal/jimage/ImageLocation
instanceKlass jdk/internal/jimage/decompressor/Decompressor
instanceKlass jdk/internal/jimage/ImageStringsReader
instanceKlass jdk/internal/jimage/ImageStrings
instanceKlass jdk/internal/jimage/ImageHeader
instanceKlass java/nio/Bits$1
instanceKlass jdk/internal/misc/VM$BufferPool
instanceKlass java/nio/Bits
instanceKlass sun/nio/ch/DirectBuffer
instanceKlass jdk/internal/loader/NativeLibraries$3
instanceKlass jdk/internal/loader/NativeLibrary
instanceKlass java/util/ArrayDeque$DeqIterator
instanceKlass jdk/internal/loader/NativeLibraries$NativeLibraryContext$1
instanceKlass jdk/internal/loader/NativeLibraries$NativeLibraryContext
instanceKlass jdk/internal/loader/NativeLibraries$2
instanceKlass jdk/internal/loader/NativeLibraries$1
instanceKlass jdk/internal/loader/NativeLibraries$LibraryPaths
instanceKlass jdk/internal/jimage/NativeImageBuffer$1
instanceKlass jdk/internal/jimage/NativeImageBuffer
instanceKlass jdk/internal/jimage/BasicImageReader$1
instanceKlass jdk/internal/jimage/BasicImageReader
instanceKlass jdk/internal/jimage/ImageReader
instanceKlass jdk/internal/jimage/ImageReaderFactory$1
instanceKlass sun/nio/fs/WindowsPath
instanceKlass java/net/URI$Parser
instanceKlass sun/nio/fs/WindowsPathParser$Result
instanceKlass sun/nio/fs/WindowsPathParser
instanceKlass java/nio/file/FileSystem
instanceKlass java/nio/file/OpenOption
instanceKlass java/nio/file/spi/FileSystemProvider
instanceKlass sun/nio/fs/DefaultFileSystemProvider
instanceKlass java/nio/file/FileSystems$DefaultFileSystemHolder$1
instanceKlass java/nio/file/FileSystems$DefaultFileSystemHolder
instanceKlass java/nio/file/FileSystems
instanceKlass java/nio/file/Paths
instanceKlass jdk/internal/jimage/ImageReaderFactory
instanceKlass jdk/internal/module/SystemModuleFinders$SystemImage
instanceKlass jdk/internal/module/SystemModuleFinders$SystemModuleReader
instanceKlass java/lang/module/ModuleReader
instanceKlass jdk/internal/loader/BuiltinClassLoader$5
instanceKlass jdk/internal/loader/BuiltinClassLoader$2
instanceKlass java/security/PrivilegedExceptionAction
instanceKlass jdk/internal/module/Resources
instanceKlass java/util/Enumeration
instanceKlass java/util/ServiceLoader$3
instanceKlass java/util/ServiceLoader$2
instanceKlass java/util/ServiceLoader$LazyClassPathLookupIterator
instanceKlass java/util/Spliterators$1Adapter
instanceKlass java/util/Spliterators$ArraySpliterator
instanceKlass java/util/ServiceLoader$ModuleServicesLookupIterator
instanceKlass java/util/ServiceLoader
instanceKlass jdk/internal/logger/BootstrapLogger$DetectBackend$1
instanceKlass jdk/internal/logger/BootstrapLogger$DetectBackend
instanceKlass jdk/internal/logger/BootstrapLogger
instanceKlass sun/util/logging/PlatformLogger$ConfigurableBridge
instanceKlass sun/util/logging/PlatformLogger$Bridge
instanceKlass java/lang/System$Logger
instanceKlass jdk/internal/logger/DefaultLoggerFinder$1
instanceKlass java/lang/System$LoggerFinder
instanceKlass jdk/internal/logger/LazyLoggers$LazyLoggerFactories
instanceKlass jdk/internal/logger/LazyLoggers$1
instanceKlass java/security/Permission
instanceKlass java/security/Guard
instanceKlass jdk/internal/logger/LazyLoggers
instanceKlass sun/management/jmxremote/ConnectorBootstrap
instanceKlass jdk/internal/vm/VMSupport
instanceKlass java/util/concurrent/ConcurrentHashMap$MapEntry
instanceKlass java/util/concurrent/ConcurrentHashMap$Traverser
instanceKlass java/util/Collections$SynchronizedCollection
instanceKlass java/util/Properties$EntrySet
instanceKlass java/io/FileInputStream$1
instanceKlass java/util/Properties$LineReader
instanceKlass jdk/internal/agent/Agent
instanceKlass java/lang/invoke/StringConcatFactory
instanceKlass jdk/internal/module/ModuleBootstrap$SafeModuleFinder
instanceKlass java/lang/ModuleLayer$Controller
instanceKlass java/util/concurrent/CopyOnWriteArrayList
instanceKlass jdk/internal/module/ServicesCatalog$ServiceProvider
instanceKlass jdk/internal/loader/AbstractClassLoaderValue$Memoizer
instanceKlass jdk/internal/module/ModuleLoaderMap$Modules
instanceKlass jdk/internal/module/ModuleLoaderMap$Mapper
instanceKlass jdk/internal/module/ModuleLoaderMap
instanceKlass java/lang/module/ResolvedModule
instanceKlass java/util/Collections$UnmodifiableCollection$1
instanceKlass java/util/SequencedMap
instanceKlass java/util/SequencedSet
instanceKlass java/lang/ModuleLayer
instanceKlass java/util/ImmutableCollections$ListItr
instanceKlass java/util/ListIterator
instanceKlass java/lang/module/ModuleFinder$1
instanceKlass java/nio/file/Path
instanceKlass java/nio/file/Watchable
instanceKlass java/lang/module/Resolver
instanceKlass java/lang/module/Configuration
instanceKlass  @bci java/util/stream/FindOps$FindSink$OfRef <clinit> ()V 43 <appendix> argL0 ; # java/util/stream/FindOps$FindSink$OfRef$$Lambda+0x0000000100019e20
instanceKlass  @bci java/util/stream/FindOps$FindSink$OfRef <clinit> ()V 38 <appendix> argL0 ; # java/util/stream/FindOps$FindSink$OfRef$$Lambda+0x0000000100019be0
instanceKlass  @bci java/util/stream/FindOps$FindSink$OfRef <clinit> ()V 16 <appendix> argL0 ; # java/util/stream/FindOps$FindSink$OfRef$$Lambda+0x00000001000199d0
instanceKlass  @bci java/util/stream/FindOps$FindSink$OfRef <clinit> ()V 11 <appendix> argL0 ; # java/util/stream/FindOps$FindSink$OfRef$$Lambda+0x0000000100019790
instanceKlass java/util/stream/FindOps$FindOp
instanceKlass java/util/stream/FindOps$FindSink
instanceKlass java/util/stream/FindOps
instanceKlass  @bci jdk/internal/module/DefaultRoots exportsAPI (Ljava/lang/module/ModuleDescriptor;)Z 9 <appendix> argL0 ; # jdk/internal/module/DefaultRoots$$Lambda+0x0000000100018b58
instanceKlass java/util/stream/Sink$ChainedReference
instanceKlass java/util/stream/ReduceOps$Box
instanceKlass java/util/stream/ReduceOps$AccumulatingSink
instanceKlass java/util/stream/TerminalSink
instanceKlass java/util/stream/Sink
instanceKlass java/util/function/Consumer
instanceKlass java/util/stream/ReduceOps$ReduceOp
instanceKlass java/util/stream/TerminalOp
instanceKlass java/util/stream/ReduceOps
instanceKlass  @bci java/util/stream/Collectors castingIdentity ()Ljava/util/function/Function; 0 <appendix> argL0 ; # java/util/stream/Collectors$$Lambda+0x0000000100016ba8
instanceKlass  @bci java/util/stream/Collectors toSet ()Ljava/util/stream/Collector; 14 <appendix> argL0 ; # java/util/stream/Collectors$$Lambda+0x0000000100016970
instanceKlass java/util/function/BinaryOperator
instanceKlass  @bci java/util/stream/Collectors toSet ()Ljava/util/stream/Collector; 9 <appendix> argL0 ; # java/util/stream/Collectors$$Lambda+0x0000000100016560
instanceKlass java/util/function/BiConsumer
instanceKlass  @bci java/util/stream/Collectors toSet ()Ljava/util/stream/Collector; 4 <appendix> argL0 ; # java/util/stream/Collectors$$Lambda+0x0000000100015dd0
instanceKlass java/util/stream/Collector
instanceKlass java/util/Collections$UnmodifiableCollection
instanceKlass java/util/stream/Collectors
instanceKlass  @bci jdk/internal/module/DefaultRoots compute (Ljava/lang/module/ModuleFinder;Ljava/lang/module/ModuleFinder;)Ljava/util/Set; 42 <appendix> argL0 ; # jdk/internal/module/DefaultRoots$$Lambda+0x00000001000141a0
instanceKlass  @bci jdk/internal/module/DefaultRoots compute (Ljava/lang/module/ModuleFinder;Ljava/lang/module/ModuleFinder;)Ljava/util/Set; 32 <appendix> member <vmtarget> ; # jdk/internal/module/DefaultRoots$$Lambda+0x0000000100013f58
instanceKlass java/util/concurrent/ForkJoinPool$ManagedBlocker
instanceKlass java/util/concurrent/locks/AbstractQueuedSynchronizer$Node
instanceKlass  @bci jdk/internal/module/DefaultRoots compute (Ljava/lang/module/ModuleFinder;Ljava/lang/module/ModuleFinder;)Ljava/util/Set; 21 <appendix> argL0 ; # jdk/internal/module/DefaultRoots$$Lambda+0x0000000100013030
instanceKlass java/lang/ref/Cleaner$Cleanable
instanceKlass jdk/internal/ref/CleanerImpl
instanceKlass java/lang/ref/Cleaner$1
instanceKlass java/lang/ref/Cleaner
instanceKlass jdk/internal/ref/CleanerFactory$1
instanceKlass java/util/concurrent/ThreadFactory
instanceKlass jdk/internal/ref/CleanerFactory
instanceKlass  @bci org/apache/commons/io/IOUtils <clinit> ()V 36 <appendix> form vmentry <vmtarget> ; # java/lang/invoke/LambdaForm$MH+0x0000000100000800
instanceKlass  @bci jdk/internal/module/DefaultRoots compute (Ljava/lang/module/ModuleFinder;Ljava/lang/module/ModuleFinder;)Ljava/util/Set; 11 <appendix> argL0 ; # jdk/internal/module/DefaultRoots$$Lambda+0x000000010003f960
instanceKlass java/lang/invoke/LambdaProxyClassArchive
instanceKlass java/lang/invoke/InfoFromMemberName
instanceKlass java/lang/invoke/MethodHandleInfo
instanceKlass jdk/internal/org/objectweb/asm/ConstantDynamic
instanceKlass jdk/internal/org/objectweb/asm/Handle
instanceKlass sun/security/action/GetBooleanAction
instanceKlass java/lang/invoke/AbstractValidatingLambdaMetafactory
instanceKlass java/lang/invoke/BootstrapMethodInvoker
instanceKlass java/util/function/Predicate
instanceKlass java/lang/WeakPairMap$Pair$Lookup
instanceKlass java/lang/WeakPairMap$Pair
instanceKlass java/lang/WeakPairMap
instanceKlass java/lang/Module$ReflectionData
instanceKlass java/lang/invoke/LambdaMetafactory
# instanceKlass java/lang/invoke/LambdaForm$MH+0x0000000100000400
instanceKlass java/lang/invoke/MethodHandles$Lookup$ClassDefiner
instanceKlass java/lang/invoke/MethodHandles$Lookup$ClassFile
instanceKlass jdk/internal/org/objectweb/asm/Handler
instanceKlass jdk/internal/org/objectweb/asm/Attribute
instanceKlass jdk/internal/org/objectweb/asm/FieldVisitor
instanceKlass java/util/ArrayList$Itr
instanceKlass sun/invoke/empty/Empty
instanceKlass sun/invoke/util/VerifyType
instanceKlass java/lang/invoke/InvokerBytecodeGenerator$ClassData
instanceKlass jdk/internal/org/objectweb/asm/AnnotationVisitor
instanceKlass jdk/internal/org/objectweb/asm/Frame
instanceKlass jdk/internal/org/objectweb/asm/Label
instanceKlass jdk/internal/org/objectweb/asm/Type
instanceKlass jdk/internal/org/objectweb/asm/MethodVisitor
instanceKlass sun/invoke/util/BytecodeDescriptor
instanceKlass jdk/internal/org/objectweb/asm/ByteVector
instanceKlass jdk/internal/org/objectweb/asm/Symbol
instanceKlass jdk/internal/org/objectweb/asm/SymbolTable
instanceKlass jdk/internal/org/objectweb/asm/ClassVisitor
instanceKlass java/lang/invoke/LambdaFormBuffer
instanceKlass java/lang/invoke/LambdaFormEditor$TransformKey
instanceKlass java/lang/invoke/LambdaFormEditor
instanceKlass java/lang/invoke/Invokers$Holder
instanceKlass java/lang/invoke/DelegatingMethodHandle$Holder
instanceKlass java/lang/invoke/DirectMethodHandle$2
instanceKlass java/lang/invoke/ClassSpecializer$Factory
instanceKlass java/lang/invoke/ClassSpecializer$SpeciesData
instanceKlass java/lang/invoke/ClassSpecializer$1
instanceKlass java/lang/invoke/ClassSpecializer
instanceKlass java/lang/invoke/InvokerBytecodeGenerator$1
instanceKlass java/lang/invoke/InvokerBytecodeGenerator
instanceKlass java/lang/invoke/LambdaForm$Holder
instanceKlass java/lang/invoke/LambdaForm$Name
instanceKlass java/lang/reflect/Array
instanceKlass java/lang/invoke/Invokers
instanceKlass sun/invoke/util/ValueConversions
instanceKlass java/lang/invoke/DirectMethodHandle$Holder
instanceKlass java/lang/Void
instanceKlass sun/invoke/util/Wrapper$Format
instanceKlass java/lang/invoke/MethodHandleImpl$1
instanceKlass jdk/internal/access/JavaLangInvokeAccess
instanceKlass java/lang/invoke/LambdaForm$NamedFunction
instanceKlass java/lang/invoke/MethodHandleImpl
instanceKlass jdk/internal/reflect/MethodHandleAccessorFactory$LazyStaticHolder
instanceKlass java/lang/invoke/MethodTypeForm
instanceKlass jdk/internal/util/StrongReferenceKey
instanceKlass jdk/internal/util/ReferenceKey
instanceKlass jdk/internal/util/ReferencedKeyMap
instanceKlass java/lang/invoke/MethodType$1
instanceKlass sun/reflect/annotation/AnnotationParser
instanceKlass java/lang/Class$3
instanceKlass java/lang/PublicMethods$Key
instanceKlass java/lang/PublicMethods$MethodList
instanceKlass java/util/EnumMap$1
instanceKlass java/util/stream/StreamOpFlag$MaskBuilder
instanceKlass java/util/stream/PipelineHelper
instanceKlass java/util/stream/Stream
instanceKlass java/util/stream/BaseStream
instanceKlass java/util/stream/StreamSupport
instanceKlass java/util/Spliterators$IteratorSpliterator
instanceKlass java/util/Spliterator$OfDouble
instanceKlass java/util/Spliterator$OfLong
instanceKlass java/util/Spliterator$OfInt
instanceKlass java/util/Spliterator$OfPrimitive
instanceKlass java/util/Spliterators$EmptySpliterator
instanceKlass java/util/Spliterator
instanceKlass java/util/Spliterators
instanceKlass jdk/internal/module/DefaultRoots
instanceKlass jdk/internal/loader/BuiltinClassLoader$LoadedModule
instanceKlass jdk/internal/loader/AbstractClassLoaderValue
instanceKlass jdk/internal/module/ServicesCatalog
instanceKlass java/util/Deque
instanceKlass java/util/Queue
instanceKlass sun/net/util/IPAddressUtil$MASKS
instanceKlass sun/net/util/IPAddressUtil
instanceKlass java/net/URLStreamHandler
instanceKlass sun/net/www/ParseUtil
instanceKlass java/net/URL$3
instanceKlass jdk/internal/access/JavaNetURLAccess
instanceKlass java/net/URL$DefaultFactory
instanceKlass java/net/URLStreamHandlerFactory
instanceKlass jdk/internal/loader/URLClassPath
instanceKlass java/security/Principal
instanceKlass java/security/ProtectionDomain$Key
instanceKlass java/security/ProtectionDomain$JavaSecurityAccessImpl
instanceKlass jdk/internal/access/JavaSecurityAccess
instanceKlass java/lang/ClassLoader$ParallelLoaders
instanceKlass java/security/cert/Certificate
instanceKlass jdk/internal/loader/ArchivedClassLoaders
instanceKlass java/util/concurrent/ConcurrentHashMap$CollectionView
instanceKlass jdk/internal/loader/ClassLoaderHelper
instanceKlass jdk/internal/loader/NativeLibraries
instanceKlass java/lang/Module$EnableNativeAccess
instanceKlass jdk/internal/loader/BootLoader
instanceKlass java/util/Optional
instanceKlass jdk/internal/module/SystemModuleFinders$SystemModuleFinder
instanceKlass java/lang/module/ModuleFinder
instanceKlass jdk/internal/module/SystemModuleFinders$3
instanceKlass jdk/internal/module/ModuleHashes$HashSupplier
instanceKlass jdk/internal/module/SystemModuleFinders$2
instanceKlass java/util/function/Supplier
instanceKlass java/lang/module/ModuleReference
instanceKlass jdk/internal/module/ModuleResolution
instanceKlass java/util/Collections$UnmodifiableMap
instanceKlass jdk/internal/module/ModuleHashes$Builder
instanceKlass jdk/internal/module/ModuleHashes
instanceKlass jdk/internal/module/ModuleTarget
instanceKlass java/util/ImmutableCollections$Set12$1
instanceKlass java/lang/reflect/AccessFlag$18
instanceKlass java/lang/reflect/AccessFlag$17
instanceKlass java/lang/reflect/AccessFlag$16
instanceKlass java/lang/reflect/AccessFlag$15
instanceKlass java/lang/reflect/AccessFlag$14
instanceKlass java/lang/reflect/AccessFlag$13
instanceKlass java/lang/reflect/AccessFlag$12
instanceKlass java/lang/reflect/AccessFlag$11
instanceKlass java/lang/reflect/AccessFlag$10
instanceKlass java/lang/reflect/AccessFlag$9
instanceKlass java/lang/reflect/AccessFlag$8
instanceKlass java/lang/reflect/AccessFlag$7
instanceKlass java/lang/reflect/AccessFlag$6
instanceKlass java/lang/reflect/AccessFlag$5
instanceKlass java/lang/reflect/AccessFlag$4
instanceKlass java/lang/reflect/AccessFlag$3
instanceKlass java/lang/reflect/AccessFlag$2
instanceKlass java/lang/reflect/AccessFlag$1
instanceKlass java/lang/module/ModuleDescriptor$Version
instanceKlass java/lang/module/ModuleDescriptor$Provides
instanceKlass java/lang/module/ModuleDescriptor$Opens
instanceKlass java/util/ImmutableCollections$SetN$SetNIterator
instanceKlass java/lang/module/ModuleDescriptor$Exports
instanceKlass java/lang/module/ModuleDescriptor$Requires
instanceKlass jdk/internal/module/Builder
instanceKlass jdk/internal/module/SystemModules$all
instanceKlass jdk/internal/module/SystemModules
instanceKlass jdk/internal/module/SystemModulesMap
instanceKlass java/net/URI$1
instanceKlass jdk/internal/access/JavaNetUriAccess
instanceKlass java/net/URI
instanceKlass jdk/internal/module/SystemModuleFinders
instanceKlass jdk/internal/module/ArchivedModuleGraph
instanceKlass jdk/internal/module/ArchivedBootLayer
instanceKlass jdk/internal/module/ModuleBootstrap$Counters
instanceKlass jdk/internal/module/ModulePatcher
instanceKlass java/io/FileSystem
instanceKlass java/io/DefaultFileSystem
instanceKlass java/io/File
instanceKlass java/lang/module/ModuleDescriptor$1
instanceKlass jdk/internal/access/JavaLangModuleAccess
instanceKlass sun/invoke/util/VerifyAccess
instanceKlass java/util/KeyValueHolder
instanceKlass java/util/ImmutableCollections$MapN$MapNIterator
instanceKlass java/lang/StrictMath
instanceKlass java/lang/invoke/MethodHandles$Lookup
instanceKlass java/lang/invoke/MemberName$Factory
instanceKlass java/lang/invoke/MethodHandles
instanceKlass java/lang/module/ModuleDescriptor
instanceKlass jdk/internal/module/ModuleBootstrap
instanceKlass java/lang/Character$CharacterCache
instanceKlass java/util/HexFormat
instanceKlass jdk/internal/util/ClassFileDumper
instanceKlass sun/security/action/GetPropertyAction
instanceKlass java/lang/invoke/MethodHandleStatics
instanceKlass java/util/concurrent/locks/AbstractQueuedSynchronizer$ConditionObject
instanceKlass java/util/concurrent/locks/Condition
instanceKlass jdk/internal/misc/Blocker
instanceKlass java/util/Collections
instanceKlass java/lang/Thread$ThreadIdentifiers
instanceKlass sun/io/Win32ErrorMode
instanceKlass jdk/internal/misc/OSEnvironment
instanceKlass java/lang/Integer$IntegerCache
instanceKlass jdk/internal/misc/Signal$NativeHandler
instanceKlass java/util/Hashtable$Entry
instanceKlass jdk/internal/misc/Signal
instanceKlass java/lang/Terminator$1
instanceKlass jdk/internal/misc/Signal$Handler
instanceKlass java/lang/Terminator
instanceKlass java/nio/ByteOrder
instanceKlass java/nio/Buffer$2
instanceKlass jdk/internal/access/JavaNioAccess
instanceKlass java/nio/Buffer$1
instanceKlass jdk/internal/misc/ScopedMemoryAccess
instanceKlass java/nio/charset/CodingErrorAction
instanceKlass sun/nio/cs/SingleByte
instanceKlass java/lang/StringUTF16
instanceKlass sun/nio/cs/IBM437$Holder
instanceKlass java/nio/charset/CharsetEncoder
instanceKlass sun/nio/cs/ArrayEncoder
instanceKlass java/io/Writer
instanceKlass java/io/PrintStream$1
instanceKlass jdk/internal/access/JavaIOPrintStreamAccess
instanceKlass jdk/internal/misc/InternalLock
instanceKlass java/io/OutputStream
instanceKlass java/io/Flushable
instanceKlass java/io/FileDescriptor$1
instanceKlass jdk/internal/access/JavaIOFileDescriptorAccess
instanceKlass java/io/FileDescriptor
instanceKlass jdk/internal/util/StaticProperty
instanceKlass jdk/internal/reflect/MethodHandleAccessorFactory
instanceKlass java/lang/reflect/Modifier
instanceKlass java/lang/Class$1
instanceKlass java/lang/Class$Atomic
instanceKlass java/lang/Class$ReflectionData
instanceKlass java/nio/charset/StandardCharsets
instanceKlass sun/nio/cs/HistoricallyNamedCharset
instanceKlass java/nio/charset/spi/CharsetProvider
instanceKlass java/nio/charset/Charset
instanceKlass java/util/HashMap$HashIterator
instanceKlass java/util/concurrent/locks/LockSupport
instanceKlass java/util/concurrent/ConcurrentHashMap$Node
instanceKlass java/util/concurrent/ConcurrentHashMap$CounterCell
instanceKlass java/util/concurrent/locks/ReentrantLock
instanceKlass java/util/concurrent/locks/Lock
instanceKlass java/lang/CharacterData
instanceKlass java/util/Arrays
instanceKlass jdk/internal/util/Preconditions$3
instanceKlass jdk/internal/util/Preconditions$2
instanceKlass jdk/internal/util/Preconditions$4
instanceKlass java/util/function/BiFunction
instanceKlass jdk/internal/util/Preconditions$1
instanceKlass java/util/function/Function
instanceKlass jdk/internal/util/Preconditions
instanceKlass java/lang/Runtime
instanceKlass java/lang/VersionProps
instanceKlass java/lang/StringConcatHelper
instanceKlass java/util/HashMap$Node
instanceKlass java/util/Map$Entry
instanceKlass jdk/internal/util/ArraysSupport
instanceKlass jdk/internal/util/SystemProps$Raw
instanceKlass jdk/internal/util/SystemProps
instanceKlass java/lang/System$2
instanceKlass jdk/internal/access/JavaLangAccess
instanceKlass java/lang/ref/NativeReferenceQueue$Lock
instanceKlass java/lang/ref/ReferenceQueue
instanceKlass java/lang/ref/Reference$1
instanceKlass jdk/internal/access/JavaLangRefAccess
instanceKlass jdk/internal/reflect/ReflectionFactory
instanceKlass java/lang/Math
instanceKlass java/lang/StringLatin1
instanceKlass jdk/internal/reflect/Reflection
instanceKlass jdk/internal/reflect/ReflectionFactory$GetReflectionFactoryAction
instanceKlass java/security/PrivilegedAction
instanceKlass jdk/internal/access/SharedSecrets
instanceKlass java/lang/reflect/ReflectAccess
instanceKlass jdk/internal/access/JavaLangReflectAccess
instanceKlass java/util/ImmutableCollections
instanceKlass java/util/Objects
instanceKlass java/util/Set
instanceKlass jdk/internal/misc/CDS
instanceKlass java/lang/Module$ArchivedData
instanceKlass jdk/internal/misc/VM
instanceKlass java/lang/String$CaseInsensitiveComparator
instanceKlass java/util/Comparator
instanceKlass java/io/ObjectStreamField
instanceKlass jdk/internal/vm/FillerObject
instanceKlass jdk/internal/vm/vector/VectorSupport$VectorPayload
instanceKlass jdk/internal/vm/vector/VectorSupport
instanceKlass java/lang/reflect/RecordComponent
instanceKlass java/util/Iterator
instanceKlass java/lang/Number
instanceKlass java/lang/Character
instanceKlass java/lang/Boolean
instanceKlass java/util/concurrent/locks/AbstractOwnableSynchronizer
instanceKlass java/lang/LiveStackFrame
instanceKlass java/lang/StackFrameInfo
instanceKlass java/lang/StackWalker$StackFrame
instanceKlass java/lang/StackStreamFactory$AbstractStackWalker
instanceKlass java/lang/StackWalker
instanceKlass java/nio/Buffer
instanceKlass java/lang/StackTraceElement
instanceKlass java/util/AbstractCollection
instanceKlass java/util/RandomAccess
instanceKlass java/util/List
instanceKlass java/util/SequencedCollection
instanceKlass java/util/Collection
instanceKlass java/lang/Iterable
instanceKlass java/util/AbstractMap
instanceKlass java/util/concurrent/ConcurrentMap
instanceKlass java/security/CodeSource
instanceKlass jdk/internal/loader/ClassLoaders
instanceKlass java/util/jar/Manifest
instanceKlass java/lang/Enum
instanceKlass java/net/URL
instanceKlass java/io/InputStream
instanceKlass java/io/Closeable
instanceKlass java/lang/AutoCloseable
instanceKlass jdk/internal/module/Modules
instanceKlass jdk/internal/misc/Unsafe
instanceKlass jdk/internal/misc/UnsafeConstants
instanceKlass java/lang/AbstractStringBuilder
instanceKlass java/lang/Appendable
instanceKlass java/lang/AssertionStatusDirectives
instanceKlass java/lang/invoke/MethodHandleNatives$CallSiteContext
instanceKlass jdk/internal/foreign/abi/ABIDescriptor
instanceKlass jdk/internal/foreign/abi/NativeEntryPoint
instanceKlass java/lang/invoke/CallSite
instanceKlass java/lang/invoke/MethodType
instanceKlass java/lang/invoke/TypeDescriptor$OfMethod
instanceKlass java/lang/invoke/LambdaForm
instanceKlass java/lang/invoke/MethodHandleNatives
instanceKlass java/lang/invoke/ResolvedMethodName
instanceKlass java/lang/invoke/MemberName
instanceKlass java/lang/invoke/VarHandle
instanceKlass java/lang/invoke/MethodHandle
instanceKlass jdk/internal/reflect/CallerSensitive
instanceKlass java/lang/annotation/Annotation
instanceKlass jdk/internal/reflect/FieldAccessor
instanceKlass jdk/internal/reflect/ConstantPool
instanceKlass jdk/internal/reflect/ConstructorAccessor
instanceKlass jdk/internal/reflect/MethodAccessor
instanceKlass jdk/internal/reflect/MagicAccessorImpl
instanceKlass jdk/internal/vm/StackChunk
instanceKlass jdk/internal/vm/Continuation
instanceKlass jdk/internal/vm/ContinuationScope
instanceKlass java/lang/reflect/Parameter
instanceKlass java/lang/reflect/Member
instanceKlass java/lang/reflect/AccessibleObject
instanceKlass java/lang/Module
instanceKlass java/util/Dictionary
instanceKlass java/util/Map
instanceKlass java/lang/ThreadGroup
instanceKlass java/lang/Thread$UncaughtExceptionHandler
instanceKlass java/lang/Thread$Constants
instanceKlass java/lang/Thread$FieldHolder
instanceKlass java/lang/Thread
instanceKlass java/lang/Runnable
instanceKlass java/lang/ref/Reference
instanceKlass java/lang/Record
instanceKlass java/security/AccessController
instanceKlass java/security/AccessControlContext
instanceKlass java/security/ProtectionDomain
instanceKlass java/lang/SecurityManager
instanceKlass java/lang/Throwable
instanceKlass java/lang/System
instanceKlass java/lang/ClassLoader
instanceKlass java/lang/Cloneable
instanceKlass java/lang/Class
instanceKlass java/lang/invoke/TypeDescriptor$OfField
instanceKlass java/lang/invoke/TypeDescriptor
instanceKlass java/lang/reflect/Type
instanceKlass java/lang/reflect/GenericDeclaration
instanceKlass java/lang/reflect/AnnotatedElement
instanceKlass java/lang/String
instanceKlass java/lang/constant/ConstantDesc
instanceKlass java/lang/constant/Constable
instanceKlass java/lang/CharSequence
instanceKlass java/lang/Comparable
instanceKlass java/io/Serializable
ciInstanceKlass java/lang/Object 1 1 124 100 1 10 12 1 1 10 7 12 1 1 1 10 100 12 1 1 1 10 12 1 1 8 1 10 12 1 1 10 100 12 1 1 1 10 12 1 10 12 1 1 10 7 12 1 1 1 10 12 1 10 12 1 7 1 10 100 12 1 1 1 10 12 1 1 10 12 1 100 1 8 1 10 12 1 3 8 1 100 1 5 0 1 1 1 1 1 1 1 1 1 1 1 1 1 1 1 1 7 1 1 1 1 1 1 1 1 1 1 7 1 1 1 1 1 1 1 1 1 1 3 1 1
ciInstanceKlass java/io/Serializable 1 0 7 100 1 100 1 1 1
ciInstanceKlass java/lang/Comparable 1 0 12 100 1 100 1 1 1 1 1 1 1 1
ciInstanceKlass java/lang/CharSequence 1 1 131 11 7 12 1 1 1 18 12 1 1 100 1 10 100 12 1 1 1 18 10 100 12 1 1 1 11 12 1 1 11 100 1 11 12 1 1 10 100 12 1 1 1 11 12 1 1 100 1 10 12 1 1 10 100 12 1 1 1 100 1 10 10 12 1 1 100 1 1 1 1 1 1 1 1 1 1 1 1 1 1 1 1 1 1 1 1 1 1 1 1 1 1 1 1 1 1 1 1 1 16 1 15 11 12 16 15 11 12 15 10 100 12 1 1 1 1 1 100 1 100 1 1 100 1 1 100 1 100 1 1
ciInstanceKlass java/lang/constant/Constable 1 0 11 100 1 100 1 1 1 1 1 1 1
ciInstanceKlass java/lang/constant/ConstantDesc 1 0 37 100 1 100 1 1 1 1 100 1 1 1 1 100 1 100 1 100 1 100 1 100 1 100 1 100 1 100 1 100 1 1 100 1 100 1 1
ciInstanceKlass java/lang/String 1 1 1443 10 7 12 1 1 1 8 1 9 7 12 1 1 1 9 12 1 1 9 12 1 1 9 12 1 1 10 12 1 10 12 1 1 10 12 1 1 9 12 1 10 7 12 1 1 1 10 7 1 10 7 12 1 1 1 10 12 1 1 10 12 1 1 10 12 1 10 12 1 1 10 12 1 10 7 12 1 1 1 7 1 9 7 12 1 1 1 10 7 12 1 1 1 10 7 12 1 1 1 10 12 1 1 10 12 1 1 10 12 1 1 10 12 1 1 9 7 12 1 1 10 12 9 100 12 1 1 10 12 1 1 3 10 12 1 1 7 1 11 12 1 1 11 12 1 11 12 1 1 10 7 12 1 1 1 10 12 1 1 9 100 12 1 1 1 10 12 1 1 10 12 1 11 12 1 1 10 12 1 1 10 12 10 12 1 1 10 100 12 1 1 1 10 12 1 1 10 12 1 1 100 1 100 1 10 12 1 10 12 1 10 12 1 1 100 1 10 12 1 1 100 1 10 12 1 1 10 12 1 1 10 12 1 10 10 12 1 100 1 100 1 100 1 10 12 1 10 12 1 1 10 12 1 1 10 12 1 10 12 1 1 10 12 1 1 10 100 12 1 1 100 1 11 10 7 12 1 1 11 12 1 11 12 1 10 12 1 1 10 12 1 10 12 10 12 1 1 10 10 7 12 1 1 1 10 7 12 1 1 10 12 1 1 10 7 12 1 1 10 12 1 10 12 1 1 10 12 1 1 10 12 1 10 12 1 10 12 1 1 100 1 10 12 1 1 10 12 10 12 1 10 12 1 1 10 12 1 1 10 7 12 1 1 1 10 12 1 10 12 1 1 10 12 1 10 12 1 3 3 10 12 1 1 10 12 1 10 12 1 1 10 12 1 1 10 12 1 1 10 12 1 10 12 1 1 10 12 1 1 10 12 1 10 12 1 10 12 1 10 12 1 1 10 12 1 10 12 1 10 12 1 10 12 1 10 12 1 10 12 1 10 100 1 10 8 1 10 12 1 1 10 12 1 8 1 10 12 1 1 10 12 10 12 1 8 1 10 10 12 1 1 10 12 1 1 10 12 1 1 10 100 1 10 10 12 1 10 12 1 10 12 1 10 10 12 1 10 12 1 10 12 1 10 12 1 10 12 1 10 12 1 10 12 1 1 10 12 1 1 10 12 1 1 10 10 12 1 1 10 10 12 1 100 1 10 10 12 1 1 10 12 1 1 10 7 1 10 12 1 10 12 1 10 7 12 1 1 1 10 12 1 10 12 1 1 10 12 1 11 7 1 11 12 10 12 1 10 12 1 1 10 12 1 1 10 10 12 1 10 12 1 9 12 1 1 11 7 12 1 1 1 10 12 10 10 12 1 10 12 1 1 10 10 12 1 10 12 1 10 12 1 1 10 12 1 1 10 10 12 1 1 10 12 1 10 10 12 1 10 12 10 10 12 10 10 12 1 10 12 1 10 10 12 10 7 12 1 1 1 10 12 10 10 12 10 12 1 10 12 10 12 10 10 12 1 10 12 1 1 10 12 1 1 10 10 12 1 10 7 12 1 1 1 10 12 1 1 10 10 7 12 1 1 1 11 10 12 1 10 12 1 1 10 12 1 1 10 7 12 1 1 1 10 12 1 10 12 1 10 12 1 10 12 1 10 12 1 10 12 1 100 1 100 1 8 1 10 10 10 12 1 10 12 1 1 8 1 10 12 1 3 3 10 12 1 10 12 1 1 10 12 7 1 10 10 12 1 1 10 12 1 10 12 1 10 12 1 1 10 12 1 1 11 7 12 1 1 1 7 1 10 12 1 10 12 1 1 8 1 10 12 1 1 10 12 1 11 7 12 1 1 1 11 7 12 1 1 11 12 1 10 12 1 10 12 1 1 10 10 7 12 1 1 1 10 12 1 10 12 1 10 10 12 10 12 1 1 10 10 12 1 10 10 12 1 10 10 12 1 10 10 12 1 10 12 1 1 10 10 12 1 8 1 10 12 1 1 18 12 1 1 11 100 12 1 1 1 7 1 3 18 12 1 18 12 1 8 1 10 100 12 1 1 1 11 12 1 1 10 12 10 10 12 1 10 11 12 1 1 10 12 1 1 11 12 1 18 3 11 10 12 1 11 11 10 12 1 10 12 1 1 8 1 10 12 1 10 12 1 10 12 1 1 10 10 12 1 11 100 12 1 7 1 100 1 10 12 100 1 10 10 7 12 1 1 1 100 1 10 7 1 10 10 12 1 10 10 12 1 8 1 10 10 12 1 8 1 8 1 10 12 1 10 12 1 10 10 12 10 100 12 1 1 10 100 12 1 1 10 100 12 1 1 8 1 10 12 1 10 12 1 10 9 12 1 10 12 9 7 12 1 1 1 10 12 1 10 12 1 10 12 1 10 12 1 10 12 1 8 1 10 100 12 1 1 1 10 12 10 12 1 1 10 12 10 10 12 10 12 7 1 9 12 1 1 7 1 10 100 1 100 1 100 1 100 1 1 1 1 1 1 5 0 1 1 1 1 1 3 1 3 1 1 1 1 1 1 1 1 1 1 1 1 1 1 1 100 1 1 1 1 1 1 1 1 1 1 1 1 1 1 1 1 1 1 1 1 1 1 1 1 1 1 1 1 1 1 1 100 1 1 1 1 1 1 1 1 1 1 100 1 1 1 1 1 1 1 1 1 1 1 1 1 1 1 1 1 1 1 1 1 1 1 1 1 1 1 1 1 1 1 1 1 1 1 1 1 1 1 1 1 1 1 1 1 1 1 1 1 1 1 1 1 1 1 1 1 1 1 1 1 1 1 1 1 1 1 1 1 1 1 1 1 1 1 1 1 1 1 1 1 1 1 1 1 1 1 1 1 1 1 1 1 1 1 1 1 1 1 1 1 1 1 1 1 1 1 1 1 1 1 1 1 1 1 1 1 1 1 1 1 1 1 1 1 1 1 1 1 1 1 1 1 1 1 1 1 1 1 1 1 1 1 1 1 1 1 1 1 1 1 1 1 1 1 1 1 1 1 1 1 1 1 1 1 1 1 1 1 1 1 1 1 1 1 100 1 1 1 1 1 1 1 1 1 1 1 1 1 1 1 1 1 1 1 1 1 1 1 100 1 1 1 1 1 1 1 1 1 1 1 1 1 1 1 100 1 1 1 1 1 1 1 1 1 1 1 1 1 1 1 16 15 10 12 16 15 10 12 15 10 12 15 10 12 15 10 100 12 1 1 1 1 1 1 1 100 1 100 1 1 1
staticfield java/lang/String COMPACT_STRINGS Z 1
staticfield java/lang/String serialPersistentFields [Ljava/io/ObjectStreamField; 0 [Ljava/io/ObjectStreamField;
staticfield java/lang/String CASE_INSENSITIVE_ORDER Ljava/util/Comparator; java/lang/String$CaseInsensitiveComparator
ciInstanceKlass java/lang/reflect/AnnotatedElement 1 1 164 11 7 12 1 1 1 11 12 1 1 100 1 10 100 12 1 1 1 10 12 1 1 10 12 1 1 10 12 1 10 100 12 1 1 1 11 12 1 1 11 100 12 1 1 10 100 12 1 1 1 10 12 1 10 100 12 1 1 1 18 12 1 1 11 100 12 1 1 18 12 1 18 12 1 1 10 100 12 1 1 1 11 100 12 1 1 1 100 1 10 100 12 1 1 1 1 1 1 1 1 1 1 1 1 1 1 1 1 1 1 1 1 1 1 1 1 1 100 1 1 1 1 1 1 1 1 1 1 1 16 15 16 1 16 1 15 11 12 16 16 1 15 10 100 12 1 1 1 16 1 15 10 100 12 1 1 1 1 100 1 100 1 1
ciInstanceKlass java/lang/reflect/GenericDeclaration 1 0 30 100 1 100 1 100 1 1 1 1 1 1 1 1 100 1 8 1 1 12 10 1 1 1 8 1 1 1 8 1
ciInstanceKlass java/lang/reflect/Type 1 1 17 11 7 12 1 1 1 100 1 1 1 1 1 1 1 1 1
ciInstanceKlass java/lang/invoke/TypeDescriptor 1 0 17 100 1 100 1 1 1 1 1 1 100 1 100 1 1 1 1
ciInstanceKlass java/lang/invoke/TypeDescriptor$OfField 1 0 21 100 1 100 1 100 1 1 1 1 1 1 1 1 1 1 1 1 1 1 1
ciInstanceKlass java/lang/Class 1 1 1698 10 7 12 1 1 1 9 7 12 1 1 1 9 12 1 1 10 12 1 1 8 1 10 12 1 8 1 8 1 10 12 1 1 10 7 12 1 1 1 10 12 1 7 1 10 10 12 1 10 12 1 1 10 12 1 1 10 12 1 1 10 7 12 1 1 10 12 1 10 12 1 10 12 1 8 1 10 12 1 8 1 10 12 1 8 1 8 1 10 12 1 1 10 7 12 1 1 1 18 12 1 1 11 7 12 1 1 1 8 1 8 1 8 1 10 7 12 1 1 1 11 12 1 1 8 1 10 12 1 10 11 100 12 1 1 1 11 100 12 1 1 1 11 8 1 18 8 1 10 12 1 10 7 12 1 1 10 12 1 1 10 7 12 1 1 1 10 12 1 1 10 12 1 1 10 7 12 1 1 1 10 12 9 7 12 1 1 1 10 100 12 1 1 1 10 12 1 10 7 12 1 1 1 10 12 1 1 18 12 1 1 10 7 12 1 1 1 10 7 12 1 10 12 1 1 10 7 1 100 1 10 12 1 1 9 12 1 1 7 1 8 1 10 12 1 10 12 1 1 10 12 1 1 10 7 12 1 1 1 7 1 10 12 1 7 1 7 1 10 10 12 1 1 10 12 1 1 100 1 10 100 12 1 1 1 10 12 1 1 10 12 1 1 9 12 1 1 10 12 1 10 12 1 1 9 12 1 1 9 12 1 1 10 12 1 1 10 7 1 10 12 1 10 12 1 10 12 1 1 10 9 12 1 10 12 1 8 1 10 12 1 1 10 12 1 1 10 12 1 10 12 1 1 10 12 1 1 10 12 1 1 9 7 12 1 1 1 10 7 12 1 1 10 12 10 12 1 10 12 1 10 12 1 10 12 1 9 100 12 1 1 1 9 12 1 10 12 1 10 100 12 1 1 1 10 12 1 1 10 100 12 1 1 10 12 1 10 12 1 1 10 100 12 1 1 1 10 12 1 10 12 1 1 10 12 1 10 12 1 10 12 1 1 10 7 1 10 10 10 12 1 1 10 12 1 1 10 12 10 10 12 1 1 100 1 8 1 10 10 12 1 1 10 12 1 100 1 11 12 1 10 100 12 1 1 10 12 1 10 12 1 10 100 12 1 1 10 10 12 1 1 8 1 10 12 1 10 12 1 1 8 1 10 12 1 9 12 1 10 12 1 10 12 1 10 12 1 10 12 100 1 9 12 1 10 12 1 9 12 1 10 12 1 10 12 1 10 12 1 10 10 12 1 10 12 1 10 7 12 1 1 10 12 1 10 12 1 10 12 1 1 10 12 1 10 12 1 10 12 1 100 1 10 12 1 10 12 1 1 10 12 1 1 10 12 1 1 10 12 1 1 10 12 1 1 10 12 1 1 7 1 10 10 12 1 1 10 12 1 1 10 12 1 1 10 10 12 1 10 12 1 1 10 12 1 1 10 12 1 1 10 12 1 1 7 1 10 10 12 11 100 12 1 1 10 12 1 10 12 1 10 7 12 1 1 1 10 12 1 1 10 10 12 1 1 100 1 10 10 12 1 1 10 100 12 1 1 1 100 1 7 1 10 12 1 1 10 12 1 10 10 12 1 1 10 12 1 10 12 1 10 12 1 10 100 12 1 1 1 11 7 12 1 1 10 12 1 10 12 1 9 12 1 10 12 1 1 10 12 1 9 12 1 1 7 1 10 9 12 1 1 10 12 7 1 10 12 1 9 12 1 10 100 12 1 1 1 10 12 1 10 12 1 10 100 12 1 1 1 10 12 1 10 12 10 12 1 1 100 1 10 8 1 10 12 1 11 11 12 1 1 11 7 12 1 1 11 12 1 8 1 10 12 1 10 12 1 1 9 12 1 9 12 1 1 10 7 12 1 1 9 12 1 10 12 1 1 10 10 12 1 10 7 12 1 1 1 10 7 12 1 1 10 7 12 1 1 9 12 1 1 10 12 1 9 12 1 10 12 1 10 12 1 1 9 12 1 1 9 12 1 10 12 1 10 12 1 1 9 12 1 100 1 10 10 12 1 1 7 1 10 12 1 1 100 11 100 1 9 12 1 1 9 12 1 100 1 10 12 1 9 12 1 1 9 12 1 10 12 1 10 12 1 1 9 12 1 7 1 10 10 12 1 1 10 10 12 1 10 12 10 10 12 1 9 12 1 10 12 1 1 10 7 12 1 1 1 10 12 1 1 10 12 1 8 10 7 8 1 18 8 1 8 1 10 12 1 9 12 1 9 12 1 1 10 12 1 7 1 7 1 10 12 1 9 12 1 1 7 1 10 10 12 1 10 7 1 9 12 1 8 1 10 12 1 7 1 10 12 1 10 12 1 1 100 1 100 1 9 12 1 100 1 8 1 10 10 7 12 1 1 1 10 12 11 7 12 1 1 1 10 12 1 10 12 1 1 10 8 1 8 1 10 12 1 1 9 7 12 1 1 11 12 7 1 11 7 12 1 1 9 12 1 10 100 12 1 1 1 10 7 12 1 1 10 12 1 1 9 12 1 9 10 12 1 1 10 12 1 1 10 12 1 1 10 12 1 1 10 12 1 1 11 12 1 100 1 11 12 1 10 100 12 1 1 1 10 12 1 11 12 1 10 100 12 1 1 1 10 12 1 10 100 12 1 1 1 11 12 1 11 12 1 1 10 12 1 10 12 1 1 9 12 1 1 9 100 12 1 1 10 12 1 10 100 12 1 1 1 10 12 1 1 10 12 1 10 12 1 10 12 1 10 7 12 1 1 1 10 12 1 8 1 10 12 1 10 12 1 10 12 1 100 1 10 12 10 100 12 1 1 1 11 100 12 1 1 1 10 12 1 1 10 12 1 18 12 1 1 11 12 1 1 18 11 12 1 18 12 1 11 12 1 10 12 1 1 10 12 1 10 12 1 10 12 1 10 12 1 10 12 10 12 1 8 1 10 12 1 7 1 9 12 1 1 100 1 100 1 100 1 100 1 1 1 3 1 3 1 3 1 1 1 1 1 1 1 5 0 1 1 1 1 1 1 1 1 1 1 1 1 1 1 1 1 1 1 1 1 1 1 1 1 100 1 1 1 1 1 1 1 100 1 1 1 1 1 7 1 1 1 1 1 1 1 1 1 1 1 1 1 1 1 1 1 1 1 1 1 1 1 1 1 1 1 1 1 1 1 1 1 1 1 1 1 1 1 1 1 1 100 1 1 1 1 1 1 1 1 1 1 1 1 1 1 1 1 1 1 1 1 1 1 1 1 1 1 1 1 1 1 1 100 1 1 1 1 1 1 1 1 1 1 1 1 1 1 1 1 1 1 1 1 3 1 1 1 1 1 1 1 1 1 1 1 1 1 1 1 1 1 1 1 1 1 1 1 1 1 1 1 1 1 1 1 1 1 1 1 100 1 100 1 1 1 1 1 1 1 1 1 1 1 1 1 1 1 1 1 1 1 1 1 1 1 1 1 1 1 1 1 1 1 1 1 1 1 1 1 1 1 1 1 1 1 1 1 1 1 1 1 1 1 1 1 1 1 1 1 1 1 1 1 1 1 1 1 1 1 1 1 1 1 1 1 1 1 1 1 1 1 1 1 1 1 1 1 1 1 1 1 1 1 1 1 1 1 1 1 1 1 1 1 1 1 1 1 1 1 1 1 1 1 1 1 1 1 1 1 1 1 1 1 1 1 1 1 1 1 1 1 1 1 1 16 15 10 12 16 15 11 12 16 1 16 15 16 15 10 12 16 16 15 10 12 16 15 16 1 15 10 12 16 15 10 7 12 1 1 1 1 1 1 1 1 1 1 1 1 100 1 1 100 1 100 1 1 100 1 100 1 1 100 1 100 1 1
staticfield java/lang/Class EMPTY_CLASS_ARRAY [Ljava/lang/Class; 0 [Ljava/lang/Class;
staticfield java/lang/Class serialPersistentFields [Ljava/io/ObjectStreamField; 0 [Ljava/io/ObjectStreamField;
ciInstanceKlass java/lang/Cloneable 1 0 7 100 1 100 1 1 1
instanceKlass jdk/internal/reflect/DelegatingClassLoader
instanceKlass java/security/SecureClassLoader
ciInstanceKlass java/lang/ClassLoader 1 1 1108 9 7 12 1 1 1 10 7 12 1 1 1 9 12 1 1 10 7 12 1 1 1 7 1 10 12 1 1 10 12 1 1 9 12 1 1 10 12 1 1 100 1 10 12 1 10 12 1 1 10 7 12 1 1 1 100 1 8 1 10 12 1 10 7 12 1 1 1 10 100 12 1 10 7 1 10 7 1 7 1 7 1 10 12 1 10 12 1 9 12 1 1 10 10 7 12 1 1 1 9 12 1 1 9 12 1 9 12 1 1 9 12 1 9 12 1 1 9 12 1 1 7 1 10 12 1 9 12 1 1 10 12 1 1 10 7 12 1 1 1 9 12 1 9 12 1 1 9 12 1 10 12 1 1 9 12 10 12 1 1 7 1 10 8 1 10 12 1 1 10 12 1 10 7 1 7 1 10 12 1 1 10 7 12 1 1 1 8 1 10 12 1 10 12 1 10 12 1 1 10 12 1 1 10 12 1 1 10 12 1 1 10 12 1 1 10 12 1 7 1 10 12 1 10 7 12 1 1 1 10 12 1 1 10 12 1 10 12 1 10 12 1 10 12 1 10 12 1 1 10 10 12 1 10 12 1 10 100 12 1 1 10 12 1 1 10 12 1 1 10 12 1 100 1 10 12 1 100 1 10 12 1 10 100 12 1 1 1 10 10 12 1 1 10 12 1 1 100 1 8 1 10 8 1 10 12 1 10 12 1 100 1 8 1 10 12 1 1 10 12 1 1 10 10 12 1 1 10 12 1 1 10 12 1 1 10 7 1 10 12 1 1 10 12 1 1 10 12 1 1 10 12 1 1 10 12 1 1 10 12 1 1 10 12 1 10 7 12 1 1 1 10 12 1 10 12 1 10 12 1 1 10 12 1 10 12 1 10 12 1 10 12 1 1 10 12 1 10 12 1 1 8 1 9 12 1 10 12 1 1 8 1 8 1 10 7 12 1 1 100 1 10 10 12 10 12 1 10 12 1 10 12 1 10 12 1 1 10 7 12 1 1 10 12 1 10 7 1 7 1 10 12 1 1 10 12 1 10 7 1 10 12 1 100 1 18 12 1 10 100 12 1 1 1 10 100 12 1 1 1 10 7 12 1 1 10 12 1 10 12 1 100 1 10 12 1 8 1 10 10 12 1 1 10 12 1 10 12 1 1 100 1 10 12 1 10 12 1 1 10 7 12 1 1 10 12 1 8 1 100 1 10 10 12 1 9 12 1 10 7 12 1 1 10 12 1 100 1 8 1 10 12 1 10 8 1 8 1 10 12 1 1 10 12 1 1 10 12 1 1 10 100 12 1 1 100 1 100 1 10 12 1 1 100 1 100 1 10 100 12 1 1 10 12 1 10 12 1 1 10 12 1 10 12 1 1 10 12 1 1 9 100 12 1 1 1 10 12 1 1 10 12 1 10 12 1 10 12 1 1 10 12 1 8 1 7 1 18 12 1 1 10 12 1 1 10 12 1 10 12 1 10 12 1 8 1 10 12 1 10 12 1 18 12 1 11 100 12 1 1 1 100 1 10 12 1 1 10 12 1 10 11 12 1 1 10 18 10 12 1 1 11 100 12 1 18 12 1 11 12 1 1 10 12 10 12 1 1 10 12 1 1 100 1 8 1 10 10 12 1 8 1 8 1 10 100 12 1 1 10 12 1 100 1 10 10 12 1 8 1 8 1 8 1 10 12 1 10 12 1 1 10 12 1 10 100 12 1 1 1 11 100 12 1 1 100 1 10 11 10 12 1 10 12 1 10 12 1 1 9 100 12 1 1 9 12 1 1 9 12 9 12 1 9 12 1 9 12 1 8 10 12 1 1 10 7 12 1 1 1 10 12 1 1 10 12 1 1 10 12 1 10 10 12 1 11 12 1 1 10 100 12 1 1 1 100 1 10 12 1 10 12 1 10 12 1 1 1 1 1 1 1 1 1 1 1 1 1 1 1 1 1 1 1 1 1 1 1 1 1 1 1 1 100 1 1 1 1 1 1 1 1 1 1 1 1 1 1 1 1 1 1 1 1 1 100 1 1 1 1 1 1 1 1 1 1 100 1 1 1 1 1 1 1 1 1 1 1 1 1 1 1 1 1 1 1 1 1 1 1 1 1 1 1 1 1 1 1 1 1 1 1 1 1 1 1 1 1 100 1 1 1 1 1 1 1 1 1 1 1 1 1 1 1 1 1 1 1 100 1 1 1 1 1 1 1 1 1 1 1 1 1 1 1 1 1 1 1 1 1 1 1 1 1 1 1 1 1 1 1 1 1 1 1 1 1 1 1 1 1 1 1 1 1 1 1 1 1 1 100 1 1 1 1 1 1 1 1 1 1 1 1 1 1 1 1 1 1 1 1 1 1 1 1 1 1 1 1 1 1 1 1 1 1 1 1 1 1 1 1 1 1 1 1 1 1 16 1 15 10 12 16 1 16 15 10 12 16 1 16 1 15 10 12 16 15 10 12 16 15 10 12 16 15 10 100 12 1 1 1 1 1 100 1 100 1 1
staticfield java/lang/ClassLoader nocerts [Ljava/security/cert/Certificate; 0 [Ljava/security/cert/Certificate;
staticfield java/lang/ClassLoader $assertionsDisabled Z 1
ciInstanceKlass java/lang/System 1 1 834 10 100 12 1 1 1 9 7 12 1 1 1 10 12 1 10 12 1 1 10 12 1 1 10 12 1 9 12 1 1 10 7 12 1 1 1 11 100 12 1 1 1 10 100 12 1 1 1 10 12 1 1 10 12 1 1 100 1 8 1 10 12 1 10 100 12 1 1 1 10 7 12 1 1 1 18 12 1 1 10 100 12 1 1 1 100 1 10 12 1 1 10 100 12 1 1 1 10 12 1 10 7 12 1 1 1 9 100 12 1 1 1 10 100 12 1 1 1 11 7 12 1 1 1 10 12 1 1 10 7 12 1 1 1 100 1 10 10 12 1 1 8 1 10 12 1 8 1 10 12 1 9 12 1 1 8 1 10 7 12 1 1 1 10 12 1 1 100 1 8 1 10 9 12 1 1 8 1 10 12 1 1 10 100 12 1 1 1 8 1 10 12 1 100 1 10 12 1 8 1 10 12 1 10 12 1 1 100 1 10 12 10 12 1 9 12 1 1 9 12 1 1 10 7 12 1 1 1 10 7 12 1 1 1 10 12 1 1 10 12 1 10 12 1 10 7 12 1 1 1 10 12 1 100 1 100 1 8 1 10 12 1 10 12 1 1 7 1 10 12 1 100 1 8 1 10 10 12 1 100 1 8 1 10 8 1 10 7 12 1 1 8 1 10 12 100 1 8 1 10 10 12 1 1 10 7 12 1 1 1 100 1 18 12 1 100 1 9 100 12 1 1 1 10 12 1 100 1 10 12 1 1 10 12 1 1 10 7 12 1 1 1 10 12 1 1 10 12 1 10 12 1 10 12 1 1 10 12 1 7 1 10 12 1 9 7 12 1 1 1 10 7 12 1 1 1 10 12 1 10 12 1 10 7 12 1 1 1 100 1 8 1 10 9 12 1 9 12 1 10 12 1 10 100 12 1 1 10 12 1 10 12 1 1 8 1 10 12 1 1 8 1 11 12 1 10 12 11 12 1 1 11 7 12 1 1 1 11 7 12 1 1 11 12 1 1 7 1 11 12 1 10 12 1 8 1 10 12 1 1 8 1 8 1 8 1 8 1 11 12 1 10 12 1 10 12 1 10 12 1 8 1 10 12 1 1 8 1 9 12 1 8 1 10 7 12 1 1 8 1 7 1 9 7 12 1 1 1 10 12 1 7 1 9 12 10 9 12 7 1 10 12 9 12 1 1 8 1 10 12 1 1 8 1 10 7 12 1 1 10 12 1 10 12 1 1 11 7 12 1 1 10 12 10 7 12 1 1 1 9 12 1 1 100 1 8 1 10 12 1 1 10 7 12 1 1 1 7 1 10 12 1 1 10 12 1 8 1 8 1 10 8 1 8 1 8 1 8 1 10 10 7 12 1 1 10 12 1 10 12 1 1 10 12 1 1 10 12 1 10 100 12 1 1 1 10 100 1 8 1 10 10 10 12 1 1 10 12 1 1 8 1 10 12 1 8 1 8 1 10 12 1 10 7 12 1 1 1 10 12 1 1 7 1 10 10 12 1 10 12 1 9 12 1 1 3 1 3 1 1 1 1 1 1 1 1 1 1 1 1 100 1 1 100 1 1 1 1 1 1 1 1 1 1 1 100 1 100 1 1 1 1 1 1 1 1 1 1 1 1 1 1 1 1 1 1 1 1 1 1 1 1 1 1 1 1 1 1 1 1 1 1 1 1 1 1 1 1 1 1 1 1 1 1 1 1 1 1 1 1 1 1 1 1 1 1 100 1 1 1 1 1 1 1 1 1 1 1 1 1 1 1 1 1 1 1 1 1 1 1 1 1 1 1 1 1 1 1 1 1 100 1 1 16 15 10 12 1 1 16 15 10 12 16 1 15 10 100 12 1 1 1 1 1 1 1 1 1 100 1 100 1 1
staticfield java/lang/System in Ljava/io/InputStream; java/io/BufferedInputStream
staticfield java/lang/System out Ljava/io/PrintStream; java/io/PrintStream
staticfield java/lang/System err Ljava/io/PrintStream; java/io/PrintStream
instanceKlass java/lang/Exception
instanceKlass java/lang/Error
ciInstanceKlass java/lang/Throwable 1 1 404 10 7 12 1 1 1 9 7 12 1 1 1 9 12 1 1 9 12 1 9 12 1 1 9 12 1 10 12 1 1 9 12 1 1 10 12 1 1 10 12 1 100 1 100 1 10 8 1 10 12 1 1 8 1 10 100 12 1 1 10 10 12 1 100 1 8 1 10 10 12 1 1 10 7 12 1 1 10 12 1 8 1 9 100 12 1 1 1 10 12 1 1 100 1 10 12 10 12 1 10 100 12 1 1 1 100 1 10 12 10 12 1 10 12 1 100 1 10 10 7 12 1 1 1 11 100 12 1 1 1 10 12 1 1 10 12 1 1 8 1 10 12 1 10 12 1 1 8 1 8 1 10 12 1 1 10 12 1 8 1 8 1 9 12 1 1 10 12 1 1 100 1 10 11 12 1 8 1 8 1 10 7 12 1 1 8 1 10 12 1 8 1 100 1 10 12 1 9 12 1 1 10 12 1 10 7 12 1 9 12 1 1 10 12 1 1 100 1 8 1 10 12 1 10 100 12 1 1 10 12 1 1 100 1 10 100 12 1 1 1 10 12 1 11 100 12 1 1 1 11 100 12 1 1 11 12 1 8 1 10 12 1 1 8 1 10 10 9 100 12 1 1 1 8 1 10 12 1 1 11 10 100 1 8 1 10 11 12 1 1 8 1 9 12 1 10 100 12 1 1 11 9 12 1 1 11 12 1 1 100 10 12 1 10 12 1 1 100 1 1 1 1 5 0 1 1 1 1 1 1 1 1 1 1 1 1 1 100 1 1 1 1 1 1 1 1 1 1 1 1 1 1 1 1 1 1 1 1 1 1 1 1 1 1 1 1 1 1 1 1 1 1 1 1 1 1 1 1 1 1 1 1 7 1 7 1 1 1 1 1 1 1 1 1 1 1 1 1 1 1 1 1 1
staticfield java/lang/Throwable UNASSIGNED_STACK [Ljava/lang/StackTraceElement; 0 [Ljava/lang/StackTraceElement;
staticfield java/lang/Throwable SUPPRESSED_SENTINEL Ljava/util/List; java/util/Collections$EmptyList
staticfield java/lang/Throwable EMPTY_THROWABLE_ARRAY [Ljava/lang/Throwable; 0 [Ljava/lang/Throwable;
staticfield java/lang/Throwable $assertionsDisabled Z 1
instanceKlass kotlin/NotImplementedError
instanceKlass java/util/ServiceConfigurationError
instanceKlass java/lang/AssertionError
instanceKlass java/lang/VirtualMachineError
instanceKlass java/lang/LinkageError
ciInstanceKlass java/lang/Error 1 1 40 10 7 12 1 1 1 10 12 1 10 12 1 10 12 1 10 12 1 100 1 1 1 1 5 0 1 1 1 1 1 1 1 1 1 1 1 1 1 1
instanceKlass sun/security/ec/ECOperations$IntermediateValueException
instanceKlass sun/security/pkcs11/wrapper/PKCS11Exception
instanceKlass java/security/GeneralSecurityException
instanceKlass org/ballerinalang/maven/exceptions/MavenResolverException
instanceKlass sun/nio/fs/WindowsException
instanceKlass io/ballerina/semver/checker/exception/SemverToolException
instanceKlass io/ballerina/protoc/exception/CodeBuilderException
instanceKlass io/ballerina/protoc/protobuf/exception/CodeGeneratorException
instanceKlass io/ballerina/persist/BalException
instanceKlass io/ballerina/openapi/core/generators/client/exception/ClientException
instanceKlass io/ballerina/openapi/core/generators/type/exception/OASTypeGenException
instanceKlass io/ballerina/openapi/core/generators/common/exception/BallerinaOpenApiException
instanceKlass io/ballerina/graphql/generator/service/exception/ServiceGenerationException
instanceKlass io/ballerina/graphql/schema/exception/SchemaFileGenerationException
instanceKlass io/ballerina/graphql/generator/client/exception/ClientCodeGenerationException
instanceKlass io/ballerina/graphql/exception/ValidationException
instanceKlass io/ballerina/graphql/exception/ParseException
instanceKlass io/ballerina/graphql/exception/CmdException
instanceKlass org/ballerinalang/maven/bala/client/MavenResolverClientException
instanceKlass java/net/URISyntaxException
instanceKlass org/ballerinalang/central/client/exceptions/CentralClientException
instanceKlass org/ballerinalang/bindgen/exceptions/BindgenException
instanceKlass io/ballerina/asyncapi/websocketscore/exception/BallerinaAsyncApiExceptionWs
instanceKlass org/ballerinalang/formatter/core/FormatterException
instanceKlass io/ballerina/asyncapi/codegenerator/configuration/BallerinaAsyncApiException
instanceKlass org/ballerinalang/toml/exceptions/TomlException
instanceKlass java/sql/SQLException
instanceKlass java/text/ParseException
instanceKlass java/lang/CloneNotSupportedException
instanceKlass javax/management/JMException
instanceKlass java/lang/InterruptedException
instanceKlass java/security/PrivilegedActionException
instanceKlass java/io/IOException
instanceKlass java/lang/ReflectiveOperationException
instanceKlass java/lang/RuntimeException
ciInstanceKlass java/lang/Exception 1 1 40 10 7 12 1 1 1 10 12 1 10 12 1 10 12 1 10 12 1 100 1 1 1 1 5 0 1 1 1 1 1 1 1 1 1 1 1 1 1 1
instanceKlass io/ballerina/runtime/api/values/BError
instanceKlass java/lang/TypeNotPresentException
instanceKlass org/wso2/ballerinalang/compiler/bir/codegen/exceptions/JInteropException
instanceKlass java/util/concurrent/RejectedExecutionException
instanceKlass okhttp3/internal/connection/RouteException
instanceKlass java/security/ProviderException
instanceKlass kotlin/UninitializedPropertyAccessException
instanceKlass java/io/UncheckedIOException
instanceKlass io/ballerina/projects/exceptions/InvalidBalaException
instanceKlass com/github/zafarkhaja/semver/util/UnexpectedElementException
instanceKlass java/util/ConcurrentModificationException
instanceKlass io/ballerina/toml/validator/schema/JsonSchemaException
instanceKlass com/github/zafarkhaja/semver/ParseException
instanceKlass java/lang/MatchException
instanceKlass org/yaml/snakeyaml/error/YAMLException
instanceKlass java/nio/file/FileSystemAlreadyExistsException
instanceKlass java/nio/file/FileSystemNotFoundException
instanceKlass java/lang/IndexOutOfBoundsException
instanceKlass com/google/gson/JsonParseException
instanceKlass io/ballerina/projects/ProjectException
instanceKlass java/lang/reflect/UndeclaredThrowableException
instanceKlass java/util/MissingResourceException
instanceKlass java/util/NoSuchElementException
instanceKlass java/lang/UnsupportedOperationException
instanceKlass picocli/CommandLine$PicocliException
instanceKlass io/ballerina/cli/launcher/RuntimePanicException
instanceKlass io/ballerina/cli/launcher/BLauncherException
instanceKlass org/ballerinalang/compiler/BLangCompilerException
instanceKlass java/lang/IllegalStateException
instanceKlass java/lang/SecurityException
instanceKlass java/lang/IllegalArgumentException
instanceKlass java/lang/ArithmeticException
instanceKlass java/lang/NullPointerException
instanceKlass java/lang/IllegalMonitorStateException
instanceKlass java/lang/ArrayStoreException
instanceKlass java/lang/ClassCastException
ciInstanceKlass java/lang/RuntimeException 1 1 40 10 7 12 1 1 1 10 12 1 10 12 1 10 12 1 10 12 1 100 1 1 1 1 5 0 1 1 1 1 1 1 1 1 1 1 1 1 1 1
ciInstanceKlass java/lang/SecurityManager 0 0 576 10 100 12 1 1 1 9 100 12 1 1 1 10 100 12 1 1 1 100 1 8 1 10 12 1 10 12 1 1 10 100 12 1 1 1 10 100 1 10 100 1 10 9 100 12 1 1 1 10 100 12 1 1 1 10 12 1 1 10 100 12 1 1 100 1 8 1 10 9 12 1 1 9 12 1 8 1 9 12 1 100 1 10 8 1 10 12 1 1 10 12 1 10 12 1 1 100 1 10 10 12 1 1 100 1 8 1 10 12 1 8 1 8 1 8 1 8 1 8 1 8 1 10 12 1 8 1 8 1 8 1 8 1 8 1 10 100 12 1 1 1 10 12 1 1 8 1 100 1 8 1 10 8 1 8 1 8 1 8 1 8 1 10 100 12 1 1 8 1 100 1 8 1 8 1 10 8 1 10 12 1 100 1 8 1 10 10 12 1 1 10 12 1 10 12 1 10 12 1 10 100 12 1 1 1 10 12 1 10 100 12 1 1 11 100 12 1 1 1 18 12 1 1 11 100 12 1 1 1 18 12 1 1 11 12 1 1 18 18 11 12 1 18 12 1 11 12 1 1 9 12 1 1 9 12 1 9 12 1 9 12 1 100 1 10 100 12 1 1 10 12 1 10 12 1 18 12 1 18 10 100 12 1 1 1 18 12 1 10 12 1 18 18 8 1 10 12 1 9 12 1 1 11 100 12 1 1 1 8 1 100 1 10 12 1 10 12 1 1 10 12 1 1 9 12 1 1 10 12 1 10 12 1 1 8 1 100 1 10 9 12 1 8 1 10 12 1 8 1 100 1 10 10 100 12 1 1 10 100 1 9 100 12 1 1 1 11 12 1 1 10 12 1 11 12 1 10 12 1 100 1 10 10 12 1 1 10 12 1 1 1 1 1 1 1 1 1 1 1 100 1 1 1 1 1 1 1 1 1 1 1 1 1 1 1 1 1 1 1 1 1 1 1 1 1 1 1 1 1 1 1 1 1 1 1 1 1 1 1 1 1 1 1 1 1 1 1 1 1 1 1 1 1 1 1 1 3 1 1 1 1 1 1 1 1 1 1 100 1 1 1 1 1 1 1 1 1 1 1 1 1 1 1 1 1 1 1 1 1 1 1 1 1 1 1 1 1 1 1 1 1 1 1 1 1 1 16 15 10 100 12 1 1 1 16 1 16 15 10 12 16 1 15 10 12 16 15 11 100 1 16 1 16 1 15 10 12 16 15 10 12 16 15 10 12 1 16 1 15 11 12 1 15 10 12 16 15 10 16 1 15 10 100 12 1 1 1 1 1 1 100 1 100 1 1
ciInstanceKlass java/security/ProtectionDomain 1 1 348 10 7 12 1 1 1 9 7 12 1 1 1 7 1 10 9 12 1 1 9 12 1 1 9 12 1 1 10 7 12 1 1 7 1 9 12 1 9 12 1 1 7 1 9 12 1 1 9 12 1 10 100 12 1 1 10 100 12 1 1 1 10 12 1 1 10 12 1 9 12 1 9 100 12 1 1 10 12 1 1 10 100 1 10 12 1 1 8 1 100 1 8 1 10 12 1 10 11 10 100 12 1 1 1 10 12 1 1 8 1 11 8 1 10 12 1 8 1 8 1 10 12 1 1 10 12 1 10 12 1 1 10 12 1 8 1 10 12 1 8 1 8 1 10 100 12 1 1 1 9 100 12 1 1 1 10 12 1 1 9 100 12 1 1 1 10 100 12 1 1 1 100 1 18 12 1 1 10 100 12 1 1 1 10 100 1 10 12 1 10 12 1 1 11 100 12 1 1 11 12 1 100 1 11 100 12 1 1 1 10 12 1 10 11 12 1 1 11 12 1 1 10 12 1 10 7 12 1 1 10 100 12 1 1 11 12 1 10 12 10 12 1 8 1 8 1 10 7 12 1 1 1 7 1 10 10 7 12 1 1 1 1 1 1 1 1 1 1 100 1 1 100 1 1 1 1 1 1 1 1 1 1 1 1 1 1 1 1 1 1 1 1 1 1 1 1 1 1 1 1 1 1 1 1 1 1 1 1 1 1 1 1 1 1 1 1 100 1 1 1 1 1 1 100 1 1 16 15 10 12 16 15 10 100 12 1 1 1 1 1 1 1 100 1 100 1 1
staticfield java/security/ProtectionDomain filePermCompatInPD Z 0
ciInstanceKlass java/security/AccessControlContext 1 1 374 9 7 12 1 1 1 9 12 1 1 10 100 12 1 1 1 8 1 10 100 12 1 1 1 10 7 12 1 1 1 9 12 1 9 12 1 1 9 12 1 1 10 7 12 1 1 100 1 10 12 1 11 100 12 1 1 1 11 12 1 11 12 1 11 12 1 1 7 1 11 12 1 1 10 12 1 10 7 12 1 1 1 9 100 12 1 1 1 10 100 12 1 1 1 11 100 12 1 1 1 10 7 1 100 1 8 1 10 12 1 10 12 1 1 7 1 10 7 12 1 1 1 9 12 1 9 12 1 9 12 1 9 12 1 1 9 12 1 1 9 12 1 9 12 1 10 7 12 1 1 1 9 12 1 10 12 1 1 10 12 1 1 8 1 10 12 1 1 10 12 1 1 10 100 12 1 1 1 100 1 10 10 12 1 1 10 100 12 1 1 1 10 8 1 10 100 12 1 1 8 1 10 100 12 1 1 8 1 8 1 10 12 1 8 1 10 12 1 8 1 10 12 1 10 12 1 10 12 1 1 8 1 8 1 100 1 10 12 1 10 12 1 1 100 1 10 12 1 8 1 10 12 1 10 12 1 10 8 1 10 12 1 1 10 12 1 1 10 12 1 1 10 12 1 1 10 12 1 10 12 1 11 10 12 1 10 12 1 1 10 10 10 12 1 1 1 1 1 1 1 1 1 1 1 1 1 1 1 1 1 1 1 1 1 1 1 1 100 1 1 1 1 1 1 1 1 1 1 1 1 1 1 1 1 1 1 1 1 1 1 1 1 1 1 1 1 1 1 1 1 1 1 1 1 1 1 1 1 1 1 1 1 1 1 1 1 1 1 1 1 3 1 1
ciInstanceKlass java/security/AccessController 1 1 295 10 100 12 1 1 1 10 7 12 1 1 1 10 7 12 1 1 1 10 12 1 1 10 12 1 1 10 7 12 1 1 1 10 12 1 1 10 12 1 10 12 1 1 10 12 1 100 1 8 1 10 12 1 10 12 1 10 12 1 1 10 12 1 7 1 7 1 10 12 1 1 10 12 1 10 12 1 10 12 1 1 10 7 12 1 1 1 10 12 1 1 9 100 12 1 1 1 10 100 12 1 1 1 10 12 1 10 12 1 9 100 12 1 1 1 10 12 1 10 12 1 1 9 12 1 1 10 100 1 10 11 7 12 1 1 1 10 7 12 1 1 11 7 1 7 1 10 12 1 10 12 1 10 12 1 8 1 10 12 1 1 8 1 10 100 12 1 1 1 8 1 100 1 10 10 12 1 1 10 12 1 10 7 12 1 1 1 10 12 1 8 1 10 100 12 1 1 8 1 8 1 10 12 1 8 1 10 12 1 10 12 1 1 10 12 1 1 1 1 1 1 1 1 1 1 1 1 1 1 1 1 1 1 1 1 1 1 1 1 1 1 1 1 100 1 1 1 1 1 1 1 1 1 1 1 1 1 1 1 1 1 1 1 1 1 1 1 1 1 1 1 1 1 1 1 1 1 1 100 1 100 1 1 1 1 1 1 1 1 1 3 1 1 1
staticfield java/security/AccessController $assertionsDisabled Z 1
instanceKlass jdk/internal/loader/BuiltinClassLoader
instanceKlass java/net/URLClassLoader
ciInstanceKlass java/security/SecureClassLoader 1 1 102 10 7 12 1 1 1 7 1 10 12 1 9 7 12 1 1 1 10 12 1 10 12 1 10 12 1 1 10 12 1 1 10 12 1 7 1 10 7 1 10 12 1 7 1 10 12 1 11 7 12 1 1 1 7 1 11 12 1 10 12 1 1 1 1 1 1 1 1 1 1 1 1 1 1 1 1 1 1 1 1 1 1 1 1 1 1 1 1 1 1 1 1 1 1 1 1 100 1 1 1 1
instanceKlass java/lang/InstantiationException
instanceKlass java/lang/IllegalAccessException
instanceKlass java/lang/reflect/InvocationTargetException
instanceKlass java/lang/NoSuchFieldException
instanceKlass java/lang/NoSuchMethodException
instanceKlass java/lang/ClassNotFoundException
ciInstanceKlass java/lang/ReflectiveOperationException 1 1 34 10 7 12 1 1 1 10 12 1 10 12 1 10 12 1 100 1 1 1 1 5 0 1 1 1 1 1 1 1 1 1 1 1
ciInstanceKlass java/lang/ClassNotFoundException 1 1 96 7 1 10 7 12 1 1 1 10 12 1 10 12 1 1 10 100 12 1 1 1 8 1 10 100 12 1 1 1 10 7 12 1 1 10 100 12 1 1 1 10 100 12 1 1 1 10 12 1 1 7 1 10 12 1 9 12 1 1 1 1 1 5 0 1 1 1 1 1 1 1 1 1 1 1 1 1 1 1 1 1 1 100 1 1 1 1 1 1 1 1 1 1 1 1
staticfield java/lang/ClassNotFoundException serialPersistentFields [Ljava/io/ObjectStreamField; 1 [Ljava/io/ObjectStreamField;
instanceKlass org/wso2/ballerinalang/compiler/bir/codegen/model/BIRFunctionWrapper
instanceKlass org/wso2/ballerinalang/compiler/bir/model/BirScope
instanceKlass org/wso2/ballerinalang/compiler/semantics/analyzer/TypeChecker$GlobalStateSnapshot
instanceKlass io/ballerina/types/typeops/FieldPair
instanceKlass io/ballerina/types/FunctionAtomicType
instanceKlass io/ballerina/types/definition/FunctionQualifiers
instanceKlass io/ballerina/types/definition/Member
instanceKlass io/ballerina/types/definition/ObjectQualifiers
instanceKlass io/ballerina/types/definition/Field
instanceKlass jdk/internal/misc/ThreadTracker$ThreadRef
instanceKlass org/wso2/ballerinalang/compiler/BIRPackageSymbolEnter$AtomOffsets
instanceKlass io/ballerina/projects/PackageManifest$Module
instanceKlass org/wso2/ballerinalang/compiler/semantics/model/types/SemNamedType
instanceKlass io/ballerina/types/definition/CellField
instanceKlass io/ballerina/types/subtypedata/BddNodeImpl
instanceKlass io/ballerina/types/ListAtomicType
instanceKlass io/ballerina/types/FixedLengthArray
instanceKlass io/ballerina/types/MappingAtomicType
instanceKlass io/ballerina/types/TypeAtom
instanceKlass io/ballerina/types/PredefinedTypeEnv$InitializedTypeAtom
instanceKlass io/ballerina/types/CellAtomicType
instanceKlass io/ballerina/types/Atom$AtomIdentifier
instanceKlass io/ballerina/types/typeops/BddCommonOps$BddOpMemoKey
instanceKlass io/ballerina/types/typeops/BddCommonOps$BddOpMemo
instanceKlass io/ballerina/types/subtypedata/BddNodeSimple
instanceKlass io/ballerina/types/ListMemberTypes
instanceKlass io/ballerina/types/ComplexSemTypeImpl
instanceKlass java/security/SecureClassLoader$CodeSourceKey
instanceKlass jdk/net/UnixDomainPrincipal
instanceKlass jdk/jfr/internal/jfc/model/Constraint
instanceKlass java/nio/DirectByteBuffer$Deallocator
instanceKlass jdk/jfr/internal/query/ViewFile$ViewConfiguration
instanceKlass jdk/jfr/internal/dcmd/Argument
instanceKlass java/lang/reflect/Proxy$ProxyBuilder$ProxyClassContext
instanceKlass jdk/internal/module/ModuleReferenceImpl$CachedHash
instanceKlass java/util/stream/Collectors$CollectorImpl
instanceKlass jdk/internal/reflect/ReflectionFactory$Config
instanceKlass jdk/internal/foreign/abi/UpcallLinker$CallRegs
instanceKlass jdk/internal/foreign/abi/VMStorage
ciInstanceKlass java/lang/Record 1 1 22 10 7 12 1 1 1 100 1 1 1 1 1 1 1 1 1 1 1 1 1 1
instanceKlass java/lang/IncompatibleClassChangeError
instanceKlass java/lang/BootstrapMethodError
instanceKlass java/lang/NoClassDefFoundError
ciInstanceKlass java/lang/LinkageError 1 1 31 10 7 12 1 1 1 10 12 1 10 12 1 100 1 1 1 1 5 0 1 1 1 1 1 1 1 1 1 1 1
ciInstanceKlass java/lang/NoClassDefFoundError 0 0 26 10 100 12 1 1 1 10 12 1 100 1 1 1 1 5 0 1 1 1 1 1 1 1 1 1
ciInstanceKlass java/lang/ClassCastException 1 1 26 10 100 12 1 1 1 10 12 1 100 1 1 1 1 5 0 1 1 1 1 1 1 1 1 1
ciInstanceKlass java/lang/ArrayStoreException 1 1 26 10 100 12 1 1 1 10 12 1 100 1 1 1 1 5 0 1 1 1 1 1 1 1 1 1
instanceKlass java/lang/StackOverflowError
instanceKlass java/lang/OutOfMemoryError
instanceKlass java/lang/InternalError
ciInstanceKlass java/lang/VirtualMachineError 1 1 34 10 100 12 1 1 1 10 12 1 10 12 1 10 12 1 100 1 1 1 1 5 0 1 1 1 1 1 1 1 1 1 1 1
ciInstanceKlass java/lang/InternalError 0 0 34 10 100 12 1 1 1 10 12 1 10 12 1 10 12 1 100 1 1 1 1 5 0 1 1 1 1 1 1 1 1 1 1 1
ciInstanceKlass java/lang/OutOfMemoryError 1 1 26 10 100 12 1 1 1 10 12 1 100 1 1 1 1 5 0 1 1 1 1 1 1 1 1 1
ciInstanceKlass java/lang/StackOverflowError 1 1 26 10 100 12 1 1 1 10 12 1 100 1 1 1 1 5 0 1 1 1 1 1 1 1 1 1
ciInstanceKlass java/lang/IllegalMonitorStateException 1 1 26 10 100 12 1 1 1 10 12 1 100 1 1 1 1 5 0 1 1 1 1 1 1 1 1 1
instanceKlass java/lang/ref/PhantomReference
instanceKlass java/lang/ref/FinalReference
instanceKlass java/lang/ref/WeakReference
instanceKlass java/lang/ref/SoftReference
ciInstanceKlass java/lang/ref/Reference 1 1 190 9 7 12 1 1 1 9 7 12 1 1 10 12 1 1 10 12 1 1 9 12 1 1 10 12 1 1 9 12 1 1 9 12 1 1 7 1 10 12 1 10 7 12 1 1 10 12 1 10 12 1 1 10 12 1 7 1 8 1 10 12 1 1 7 1 10 12 1 1 10 12 1 1 10 12 1 9 12 1 10 12 1 1 10 12 1 10 12 1 9 12 1 100 1 100 1 10 12 9 12 1 9 12 1 100 1 10 10 12 1 10 10 7 12 1 1 7 1 10 10 7 12 1 1 1 1 1 1 1 1 1 1 1 1 1 1 1 1 1 1 1 100 1 1 1 100 1 1 1 1 1 1 1 1 1 1 1 1 1 1 1 1 1 1 1 1 1 1 1 1 1 1 1 1 1 1 1 1 1 1 1 100 1 100 1 100 1 1 1
staticfield java/lang/ref/Reference processPendingLock Ljava/lang/Object; java/lang/Object
staticfield java/lang/ref/Reference $assertionsDisabled Z 1
instanceKlass sun/security/util/MemoryCache$SoftCacheEntry
instanceKlass sun/util/locale/provider/LocaleResources$ResourceReference
instanceKlass sun/util/resources/Bundles$BundleReference
instanceKlass java/util/ResourceBundle$BundleReference
instanceKlass java/io/ClassCache$CacheRef
instanceKlass sun/util/locale/LocaleObjectCache$CacheEntry
instanceKlass java/lang/invoke/LambdaFormEditor$Transform
ciInstanceKlass java/lang/ref/SoftReference 1 1 47 10 7 12 1 1 1 9 7 12 1 1 1 9 12 1 10 12 1 10 12 1 1 1 1 1 1 1 1 1 1 1 1 1 1 1 1 1 1 1 1 100 1 1 1 1 1
instanceKlass okhttp3/internal/connection/Transmitter$TransmitterReference
instanceKlass javax/crypto/JceSecurity$WeakIdentityWrapper
instanceKlass java/util/ResourceBundle$KeyElementReference
instanceKlass sun/rmi/transport/WeakRef
instanceKlass java/util/logging/LogManager$LoggerWeakRef
instanceKlass java/util/logging/Level$KnownLevel
instanceKlass java/lang/WeakPairMap$WeakRefPeer
instanceKlass com/sun/jmx/mbeanserver/WeakIdentityHashMap$IdentityWeakReference
instanceKlass java/lang/ClassValue$Entry
instanceKlass java/lang/ThreadLocal$ThreadLocalMap$Entry
instanceKlass jdk/internal/util/WeakReferenceKey
instanceKlass java/util/WeakHashMap$Entry
ciInstanceKlass java/lang/ref/WeakReference 1 1 31 10 7 12 1 1 1 10 12 1 100 1 1 1 1 1 1 1 1 1 1 1 1 1 1 1 1 1 1 1 1
instanceKlass java/lang/ref/Finalizer
ciInstanceKlass java/lang/ref/FinalReference 1 1 50 10 7 12 1 1 1 10 100 12 1 1 1 10 12 1 1 100 1 8 1 10 12 1 1 1 1 1 1 1 1 1 1 1 1 1 1 1 1 1 1 1 1 1 1 1 1 1 100 1
instanceKlass jdk/internal/ref/PhantomCleanable
instanceKlass jdk/internal/ref/Cleaner
ciInstanceKlass java/lang/ref/PhantomReference 1 1 39 10 100 12 1 1 1 10 7 12 1 1 1 1 1 1 1 1 1 1 1 1 1 1 1 1 1 1 1 1 1 1 1 1 1 1 1 1 1
ciInstanceKlass java/lang/ref/Finalizer 1 1 155 9 7 12 1 1 1 10 7 12 1 1 1 9 12 1 1 9 12 1 1 9 12 1 9 12 1 9 12 1 1 10 12 1 100 1 8 1 10 12 1 10 12 1 1 9 12 1 100 1 10 12 1 100 1 11 100 12 1 1 10 12 1 100 1 10 12 1 100 1 10 12 1 10 100 12 1 1 1 10 100 12 1 1 1 100 1 10 10 12 1 7 1 10 12 1 7 1 10 12 1 1 10 12 1 1 10 12 1 10 7 12 1 1 1 7 1 10 7 1 10 10 12 1 1 1 1 1 1 1 1 1 1 1 1 1 1 1 1 1 1 1 1 1 1 1 1 1 1 1 1 1 1 1 1
staticfield java/lang/ref/Finalizer lock Ljava/lang/Object; java/lang/Object
staticfield java/lang/ref/Finalizer ENABLED Z 1
staticfield java/lang/ref/Finalizer $assertionsDisabled Z 1
ciInstanceKlass java/lang/Runnable 1 0 11 100 1 100 1 1 1 1 1 1 1
instanceKlass okio/AsyncTimeout$Watchdog
instanceKlass java/util/logging/LogManager$Cleaner
instanceKlass java/util/concurrent/ForkJoinWorkerThread
instanceKlass jdk/internal/misc/InnocuousThread
instanceKlass java/lang/ref/Finalizer$FinalizerThread
instanceKlass java/lang/ref/Reference$ReferenceHandler
instanceKlass java/lang/BaseVirtualThread
ciInstanceKlass java/lang/Thread 1 1 870 10 7 12 1 1 1 9 12 1 1 10 7 12 1 1 10 12 1 10 100 12 1 1 100 1 8 1 10 12 1 1 9 12 1 9 12 1 1 9 12 1 1 100 1 10 12 1 1 10 12 1 10 100 12 1 1 1 10 12 9 12 1 1 10 12 1 100 1 10 12 1 100 1 8 1 10 9 100 12 1 1 1 10 12 1 1 10 12 1 1 10 12 1 1 10 12 1 10 12 1 1 3 8 1 100 1 5 0 10 7 12 1 1 1 9 12 1 10 12 1 1 10 7 12 1 1 1 10 7 12 1 1 1 10 12 1 1 10 12 1 1 9 12 1 1 10 100 1 8 1 10 7 1 10 12 1 9 12 1 1 10 100 12 1 1 1 10 10 12 1 1 9 100 12 1 1 1 10 12 1 1 10 12 1 1 10 7 12 1 1 10 12 1 10 12 1 10 7 12 1 1 9 12 1 10 7 12 1 1 1 10 12 1 1 9 12 1 1 9 12 1 1 10 7 12 1 1 1 9 12 1 1 10 100 12 1 1 10 100 12 1 1 1 10 12 1 10 12 1 10 7 12 1 1 9 12 1 8 1 9 100 12 1 1 9 12 1 1 5 0 100 1 10 100 1 10 100 1 10 7 1 10 8 1 10 12 1 1 10 7 12 1 10 12 1 10 12 1 100 1 8 1 10 10 12 1 10 12 1 1 10 100 12 1 1 1 10 100 12 1 1 1 10 12 1 7 1 9 12 1 1 100 1 10 10 12 1 9 12 1 1 10 12 1 1 10 12 1 1 10 12 1 10 12 1 9 12 1 1 10 10 12 1 1 10 12 1 1 11 7 12 1 1 10 7 12 1 1 9 12 1 9 12 1 1 9 12 1 1 10 100 12 1 1 10 12 1 1 9 7 12 1 1 1 10 7 12 1 1 10 12 1 10 12 1 100 1 10 10 12 9 12 1 1 10 12 1 11 100 12 1 1 10 12 1 10 12 1 10 12 1 9 12 1 10 10 12 1 10 12 1 1 9 12 1 9 12 10 12 1 8 1 10 12 1 10 12 1 10 12 1 10 12 1 10 12 1 1 10 12 1 10 12 1 1 10 12 1 10 12 1 10 12 1 10 12 1 10 12 1 1 9 7 12 1 1 1 8 1 10 9 12 1 10 12 1 100 1 8 1 10 10 12 1 8 1 10 12 1 1 9 12 10 12 8 1 10 10 12 1 10 12 1 8 1 10 12 1 10 8 1 10 100 12 1 1 10 12 1 1 100 1 8 1 10 9 12 1 9 12 1 1 10 12 1 1 10 10 12 1 10 12 1 100 10 7 12 1 1 1 9 12 1 10 12 1 1 10 12 1 1 10 100 12 1 1 1 11 100 12 1 1 1 9 100 12 1 1 1 10 100 12 1 1 1 100 1 10 12 1 100 1 10 12 1 10 12 1 1 10 12 1 1 8 1 9 12 1 10 12 1 10 12 1 1 11 100 12 1 1 1 10 12 1 1 1 1 3 1 3 1 3 1 3 1 1 1 1 1 1 1 1 1 1 1 1 1 1 1 1 1 1 1 1 1 100 1 1 1 1 1 1 1 1 1 1 1 1 1 1 1 1 1 1 1 1 1 1 100 1 1 1 1 1 1 1 1 1 1 1 1 1 1 1 1 100 1 100 1 1 1 1 1 1 1 1 1 1 1 1 1 1 1 1 1 1 1 1 1 1 1 1 1 1 1 1 1 1 1 1 1 1 1 1 1 1 1 1 1 1 1 1 1 1 1 1 1 1 1 1 1 1 1 1 1 1 1 1 1 1 1 1 1 1 1 1 1 1 1 1 1 1 1 1 100 100 1 1 1 1 1 1 1 1 1 1 1 1 1 1 1 1 1 1 1 1 1 1 1 1 1 1 100 1 100 1 100 1 100 1 100 1 1 100 1 1 1 1 1 1 1 1 1 1 1 1 1 1 1
staticfield java/lang/Thread NEW_THREAD_BINDINGS Ljava/lang/Object; java/lang/Class
staticfield java/lang/Thread EMPTY_STACK_TRACE [Ljava/lang/StackTraceElement; 0 [Ljava/lang/StackTraceElement;
ciInstanceKlass java/lang/Thread$FieldHolder 1 1 48 10 7 12 1 1 1 9 7 12 1 1 1 9 12 1 1 9 12 1 1 9 12 1 1 9 12 1 1 1 1 1 1 1 1 1 1 100 1 100 1 1 1 1 100 1 1 1
ciInstanceKlass java/lang/Thread$Constants 0 0 59 100 1 10 100 12 1 1 1 100 1 10 10 100 12 1 1 1 100 1 8 1 10 12 1 9 100 12 1 1 1 100 1 100 1 10 12 1 10 12 1 9 12 1 1 1 1 1 1 1 1 1 1 1 1 1 1 1 1
ciInstanceKlass java/lang/Thread$UncaughtExceptionHandler 1 0 16 100 1 100 1 1 1 1 1 1 1 1 100 1 1 1
ciInstanceKlass java/lang/ThreadGroup 1 1 411 10 7 12 1 1 1 9 7 12 1 1 1 8 1 9 12 1 1 100 1 9 12 1 1 9 12 1 1 10 7 12 1 1 1 10 12 1 1 10 12 1 10 12 1 10 12 1 10 12 1 1 10 12 1 1 10 12 1 10 12 1 1 10 12 1 10 12 1 10 100 12 1 1 1 10 12 1 1 18 12 1 1 11 100 12 1 1 1 10 7 12 1 1 1 10 100 12 1 10 12 1 1 10 12 1 1 10 12 1 1 10 100 12 1 1 1 10 12 1 11 12 1 1 11 100 12 1 1 11 12 1 1 10 12 1 1 10 12 1 10 12 1 11 12 1 11 12 1 1 100 1 10 10 12 1 100 1 10 18 12 1 1 11 100 12 1 1 1 11 12 1 1 9 12 1 1 10 12 1 1 8 1 10 100 12 1 1 1 10 100 12 1 1 1 10 12 1 1 11 12 10 12 1 1 10 12 1 1 11 100 1 9 12 1 100 1 10 8 1 10 12 1 1 10 12 1 1 8 1 10 12 1 10 100 12 1 1 1 10 12 1 1 10 7 1 8 1 10 8 1 10 12 1 10 12 1 8 1 9 12 1 1 9 12 1 10 100 12 1 1 1 100 9 12 1 1 7 1 9 12 1 10 12 10 12 1 1 100 10 12 9 12 1 10 12 1 100 1 10 11 12 1 1 100 1 10 10 12 1 10 12 1 1 1 1 1 1 1 1 1 1 1 1 1 1 1 1 1 1 3 1 1 1 1 1 1 1 1 1 1 1 1 100 1 1 1 1 1 1 1 1 1 1 1 1 1 1 1 1 1 1 1 1 1 1 1 1 1 1 1 1 1 1 1 1 1 1 1 1 1 1 1 1 1 1 1 16 15 10 12 16 16 15 10 12 16 15 10 100 12 1 1 1 1 1 100 1 100 1 1
staticfield java/lang/ThreadGroup $assertionsDisabled Z 1
instanceKlass java/lang/ThreadBuilders$BoundVirtualThread
instanceKlass java/lang/VirtualThread
ciInstanceKlass java/lang/BaseVirtualThread 0 0 36 10 100 12 1 1 1 100 1 1 1 1 1 1 1 1 1 1 1 1 1 1 1 1 1 1 1 1 100 1 100 1 1 100 1 1
ciInstanceKlass java/lang/VirtualThread 0 0 907 9 100 12 1 1 1 10 100 12 1 1 1 10 100 12 1 1 1 10 100 12 1 1 1 9 12 1 1 9 12 1 1 100 1 10 12 1 9 12 1 1 18 12 1 1 9 12 1 1 10 12 1 1 100 1 10 12 1 10 12 1 1 10 12 1 1 10 12 1 1 10 12 1 10 100 12 1 10 12 1 10 12 1 10 12 1 10 12 1 11 100 12 1 1 1 100 1 10 12 1 1 10 100 12 1 1 1 10 100 12 1 1 1 10 12 1 100 1 10 10 12 1 10 12 1 1 9 12 1 1 10 12 1 1 9 12 1 1 10 12 1 9 12 1 1 9 12 1 100 1 10 10 12 1 10 100 12 1 1 10 9 10 10 12 1 1 10 12 1 1 10 100 12 1 1 10 100 1 10 9 10 10 12 1 100 1 10 12 1 1 10 12 1 10 12 1 10 12 1 1 9 12 1 10 12 1 10 12 1 9 12 1 1 10 12 1 10 12 1 9 12 1 1 10 12 1 10 12 1 10 12 1 11 100 12 1 1 10 12 1 1 10 12 1 1 10 12 1 1 9 12 1 10 100 1 10 12 1 1 10 12 1 1 10 12 1 10 12 1 10 12 1 10 12 9 12 1 1 10 100 12 1 1 10 12 1 10 12 1 1 10 100 12 1 1 10 12 1 100 1 8 1 10 12 1 10 12 1 1 10 12 1 10 12 1 10 100 12 1 1 10 12 1 10 12 1 1 10 12 1 10 12 1 1 10 100 12 1 1 10 12 1 1 10 12 1 1 100 1 10 10 12 1 100 1 9 12 1 1 10 100 12 1 1 10 9 12 1 1 18 9 100 12 1 1 1 11 100 12 1 1 1 11 100 1 11 12 10 12 1 10 12 1 1 10 12 1 100 1 10 10 12 1 10 12 1 1 10 12 1 1 10 12 1 10 12 1 10 12 1 9 12 1 1 11 100 12 1 1 10 12 9 100 12 1 1 1 9 12 1 10 12 1 1 9 12 1 9 12 1 9 12 1 100 1 10 10 12 1 1 10 12 1 10 12 100 1 100 1 10 8 1 10 12 1 1 10 12 1 10 12 1 10 10 12 1 8 1 10 10 12 1 10 12 1 10 100 12 1 1 8 1 8 1 10 9 100 12 1 1 1 10 12 1 1 10 12 1 10 10 10 12 9 12 1 10 12 1 1 9 12 1 10 12 1 1 9 12 1 10 12 1 1 18 12 1 1 18 12 1 10 100 12 1 1 1 8 1 10 100 12 1 1 1 10 100 12 1 1 1 18 12 1 10 100 12 1 1 1 100 1 10 12 1 8 1 10 12 1 8 1 10 12 1 1 8 1 8 1 10 100 12 1 1 8 1 10 12 1 8 1 8 1 10 100 12 1 1 1 10 12 1 10 12 1 1 10 12 1 18 12 1 1 18 12 1 1 5 0 9 12 1 10 12 1 18 12 1 100 1 10 12 10 100 12 1 1 10 12 1 1 100 1 8 1 10 10 12 1 10 12 1 1 10 12 1 9 12 1 8 10 12 1 1 8 8 9 12 1 8 10 12 1 1 3 1 3 1 3 1 3 1 3 1 3 1 3 1 3 1 3 1 3 1 3 1 3 3 1 3 1 1 1 1 1 1 1 1 1 1 1 1 1 1 100 1 1 1 1 1 1 1 1 1 1 1 1 1 1 100 1 1 1 1 1 1 1 1 1 1 1 100 1 1 1 1 1 1 1 1 1 1 1 1 1 1 1 1 1 1 1 1 1 1 1 1 1 1 1 1 1 1 1 1 1 1 1 1 1 1 1 100 1 1 1 1 1 1 1 1 1 1 1 1 1 1 1 1 1 1 1 1 1 1 1 1 1 1 1 1 1 1 1 1 1 1 1 100 1 1 1 1 1 1 1 1 1 1 1 1 1 1 100 1 1 16 15 10 12 15 16 15 10 12 16 15 10 12 16 16 15 10 12 16 15 10 12 16 15 10 12 16 15 10 12 16 1 15 10 100 12 1 1 1 1 1 1 1 100 1 1 100 1 100 1 1
ciInstanceKlass java/lang/ThreadBuilders$BoundVirtualThread 0 0 132 10 100 12 1 1 1 9 100 12 1 1 1 10 100 12 1 1 1 9 12 1 1 10 12 1 1 10 12 1 1 9 12 1 1 10 100 12 1 1 1 10 12 1 1 100 1 8 1 10 12 1 10 12 1 1 10 12 1 1 10 12 1 1 10 100 12 1 1 1 8 1 10 12 1 8 1 10 12 1 1 10 100 12 1 1 9 100 12 1 1 1 10 12 1 1 10 10 12 1 1 1 1 1 1 1 1 1 1 1 1 1 1 1 1 1 1 1 1 1 1 1 1 1 1 1 1 100 1 1 1 1
ciInstanceKlass java/util/Map 1 1 263 11 7 12 1 1 1 11 12 1 1 10 100 12 1 1 11 12 1 1 11 7 12 1 1 1 11 100 12 1 1 1 11 12 1 1 7 1 11 12 1 11 12 1 100 1 100 1 10 12 1 1 11 100 12 1 1 1 11 100 12 1 1 1 11 12 1 11 12 1 10 12 1 1 11 12 1 11 100 12 1 9 7 12 1 1 1 7 1 10 12 7 1 7 1 10 12 1 7 1 10 7 1 11 12 1 11 12 1 1 11 12 1 1 7 1 11 12 1 1 1 1 1 1 1 1 1 1 1 1 1 1 1 1 1 1 1 1 1 1 1 1 1 1 1 1 1 1 1 1 1 1 1 1 1 1 1 1 1 1 1 1 1 1 1 1 1 1 1 1 1 1 1 1 1 1 1 1 1 1 1 1 1 1 1 1 1 1 1 1 1 1 1 1 1 1 1 1 1 1 1 1 1 1 1 1 1 1 1 1 1 1 1 1 1 1 1 1 1 1 1 1 1 1 1 1 1 1 1 1 1 1 1 1 1 1 1 1 1 1 1 1 1 1 100 1 1 1 1 1 1 1 1 1 1 1 1 1 1 1 1 1 1
instanceKlass java/util/Hashtable
ciInstanceKlass java/util/Dictionary 1 1 36 10 7 12 1 1 1 100 1 1 1 1 1 1 1 1 1 1 1 1 1 1 1 1 1 1 1 1 1 1 1 1 1 1 1 1
instanceKlass java/util/Properties
ciInstanceKlass java/util/Hashtable 1 1 516 100 1 10 7 12 1 1 1 9 7 12 1 1 1 100 1 100 1 10 8 1 10 12 1 1 10 12 1 10 12 1 1 10 12 1 10 7 12 1 1 1 8 1 10 12 1 9 12 1 1 7 1 9 12 1 1 4 10 7 12 1 1 1 9 12 1 4 10 12 1 11 100 12 1 1 1 10 12 1 1 10 12 1 1 9 12 1 10 12 1 1 100 1 10 9 12 1 1 10 7 12 1 1 1 9 12 1 1 10 12 1 10 12 1 3 9 12 1 9 12 1 3 10 12 1 10 12 1 10 12 1 1 11 12 1 1 11 100 12 1 1 1 11 100 12 1 1 1 11 12 1 100 1 11 12 1 11 12 1 10 12 1 1 10 12 1 1 10 12 1 9 12 1 1 9 12 9 12 1 1 10 100 1 100 1 10 12 1 10 8 1 10 10 12 1 8 1 10 8 1 10 100 12 1 1 1 7 1 10 12 1 10 12 1 100 1 10 12 1 10 12 1 1 100 1 10 100 1 10 10 12 1 1 11 12 1 1 11 12 1 100 1 10 10 10 100 12 1 1 11 100 12 1 1 1 100 1 10 11 100 12 1 1 11 100 12 1 10 12 1 10 12 1 1 10 100 12 1 1 10 12 1 1 10 12 1 1 10 12 1 1 10 100 12 1 1 1 8 10 100 12 1 1 100 1 8 1 10 4 4 10 12 1 1 10 12 1 8 1 4 10 12 10 100 12 1 1 1 100 1 11 100 12 1 1 1 10 100 12 1 1 1 10 12 1 10 12 1 1 10 100 1 100 1 1 1 1 1 1 5 0 1 1 1 1 1 3 1 3 1 3 1 1 1 1 1 1 1 1 1 1 1 1 1 1 1 1 1 1 1 1 1 1 1 1 1 100 1 1 1 1 1 1 1 1 1 1 1 1 1 1 1 1 1 1 1 1 1 1 1 1 1 1 1 1 1 100 1 1 1 1 1 1 1 1 1 1 1 1 1 1 100 1 1 1 1 1 1 1 1 1 1 1 1 1 1 1 1 1 1 1 1 1 1 1 1 1 1 1 1 1 1 1 1 1 1 1 1 1 1 1 1 1 1 1 1 100 1 1 1 100 1 1 1 1 1 100 1 1 1 1 1 1 1 1 1 1 1 1 1 1 1 1 1 1
instanceKlass java/security/Provider
ciInstanceKlass java/util/Properties 1 1 690 10 7 12 1 1 1 100 1 10 7 12 1 1 7 1 10 12 1 9 12 1 1 9 12 1 1 9 12 1 1 10 7 12 1 1 1 10 12 1 1 8 1 10 7 12 1 1 1 7 1 10 12 1 10 12 1 1 8 1 10 12 1 7 1 10 12 10 12 1 1 9 12 1 1 10 12 1 1 7 1 10 12 1 10 12 1 10 12 1 1 100 1 8 1 10 12 1 10 12 1 10 12 1 1 10 12 1 100 1 3 10 10 100 12 1 1 1 10 12 1 10 12 1 1 8 1 10 12 1 10 12 1 1 8 1 10 100 12 1 1 10 12 1 1 10 12 1 10 12 1 1 100 1 10 12 1 10 12 1 1 100 1 9 100 12 1 1 1 10 12 1 10 12 1 1 10 12 1 1 10 12 1 1 100 1 9 12 1 1 7 1 100 1 10 12 1 100 1 11 7 12 1 1 1 11 12 1 1 11 100 12 1 1 1 11 7 12 1 1 1 11 12 1 1 11 12 1 11 12 1 10 12 1 1 8 1 10 12 1 10 100 12 1 1 10 12 1 100 1 10 10 12 1 10 12 1 100 1 10 10 12 1 1 10 100 12 1 1 9 100 12 1 1 10 12 1 1 10 100 12 1 1 1 100 1 100 1 100 1 10 8 1 8 1 10 12 1 10 12 1 10 12 1 1 10 10 12 1 1 10 12 1 1 7 1 10 10 12 1 11 7 12 1 1 10 7 12 1 1 1 8 1 10 100 12 1 1 11 11 7 1 8 1 10 100 1 11 10 12 1 10 10 12 1 10 12 1 1 10 12 1 1 10 12 1 1 10 12 1 10 12 1 10 10 12 1 10 12 1 10 12 1 10 10 12 1 1 10 12 1 1 10 10 12 1 10 12 1 10 12 1 10 12 1 10 12 1 1 10 12 1 1 10 12 1 10 12 1 10 12 1 1 10 12 10 12 1 1 10 12 1 1 10 12 1 10 12 1 1 10 12 1 1 10 12 10 11 12 1 4 11 10 12 1 1 10 100 12 1 1 11 12 1 10 12 1 1 10 100 12 1 1 10 12 1 100 1 8 1 10 12 1 10 10 100 12 1 1 1 100 1 6 0 10 12 1 1 11 100 12 1 1 1 10 12 1 10 12 1 1 1 1 1 5 0 1 1 1 1 1 1 1 1 1 1 1 1 1 1 1 1 1 1 1 1 1 1 1 1 1 1 1 1 1 1 1 1 1 1 1 1 1 1 1 100 1 1 1 1 1 1 1 1 1 1 1 1 1 1 1 1 1 1 1 1 100 1 1 1 1 1 1 1 1 1 1 1 1 100 1 100 1 1 1 1 1 100 1 1 1 1 1 1 1 1 1 1 1 1 1 1 1 1 1 1 1 1 1 1 1 1 1 1 1 1 1 1 1 1 1 1 1 1 1 1 1 1 1 1 1 1 1 1 1 1 1 1 1 1 1 1 1 1 1 1 1 1 1 1 1 1 1 1 1 1 1 1 1 1 1 1 1 1 1 100 1 1 1 1 1 1 1 1 1 1 1 100 1 1
staticfield java/util/Properties UNSAFE Ljdk/internal/misc/Unsafe; jdk/internal/misc/Unsafe
ciInstanceKlass java/lang/Module 1 1 1070 10 7 12 1 1 1 9 7 12 1 1 1 10 7 12 1 1 1 9 12 1 9 12 1 1 9 12 1 1 10 12 1 1 10 12 1 10 12 1 1 10 7 12 1 1 1 7 1 10 7 12 1 1 1 10 12 1 1 11 7 12 1 1 1 10 12 1 1 10 7 12 1 1 1 10 12 1 1 10 7 12 1 1 1 9 100 12 1 1 1 10 100 12 1 1 1 10 12 1 8 1 10 7 12 1 1 1 10 7 12 1 1 1 10 7 12 1 1 1 10 12 1 10 12 1 9 12 1 1 10 100 12 1 1 100 1 100 1 10 8 1 10 12 1 1 10 12 1 10 12 10 12 1 10 7 12 1 1 8 1 8 1 10 8 1 8 1 9 12 1 1 8 1 10 100 12 1 1 1 10 12 1 9 12 1 1 11 12 1 9 7 12 1 1 10 7 12 1 1 1 10 100 12 1 1 1 10 12 1 1 8 1 10 12 1 1 10 12 1 10 12 1 1 9 7 12 1 1 1 10 12 1 1 10 12 1 1 9 12 1 10 12 1 10 12 1 9 12 1 1 11 7 12 1 1 10 12 1 1 9 12 1 9 12 1 10 12 1 10 12 1 100 1 8 1 10 10 12 1 1 10 12 1 8 1 10 12 1 1 8 1 8 1 10 12 1 1 10 12 1 10 12 1 1 18 12 1 1 10 12 1 1 11 12 1 9 12 1 11 12 10 100 12 1 1 100 1 8 1 10 11 12 1 1 10 7 12 1 1 1 10 12 1 10 12 1 1 11 12 1 1 11 7 12 1 1 11 12 1 1 9 12 1 11 12 1 10 12 1 1 10 12 1 1 9 12 1 10 12 10 7 12 1 1 10 7 1 18 12 1 1 11 100 12 1 1 1 18 12 1 11 12 1 1 10 100 12 1 1 1 11 12 1 1 10 7 12 1 1 7 1 11 12 1 7 1 7 1 10 12 1 10 7 12 1 1 1 10 11 7 12 1 8 1 10 10 12 1 1 10 7 12 1 1 10 12 1 10 12 1 7 1 10 12 1 10 11 12 1 1 10 12 10 12 1 1 9 12 1 1 100 1 10 10 12 1 1 11 7 1 10 12 1 1 11 12 1 10 10 12 1 11 10 12 1 1 10 12 1 1 10 12 1 1 10 7 12 1 1 10 12 1 10 12 1 1 10 10 12 1 1 10 12 1 18 12 1 11 12 1 18 12 1 10 12 1 10 12 1 10 12 7 1 10 12 1 10 12 1 10 12 1 9 12 1 7 1 10 10 10 10 12 1 10 12 1 10 12 1 10 12 1 1 10 12 1 1 10 12 1 9 12 1 18 12 1 1 10 100 12 1 1 1 100 1 8 1 10 12 1 1 10 12 1 1 10 100 12 1 1 100 1 10 12 1 1 100 1 8 1 10 12 1 1 100 1 11 12 1 1 10 100 12 1 1 1 18 12 1 1 11 100 12 1 1 1 100 1 10 12 1 10 12 1 1 100 1 100 1 10 12 8 1 10 12 1 1 10 12 1 1 10 100 12 1 1 10 12 1 1 10 12 1 10 12 10 12 1 1 100 1 10 10 12 1 1 10 100 12 1 1 1 100 1 10 12 1 1 10 100 12 1 1 8 1 18 12 1 1 100 1 100 1 9 12 1 1 9 12 1 9 12 1 11 100 12 1 1 1 100 1 11 12 1 1 100 1 10 12 1 8 1 10 12 1 10 12 10 12 1 8 1 10 10 100 12 1 1 7 1 10 10 12 1 10 7 12 1 1 9 12 1 9 12 1 9 12 1 9 12 1 10 12 11 12 1 10 12 1 100 1 1 1 1 1 1 1 1 1 1 1 1 1 1 1 1 1 1 1 100 1 1 1 1 1 1 1 1 1 1 1 1 1 1 1 1 1 1 1 1 1 1 1 1 1 1 1 1 1 1 1 1 1 1 1 1 1 1 1 1 1 1 1 1 1 1 1 1 1 1 1 1 1 1 1 1 1 1 1 1 1 1 1 1 1 1 1 1 1 1 1 1 1 1 1 1 1 1 1 1 1 1 1 1 1 1 1 1 1 1 1 1 1 1 1 100 100 1 1 1 1 1 1 1 1 1 1 1 1 1 1 1 1 1 1 1 1 1 1 1 1 1 1 1 100 1 100 1 1 1 1 1 1 1 1 1 1 1 1 1 1 1 1 1 1 1 1 100 1 1 1 1 1 1 1 1 1 1 1 1 1 1 1 1 1 1 1 1 1 1 1 16 15 10 12 16 16 15 10 12 16 16 15 10 16 1 15 10 12 16 1 15 10 12 16 1 16 15 10 12 16 16 1 15 10 12 16 15 10 7 12 1 1 1 15 10 100 12 1 1 1 1 1 1 1 1 1 1 1 100 1 100 1 1 100 1 100 1 1
staticfield java/lang/Module ALL_UNNAMED_MODULE Ljava/lang/Module; java/lang/Module
staticfield java/lang/Module ALL_UNNAMED_MODULE_SET Ljava/util/Set; java/util/ImmutableCollections$Set12
staticfield java/lang/Module EVERYONE_MODULE Ljava/lang/Module; java/lang/Module
staticfield java/lang/Module EVERYONE_SET Ljava/util/Set; java/util/ImmutableCollections$Set12
staticfield java/lang/Module $assertionsDisabled Z 1
instanceKlass picocli/CommandLine$Model$MethodParam
instanceKlass java/lang/reflect/Executable
instanceKlass java/lang/reflect/Field
ciInstanceKlass java/lang/reflect/AccessibleObject 1 1 400 10 7 12 1 1 1 9 100 12 1 1 1 10 100 12 1 1 1 10 7 12 1 1 10 7 12 1 1 1 10 7 12 1 1 1 10 12 1 1 10 12 1 1 9 12 1 1 7 1 10 7 12 1 1 1 11 12 1 100 1 10 12 1 7 1 100 1 10 12 1 10 12 1 1 10 12 1 1 10 12 1 1 10 12 1 1 7 1 10 7 12 1 1 1 10 12 1 1 11 10 7 12 1 1 1 10 12 1 1 10 12 1 10 12 1 10 12 1 1 10 12 1 8 1 100 1 100 1 10 10 12 1 1 8 1 10 12 1 10 12 1 8 1 8 1 8 1 8 1 8 1 8 1 8 1 8 1 8 1 100 1 10 12 1 10 12 1 9 12 1 1 10 12 1 1 10 12 1 10 100 1 100 1 8 1 10 8 1 10 12 1 8 1 10 12 1 10 12 1 1 10 100 1 8 1 10 11 7 12 1 1 1 10 12 1 1 10 12 1 1 10 12 1 1 9 12 1 1 100 1 10 12 1 7 1 10 12 1 10 12 1 1 10 100 1 10 12 1 10 12 10 12 1 10 12 1 10 12 1 1 10 12 1 9 12 1 10 100 12 1 1 8 1 10 100 12 1 1 1 8 1 10 100 12 1 1 1 9 12 1 100 1 10 7 1 10 10 7 12 1 1 1 7 1 10 10 7 12 1 1 1 7 1 9 12 1 1 1 1 1 1 1 1 1 1 1 1 1 1 1 1 1 1 1 1 1 1 1 1 1 1 1 1 1 1 1 1 1 1 1 1 1 1 1 1 1 1 1 1 1 1 1 1 1 1 1 1 1 1 1 1 1 1 1 1 1 1 1 1 1 1 1 1 1 1 1 1 1 1 1 1 1 1 1 1 1 1 1 1
staticfield java/lang/reflect/AccessibleObject reflectionFactory Ljdk/internal/reflect/ReflectionFactory; jdk/internal/reflect/ReflectionFactory
ciInstanceKlass java/lang/reflect/Member 1 1 37 100 1 10 12 1 1 100 1 100 1 1 1 1 3 1 3 1 1 1 1 1 1 1 1 1 1 1 1 1 1 1 1 1 1 1 1
ciInstanceKlass java/lang/reflect/Field 1 1 457 9 7 12 1 1 1 10 12 1 1 10 7 12 1 1 1 10 7 12 1 1 9 12 1 1 10 12 1 1 10 12 1 1 10 7 12 1 1 10 7 12 1 1 1 9 12 1 1 9 12 1 9 12 1 9 12 1 1 9 12 1 1 9 12 1 9 12 1 1 9 12 1 1 100 1 8 1 10 12 1 10 12 1 9 12 1 1 9 12 1 10 12 1 10 7 12 1 1 10 12 1 1 10 12 1 1 10 12 1 10 12 1 1 9 100 12 1 1 1 10 100 12 1 1 1 7 1 10 12 1 1 10 12 1 1 10 12 1 1 10 12 1 10 12 1 10 7 1 10 100 12 1 1 7 1 10 8 1 10 12 1 1 10 12 1 1 8 1 10 12 10 12 1 8 1 8 1 10 11 7 1 9 12 1 10 12 1 1 10 12 1 1 11 7 12 1 1 1 10 12 1 11 12 1 1 11 12 1 1 11 12 1 1 11 12 1 1 11 12 1 1 11 12 1 1 11 12 1 1 11 12 1 1 11 12 1 1 11 12 1 1 11 12 1 1 11 12 1 1 11 12 1 1 11 12 1 1 11 12 1 1 11 12 1 1 11 12 1 1 10 12 1 10 100 12 1 1 10 12 1 10 12 1 10 12 1 9 12 1 1 10 7 12 1 1 1 10 12 1 1 10 12 1 10 7 12 1 1 10 12 1 1 11 7 1 10 12 1 7 1 10 100 12 1 1 1 10 7 12 1 1 1 9 12 1 10 7 12 1 1 1 11 7 12 1 1 1 10 12 1 1 10 12 1 1 9 100 12 1 1 10 100 12 1 1 1 10 12 1 1 100 1 1 1 1 1 1 1 1 1 1 1 1 1 1 1 1 1 1 1 1 1 1 1 1 1 1 1 1 1 1 1 1 1 1 1 1 1 1 1 100 1 1 1 1 1 1 1 1 1 1 1 1 1 1 1 1 1 1 1 1 1 1 1 1 1 1 1 1 1 1 1 1 100 1 1 1 1 1 1 1 1 1 100 1 1
ciInstanceKlass java/lang/reflect/Parameter 0 0 243 10 100 12 1 1 1 9 100 12 1 1 1 9 12 1 1 9 12 1 1 9 12 1 10 12 1 1 10 12 1 1 10 100 12 1 1 1 100 1 10 10 12 1 1 11 100 12 1 1 1 10 12 1 10 100 12 1 1 1 10 12 1 1 10 12 1 10 12 1 8 1 8 1 10 100 12 1 1 1 10 12 1 10 12 9 100 12 1 1 1 10 100 12 1 1 1 10 12 1 8 1 10 12 1 9 12 1 1 10 12 1 1 9 12 1 1 10 12 1 1 10 12 1 1 10 12 1 1 10 12 1 10 10 12 1 10 100 12 1 1 1 10 12 1 1 11 100 12 1 1 10 100 12 1 1 100 1 10 100 12 1 1 1 10 12 1 1 10 12 1 1 10 12 1 1 10 12 1 1 9 12 1 100 1 10 11 12 1 1 11 12 1 1 100 1 1 1 1 1 1 1 1 1 1 1 1 1 1 1 1 1 1 1 1 1 1 1 1 1 1 1 1 1 1 1 1 1 1 1 1 1 1 1 1 1 100 1 1 1 1 1 1
instanceKlass java/lang/reflect/Constructor
instanceKlass java/lang/reflect/Method
ciInstanceKlass java/lang/reflect/Executable 1 1 577 10 7 12 1 1 1 10 7 12 1 1 1 10 7 12 1 1 1 11 7 12 1 1 1 10 7 12 1 1 1 10 12 1 1 10 7 12 1 1 1 10 100 12 1 1 1 10 12 1 8 1 10 10 12 1 1 10 12 1 1 10 100 12 1 1 1 18 12 1 1 11 100 12 1 1 1 8 1 8 1 8 1 10 100 12 1 1 1 11 12 1 1 100 1 8 1 8 1 10 12 1 100 1 8 1 10 12 1 8 1 11 100 12 1 1 1 100 1 11 100 12 1 1 1 11 12 1 8 1 18 8 1 10 12 1 10 12 1 1 18 8 1 10 12 1 100 1 10 12 1 10 12 1 11 12 1 10 12 1 1 8 1 8 1 10 12 1 1 10 12 1 1 10 10 12 1 9 100 12 1 1 1 10 100 12 1 1 1 10 12 1 10 12 1 1 10 7 12 1 1 10 12 1 10 12 1 10 12 1 10 12 1 1 10 100 12 1 1 10 12 1 10 12 1 1 9 100 12 1 1 1 10 100 12 1 1 10 12 1 8 1 10 12 1 10 12 1 3 100 1 8 1 10 12 1 10 12 1 10 10 12 1 10 12 1 1 8 1 8 1 8 1 9 12 1 1 9 12 1 10 12 1 100 1 8 1 10 12 1 10 12 1 10 12 1 1 10 12 1 1 10 12 1 10 12 10 12 1 7 1 10 12 1 10 12 1 1 100 1 10 100 12 1 1 1 100 1 10 7 12 1 1 1 10 12 1 1 11 7 12 1 1 10 7 12 1 1 10 100 12 1 1 1 10 12 1 1 9 12 1 10 12 1 1 10 12 1 10 12 1 1 9 100 12 1 1 1 10 100 12 1 1 1 10 12 1 10 12 1 1 9 12 1 10 10 10 10 100 12 1 1 1 10 12 1 9 12 1 10 12 1 1 9 12 1 100 1 100 1 1 1 1 1 1 1 1 1 1 1 1 1 1 1 1 1 1 1 1 1 1 1 1 1 1 1 1 1 1 1 1 1 1 1 1 100 1 1 1 1 1 1 1 1 100 1 1 1 1 1 1 1 1 1 1 1 1 100 1 1 1 1 1 1 1 1 1 1 1 1 1 1 1 1 1 1 1 1 1 1 1 1 1 1 1 1 1 1 1 1 1 1 1 1 1 1 1 1 1 1 1 100 1 1 1 1 1 1 1 1 1 1 1 1 1 1 1 1 1 1 1 1 1 1 100 1 100 1 1 16 15 16 1 16 1 15 10 12 16 15 10 100 12 1 1 1 1 1 1 100 1 1 100 1 100 1 1
ciInstanceKlass java/lang/reflect/Method 1 1 472 9 7 12 1 1 1 10 7 12 1 1 1 10 7 12 1 1 9 12 1 1 10 12 1 1 10 12 1 1 10 7 12 1 1 10 7 12 1 1 1 9 12 1 1 9 12 1 9 12 1 1 9 12 1 9 12 1 9 12 1 1 9 12 1 9 12 1 1 9 12 1 9 12 1 9 12 1 1 100 1 8 1 10 12 1 10 12 1 9 12 1 1 8 1 10 7 12 1 1 10 7 12 1 1 1 10 12 1 1 10 12 1 1 10 12 1 10 12 1 1 10 12 1 1 9 100 12 1 1 1 10 12 1 1 10 12 10 7 12 1 1 10 12 1 1 10 12 1 10 12 1 10 12 1 10 7 12 1 1 1 10 12 1 1 10 7 1 10 7 12 1 1 1 10 7 12 1 1 10 12 1 1 10 12 1 1 10 12 1 10 7 12 1 1 1 10 12 1 10 8 1 10 12 1 10 12 1 7 1 8 1 8 1 8 1 10 12 1 10 12 1 1 10 12 1 1 10 10 12 1 1 10 12 1 11 100 1 10 12 1 9 12 1 1 10 12 1 1 10 12 1 10 12 1 1 10 12 1 1 11 7 12 1 1 1 11 12 1 9 12 1 1 10 12 1 10 12 1 10 12 1 10 12 1 10 12 1 10 12 1 9 12 1 1 10 7 12 1 1 1 10 7 12 1 1 10 12 1 1 10 7 12 1 1 1 10 7 12 1 1 1 10 7 12 1 1 1 11 7 12 1 1 1 10 7 12 1 1 1 7 1 100 1 100 1 10 12 1 10 12 1 1 10 12 1 100 1 8 1 10 12 1 10 10 12 1 1 10 12 1 1 10 12 1 1 10 12 1 1 8 1 10 12 1 1 1 1 1 1 1 1 1 1 1 1 1 1 1 1 1 1 1 1 1 1 1 1 1 1 1 1 1 1 1 1 1 1 1 1 1 1 1 1 1 1 1 1 1 1 1 1 1 1 1 1 1 100 1 100 1 100 1 1 1 1 1 1 1 1 1 1 1 1 1 1 1 1 1 1 1 1 1 1 1 1 1 1 1 1 1 1
ciInstanceKlass java/lang/reflect/Constructor 1 1 439 10 100 12 1 1 1 10 100 12 1 1 9 7 12 1 1 1 10 12 1 1 10 12 1 1 10 100 12 1 1 9 12 1 1 10 7 12 1 1 1 9 12 1 1 9 12 1 1 9 12 1 9 12 1 1 9 12 1 9 12 1 1 9 12 1 1 9 12 1 100 1 8 1 10 12 1 10 12 1 9 12 1 1 10 7 12 1 1 10 7 12 1 1 1 10 12 1 1 10 12 1 1 10 12 1 7 1 100 1 8 1 10 10 12 1 10 12 1 10 12 1 1 10 12 1 1 9 100 12 1 1 1 10 7 12 1 1 10 12 1 1 10 12 1 10 12 1 1 10 100 12 1 1 1 10 100 12 1 1 10 12 1 1 10 12 1 10 100 12 1 1 1 8 1 10 10 12 1 100 1 8 1 10 12 1 10 12 1 1 10 12 1 1 10 12 1 10 12 1 10 12 1 1 10 12 1 1 9 12 1 1 10 12 1 1 10 12 1 1 10 12 1 1 11 7 12 1 1 1 10 12 1 1 10 12 1 10 12 1 10 12 1 8 1 9 12 1 1 10 7 12 1 1 1 10 7 12 1 1 10 12 1 1 10 12 1 1 10 12 1 1 10 12 1 1 10 12 1 9 100 12 1 1 10 12 1 10 12 1 10 12 1 100 1 8 1 10 10 12 1 1 10 12 1 10 10 12 1 1 10 12 1 1 10 100 12 1 1 1 11 100 12 1 1 1 10 12 1 1 9 100 12 1 1 1 10 100 12 1 1 1 10 12 1 1 1 1 1 1 1 1 1 1 1 1 1 1 1 1 1 1 1 1 1 1 1 1 1 1 1 1 1 1 1 1 1 1 1 1 1 1 1 1 1 1 1 1 1 1 1 1 1 1 1 1 100 1 100 1 100 1 100 1 1 1 1 1 1 1 1 1 1 1 1 1 1 1 1 1 1 1 1 1 1 1 1 1 1 1 1 1 1 1 1 1 100 1 1
ciInstanceKlass jdk/internal/vm/ContinuationScope 0 0 50 10 100 12 1 1 1 10 100 12 1 1 1 100 1 9 100 12 1 1 1 10 12 1 1 10 100 12 1 1 1 10 12 1 1 10 12 1 1 1 1 1 1 1 1 1 1 1 1 1
ciInstanceKlass jdk/internal/vm/Continuation 0 0 549 9 100 12 1 1 1 9 12 1 9 12 1 100 1 100 1 10 12 1 1 8 1 10 12 1 1 10 12 1 10 12 1 1 10 12 1 9 100 12 1 1 1 11 100 12 1 1 1 10 100 1 9 12 1 1 9 12 1 1 10 8 1 10 12 1 9 12 1 1 10 11 12 1 1 100 1 10 100 12 1 1 1 10 12 1 1 10 12 1 10 12 1 1 11 12 1 1 9 12 1 1 10 12 1 1 18 12 1 1 10 100 12 1 1 1 100 1 10 12 1 11 100 12 1 1 1 10 12 1 9 12 1 10 12 1 1 100 1 8 1 10 12 1 10 12 1 1 9 12 1 1 11 12 1 1 9 12 1 1 8 1 10 11 12 1 1 11 12 1 1 10 12 1 1 10 12 1 1 9 12 1 10 12 1 10 10 12 1 8 1 10 12 1 8 1 8 1 10 100 12 1 1 1 10 100 12 1 1 1 10 12 1 9 12 1 11 12 1 100 1 10 12 1 10 12 1 1 9 12 1 1 100 1 10 12 1 1 9 12 1 1 10 12 1 10 12 1 11 100 12 1 1 10 100 1 10 12 1 8 1 9 12 1 10 12 1 1 9 12 1 1 10 100 12 1 1 8 1 8 1 8 1 8 1 10 12 1 1 10 12 1 10 12 1 10 12 1 10 12 1 1 10 12 1 1 8 1 10 12 1 1 9 12 1 1 10 12 1 1 9 12 1 8 1 10 100 12 1 1 1 10 12 1 8 1 100 1 8 1 10 9 12 1 1 8 1 10 100 12 1 1 10 100 12 1 1 8 1 8 1 10 12 10 100 12 1 1 1 10 100 1 10 100 12 1 1 1 18 11 100 12 1 1 1 18 12 1 11 12 1 1 100 1 10 100 12 1 1 10 12 1 1 8 10 12 1 1 10 100 12 1 1 1 10 100 12 1 1 10 12 1 8 1 10 12 1 100 1 100 1 10 12 1 1 1 1 1 1 1 1 1 1 1 1 1 1 1 1 1 1 1 1 1 1 1 1 1 1 1 1 1 1 1 1 1 1 1 1 1 1 1 1 1 1 1 1 1 1 1 1 1 1 1 1 1 1 1 1 1 1 1 1 1 1 1 1 1 1 1 1 1 1 1 1 1 1 1 100 1 1 16 1 15 10 12 16 15 11 100 12 1 1 1 16 1 16 1 15 10 12 16 15 10 100 12 1 1 1 1 1 1 1 1 100 1 100 1 1
ciInstanceKlass jdk/internal/vm/StackChunk 0 0 32 10 100 12 1 1 1 9 100 12 1 1 1 9 12 1 1 9 12 1 1 1 1 1 1 1 1 1 1 1 1 1
instanceKlass jdk/internal/reflect/FieldAccessorImpl
instanceKlass jdk/internal/reflect/ConstructorAccessorImpl
instanceKlass jdk/internal/reflect/MethodAccessorImpl
ciInstanceKlass jdk/internal/reflect/MagicAccessorImpl 1 1 16 10 7 12 1 1 1 100 1 1 1 1 1 1 1 1
ciInstanceKlass jdk/internal/reflect/MethodAccessor 1 0 17 100 1 100 1 1 1 1 100 1 100 1 1 1 1 1 1
instanceKlass jdk/internal/reflect/DirectMethodHandleAccessor
ciInstanceKlass jdk/internal/reflect/MethodAccessorImpl 1 1 38 10 7 12 1 1 1 10 100 12 1 1 1 100 1 1 1 1 1 1 1 100 1 100 1 1 1 1 1 1 1 1 1 1 1 1 1 1
ciInstanceKlass jdk/internal/reflect/ConstructorAccessor 1 0 16 100 1 100 1 1 1 1 100 1 100 1 100 1 1 1
instanceKlass jdk/internal/reflect/SerializationConstructorAccessorImpl
instanceKlass jdk/internal/reflect/DirectConstructorHandleAccessor$NativeAccessor
instanceKlass jdk/internal/reflect/DirectConstructorHandleAccessor
instanceKlass jdk/internal/reflect/NativeConstructorAccessorImpl
ciInstanceKlass jdk/internal/reflect/ConstructorAccessorImpl 1 1 27 10 7 12 1 1 1 100 1 100 1 1 1 1 1 1 1 1 1 100 1 100 1 100 1 1 1
ciInstanceKlass jdk/internal/reflect/DelegatingClassLoader 1 1 18 10 7 12 1 1 1 100 1 1 1 1 1 1 1 1 1 1
ciInstanceKlass jdk/internal/reflect/ConstantPool 1 1 142 10 100 12 1 1 1 9 7 12 1 1 1 10 12 1 1 10 12 1 1 10 12 1 10 12 1 1 10 12 1 1 10 12 1 10 12 1 1 10 12 1 10 12 1 1 10 12 1 10 12 1 10 12 1 10 12 1 1 10 12 1 1 10 12 1 1 10 12 1 1 10 12 1 10 12 1 1 10 100 12 1 1 1 8 11 7 12 1 1 1 10 7 12 1 1 1 1 1 1 1 1 1 1 1 1 1 1 1 1 1 1 1 1 1 1 1 1 1 1 1 1 1 1 1 1 1 1 1 1 1 1 1 1 1 1 1 1 1 1 1 1
ciInstanceKlass jdk/internal/reflect/FieldAccessor 1 0 48 100 1 100 1 1 1 1 100 1 1 1 1 1 1 1 1 1 1 1 1 1 1 1 1 1 1 1 100 1 1 1 1 1 1 1 1 1 1 1 1 1 1 1 1 1 1 1
instanceKlass jdk/internal/reflect/MethodHandleFieldAccessorImpl
instanceKlass jdk/internal/reflect/UnsafeFieldAccessorImpl
ciInstanceKlass jdk/internal/reflect/FieldAccessorImpl 1 1 269 10 7 12 1 1 1 9 7 12 1 1 1 10 100 12 1 1 1 10 100 12 1 1 10 100 12 1 1 1 10 12 1 1 100 1 10 10 12 1 1 10 12 1 1 8 1 10 10 12 1 100 1 8 1 10 12 1 8 1 10 12 1 8 1 10 12 1 100 1 10 12 1 1 10 8 1 10 12 1 1 8 1 10 100 12 1 1 8 1 10 100 12 1 1 8 1 10 100 12 1 1 8 1 10 100 12 1 1 8 1 10 100 12 1 1 8 1 10 100 12 1 1 8 1 10 100 12 1 1 8 1 10 100 12 1 1 10 12 1 1 8 1 10 12 1 1 10 100 12 1 1 1 8 1 10 12 1 8 1 8 1 8 1 8 1 10 100 12 1 1 1 8 1 8 1 8 1 10 12 100 1 1 1 1 1 1 1 1 1 1 1 1 1 1 1 1 1 1 1 1 1 1 1 1 1 1 1 1 1 1 1 1 1 1 1 1 1 1 1 1 1 1 1 1 1 1 1 1 1 1 1 1 1 1 1 1 1 1 1 1 1 1 1 1 1 1 1 1 1 1 1 1 1 1 1 1 1 1 1 1 1 1 1 1 1 1 1 1
instanceKlass jdk/internal/reflect/UnsafeStaticFieldAccessorImpl
ciInstanceKlass jdk/internal/reflect/UnsafeFieldAccessorImpl 0 0 62 10 100 12 1 1 1 10 100 12 1 1 1 10 100 12 1 1 1 9 100 12 1 1 10 12 1 9 12 1 1 10 100 12 1 1 1 9 12 1 1 10 12 1 10 12 1 1 1 1 1 1 1 1 1 1 1 1 1 1 1 1
ciInstanceKlass jdk/internal/reflect/UnsafeStaticFieldAccessorImpl 0 0 47 10 100 12 1 1 1 9 100 12 1 1 1 10 100 12 1 1 1 9 12 1 1 8 11 100 12 1 1 1 10 100 12 1 1 1 1 1 1 1 1 1 1 1 1 1 1
ciInstanceKlass java/lang/annotation/Annotation 1 0 17 100 1 100 1 1 1 1 1 1 1 1 1 1 1 1 1
ciInstanceKlass jdk/internal/reflect/CallerSensitive 1 0 17 100 1 100 1 100 1 1 1 1 1 1 1 1 1 1 1
ciInstanceKlass jdk/internal/reflect/NativeConstructorAccessorImpl 0 0 125 10 100 12 1 1 1 9 100 12 1 1 1 100 1 10 12 1 9 12 1 1 9 12 1 1 10 100 12 1 1 1 10 100 12 1 1 1 10 100 12 1 1 1 9 12 1 9 12 1 1 9 12 1 1 10 100 12 1 1 1 100 1 10 10 12 1 1 10 12 1 10 12 1 1 10 12 1 100 1 10 12 1 1 10 12 1 1 8 10 12 1 1 1 1 1 1 1 1 1 1 1 1 1 1 1 1 1 1 1 1 1 1 100 1 100 1 100 1 1 1 1 1 1 1
instanceKlass java/lang/invoke/DelegatingMethodHandle
instanceKlass java/lang/invoke/BoundMethodHandle
instanceKlass java/lang/invoke/DirectMethodHandle
ciInstanceKlass java/lang/invoke/MethodHandle 1 1 736 100 1 9 7 12 1 1 1 10 7 12 1 1 1 10 7 12 1 1 1 7 1 7 1 10 12 1 1 9 12 1 1 10 12 1 10 12 1 1 10 12 1 1 10 100 12 1 1 1 10 12 1 1 10 12 1 1 11 100 12 1 1 1 10 12 1 1 10 12 1 10 12 1 10 12 1 1 9 12 1 1 9 12 1 1 10 100 12 1 1 1 10 12 1 1 10 12 1 10 12 1 100 1 100 1 10 8 1 10 12 1 1 10 12 1 8 1 10 12 1 1 10 12 1 10 7 12 1 1 1 10 12 1 1 10 12 1 1 10 12 1 1 10 7 12 1 1 1 10 12 1 1 10 12 1 1 10 12 1 10 12 1 1 10 100 12 1 1 10 100 12 1 1 10 12 1 10 12 1 10 12 1 1 10 12 1 1 10 12 1 1 10 12 1 1 10 7 12 1 1 1 10 7 12 1 1 1 10 12 1 1 10 12 1 1 10 12 1 1 8 1 10 7 12 1 1 1 8 1 10 12 1 10 12 1 1 10 12 1 1 10 12 1 8 1 10 12 1 1 8 1 10 12 1 8 1 10 100 12 1 1 1 9 12 1 1 100 1 10 9 100 12 1 1 1 9 100 1 8 1 10 12 1 1 10 12 1 10 12 1 1 10 12 1 10 12 1 1 10 12 1 10 12 1 1 10 12 1 10 12 1 1 10 12 1 1 8 1 10 12 1 1 8 1 10 12 1 10 12 1 1 10 12 1 10 12 1 10 12 1 1 9 100 12 1 1 1 10 12 1 1 11 12 1 10 12 1 10 12 1 1 10 100 12 1 1 100 1 11 12 1 10 100 1 11 12 1 100 1 10 12 1 11 12 1 9 100 12 1 1 1 11 12 1 1 11 100 12 1 1 1 10 12 1 1 9 12 1 11 12 1 9 12 1 9 12 1 9 12 1 11 12 1 1 9 12 1 9 12 1 9 12 1 9 12 1 9 12 1 9 12 1 9 12 1 8 1 10 12 1 10 12 1 8 1 10 12 1 10 12 1 10 12 1 1 10 10 10 7 12 1 1 10 12 1 1 100 1 100 1 8 1 8 1 10 10 12 1 1 10 12 1 10 12 1 100 1 10 100 12 1 1 1 10 9 7 12 1 1 1 10 12 1 1 10 12 1 1 8 1 8 1 10 100 12 1 1 9 12 1 9 12 1 1 9 12 1 1 10 12 1 7 1 10 12 1 10 12 1 1 9 12 1 1 9 12 1 1 10 7 12 1 1 1 11 7 12 1 1 9 12 1 10 12 1 1 10 12 1 9 12 1 10 12 1 8 10 12 1 1 8 1 1 1 1 1 1 1 1 100 1 1 1 1 1 1 1 1 1 1 1 1 1 1 1 1 1 1 1 1 1 1 1 1 1 1 1 1 1 1 100 1 1 1 1 1 1 1 1 1 1 1 1 1 1 1 1 1 1 1 1 1 1 1 1 1 1 1 1 1 1 1 1 1 1 1 1 1 1 1 1 1 1 1 1 1 1 1 1 1 1 1 1 1 1 1 1 1 1 1 1 1 1 1 1 1 1 1 1 1 1 1 1 1 1 1 1 1 1 1 1 1 1 1 1 1 1 100 1 1 100 1 100 1 100 1 1 100 1 1 100 1 1 1 1
staticfield java/lang/invoke/MethodHandle FORM_OFFSET J 20
staticfield java/lang/invoke/MethodHandle UPDATE_OFFSET J 13
staticfield java/lang/invoke/MethodHandle $assertionsDisabled Z 1
instanceKlass java/lang/invoke/DirectMethodHandle$Special
instanceKlass java/lang/invoke/DirectMethodHandle$StaticAccessor
instanceKlass java/lang/invoke/DirectMethodHandle$Interface
instanceKlass java/lang/invoke/DirectMethodHandle$Constructor
instanceKlass java/lang/invoke/DirectMethodHandle$Accessor
ciInstanceKlass java/lang/invoke/DirectMethodHandle 1 1 923 7 1 7 1 100 1 7 1 7 1 10 7 12 1 1 1 10 7 12 1 1 1 100 1 10 12 1 10 12 1 1 10 7 12 1 1 10 12 1 1 10 12 1 10 12 1 7 1 10 12 1 1 10 12 1 1 10 12 1 10 12 1 1 10 7 12 1 1 1 10 12 1 9 12 1 1 100 1 10 9 12 1 1 9 12 1 10 12 1 10 12 1 10 12 1 1 10 12 1 10 12 1 10 12 1 10 7 12 1 1 1 10 12 1 10 12 1 1 8 1 10 12 1 1 7 1 10 12 1 7 1 10 10 12 1 10 12 1 10 12 1 10 7 12 1 1 1 10 12 1 1 7 1 10 12 1 10 12 1 7 1 10 12 1 10 12 1 1 10 12 1 1 10 12 1 8 10 100 12 1 1 1 10 12 1 10 12 1 10 12 1 1 10 12 1 9 7 12 1 1 1 7 1 10 12 1 10 7 12 1 1 1 10 12 1 10 12 1 1 9 12 1 1 100 1 10 8 1 10 12 1 1 10 12 1 1 8 1 10 12 1 10 12 1 10 10 12 1 10 12 1 10 12 1 10 12 1 10 12 1 1 10 12 1 10 12 1 1 10 12 1 10 12 1 1 10 10 7 12 1 1 1 10 12 1 10 12 1 1 10 12 1 10 12 1 1 8 1 9 7 12 1 1 1 8 1 9 12 1 9 12 1 8 1 9 12 1 9 12 1 8 1 9 12 1 9 12 1 8 1 10 12 1 10 12 1 1 9 12 1 1 7 1 10 12 1 1 100 1 10 7 12 1 1 1 10 12 1 1 10 12 1 10 12 1 1 7 1 10 12 1 1 10 12 1 10 12 1 1 7 1 10 12 1 1 10 12 1 10 7 12 1 1 1 10 12 1 10 12 1 1 10 12 1 9 12 1 1 10 7 1 9 12 9 12 1 10 7 12 1 1 1 10 12 1 7 1 7 1 7 1 9 12 1 1 10 7 12 1 1 1 10 12 10 12 1 7 1 10 12 1 10 12 1 1 8 1 9 12 1 9 12 1 10 12 1 1 9 12 1 1 10 7 12 1 1 1 9 12 1 1 9 12 1 1 10 12 1 10 12 1 10 12 1 10 12 1 1 10 12 1 9 12 1 10 12 1 10 12 1 10 12 1 10 12 1 1 10 12 1 1 9 12 1 1 10 12 1 1 9 7 12 1 1 1 9 12 1 9 12 1 9 12 1 9 12 1 9 12 1 9 12 1 9 12 1 9 12 1 9 12 1 9 12 1 9 12 1 9 12 1 9 12 1 9 12 1 9 12 1 9 12 1 9 12 1 9 12 1 9 12 1 9 12 1 9 12 1 9 12 1 9 12 1 9 12 1 9 12 1 9 12 1 9 12 1 9 12 1 9 12 1 9 12 1 9 12 1 9 12 1 9 12 1 9 12 1 9 12 1 9 12 1 8 1 9 12 1 1 9 12 1 1 10 12 1 10 12 1 1 9 7 1 10 12 1 9 12 1 1 10 12 10 12 1 10 12 1 10 12 1 10 12 1 10 8 1 8 1 8 1 8 1 10 12 1 1 9 12 1 1 10 12 1 10 100 12 1 1 1 8 9 12 1 1 10 12 1 1 8 1 8 8 9 12 1 8 1 8 8 8 8 8 1 8 10 12 1 7 1 10 12 1 8 1 8 1 10 12 1 10 12 1 10 12 1 10 12 1 1 7 1 1 1 1 3 1 3 1 3 1 3 1 3 1 3 1 3 1 3 1 3 1 3 1 1 1 1 1 1 1 1 1 1 3 1 3 1 1 1 1 3 1 1 1 1 1 1 1 1 1 1 1 1 1 1 1 1 1 1 1 1 1 1 1 1 1 1 1 1 1 1 1 1 1 1 1 1 1 1 1 1 1 1 1 1 1 1 1 1 1 1 1 1 1 1 1 1 1 100 1 1 1 1 1 1 1 1 1 100 1 1 1 1 1 1 1 1 1 1 1 1 1 1 1 1 1 1 1 1 1 1 1 1 1 1 1 1 1 1 1 1 1 1 1 1 1 1 1 1 1 1 1 1 1 1 1 1 1 1 1 1
staticfield java/lang/invoke/DirectMethodHandle IMPL_NAMES Ljava/lang/invoke/MemberName$Factory; java/lang/invoke/MemberName$Factory
staticfield java/lang/invoke/DirectMethodHandle FT_UNCHECKED_REF I 8
staticfield java/lang/invoke/DirectMethodHandle ACCESSOR_FORMS [Ljava/lang/invoke/LambdaForm; 132 [Ljava/lang/invoke/LambdaForm;
staticfield java/lang/invoke/DirectMethodHandle ALL_WRAPPERS [Lsun/invoke/util/Wrapper; 10 [Lsun/invoke/util/Wrapper;
staticfield java/lang/invoke/DirectMethodHandle NFS [Ljava/lang/invoke/LambdaForm$NamedFunction; 12 [Ljava/lang/invoke/LambdaForm$NamedFunction;
staticfield java/lang/invoke/DirectMethodHandle OBJ_OBJ_TYPE Ljava/lang/invoke/MethodType; java/lang/invoke/MethodType
staticfield java/lang/invoke/DirectMethodHandle LONG_OBJ_TYPE Ljava/lang/invoke/MethodType; java/lang/invoke/MethodType
staticfield java/lang/invoke/DirectMethodHandle $assertionsDisabled Z 1
instanceKlass java/lang/invoke/VarHandleReferences$FieldStaticReadOnly
instanceKlass java/lang/invoke/VarHandleByteArrayAsDoubles$ByteArrayViewVarHandle
instanceKlass java/lang/invoke/VarHandleByteArrayAsFloats$ByteArrayViewVarHandle
instanceKlass java/lang/invoke/VarHandleByteArrayAsChars$ByteArrayViewVarHandle
instanceKlass java/lang/invoke/VarHandleByteArrayAsShorts$ByteArrayViewVarHandle
instanceKlass java/lang/invoke/VarHandleBooleans$FieldInstanceReadOnly
instanceKlass java/lang/invoke/VarHandleByteArrayAsLongs$ByteArrayViewVarHandle
instanceKlass java/lang/invoke/VarHandleByteArrayAsInts$ByteArrayViewVarHandle
instanceKlass java/lang/invoke/VarHandleInts$FieldInstanceReadOnly
instanceKlass java/lang/invoke/VarHandleLongs$FieldInstanceReadOnly
instanceKlass java/lang/invoke/VarHandleReferences$FieldInstanceReadOnly
ciInstanceKlass java/lang/invoke/VarHandle 1 1 473 10 7 12 1 1 1 10 7 12 1 1 9 12 1 1 9 12 1 1 100 1 10 8 1 10 12 1 1 10 7 12 1 1 1 10 12 1 1 10 100 12 1 1 1 9 100 12 1 1 1 10 12 1 1 10 7 12 1 1 1 10 12 1 1 9 12 1 10 12 1 9 12 1 1 10 7 12 1 1 10 12 1 9 7 12 1 1 1 9 12 1 1 10 12 1 1 100 1 100 1 10 8 1 10 12 1 1 10 12 1 8 1 10 12 1 10 12 1 9 12 1 1 9 12 1 10 12 1 10 12 1 1 10 12 1 10 10 100 12 1 1 1 10 12 1 1 10 12 1 1 10 100 12 1 1 1 10 100 12 1 1 1 10 100 12 1 1 1 9 12 1 1 9 10 12 1 10 12 1 10 12 1 1 10 12 1 10 100 12 1 1 1 9 12 1 1 10 12 1 1 9 12 1 10 12 1 10 12 1 10 100 12 1 1 100 1 10 9 7 12 1 1 1 9 12 1 1 10 7 12 1 1 1 10 12 1 10 12 1 10 12 1 10 12 1 10 12 1 10 12 1 1 8 10 12 1 1 7 1 10 12 1 1 100 1 1 1 1 1 1 1 1 1 1 1 1 1 1 1 1 1 1 1 1 1 1 1 1 1 1 1 1 1 1 1 1 1 1 1 1 1 1 1 1 1 1 1 1 1 1 1 1 1 1 1 1 1 1 1 1 1 1 1 1 1 1 1 1 1 1 1 1 100 1 1 1 1 1 1 1 1 100 1 1 1 1 1 1 1 1 1 1 1 1 100 1 100 1 1 100 1 100 1 100 1 100 1 100 1 100 1 100 1 100 1 100 1 100 1 100 1 100 1 100 1 100 1 100 1 100 1 100 1 100 1 100 1 100 1 100 1 100 1 100 1 100 1 100 1 100 1 100 1 100 1 100 1 100 1 100 1 100 1 100 1 100 1 100 1 1 1 1 1 1 100 1 1 1 100 1 1 100 1 100 1 100 1 100 1 100 1 100 1 1 1 1 100 1 100 1 100 1 100 1 100 1 100 1 100 1 100 1
staticfield java/lang/invoke/VarHandle VFORM_OFFSET J 16
staticfield java/lang/invoke/VarHandle $assertionsDisabled Z 1
ciInstanceKlass java/lang/invoke/MemberName 1 1 724 7 1 7 1 100 1 9 12 1 1 10 7 12 1 1 1 9 12 1 1 10 12 1 1 10 12 1 1 10 12 1 1 10 12 1 10 12 1 1 10 7 12 1 1 1 10 12 1 9 7 12 1 1 10 12 1 100 1 7 1 10 12 1 8 1 10 12 1 1 10 12 1 10 12 1 1 10 12 1 9 12 1 1 8 1 10 100 12 1 1 1 7 1 10 10 12 1 1 7 1 7 1 10 12 1 9 12 1 1 100 1 8 1 10 12 1 10 12 1 10 12 1 10 12 1 10 12 1 1 10 12 1 10 12 1 10 12 1 1 8 1 8 1 10 12 1 8 1 9 12 1 1 3 10 12 1 10 12 1 10 12 1 10 10 7 12 1 1 1 10 12 1 10 12 1 10 12 1 10 12 1 7 1 8 10 12 1 1 10 12 1 1 8 1 9 100 1 8 9 100 1 10 12 1 1 10 12 1 10 12 1 8 1 10 12 1 1 10 12 1 10 12 1 10 12 1 10 12 1 1 100 1 10 12 1 1 10 12 1 8 1 10 12 1 10 12 1 8 1 10 12 1 1 10 12 1 1 100 1 10 12 1 1 10 12 8 1 8 1 100 1 10 12 1 10 100 12 1 1 1 100 1 10 12 10 12 1 10 12 1 10 12 1 10 12 1 10 10 12 1 10 12 1 10 12 1 3 10 12 1 3 10 12 1 3 3 3 3 3 3 10 12 1 3 9 12 1 10 12 1 1 3 10 12 1 10 10 7 12 1 1 1 10 12 1 1 10 7 12 1 1 10 10 12 1 10 12 1 1 10 12 1 10 10 12 1 1 10 12 1 10 12 1 10 12 1 100 1 10 10 10 12 100 1 10 10 10 12 1 1 10 12 1 1 10 10 12 1 8 10 7 1 10 12 1 10 7 1 10 12 1 10 12 1 10 12 1 10 10 12 1 10 12 1 1 10 12 1 1 10 12 1 10 12 1 10 12 1 100 1 10 12 1 1 100 1 8 1 10 7 1 10 12 1 10 12 10 12 1 1 10 12 1 10 12 1 8 1 8 1 8 1 8 1 10 12 1 10 12 1 10 7 12 1 1 1 8 1 8 1 10 12 1 8 1 10 10 10 12 1 10 12 1 8 1 8 1 10 10 12 1 8 1 10 100 12 1 1 1 8 1 100 1 10 12 1 10 12 1 1 10 12 1 8 1 8 1 8 1 8 1 100 1 10 8 1 8 1 8 1 8 1 10 12 1 7 1 100 1 7 1 10 100 1 10 7 1 10 7 12 1 1 1 9 7 12 1 1 1 100 1 100 1 1 1 1 1 1 1 3 1 3 1 3 1 3 1 3 1 3 1 1 1 1 1 1 1 1 3 1 3 1 1 1 1 1 1 1 1 1 1 1 1 1 1 1 1 1 1 1 1 1 1 1 1 1 1 1 1 1 1 1 1 1 1 1 1 1 1 1 1 1 1 1 1 1 1 1 1 1 1 1 1 1 1 1 1 1 1 1 1 1 1 1 1 1 1 1 1 1 1 1 1 1 1 1 1 1 1 1 1 1 1 1 1 1 1 1 1 1 1 1 1 1 1 1 1 100 1 1 1 1 1 1 1 1 1 1 1 1 1 1 1
staticfield java/lang/invoke/MemberName $assertionsDisabled Z 1
ciInstanceKlass java/lang/invoke/ResolvedMethodName 1 1 16 10 100 12 1 1 1 100 1 1 1 1 1 1 1 1
ciInstanceKlass java/lang/invoke/MethodHandleNatives 1 1 690 100 1 10 7 12 1 1 1 9 7 12 1 1 1 10 12 1 1 100 1 10 10 12 1 1 10 12 1 10 12 1 8 1 8 1 8 1 8 1 8 1 8 1 8 1 8 1 8 1 8 1 10 12 1 1 7 1 10 7 12 1 1 1 10 100 12 1 1 1 7 1 10 10 12 1 1 8 1 10 12 1 8 1 10 12 1 1 8 1 10 12 1 1 9 100 12 1 1 1 8 1 10 100 12 1 1 1 100 1 10 12 100 1 100 1 8 1 7 1 10 10 12 1 7 1 9 7 12 1 1 10 12 1 1 10 12 1 10 7 12 1 1 1 10 12 1 1 9 12 1 8 1 10 12 1 1 10 12 1 8 1 10 12 1 1 7 1 10 12 1 10 7 12 1 1 1 10 12 1 10 12 1 1 10 12 1 1 8 1 10 12 1 1 8 1 10 12 1 8 1 8 1 8 1 100 1 10 12 1 8 1 10 100 12 1 1 1 10 12 1 1 10 100 12 1 1 10 10 12 1 1 10 12 1 10 100 12 1 1 1 100 1 8 1 10 100 12 1 1 1 7 1 8 1 10 12 1 8 1 8 1 8 1 8 1 8 1 10 12 1 1 10 12 1 1 10 12 1 10 12 1 1 10 12 1 1 7 1 10 12 1 100 1 100 1 10 12 1 10 12 1 8 1 8 1 10 10 12 1 1 10 12 1 1 8 1 10 100 12 1 1 8 1 8 1 10 12 1 1 10 7 12 1 1 1 100 1 10 12 1 1 7 1 9 12 1 1 10 7 12 1 1 1 10 10 12 1 9 12 1 10 12 1 9 12 1 9 12 1 10 12 1 1 10 12 1 10 12 1 1 7 1 7 1 10 12 1 1 10 12 1 10 12 1 1 10 7 12 1 1 1 10 12 1 8 1 10 12 1 10 12 1 10 12 1 1 10 12 1 10 7 12 1 1 1 10 12 1 1 100 1 8 1 10 9 7 12 1 1 1 10 12 1 1 10 12 1 1 100 1 10 12 1 1 10 12 1 1 100 1 100 1 10 10 100 1 100 1 10 100 1 10 10 12 1 1 10 100 1 10 12 1 10 12 1 1 10 12 1 1 10 12 1 1 10 12 1 10 12 1 1 10 8 1 10 12 1 10 12 1 10 12 1 10 12 1 10 12 1 1 10 12 1 10 12 1 10 12 1 10 10 7 12 1 1 10 12 1 1 1 1 1 1 1 1 1 1 1 1 1 100 1 1 1 1 1 1 1 1 1 1 1 1 1 1 1 1 1 1 1 1 1 1 1 1 1 1 1 1 1 1 1 1 1 1 1 1 1 1 1 1 1 1 1 1 1 1 1 1 1 1 1 1 1 1 1 1 1 1 1 1 1 1 1 1 1 100 1 1 1 1 1 1 1 1 1 1 1 1 1 1 1 1 1 1 1 1 1 1 1 1 1 1 1 1 1 1 1 1 1 100 1 1 1 1 1 1 1 1 1 1 1 1 1 1 1 1 1 1 1 1 1 1 1 1 1 1 100 1 1 1 1 1 1 1 100 1 1 1
staticfield java/lang/invoke/MethodHandleNatives $assertionsDisabled Z 1
ciInstanceKlass java/lang/invoke/LambdaForm 1 1 1059 7 1 100 1 10 7 12 1 1 1 9 12 1 1 9 12 1 9 12 1 9 12 1 1 9 12 1 1 9 12 1 1 9 12 1 1 9 12 1 1 9 12 1 10 7 12 1 1 9 12 1 10 12 1 1 100 1 10 10 12 1 1 10 12 1 10 12 1 10 12 1 1 10 12 1 9 12 1 9 12 1 10 12 1 1 10 7 12 1 1 1 10 12 1 1 9 100 12 1 1 1 10 12 1 1 9 7 12 1 1 10 12 1 10 12 1 1 10 12 1 1 10 12 1 1 7 1 10 7 12 1 1 1 10 12 1 1 10 12 1 10 12 1 1 9 12 1 1 9 12 1 9 12 1 1 10 12 1 9 12 1 10 100 12 1 1 1 10 12 1 1 100 1 10 12 1 9 12 1 1 10 100 12 1 1 1 10 12 1 10 12 1 7 1 10 12 1 10 12 1 10 12 1 1 10 12 1 1 10 12 1 10 12 1 10 12 1 10 12 1 1 8 1 10 12 1 10 12 1 10 10 12 1 8 1 8 1 9 12 1 9 12 1 1 10 12 1 1 10 12 1 9 12 1 10 12 1 1 10 7 12 1 1 1 10 12 1 1 10 12 1 10 12 1 10 100 12 1 1 1 9 12 1 10 12 1 8 1 8 1 8 1 8 1 8 1 8 1 8 1 8 1 10 12 1 9 12 1 7 1 10 12 1 1 9 12 1 10 12 1 10 12 1 1 10 12 10 12 1 10 12 1 1 10 12 1 1 10 10 12 1 1 10 12 1 1 7 1 8 1 10 12 1 1 10 12 1 10 12 1 1 10 8 1 10 12 1 1 8 1 8 1 8 1 10 12 1 10 12 1 10 12 1 1 100 1 10 12 1 1 10 12 1 1 10 7 12 1 1 1 10 12 1 1 9 12 1 1 8 1 10 100 12 1 1 1 10 7 12 1 1 10 12 10 12 1 1 10 12 1 1 9 12 1 8 10 12 1 1 100 1 10 12 1 1 10 12 1 9 7 12 1 1 9 100 12 1 1 1 8 1 10 100 12 1 1 10 12 1 1 100 1 100 1 10 10 12 1 1 10 12 1 1 8 1 8 1 100 1 8 1 10 12 10 12 1 10 12 1 10 12 1 1 8 1 8 1 10 12 1 10 12 1 1 8 1 8 1 8 1 100 1 8 1 100 1 8 1 100 1 8 1 10 12 1 8 1 9 10 7 12 1 1 1 10 12 1 9 12 1 1 10 12 1 10 10 12 1 10 12 1 10 12 1 10 12 1 1 10 12 1 10 12 1 1 10 12 1 1 10 12 1 1 10 12 1 1 8 1 100 10 12 1 10 12 1 9 12 1 1 10 7 12 1 1 8 1 8 1 100 1 8 1 8 1 8 1 8 1 8 1 8 1 8 1 8 1 10 12 1 1 10 12 1 1 10 12 1 10 12 1 10 12 1 10 12 1 8 1 8 1 8 1 10 12 1 8 1 10 12 1 8 1 8 1 8 1 8 1 8 1 10 12 1 10 12 1 10 12 1 1 10 7 12 1 1 1 10 12 1 10 12 1 10 12 1 10 12 1 10 12 1 10 12 1 10 12 1 9 12 1 1 8 1 10 12 1 1 9 12 1 1 10 12 1 1 9 12 1 9 12 1 1 9 12 1 9 12 1 1 7 1 10 7 12 1 1 1 9 12 1 10 12 1 10 12 1 8 1 10 12 1 9 12 1 1 7 1 10 7 12 1 1 1 8 1 100 1 10 12 1 9 12 1 9 12 1 10 12 1 10 12 1 10 7 12 1 1 1 10 12 1 9 7 12 1 1 10 12 1 1 10 12 1 10 12 1 10 12 1 9 12 10 12 1 10 10 12 1 9 12 1 9 9 12 1 7 9 12 1 1 10 12 1 1 9 12 1 10 12 1 10 7 1 9 1 1 1 1 3 1 3 1 1 3 1 3 1 1 1 1 1 1 1 1 1 1 1 1 1 1 1 1 1 1 1 1 1 1 1 1 1 1 1 1 1 1 1 1 1 1 1 1 1 1 1 1 1 1 1 1 1 1 1 1 1 1 1 100 1 1 1 1 1 1 1 1 1 1 1 1 1 1 1 1 1 1 1 1 1 1 1 1 1 1 1 1 1 1 1 1 1 1 1 1 1 1 1 1 1 1 1 1 1 1 1 1 1 1 1 1 1 1 1 1 1 1 1 1 1 1 100 1 1 1 1 1 1 1 1 1 1 1 1 1 1 1 1 1 1 1 1 1 1 1 1 1 1 1 1 1 1 1 1 1 1 100 1 1 1 1 1 1 1 1 1 1 1 1 1 1 1 1 1 1 1 1 1 1 100 1 1 1 100 1 1 100 1 1 1 1 1 1 1 1 1 1 1
staticfield java/lang/invoke/LambdaForm DEFAULT_CUSTOMIZED Ljava/lang/invoke/MethodHandle; null
staticfield java/lang/invoke/LambdaForm DEFAULT_KIND Ljava/lang/invoke/LambdaForm$Kind; java/lang/invoke/LambdaForm$Kind
staticfield java/lang/invoke/LambdaForm COMPILE_THRESHOLD I 0
staticfield java/lang/invoke/LambdaForm INTERNED_ARGUMENTS [[Ljava/lang/invoke/LambdaForm$Name; 5 [[Ljava/lang/invoke/LambdaForm$Name;
staticfield java/lang/invoke/LambdaForm IMPL_NAMES Ljava/lang/invoke/MemberName$Factory; java/lang/invoke/MemberName$Factory
staticfield java/lang/invoke/LambdaForm LF_identity [Ljava/lang/invoke/LambdaForm; 6 [Ljava/lang/invoke/LambdaForm;
staticfield java/lang/invoke/LambdaForm LF_zero [Ljava/lang/invoke/LambdaForm; 6 [Ljava/lang/invoke/LambdaForm;
staticfield java/lang/invoke/LambdaForm NF_identity [Ljava/lang/invoke/LambdaForm$NamedFunction; 6 [Ljava/lang/invoke/LambdaForm$NamedFunction;
staticfield java/lang/invoke/LambdaForm NF_zero [Ljava/lang/invoke/LambdaForm$NamedFunction; 6 [Ljava/lang/invoke/LambdaForm$NamedFunction;
staticfield java/lang/invoke/LambdaForm createFormsLock Ljava/lang/Object; java/lang/Object
staticfield java/lang/invoke/LambdaForm DEBUG_NAME_COUNTERS Ljava/util/HashMap; null
staticfield java/lang/invoke/LambdaForm DEBUG_NAMES Ljava/util/HashMap; null
staticfield java/lang/invoke/LambdaForm TRACE_INTERPRETER Z 0
staticfield java/lang/invoke/LambdaForm $assertionsDisabled Z 1
ciInstanceKlass java/lang/invoke/TypeDescriptor$OfMethod 1 0 43 100 1 100 1 100 1 1 1 1 1 1 1 1 1 1 1 1 1 1 1 1 1 1 1 1 1 1 1 1 1 1 1 1 1 1 1 1 1 1 100 1 1
ciInstanceKlass java/lang/invoke/MethodType 1 1 780 7 1 10 7 12 1 1 1 9 12 1 1 9 12 1 1 9 12 1 1 10 7 12 1 1 1 9 7 12 1 1 8 1 10 100 12 1 1 1 9 7 1 9 7 1 10 12 1 1 7 1 10 8 1 10 12 1 1 10 12 1 10 12 1 1 100 1 8 1 10 12 1 100 1 10 10 12 1 10 12 1 1 10 12 1 1 11 7 12 1 1 1 9 12 1 11 12 1 1 7 10 12 1 1 10 12 1 1 7 1 7 1 10 7 12 1 1 1 10 12 1 10 12 1 9 12 1 1 10 7 12 1 1 10 12 1 1 10 7 12 1 1 1 10 7 12 1 1 1 10 12 1 9 12 1 1 10 12 1 1 10 12 1 1 10 12 1 1 10 12 1 1 10 12 1 1 10 12 1 10 12 1 10 12 1 1 10 12 1 8 1 8 1 10 12 1 1 9 12 1 1 100 1 10 10 12 1 1 10 12 1 10 12 1 1 10 12 1 1 10 12 1 10 12 1 10 12 1 8 1 10 12 1 1 10 7 12 1 1 1 10 12 1 10 12 1 1 10 12 1 10 12 1 10 12 1 1 10 12 1 10 12 1 9 12 1 10 12 1 10 10 12 1 1 10 12 1 9 12 1 1 10 12 1 1 11 12 1 1 10 12 1 1 10 12 1 10 12 1 7 1 8 1 8 1 8 1 10 12 1 10 12 1 10 12 1 1 10 10 12 1 11 12 1 1 11 12 1 10 100 12 1 1 1 9 12 1 10 12 1 10 12 1 1 10 12 1 1 10 12 1 10 12 1 10 100 12 1 1 1 10 12 1 1 10 12 1 10 12 1 10 12 1 10 9 12 1 1 7 1 10 12 1 10 12 1 1 9 100 12 1 1 1 10 100 12 1 1 1 10 100 12 1 1 1 10 12 1 1 10 7 12 1 1 1 10 12 1 1 8 1 10 7 12 1 1 1 11 12 1 1 9 12 1 1 10 12 1 1 10 12 1 10 12 1 1 10 12 1 1 10 100 12 1 1 100 1 10 12 1 1 11 100 12 1 1 18 12 1 1 11 12 1 1 18 12 1 11 12 1 100 1 11 100 12 1 1 10 12 1 100 1 10 12 1 10 100 12 1 1 10 12 1 1 9 12 1 1 9 100 12 1 1 1 10 100 12 1 1 1 9 12 1 10 100 12 1 1 10 12 1 100 10 12 1 1 10 12 1 7 1 10 10 12 1 1 7 1 7 1 9 12 1 1 100 1 100 1 100 1 1 1 5 0 1 1 1 1 1 1 1 3 1 3 1 3 1 1 1 1 1 1 1 1 1 1 1 1 1 1 1 1 1 1 1 1 1 1 1 1 1 1 1 1 1 1 1 1 1 1 1 1 1 1 1 1 1 1 1 1 1 1 1 1 1 1 1 1 1 1 1 1 1 1 1 1 1 1 1 1 1 1 1 1 1 1 1 1 1 1 1 1 1 1 1 1 1 1 1 1 1 1 1 1 1 1 1 1 1 1 1 1 1 1 1 1 1 1 1 1 1 1 1 1 1 1 1 1 1 1 1 1 1 1 1 1 1 1 1 1 1 1 1 1 1 1 100 1 100 1 1 1 1 1 1 1 1 1 1 1 1 1 100 1 1 1 100 1 1 1 1 1 1 1 1 1 1 1 1 1 1 1 1 1 1 1 1 1 1 16 15 10 12 16 16 15 10 12 16 15 10 100 12 1 1 1 1 1 100 1 1 100 1 1 100 1 100 1 1
staticfield java/lang/invoke/MethodType internTable Ljdk/internal/util/ReferencedKeySet; jdk/internal/util/ReferencedKeySet
staticfield java/lang/invoke/MethodType NO_PTYPES [Ljava/lang/Class; 0 [Ljava/lang/Class;
staticfield java/lang/invoke/MethodType objectOnlyTypes [Ljava/lang/invoke/MethodType; 20 [Ljava/lang/invoke/MethodType;
staticfield java/lang/invoke/MethodType METHOD_HANDLE_ARRAY [Ljava/lang/Class; 1 [Ljava/lang/Class;
staticfield java/lang/invoke/MethodType serialPersistentFields [Ljava/io/ObjectStreamField; 0 [Ljava/io/ObjectStreamField;
staticfield java/lang/invoke/MethodType $assertionsDisabled Z 1
ciInstanceKlass java/lang/BootstrapMethodError 0 0 45 10 100 12 1 1 1 10 12 1 10 12 1 10 100 12 1 1 1 10 100 12 1 1 1 1 1 1 5 0 1 1 1 1 1 1 1 1 1 1 1 100 1 1 1
instanceKlass java/lang/invoke/VolatileCallSite
instanceKlass java/lang/invoke/MutableCallSite
instanceKlass java/lang/invoke/ConstantCallSite
ciInstanceKlass java/lang/invoke/CallSite 1 1 307 10 7 12 1 1 1 10 7 12 1 1 1 9 7 12 1 1 1 10 12 1 1 9 12 1 1 10 7 12 1 1 1 10 12 1 100 1 10 12 1 1 10 12 1 1 9 100 12 1 1 1 10 100 12 1 1 10 12 1 1 100 1 100 1 10 10 100 12 1 1 1 10 12 1 1 8 1 10 12 1 10 12 1 1 10 12 1 10 12 1 1 10 12 1 1 10 10 100 12 1 1 10 12 1 1 9 12 1 9 100 12 1 1 1 8 1 10 7 12 1 1 1 10 12 1 1 100 1 10 12 1 1 9 12 1 8 1 100 1 10 12 1 10 12 1 100 1 8 1 10 10 12 1 10 12 1 1 100 1 10 12 1 1 10 12 1 10 12 1 10 12 1 1 10 12 1 1 9 12 1 1 8 10 12 1 1 9 12 1 1 100 1 10 10 12 1 10 100 12 1 1 1 10 12 1 1 10 12 1 1 10 12 1 10 7 12 1 1 1 100 1 8 1 10 10 12 10 12 1 1 100 1 100 1 100 1 8 1 10 12 1 10 7 12 1 1 1 1 1 1 1 1 1 1 1 1 1 1 1 1 1 1 1 1 1 1 1 1 1 1 1 1 1 1 1 1 1 1 1 1 1 1 1 1 1 1 1 1 1 1 1 1 1 1 1 1 1 1 1 100 1 100 1 1 1 1
staticfield java/lang/invoke/CallSite $assertionsDisabled Z 1
ciInstanceKlass jdk/internal/foreign/abi/NativeEntryPoint 0 0 194 10 100 12 1 1 1 9 100 12 1 1 1 9 12 1 1 100 1 8 1 10 12 1 10 12 1 1 100 1 10 100 12 1 1 1 10 12 1 9 12 1 1 18 12 1 1 10 100 12 1 1 1 10 100 12 1 1 1 9 100 12 1 1 1 100 1 10 8 1 10 12 1 1 10 12 1 10 12 1 1 8 1 10 12 1 1 100 1 8 1 10 12 1 10 12 1 1 10 12 1 9 12 1 1 18 12 1 1 10 100 12 1 1 1 10 12 1 1 10 12 1 10 100 12 1 1 1 10 1 1 1 1 1 1 1 1 1 1 1 1 1 1 1 1 1 1 1 1 1 1 1 1 1 1 1 1 1 1 1 1 1 1 1 1 1 16 1 15 10 12 16 1 16 15 10 12 15 10 100 12 1 1 1 1 1 100 1 1 100 1 100 1 1
ciInstanceKlass jdk/internal/foreign/abi/ABIDescriptor 0 0 55 10 100 12 1 1 1 9 100 12 1 1 1 9 12 1 1 9 12 1 9 12 1 9 12 1 1 9 12 1 9 12 1 1 9 12 1 9 12 1 9 12 1 9 12 1 1 1 1 1 1 1 1 1 1
ciInstanceKlass jdk/internal/foreign/abi/VMStorage 0 0 91 10 100 12 1 1 1 9 100 12 1 1 1 9 12 1 1 9 12 1 1 9 12 1 1 100 1 10 8 1 10 12 1 1 10 12 1 10 12 1 1 10 12 1 18 12 1 18 12 1 1 18 12 1 1 1 1 1 1 1 1 1 1 1 1 1 1 1 1 1 1 1 8 1 15 15 15 15 15 10 100 12 1 1 1 1 100 1 100 1 1
ciInstanceKlass jdk/internal/foreign/abi/UpcallLinker$CallRegs 0 0 66 10 100 12 1 1 1 9 100 12 1 1 1 9 12 1 18 12 1 1 18 12 1 1 18 12 1 1 1 1 1 1 1 1 1 1 1 1 1 1 1 1 1 1 100 1 1 1 8 1 15 15 15 10 100 12 1 1 1 1 1 100 1 100 1 1
ciInstanceKlass java/lang/invoke/MethodHandleNatives$CallSiteContext 1 1 49 10 7 12 1 1 1 7 1 10 10 7 12 1 1 1 10 7 12 1 1 1 10 7 12 1 1 1 100 1 1 1 1 1 1 1 1 1 1 1 1 1 1 1 1 1 100 1 1
ciInstanceKlass java/lang/invoke/ConstantCallSite 1 1 65 10 7 12 1 1 1 9 7 12 1 1 1 9 12 1 1 10 7 12 1 1 1 10 12 1 100 1 10 12 9 12 1 1 100 1 10 10 12 1 1 10 12 1 1 1 1 1 1 1 1 1 1 1 1 1 100 1 1 1 1 1 1 1 1
staticfield java/lang/invoke/ConstantCallSite UNSAFE Ljdk/internal/misc/Unsafe; jdk/internal/misc/Unsafe
ciInstanceKlass java/lang/invoke/MutableCallSite 0 0 63 10 100 12 1 1 1 10 12 1 9 100 12 1 1 1 10 12 1 10 12 1 1 9 12 1 1 10 100 12 1 1 1 10 100 12 1 1 1 10 12 1 1 1 1 1 1 1 1 1 1 1 1 1 1 1 1 1 1 100 1 1 1
ciInstanceKlass java/lang/invoke/VolatileCallSite 0 0 37 10 100 12 1 1 1 10 12 1 10 100 12 1 1 1 10 12 1 10 12 1 1 1 1 1 1 1 1 1 1 1 1 1 1 1 1
ciInstanceKlass java/lang/AssertionStatusDirectives 0 0 24 10 100 12 1 1 1 100 1 1 1 1 1 1 1 1 1 1 1 1 1 1 1 1
ciInstanceKlass java/lang/Appendable 1 0 14 100 1 100 1 1 1 1 100 1 1 1 1 1
instanceKlass java/lang/StringBuilder
instanceKlass java/lang/StringBuffer
ciInstanceKlass java/lang/AbstractStringBuilder 1 1 605 7 1 10 7 12 1 1 1 9 7 12 1 1 1 9 12 1 9 12 1 1 9 12 1 1 10 7 12 1 1 1 10 12 1 1 7 1 3 3 10 12 1 10 12 1 1 11 7 1 100 1 100 1 10 8 1 10 12 1 10 12 1 10 12 1 1 10 12 1 10 12 1 9 12 1 10 12 1 9 12 1 1 10 12 1 1 10 7 12 1 1 1 10 10 12 1 10 12 1 10 12 1 1 10 12 1 1 10 7 12 1 1 1 10 7 12 1 1 1 100 1 8 1 10 10 12 1 1 100 1 10 12 10 12 1 1 10 10 12 1 1 10 12 1 1 10 12 1 1 10 12 1 1 10 10 7 12 1 1 1 10 12 1 100 1 10 10 100 12 1 1 1 9 12 1 1 9 12 1 10 12 1 1 10 10 12 1 1 10 12 10 12 1 10 12 1 1 10 12 1 1 10 12 1 1 10 12 1 10 12 1 1 10 12 1 1 10 12 1 10 12 1 1 8 1 10 12 1 1 10 12 1 10 12 1 10 12 1 10 12 1 10 12 1 10 12 1 10 7 12 1 1 10 12 1 10 12 1 10 100 12 1 1 1 100 1 100 1 10 12 1 10 100 12 1 1 10 12 1 10 12 1 10 12 1 10 12 1 1 10 12 1 10 12 1 1 10 12 1 1 10 10 7 12 1 1 1 10 12 1 10 12 1 10 12 1 1 10 12 1 10 12 1 10 12 1 10 12 1 10 12 1 10 12 1 10 12 1 10 12 1 10 12 1 1 10 12 1 10 12 1 10 12 10 12 1 1 18 12 1 1 100 1 10 100 12 1 1 1 18 10 12 1 1 10 12 1 10 12 1 1 11 12 1 1 10 12 1 10 12 10 12 1 10 10 10 12 1 10 5 0 10 10 12 1 1 100 1 8 1 10 10 12 1 1 10 100 12 1 1 1 10 12 1 10 12 1 1 100 1 10 12 100 1 10 100 1 10 100 1 1 1 1 1 1 1 1 1 1 1 100 1 1 1 1 1 1 1 1 1 1 1 1 1 1 1 1 1 1 1 1 1 1 1 1 1 1 1 1 1 1 1 1 1 1 1 1 1 1 1 1 1 1 1 1 1 1 1 1 1 1 1 1 1 1 1 1 1 1 1 1 1 1 1 1 1 1 1 1 1 1 1 1 1 1 1 1 1 1 1 1 1 1 1 1 1 1 1 1 1 1 1 1 1 1 1 1 1 1 1 1 100 1 1 1 1 1 1 1 1 1 1 1 1 1 1 1 1 1 100 1 1 1 1 1 1 100 1 1 16 1 15 10 12 16 15 10 12 15 10 100 12 1 1 1 1 1 1 1 100 1 100 1 1
staticfield java/lang/AbstractStringBuilder EMPTYVALUE [B 0
ciInstanceKlass java/lang/StringBuffer 1 1 483 10 7 12 1 1 1 10 12 1 10 12 1 10 12 1 1 9 7 12 1 1 1 10 12 1 1 10 12 1 10 12 1 1 9 12 1 1 10 12 1 10 12 1 1 10 12 1 1 10 12 1 10 12 1 1 10 12 1 10 12 1 1 10 12 1 1 10 7 12 1 1 1 10 12 1 1 10 12 1 10 12 1 10 12 1 10 12 1 10 12 1 10 12 1 10 12 1 10 12 1 10 12 1 10 12 1 10 12 1 10 12 1 10 12 1 10 12 1 1 10 12 1 10 12 1 1 10 12 1 1 10 10 12 1 1 10 12 1 10 12 1 10 12 1 10 12 1 10 12 1 10 12 1 10 12 10 12 1 10 12 1 10 12 1 10 12 1 1 10 12 1 10 12 1 10 10 12 1 1 10 12 1 10 12 1 10 12 1 10 10 100 12 1 1 1 10 10 12 1 1 9 12 1 1 10 100 12 1 1 10 100 1 8 10 100 12 1 1 1 8 10 12 1 8 1 10 12 1 10 12 1 10 100 12 1 1 1 10 100 12 1 1 1 7 1 10 12 100 1 8 1 10 10 12 1 1 10 12 1 1 10 12 1 10 12 1 10 12 1 1 10 12 1 10 12 1 10 12 1 10 12 1 10 12 1 10 12 10 12 1 10 12 1 10 12 1 10 12 1 10 12 1 10 12 1 10 12 1 10 12 1 10 12 1 10 12 1 10 12 10 12 10 12 1 10 12 1 10 12 1 10 12 10 12 1 10 12 1 10 12 1 10 12 1 10 12 1 10 12 1 10 12 1 10 12 1 10 12 1 10 12 1 10 12 1 7 1 10 12 1 9 7 12 1 1 1 9 7 1 9 12 1 1 100 1 100 1 100 1 100 1 1 1 1 5 0 1 1 1 1 1 1 1 1 1 1 1 1 1 1 1 1 1 1 1 1 1 1 1 1 1 1 1 1 1 1 1 1 1 1 1 1 1 1 1 1 1 1 1 1 1 1 1 1 1 1 1 1 1 1 1 1 1 1 1 1 1 100 1 1 1 1 1 100 1 1 1 1 1 1 1 1 1 1 1 1 1 1 1 1 1 1
staticfield java/lang/StringBuffer serialPersistentFields [Ljava/io/ObjectStreamField; 3 [Ljava/io/ObjectStreamField;
ciInstanceKlass java/lang/StringBuilder 1 1 422 10 7 12 1 1 1 10 12 1 10 12 1 10 12 1 1 10 7 12 1 1 1 10 7 12 1 1 1 10 12 1 10 12 1 10 12 1 10 12 1 10 12 1 10 12 1 10 12 1 10 12 1 10 12 1 10 12 1 10 12 1 10 12 1 10 12 1 10 12 1 1 10 12 1 10 12 1 1 10 12 1 1 10 12 1 10 12 1 10 12 1 10 12 1 10 12 1 10 12 1 10 12 1 10 12 10 12 1 10 12 1 10 12 1 10 12 1 1 10 12 1 10 12 1 10 12 10 12 1 1 10 12 1 10 12 1 10 12 1 10 100 12 1 1 1 9 12 1 1 10 12 1 10 12 1 1 10 12 1 1 9 12 1 1 10 100 12 1 1 1 10 100 1 10 12 1 1 10 100 12 1 1 10 12 1 10 12 1 1 100 1 100 1 8 1 10 10 12 1 1 10 12 1 10 12 1 10 12 1 1 10 12 1 10 12 1 10 12 1 10 12 1 10 12 1 10 12 10 12 1 10 12 1 10 12 1 10 12 1 10 12 1 10 12 1 10 12 1 10 12 1 10 12 1 1 10 12 1 1 10 12 1 10 12 1 10 12 1 10 12 10 12 10 12 1 10 12 1 10 12 1 10 12 10 12 1 10 12 1 10 12 1 10 12 1 10 12 1 10 12 1 10 12 1 10 12 1 10 12 1 1 10 12 1 10 12 1 1 10 12 1 10 12 1 1 10 12 1 10 12 1 1 10 12 1 10 12 1 10 12 1 10 10 12 1 10 12 1 100 1 100 1 100 1 100 1 1 1 1 5 0 1 1 1 1 1 1 1 1 1 1 1 1 1 1 1 1 1 1 1 1 1 1 1 1 1 1 1 1 1 1 1 1 1 1 1 1 1 1 1 1 1 1 1 1 100 1 1 1 100 1 1 1 1 1 1 1 1 1 1 1
ciInstanceKlass jdk/internal/misc/UnsafeConstants 1 1 34 10 100 12 1 1 1 9 7 12 1 1 1 9 12 1 9 12 1 1 9 12 1 9 12 1 1 1 1 1 1 1 1 1
staticfield jdk/internal/misc/UnsafeConstants ADDRESS_SIZE0 I 8
staticfield jdk/internal/misc/UnsafeConstants PAGE_SIZE I 4096
staticfield jdk/internal/misc/UnsafeConstants BIG_ENDIAN Z 0
staticfield jdk/internal/misc/UnsafeConstants UNALIGNED_ACCESS Z 1
staticfield jdk/internal/misc/UnsafeConstants DATA_CACHE_LINE_FLUSH_SIZE I 0
ciInstanceKlass jdk/internal/misc/Unsafe 1 1 1287 10 7 12 1 1 1 9 7 12 1 1 1 9 12 1 1 10 12 1 1 10 7 12 1 1 1 10 12 1 1 10 12 1 1 10 12 1 1 10 12 1 1 10 12 1 1 10 12 1 1 10 12 1 1 10 12 1 1 10 12 1 1 10 12 1 1 10 12 1 1 10 12 1 1 10 12 1 1 10 12 1 10 12 1 100 1 10 10 12 1 1 10 12 1 1 5 0 10 12 1 1 10 12 1 1 10 7 12 1 1 1 10 12 1 1 10 12 1 10 12 1 10 12 1 1 10 12 1 1 10 12 1 10 12 1 100 1 100 1 10 8 1 10 12 1 1 10 12 1 8 1 10 12 1 1 10 12 1 10 12 1 10 12 1 1 10 12 1 10 12 1 1 10 12 1 1 10 12 1 10 12 1 10 12 1 10 12 1 1 10 12 1 10 12 1 10 12 1 1 10 12 1 5 0 5 0 5 0 10 12 1 10 12 1 10 12 1 10 12 1 10 12 1 10 12 1 10 12 1 10 12 1 10 12 1 1 10 12 1 10 12 1 100 1 8 1 10 100 1 10 10 12 1 1 10 12 1 1 10 12 1 10 12 1 1 10 12 1 1 10 12 1 10 12 1 1 10 12 1 9 7 12 1 1 9 12 1 100 1 10 10 12 1 1 8 1 10 8 1 8 1 10 12 1 1 9 7 12 1 1 1 9 100 1 9 7 1 9 7 1 9 9 100 1 9 7 1 9 100 1 10 12 1 1 10 12 1 1 10 12 1 1 10 12 1 1 5 0 5 0 9 12 1 1 10 12 1 10 12 1 10 12 1 1 10 12 1 1 10 12 1 8 1 3 10 12 1 1 10 12 1 1 10 12 1 10 12 1 1 10 12 1 1 10 12 1 10 12 1 10 12 1 10 12 1 10 12 1 10 12 1 1 10 12 1 1 10 12 1 10 12 1 10 12 1 10 12 1 10 12 1 10 12 1 1 10 12 1 1 10 12 1 10 12 1 10 12 1 10 12 1 10 12 1 10 12 1 1 10 12 1 1 10 12 1 1 10 12 1 1 10 12 1 10 12 1 10 12 1 10 12 1 10 12 1 10 12 1 10 12 1 1 10 12 1 1 10 12 1 10 12 1 10 12 1 10 12 1 10 12 1 10 12 1 10 12 1 1 10 12 1 1 10 12 1 10 12 1 10 12 1 10 12 1 10 12 1 10 12 1 10 12 1 10 12 1 1 10 12 1 10 12 1 10 12 1 10 12 1 10 12 1 1 10 12 1 10 12 1 10 12 1 10 12 1 10 12 1 10 12 1 10 12 1 10 12 1 1 10 12 1 10 12 1 10 12 1 10 12 1 10 12 1 10 12 1 1 10 12 1 10 12 1 10 12 1 1 10 12 1 10 12 1 10 12 1 10 12 1 10 12 1 10 12 1 10 12 1 10 12 1 10 12 1 10 12 1 10 12 1 10 12 1 10 12 1 10 12 1 10 12 1 10 12 1 10 12 1 10 12 1 10 12 1 10 12 1 10 12 1 10 12 1 10 12 1 100 1 10 100 1 10 9 12 1 5 0 10 12 1 1 5 0 10 12 1 5 0 10 12 1 10 12 1 10 12 1 1 10 12 1 1 10 12 1 10 12 1 10 12 1 10 12 1 1 10 12 1 10 12 1 10 12 1 10 12 1 10 12 1 1 10 12 1 10 12 1 10 12 1 10 12 1 1 10 12 1 10 12 1 10 12 1 1 10 12 1 10 12 1 10 12 1 10 12 1 1 10 12 1 10 10 12 1 1 10 12 1 10 12 1 1 10 12 1 10 12 5 0 5 0 5 0 10 12 1 1 10 12 1 10 12 1 10 12 10 100 12 1 1 8 1 100 1 11 12 1 1 8 1 11 12 1 1 10 100 12 1 1 10 12 1 10 12 1 10 12 1 10 12 1 10 12 1 1 10 12 1 10 12 1 10 12 1 10 12 1 10 12 1 10 12 1 10 7 1 10 12 1 9 12 1 7 1 9 12 1 7 1 9 12 1 7 1 9 12 1 7 1 9 12 1 7 1 9 12 1 7 1 9 12 1 7 1 9 12 1 7 1 9 12 1 10 12 1 9 12 1 9 12 1 9 12 1 9 12 1 9 12 1 9 12 1 9 12 1 9 12 1 9 12 1 9 12 1 1 1 3 1 1 1 1 1 1 1 1 1 1 1 1 1 1 1 1 1 1 1 1 1 1 1 1 1 1 1 1 1 1 1 1 1 1 1 1 1 1 1 1 1 1 1 1 1 1 1 1 1 1 1 1 1 1 1 1 1 1 1 1 1 1 1 1 1 1 1 1 1 1 1 1 1 1 1 1 1 1 1 1 1 1 1 1 1 1 1 1 1 100 1 1 1 1 1 1 1 1 1 1 1 1 1 1 1 1 1 1 1 1 1 1 1 1 1 1 1 1 1 1 1 1 1 1 1 1 1 1 1 1 1 1 1 1 1 1 1 1 1 1 1 1 1 1 1 1 1 1 1 1 1 1 1 1 1 1 1 1 1 1 1 1 1 1 1 1 1 1 1 1 1 1 1 1 1 1 1 1 1 1 1 1 1 1 1 1 1 1 1 1 1 1 1 1 1 1 1 1 1 1 1 1 1 1 1 1 1 1 1 1 1 1 1 1 1 1 1 1 1 1 1 1 1 1 1 1 1 1 1 1 1 1 1 1 1 1 1 1 1 1 1 1 1 1 1 1 1 1 1 1 1 1 1 1 1 1 1 1 1 1 1 1 1 1 1 1 1 1 1 1 1 1 1 1 1 1 1 1 1 1 1 1 1 1 1 1 1 1 1 1 1 1 1 1 1 1 3 1 1 1 1 1 1 1 1 1 1 1 1 1 1 1 1 1 1 1 1 1
staticfield jdk/internal/misc/Unsafe theUnsafe Ljdk/internal/misc/Unsafe; jdk/internal/misc/Unsafe
staticfield jdk/internal/misc/Unsafe ARRAY_BOOLEAN_BASE_OFFSET I 16
staticfield jdk/internal/misc/Unsafe ARRAY_BYTE_BASE_OFFSET I 16
staticfield jdk/internal/misc/Unsafe ARRAY_SHORT_BASE_OFFSET I 16
staticfield jdk/internal/misc/Unsafe ARRAY_CHAR_BASE_OFFSET I 16
staticfield jdk/internal/misc/Unsafe ARRAY_INT_BASE_OFFSET I 16
staticfield jdk/internal/misc/Unsafe ARRAY_LONG_BASE_OFFSET I 16
staticfield jdk/internal/misc/Unsafe ARRAY_FLOAT_BASE_OFFSET I 16
staticfield jdk/internal/misc/Unsafe ARRAY_DOUBLE_BASE_OFFSET I 16
staticfield jdk/internal/misc/Unsafe ARRAY_OBJECT_BASE_OFFSET I 16
staticfield jdk/internal/misc/Unsafe ARRAY_BOOLEAN_INDEX_SCALE I 1
staticfield jdk/internal/misc/Unsafe ARRAY_BYTE_INDEX_SCALE I 1
staticfield jdk/internal/misc/Unsafe ARRAY_SHORT_INDEX_SCALE I 2
staticfield jdk/internal/misc/Unsafe ARRAY_CHAR_INDEX_SCALE I 2
staticfield jdk/internal/misc/Unsafe ARRAY_INT_INDEX_SCALE I 4
staticfield jdk/internal/misc/Unsafe ARRAY_LONG_INDEX_SCALE I 8
staticfield jdk/internal/misc/Unsafe ARRAY_FLOAT_INDEX_SCALE I 4
staticfield jdk/internal/misc/Unsafe ARRAY_DOUBLE_INDEX_SCALE I 8
staticfield jdk/internal/misc/Unsafe ARRAY_OBJECT_INDEX_SCALE I 4
staticfield jdk/internal/misc/Unsafe ADDRESS_SIZE I 8
ciInstanceKlass jdk/internal/module/Modules 1 1 504 10 100 12 1 1 1 9 7 12 1 1 1 11 7 12 1 1 1 11 12 1 1 11 12 1 1 11 12 1 1 11 12 1 11 12 1 11 12 1 11 12 1 11 12 1 1 10 100 12 1 1 1 10 100 12 1 1 1 18 12 1 1 10 100 12 1 1 1 100 1 10 100 12 1 1 1 10 100 12 1 1 1 10 100 12 1 1 10 12 1 1 11 12 1 9 12 1 1 11 7 12 1 1 1 10 12 1 1 10 10 12 1 10 9 12 1 1 10 100 12 1 1 10 12 1 1 10 100 12 1 1 100 1 11 100 12 1 1 1 10 100 12 1 1 1 11 100 12 1 1 10 12 1 1 10 100 12 1 1 10 100 12 1 1 1 10 12 1 1 10 12 1 1 11 12 1 1 18 12 1 1 11 100 12 1 1 10 100 12 1 1 1 11 100 12 1 1 1 100 1 11 12 1 1 11 100 12 1 1 1 11 12 1 1 10 12 1 1 10 100 12 1 1 18 12 1 1 11 12 1 1 18 12 1 1 11 12 1 1 10 12 1 18 18 10 12 1 1 9 12 1 1 11 100 12 1 1 1 100 1 10 11 12 1 11 12 1 1 11 12 1 1 10 100 1 10 12 1 1 10 100 12 1 1 10 12 1 1 11 12 10 12 1 1 100 1 10 18 12 1 10 12 1 1 100 1 8 1 10 12 1 10 100 12 1 1 18 12 1 11 11 12 10 12 1 10 10 100 1 18 12 1 10 10 10 7 12 1 1 10 7 12 1 1 1 10 12 1 1 1 1 1 1 1 1 1 1 1 1 1 1 1 1 1 1 1 1 1 1 1 1 1 1 1 1 1 1 1 1 1 100 1 1 1 1 1 1 1 1 1 1 1 1 1 1 1 1 1 1 1 1 1 1 1 1 1 1 1 1 1 1 1 1 1 1 1 100 1 1 1 1 1 1 1 1 1 1 1 1 1 1 1 1 1 1 1 1 1 1 1 16 15 10 12 1 16 16 15 10 12 1 16 1 16 1 15 10 12 1 16 1 16 1 15 10 12 16 1 15 10 16 1 15 10 12 16 1 15 10 12 16 15 10 12 16 15 10 12 15 10 100 12 1 1 1 1 1 1 100 1 100 1 1
staticfield jdk/internal/module/Modules JLA Ljdk/internal/access/JavaLangAccess; java/lang/System$2
staticfield jdk/internal/module/Modules JLMA Ljdk/internal/access/JavaLangModuleAccess; java/lang/module/ModuleDescriptor$1
staticfield jdk/internal/module/Modules $assertionsDisabled Z 1
ciInstanceKlass java/lang/AutoCloseable 1 0 12 100 1 100 1 1 1 1 100 1 1 1
ciInstanceKlass java/io/Closeable 1 0 14 100 1 100 1 100 1 1 1 1 100 1 1 1
instanceKlass org/apache/commons/compress/utils/BoundedArchiveInputStream
instanceKlass java/io/SequenceInputStream
instanceKlass org/apache/commons/compress/archivers/zip/ExplodingInputStream
instanceKlass org/apache/commons/compress/compressors/CompressorInputStream
instanceKlass sun/security/ssl/SSLSocketImpl$AppInputStream
instanceKlass sun/nio/ch/NioSocketImpl$1
instanceKlass java/net/Socket$SocketInputStream
instanceKlass jdk/nio/zipfs/ZipFileSystem$EntryInputStream
instanceKlass java/io/ObjectInputStream
instanceKlass sun/nio/ch/ChannelInputStream
instanceKlass java/util/zip/ZipFile$ZipFileInputStream
instanceKlass java/io/FilterInputStream
instanceKlass java/io/FileInputStream
instanceKlass java/io/ByteArrayInputStream
ciInstanceKlass java/io/InputStream 1 1 195 100 1 10 7 12 1 1 1 100 1 10 10 7 12 1 1 1 10 7 12 1 1 1 10 12 1 100 1 3 10 12 1 1 100 1 8 1 10 12 1 10 7 12 1 1 1 3 100 1 8 1 10 10 7 12 1 1 1 7 1 10 11 7 12 1 1 1 10 12 1 1 11 12 1 1 11 7 12 1 1 1 11 12 1 1 7 1 10 7 12 1 1 1 5 0 10 12 1 10 12 1 1 100 1 10 8 1 10 8 1 8 1 10 12 1 1 10 100 12 1 1 1 100 1 5 0 10 12 1 100 1 100 1 1 1 1 3 1 3 1 1 1 1 1 1 1 1 1 1 1 1 1 1 1 1 1 1 1 1 1 1 1 1 1 1 1 1 1 1 1 1 1 1 1 1 1 1 1 1 1 1 1 1 1 1 1 1 1 1 1 1 1 1 1
ciInstanceKlass java/io/ByteArrayInputStream 1 1 117 10 7 12 1 1 1 9 7 12 1 1 1 9 12 1 1 9 12 1 9 12 1 10 100 12 1 1 1 10 7 12 1 1 1 10 7 12 1 1 1 10 7 12 1 1 1 10 12 1 1 3 10 100 1 10 100 12 1 1 1 9 12 1 1 100 1 10 10 7 12 1 1 1 1 1 1 1 1 1 1 1 1 1 1 1 1 1 1 1 1 1 1 1 1 1 1 1 1 1 1 1 100 1 1 1 1 1 1 1 1 1 1 1 1 1 1
staticfield java/io/ByteArrayInputStream $assertionsDisabled Z 1
ciInstanceKlass java/net/URL 1 1 771 10 7 12 1 1 1 10 12 1 10 7 12 1 1 9 12 1 1 9 12 1 10 7 12 1 1 1 10 12 1 1 10 12 1 1 9 12 1 1 10 7 12 1 1 1 8 1 10 12 1 1 100 1 10 10 12 1 1 8 1 10 12 1 1 9 12 1 100 1 8 1 10 12 1 10 12 1 8 1 9 12 1 10 12 1 1 9 12 1 10 12 1 10 12 1 9 12 1 9 12 1 8 1 9 12 1 10 12 1 1 8 1 9 12 1 1 10 12 1 1 10 7 12 1 1 1 8 1 10 12 1 7 1 10 12 1 10 12 1 10 12 1 10 12 1 1 10 12 1 1 8 1 10 12 1 1 10 12 1 8 1 9 12 1 8 1 10 12 1 10 7 12 1 1 1 100 1 10 12 1 10 12 1 1 10 7 12 1 1 1 100 1 8 1 10 10 12 1 8 1 10 12 1 1 10 12 1 10 12 1 10 12 1 10 12 1 10 12 1 10 12 1 8 1 10 12 1 8 1 10 10 100 1 10 10 12 1 8 1 10 7 12 1 1 1 10 12 1 9 100 12 1 1 1 10 100 12 1 1 1 9 12 1 1 10 12 1 10 100 12 1 1 1 100 1 100 1 10 12 1 10 12 1 10 12 1 10 12 1 10 12 1 10 12 10 10 12 1 10 12 1 10 12 1 1 8 1 9 100 12 1 1 1 10 100 12 1 1 1 10 12 1 1 9 100 12 1 1 1 10 12 1 1 100 1 10 12 1 10 12 1 10 10 12 1 1 10 12 1 1 10 12 1 10 12 1 10 12 1 10 7 12 1 1 1 10 12 1 1 10 12 1 9 12 1 1 9 12 1 1 100 1 8 1 10 10 12 1 9 12 1 1 10 7 12 1 1 8 1 10 7 12 1 1 8 1 10 12 1 1 10 12 1 8 1 8 1 10 7 12 1 1 1 100 1 10 100 12 1 1 1 10 12 1 10 12 1 7 1 10 9 7 12 1 1 1 10 7 12 1 1 10 12 1 1 10 12 1 8 1 7 1 10 10 7 12 1 1 1 10 12 1 8 9 100 12 1 1 1 10 12 1 1 10 12 1 10 12 1 1 10 7 12 1 1 11 7 12 1 1 10 12 1 10 12 1 9 12 1 10 12 1 1 10 100 12 1 1 10 100 12 1 1 1 8 10 100 12 1 1 100 1 10 8 8 10 12 1 8 8 8 100 1 10 12 1 9 12 1 1 10 12 1 10 12 1 1 10 12 1 10 12 10 12 1 1 10 12 1 1 10 10 10 12 1 10 12 1 10 12 1 10 12 1 10 12 1 10 10 12 1 100 1 8 1 10 10 10 12 1 1 10 12 1 10 12 1 1 8 1 7 1 10 10 7 1 10 12 1 9 7 12 1 1 1 9 12 1 1 7 1 10 10 7 12 1 1 1 100 1 1 1 1 1 5 0 1 1 1 1 1 1 1 1 1 1 1 1 1 1 1 1 1 1 1 1 1 1 1 1 1 1 1 1 1 1 1 1 1 1 1 1 1 1 1 1 1 1 1 1 1 1 1 1 100 1 1 1 1 1 1 1 1 1 1 1 1 1 1 1 1 1 1 1 1 1 1 1 1 1 1 1 1 1 1 1 1 1 1 1 1 1 100 1 1 1 1 1 1 1 1 1 1 1 1 1 1 1 1 1 100 1 1 1 1 1 1 1 1 1 1 1 1 1 1 1 1 1 1 1
staticfield java/net/URL defaultFactory Ljava/net/URLStreamHandlerFactory; java/net/URL$DefaultFactory
staticfield java/net/URL streamHandlerLock Ljava/lang/Object; java/lang/Object
staticfield java/net/URL serialPersistentFields [Ljava/io/ObjectStreamField; 7 [Ljava/io/ObjectStreamField;
instanceKlass io/ballerina/persist/utils/JdbcDriverLoader
instanceKlass org/ballerinalang/bindgen/utils/ChildFirstClassLoader
instanceKlass io/ballerina/cli/launcher/CustomToolClassLoader
ciInstanceKlass java/net/URLClassLoader 1 1 600 10 7 12 1 1 1 7 1 10 12 1 9 7 12 1 1 1 10 7 12 1 1 1 9 12 1 1 7 1 10 12 1 9 12 1 1 10 12 1 10 10 12 1 10 100 12 1 1 1 10 12 1 1 10 7 12 1 1 1 10 7 12 1 1 1 100 1 10 12 1 1 10 12 1 1 10 12 1 1 100 1 100 1 10 7 12 1 1 1 100 1 8 1 10 12 1 10 100 12 1 1 1 10 12 1 1 10 12 1 1 11 100 12 1 1 1 11 100 12 1 1 1 11 12 1 1 100 1 11 12 1 11 100 12 1 1 10 12 1 11 12 1 11 12 1 1 11 10 12 1 1 10 12 1 1 10 12 1 1 7 1 10 12 1 10 12 1 1 7 1 100 1 10 12 1 1 100 1 10 10 12 1 1 10 7 12 1 1 10 12 1 100 1 100 1 10 8 1 10 12 1 1 8 1 10 12 1 1 10 10 12 1 8 1 8 1 10 12 1 1 10 7 12 1 1 1 10 7 12 1 1 1 10 12 1 1 10 12 1 1 10 12 1 1 10 12 1 10 12 1 100 1 100 1 8 1 10 12 1 10 12 1 1 10 12 1 1 7 1 10 12 1 10 7 12 1 1 1 10 12 1 1 10 12 1 1 10 12 1 1 10 12 1 10 7 12 1 1 1 10 12 1 1 8 1 10 12 1 1 11 7 12 1 1 1 9 7 12 1 1 1 10 7 12 1 1 1 9 12 1 9 12 1 9 12 1 9 12 1 9 12 1 9 12 1 10 7 12 1 1 1 8 1 10 12 1 1 100 1 10 10 12 1 10 12 1 1 10 12 1 1 100 1 10 12 1 10 12 1 1 10 12 1 10 12 1 1 7 1 10 7 12 1 1 9 7 12 1 1 1 10 12 1 8 1 100 1 8 1 10 12 1 10 12 1 8 1 10 12 1 10 12 1 9 12 1 1 10 100 12 1 1 10 12 1 10 12 1 10 100 1 8 1 10 100 1 10 12 1 10 7 12 1 100 1 10 12 1 10 12 1 100 1 10 10 7 12 1 1 1 1 1 1 1 1 1 1 1 1 1 1 1 1 1 1 1 1 1 1 1 1 1 1 1 1 1 1 1 1 1 1 1 1 1 100 1 100 1 100 1 100 1 1 1 1 1 1 1 1 1 1 1 1 1 1 1 1 1 1 1 1 1 1 1 1 1 1 1 1 1 1 1 1 1 1 1 1 1 1 1 1 1 1 1 1 1 1 100 1 1 1 1 1 1 1 1 1 1 1 1 1 1 1 1 1 1 1 1 1 1 1 1 1 1 1 1 1 1 1 1 1 1 1 1 1 100 1 1 1
instanceKlass org/apache/commons/compress/archivers/zip/ZipArchiveEntry$ExtraFieldParsingMode
instanceKlass org/apache/commons/io/StandardLineSeparator
instanceKlass org/apache/commons/compress/archivers/zip/ZipMethod
instanceKlass org/apache/commons/compress/archivers/zip/ZipArchiveEntry$CommentSource
instanceKlass org/apache/commons/compress/archivers/zip/ZipArchiveEntry$NameSource
instanceKlass org/apache/commons/compress/archivers/zip/Zip64Mode
instanceKlass io/ballerina/projects/JBallerinaBackend$OutputType
instanceKlass io/ballerina/projects/internal/ProjectDiagnosticErrorCode
instanceKlass org/wso2/ballerinalang/compiler/bir/codegen/model/JInsKind
instanceKlass org/wso2/ballerinalang/compiler/bir/codegen/model/JTermKind
instanceKlass io/ballerina/projects/PlatformLibraryScope
instanceKlass org/wso2/ballerinalang/compiler/bir/model/InstructionKind
instanceKlass org/wso2/ballerinalang/compiler/bir/model/VarKind
instanceKlass org/wso2/ballerinalang/compiler/bir/model/VarScope
instanceKlass io/ballerina/compiler/api/symbols/resourcepath/util/PathSegment$Kind
instanceKlass io/ballerina/stdlib/http/compiler/HttpDiagnostic
instanceKlass io/ballerina/compiler/api/symbols/ParameterKind
instanceKlass io/ballerina/compiler/api/symbols/AnnotationAttachPoint
instanceKlass io/ballerina/compiler/api/symbols/SymbolKind
instanceKlass io/ballerina/compiler/api/symbols/Qualifier
instanceKlass io/ballerina/compiler/api/symbols/TypeDescKind
instanceKlass io/ballerina/projects/CompilerPluginKind
instanceKlass org/ballerinalang/util/diagnostic/DiagnosticWarningCode
instanceKlass org/ballerinalang/util/diagnostic/DiagnosticHintCode
instanceKlass org/wso2/ballerinalang/compiler/semantics/analyzer/IsolationAnalyzer$IsolationInferenceKind
instanceKlass org/wso2/ballerinalang/compiler/semantics/analyzer/DataflowAnalyzer$InitStatus
instanceKlass org/wso2/ballerinalang/compiler/semantics/analyzer/CodeAnalyzer$DefaultValueState
instanceKlass org/wso2/ballerinalang/compiler/semantics/analyzer/Types$ContextOption
instanceKlass io/ballerina/types/definition/Member$Kind
instanceKlass io/ballerina/types/definition/Member$Visibility
instanceKlass io/ballerina/types/definition/ObjectQualifiers$NetworkQualifier
instanceKlass org/wso2/ballerinalang/compiler/semantics/analyzer/Types$TypeTestResult
instanceKlass io/ballerina/types/BddMemo$MemoStatus
instanceKlass org/wso2/ballerinalang/compiler/tree/statements/BLangBlockStmt$FailureBreakMode
instanceKlass org/ballerinalang/util/diagnostic/DiagnosticErrorCode
instanceKlass org/wso2/ballerinalang/compiler/util/FieldKind
instanceKlass org/ballerinalang/model/tree/NodeKind
instanceKlass org/ballerinalang/model/tree/SourceKind
instanceKlass io/ballerina/projects/SemanticVersion$VersionCompatibilityResult
instanceKlass sun/security/ssl/Alert$Level
instanceKlass sun/security/ssl/Alert
instanceKlass okhttp3/internal/http2/ErrorCode
instanceKlass javax/net/ssl/SSLEngineResult$HandshakeStatus
instanceKlass sun/security/ssl/Finished$VerifyDataScheme
instanceKlass sun/security/validator/CADistrustPolicy
instanceKlass sun/security/provider/certpath/OCSP$RevocationStatus$CertStatus
instanceKlass sun/security/provider/certpath/ResponderId$Type
instanceKlass java/security/cert/CRLReason
instanceKlass sun/security/provider/certpath/OCSPResponse$ResponseStatus
instanceKlass sun/security/ssl/SSLTrafficKeyDerivation$KeySchedule
instanceKlass sun/security/ssl/SSLTrafficKeyDerivation
instanceKlass sun/security/ssl/SSLSecretDerivation$SecretSchedule
instanceKlass sun/security/ssl/ContentType
instanceKlass sun/security/ssl/SSLKeyExchange$T12KeyAgreement
instanceKlass sun/security/ssl/PskKeyExchangeModesExtension$PskKeyExchangeMode
instanceKlass sun/security/ssl/ECPointFormatsExtension$ECPointFormat
instanceKlass sun/security/ssl/CertStatusExtension$CertStatusRequestType
instanceKlass sun/security/ssl/SSLExtension
instanceKlass sun/security/ssl/SignatureScheme$SigAlgParamSpec
instanceKlass sun/security/ssl/SignatureScheme
instanceKlass sun/security/ssl/ClientAuthType
instanceKlass sun/security/ssl/SSLHandshake
instanceKlass jdk/internal/icu/util/CodePointTrie$ValueWidth
instanceKlass jdk/internal/icu/util/CodePointTrie$Type
instanceKlass java/text/Normalizer$Form
instanceKlass sun/security/ssl/NamedGroup
instanceKlass sun/security/ssl/NamedGroup$NamedGroupSpec
instanceKlass sun/security/ssl/CipherSuite$KeyExchange
instanceKlass sun/security/ssl/CipherSuite$MacAlg
instanceKlass sun/security/ssl/CipherSuite$HashAlg
instanceKlass sun/security/ssl/CipherType
instanceKlass sun/security/ssl/SSLCipher
instanceKlass sun/security/ssl/CipherSuite
instanceKlass java/security/CryptoPrimitive
instanceKlass sun/security/util/DisabledAlgorithmConstraints$Constraint$Operator
instanceKlass sun/security/ssl/ProtocolVersion
instanceKlass sun/security/rsa/RSAUtil$KeyType
instanceKlass java/net/Proxy$Type
instanceKlass okhttp3/TlsVersion
instanceKlass okhttp3/Protocol
instanceKlass org/ballerinalang/central/client/model/PackageResolutionRequest$Mode
instanceKlass io/ballerina/projects/util/ProjectUtils$CompatibleRange
instanceKlass io/ballerina/projects/internal/ModuleResolver$DirectPackageDependencyKind
instanceKlass io/ballerina/projects/internal/PackageDependencyGraphBuilder$NodeStatus
instanceKlass io/ballerina/compiler/internal/parser/TypePrecedence
instanceKlass io/ballerina/compiler/internal/diagnostics/DiagnosticErrorCode
instanceKlass io/ballerina/compiler/internal/parser/ParserRuleContext
instanceKlass io/ballerina/compiler/internal/parser/OperatorPrecedence
instanceKlass io/ballerina/compiler/syntax/tree/SyntaxKind
instanceKlass io/ballerina/compiler/internal/parser/KeywordMode
instanceKlass io/ballerina/compiler/internal/parser/ParserMode
instanceKlass io/ballerina/projects/BuildOptions$OptionName
instanceKlass org/apache/commons/text/translate/NumericEntityUnescaper$OPTION
instanceKlass org/apache/commons/lang3/Range$ComparableComparator
instanceKlass org/ballerinalang/model/tree/OperatorKind
instanceKlass org/ballerinalang/model/elements/AttachPoint$Point
instanceKlass org/wso2/ballerinalang/compiler/semantics/model/symbols/SchedulerPolicy
instanceKlass org/wso2/ballerinalang/compiler/bir/writer/CPEntry$Type
instanceKlass io/ballerina/projects/ModuleCompilationState
instanceKlass io/ballerina/tools/diagnostics/DiagnosticSeverity
instanceKlass io/ballerina/projects/internal/BlendedManifest$DependencyOrigin
instanceKlass io/ballerina/projects/internal/BlendedManifest$DependencyRelation
instanceKlass io/ballerina/projects/environment/ResolutionResponse$ResolutionStatus
instanceKlass io/ballerina/projects/ProjectKind
instanceKlass java/nio/file/FileTreeWalker$EventType
instanceKlass java/nio/file/FileVisitOption
instanceKlass com/google/gson/ReflectionAccessFilter$FilterResult
instanceKlass sun/util/locale/provider/LocaleProviderAdapter$Type
instanceKlass io/ballerina/projects/environment/PackageLockingMode
instanceKlass io/ballerina/projects/DependencyResolutionType
instanceKlass io/ballerina/projects/PackageDependencyScope
instanceKlass com/github/zafarkhaja/semver/VersionParser$CharType
instanceKlass org/wso2/ballerinalang/compiler/util/BArrayState
instanceKlass org/ballerinalang/model/types/TypeKind
instanceKlass java/math/RoundingMode
instanceKlass org/ballerinalang/model/symbols/SymbolKind
instanceKlass io/ballerina/compiler/api/symbols/DiagnosticState
instanceKlass org/ballerinalang/model/symbols/SymbolOrigin
instanceKlass io/ballerina/types/CellAtomicType$CellMutability
instanceKlass java/lang/invoke/MethodHandleImpl$ArrayAccess
instanceKlass io/ballerina/types/Atom$Kind
instanceKlass org/ballerinalang/model/elements/Flag
instanceKlass org/ballerinalang/compiler/CompilerPhase
instanceKlass org/ballerinalang/compiler/CompilerOptionName
instanceKlass io/ballerina/toml/validator/schema/Type
instanceKlass com/google/gson/stream/JsonToken
instanceKlass com/google/gson/ToNumberPolicy
instanceKlass com/google/gson/FieldNamingPolicy
instanceKlass com/google/gson/LongSerializationPolicy
instanceKlass picocli/CommandLine$ParseResult$GroupValidationResult$Type
instanceKlass picocli/CommandLine$LookBehind
instanceKlass java/util/Comparators$NaturalOrderComparator
instanceKlass io/swagger/v3/oas/models/PathItem$HttpMethod
instanceKlass io/ballerina/openapi/cmd/SubCmdBase$CommandType
instanceKlass io/ballerina/openapi/cmd/CmdConstants$Mode
instanceKlass io/ballerina/projects/JvmTarget
instanceKlass java/nio/file/attribute/PosixFilePermission
instanceKlass java/util/stream/MatchOps$MatchKind
instanceKlass io/ballerina/toml/semantic/TomlType
instanceKlass io/ballerina/toml/internal/parser/tree/STNodeFlags
instanceKlass io/ballerina/toml/syntax/tree/SyntaxKind
instanceKlass io/ballerina/toml/internal/parser/ParserRuleContext
instanceKlass io/ballerina/toml/internal/parser/ParserMode
instanceKlass java/nio/file/AccessMode
instanceKlass picocli/CommandLine$Help$Visibility
instanceKlass java/time/format/TextStyle
instanceKlass java/time/format/DateTimeFormatterBuilder$SettingsParser
instanceKlass java/time/format/ResolverStyle
instanceKlass java/time/format/SignStyle
instanceKlass java/time/temporal/JulianFields$Field
instanceKlass java/time/temporal/IsoFields$Unit
instanceKlass java/time/temporal/IsoFields$Field
instanceKlass java/time/chrono/IsoEra
instanceKlass java/time/DayOfWeek
instanceKlass java/time/Month
instanceKlass java/time/temporal/ChronoUnit
instanceKlass java/time/temporal/ChronoField
instanceKlass picocli/CommandLine$Help$Ansi$Style
instanceKlass picocli/CommandLine$Help$Ansi
instanceKlass picocli/CommandLine$TraceLevel
instanceKlass java/net/StandardProtocolFamily
instanceKlass jdk/internal/util/OperatingSystem
instanceKlass java/security/DrbgParameters$Capability
instanceKlass sun/security/util/KnownOIDs
instanceKlass java/lang/StackWalker$Option
instanceKlass java/io/ObjectInputFilter$Status
instanceKlass com/sun/management/VMOption$Origin
instanceKlass com/sun/management/HotSpotDiagnosticMXBean$ThreadDumpFormat
instanceKlass java/util/Locale$Category
instanceKlass java/util/regex/Pattern$Qtype
instanceKlass java/lang/management/MemoryType
instanceKlass java/lang/reflect/ProxyGenerator$PrimitiveTypeInfo
instanceKlass java/lang/annotation/RetentionPolicy
instanceKlass java/lang/annotation/ElementType
instanceKlass sun/util/logging/PlatformLogger$Level
instanceKlass java/lang/System$Logger$Level
instanceKlass jdk/internal/logger/BootstrapLogger$LoggingBackend
instanceKlass java/util/zip/ZipCoder$Comparison
instanceKlass java/nio/file/LinkOption
instanceKlass sun/nio/fs/WindowsPathType
instanceKlass java/nio/file/StandardOpenOption
instanceKlass java/util/stream/Collector$Characteristics
instanceKlass java/util/concurrent/TimeUnit
instanceKlass java/util/stream/StreamShape
instanceKlass java/lang/invoke/MethodHandles$Lookup$ClassOption
instanceKlass java/lang/invoke/VarHandle$AccessType
instanceKlass java/lang/invoke/VarHandle$AccessMode
instanceKlass java/lang/invoke/MethodHandleImpl$Intrinsic
instanceKlass java/lang/invoke/LambdaForm$BasicType
instanceKlass java/lang/invoke/LambdaForm$Kind
instanceKlass sun/invoke/util/Wrapper
instanceKlass java/util/stream/StreamOpFlag$Type
instanceKlass java/util/stream/StreamOpFlag
instanceKlass java/io/File$PathStatus
instanceKlass java/lang/module/ModuleDescriptor$Requires$Modifier
instanceKlass java/lang/reflect/AccessFlag$Location
instanceKlass java/lang/reflect/AccessFlag
instanceKlass java/lang/module/ModuleDescriptor$Modifier
instanceKlass java/lang/reflect/ClassFileFormatVersion
instanceKlass java/lang/Thread$State
ciInstanceKlass java/lang/Enum 1 1 204 9 7 12 1 1 1 9 12 1 1 10 7 12 1 1 1 9 12 1 10 7 12 1 1 1 100 1 10 10 12 1 1 10 12 1 100 1 10 10 7 12 1 1 10 12 1 1 18 12 1 1 10 100 12 1 1 1 10 12 1 1 11 7 12 1 1 1 100 1 8 1 10 12 1 100 1 100 1 10 8 1 10 12 1 1 10 12 1 1 8 1 10 12 1 10 100 1 8 1 10 10 12 1 1 10 100 12 1 1 1 100 1 100 1 100 1 1 1 1 1 1 1 1 1 1 1 1 1 1 1 1 1 1 1 1 1 1 1 1 1 1 1 1 1 1 1 1 1 1 1 1 1 1 1 1 1 1 1 1 1 1 1 3 1 1 1 1 100 1 100 1 1 100 1 1 1 1 1 1 1 1 1 1 1 16 15 10 12 16 15 10 100 12 1 1 1 1 1 100 1 100 1 1
ciInstanceKlass java/util/jar/Manifest 1 1 339 10 7 12 1 1 1 7 1 10 9 7 12 1 1 1 7 1 10 9 12 1 1 9 12 1 1 10 12 1 10 12 1 1 10 12 1 1 10 12 1 1 10 12 1 1 11 7 1 11 12 1 1 10 12 1 1 10 100 12 1 1 1 100 1 100 1 10 8 1 10 12 1 1 10 12 1 1 10 12 1 10 12 1 11 7 1 10 12 1 10 12 1 1 11 12 1 1 10 12 1 11 12 1 1 11 7 12 1 1 1 11 7 12 1 1 11 12 1 1 100 1 10 12 1 8 1 11 12 1 7 1 10 12 1 1 11 12 1 10 12 1 10 12 1 10 100 12 1 1 1 8 1 10 12 1 1 10 9 7 12 1 1 1 10 12 1 1 10 7 12 1 10 12 1 10 12 1 9 100 12 1 1 1 8 1 10 12 1 8 1 8 1 7 1 10 12 1 10 12 1 10 12 1 1 100 1 8 1 10 12 1 1 8 1 10 10 12 1 1 8 1 10 12 1 1 10 100 12 1 1 1 10 12 1 10 11 12 1 1 10 12 1 10 100 12 1 1 1 10 12 1 1 10 12 1 10 12 1 1 11 10 12 1 11 10 12 1 100 1 1 1 1 1 1 1 1 1 1 1 1 1 1 1 1 1 1 1 1 1 1 1 1 1 1 1 1 1 1 1 1 1 1 1 1 1 1 1 1 1 1 1 100 1 1 1 1 1 1 1 1 1 1 1 1 1 1 100 1 1 1 1 1 1 1 1 1 1 1
instanceKlass jdk/internal/loader/ClassLoaders$BootClassLoader
instanceKlass jdk/internal/loader/ClassLoaders$PlatformClassLoader
instanceKlass jdk/internal/loader/ClassLoaders$AppClassLoader
ciInstanceKlass jdk/internal/loader/BuiltinClassLoader 1 1 737 9 7 12 1 1 1 10 7 12 1 1 1 10 7 12 1 1 1 9 12 1 1 9 12 1 1 7 1 10 12 1 9 12 1 10 12 1 9 12 1 10 7 12 1 1 1 10 7 12 1 1 1 10 7 12 1 1 1 11 7 12 1 1 1 100 1 100 1 10 10 12 1 1 8 1 10 12 1 10 12 7 1 10 12 1 10 12 1 1 11 7 12 1 1 1 11 7 12 1 1 1 11 12 1 1 7 1 8 1 8 1 10 9 12 1 1 10 7 12 1 1 11 12 1 1 10 12 1 1 10 12 1 1 10 12 1 1 10 7 12 1 1 1 10 12 1 10 7 12 1 1 1 10 12 1 1 11 7 12 1 1 1 10 7 12 1 1 7 1 10 7 12 1 1 1 10 12 1 100 1 8 1 10 12 1 1 10 8 1 10 12 1 1 10 12 1 1 10 12 1 1 11 7 12 1 1 11 12 1 7 1 10 11 12 1 1 11 10 12 1 1 7 1 10 12 1 10 7 12 1 10 12 1 7 1 10 12 1 10 7 12 1 1 1 100 1 10 12 1 1 11 12 1 100 1 100 1 10 12 1 10 12 1 1 100 1 100 1 10 12 1 10 12 1 18 12 1 1 10 12 1 10 12 1 1 18 100 1 10 7 12 1 1 1 7 1 10 10 12 1 1 10 12 1 1 10 12 1 1 10 12 1 9 12 1 1 100 1 10 10 12 1 1 10 12 1 1 10 12 1 10 12 10 12 1 1 10 12 1 1 10 12 1 1 10 12 1 10 12 1 1 18 12 1 7 1 10 12 1 1 10 12 1 10 12 1 1 10 12 1 100 1 10 12 1 7 1 10 12 1 10 7 12 1 1 1 10 12 1 11 12 1 7 1 10 12 1 7 1 100 1 10 12 1 10 12 1 11 12 1 1 10 12 1 1 10 12 1 1 10 12 1 1 10 12 1 1 10 12 1 10 12 1 10 12 1 10 12 1 8 1 10 12 1 1 10 7 12 1 1 10 12 1 100 1 8 1 8 1 10 10 12 1 8 1 8 1 10 7 12 1 1 1 11 7 12 1 1 1 9 7 12 1 1 1 10 7 12 1 1 1 9 12 1 9 12 1 9 12 1 9 12 1 9 12 1 9 12 1 10 7 12 1 1 1 8 1 10 12 1 7 1 10 12 1 1 10 12 1 7 1 10 11 12 1 1 10 12 10 12 1 10 12 1 100 1 10 12 1 10 12 1 10 10 12 1 10 7 12 1 1 8 1 10 7 12 1 1 10 12 1 1 1 1 1 1 1 1 1 1 1 1 1 1 1 1 1 1 1 1 1 1 1 1 1 1 1 1 1 1 1 1 1 1 1 1 1 1 1 1 1 1 1 1 1 1 1 1 1 1 1 1 1 1 1 1 100 1 1 1 1 1 1 1 1 1 1 1 1 1 1 1 1 1 1 100 1 100 1 1 1 1 1 1 1 1 1 1 1 1 1 1 1 1 1 1 1 1 1 1 1 1 1 1 1 1 1 1 1 1 1 1 1 1 1 1 1 1 1 1 1 1 1 1 1 1 1 1 1 100 1 1 16 15 10 12 16 15 10 12 16 15 10 12 16 1 15 10 100 12 1 1 1 1 1 100 1 1 1 1 1 100 1 100 1 1
staticfield jdk/internal/loader/BuiltinClassLoader packageToModule Ljava/util/Map; java/util/concurrent/ConcurrentHashMap
staticfield jdk/internal/loader/BuiltinClassLoader $assertionsDisabled Z 1
ciInstanceKlass jdk/internal/loader/ClassLoaders 1 1 183 10 100 12 1 1 1 10 7 12 1 1 1 10 12 1 1 10 100 12 1 1 1 9 7 12 1 1 1 9 12 1 1 9 12 1 1 7 1 11 100 12 1 1 1 100 1 11 12 1 1 11 12 1 1 10 100 12 1 1 1 10 100 12 1 1 1 100 1 100 1 10 7 12 1 1 1 9 12 1 1 10 12 1 1 7 1 10 12 1 1 10 12 1 7 1 8 1 10 7 12 1 1 1 10 12 1 1 7 1 10 12 1 10 12 1 10 12 1 8 1 10 7 12 1 1 8 1 8 1 10 12 1 7 1 10 12 1 10 12 1 10 12 1 1 1 1 1 1 1 1 1 1 1 1 1 1 1 1 1 1 1 1 100 1 1 1 1 1 1 1 1 1 1 1 1 1 1 1 1 1 1 1
staticfield jdk/internal/loader/ClassLoaders JLA Ljdk/internal/access/JavaLangAccess; java/lang/System$2
staticfield jdk/internal/loader/ClassLoaders BOOT_LOADER Ljdk/internal/loader/ClassLoaders$BootClassLoader; jdk/internal/loader/ClassLoaders$BootClassLoader
staticfield jdk/internal/loader/ClassLoaders PLATFORM_LOADER Ljdk/internal/loader/ClassLoaders$PlatformClassLoader; jdk/internal/loader/ClassLoaders$PlatformClassLoader
staticfield jdk/internal/loader/ClassLoaders APP_LOADER Ljdk/internal/loader/ClassLoaders$AppClassLoader; jdk/internal/loader/ClassLoaders$AppClassLoader
ciInstanceKlass jdk/internal/loader/ClassLoaders$AppClassLoader 1 1 119 8 1 10 7 12 1 1 1 10 7 12 1 1 1 10 100 12 1 1 1 10 12 1 1 10 100 12 1 1 1 10 12 1 1 10 12 1 1 7 1 8 1 10 12 10 7 12 1 1 1 10 100 12 1 1 10 12 1 1 10 12 1 1 10 7 12 1 1 1 100 1 10 12 1 1 1 1 1 1 1 1 1 1 1 1 1 1 1 1 1 1 1 1 1 100 1 1 1 1 1 1 1 1 1 1 1 1 1 1 1 1 1 1 1 100 1 1 1
ciInstanceKlass jdk/internal/loader/ClassLoaders$PlatformClassLoader 1 1 42 8 1 10 7 12 1 1 1 10 7 12 1 1 1 100 1 10 12 1 100 1 1 1 1 1 1 1 1 1 1 1 1 1 1 100 1 1 1 100 1 1
ciInstanceKlass java/security/CodeSource 1 1 398 10 7 12 1 1 1 9 7 12 1 1 1 9 12 1 1 9 12 1 1 9 12 1 1 10 7 12 1 1 1 9 12 1 1 10 100 12 1 1 10 100 10 100 12 1 1 1 10 100 12 1 1 1 10 12 1 1 100 1 10 10 100 12 1 1 1 10 100 12 1 1 1 10 12 1 1 100 1 10 12 1 1 10 12 1 1 10 12 1 1 10 12 1 10 10 10 12 1 1 10 100 12 1 1 1 10 12 1 10 12 1 10 12 1 8 1 10 12 1 10 12 1 10 12 1 1 10 12 1 8 1 10 12 1 1 10 100 1 10 10 12 1 1 8 1 10 12 1 10 12 1 10 12 1 8 1 8 1 9 12 1 1 100 1 8 1 10 12 1 10 12 1 1 8 1 10 12 1 8 1 8 1 8 1 10 100 12 1 1 10 12 1 1 10 12 1 10 12 1 1 10 12 1 1 10 12 1 1 100 1 100 1 10 12 1 10 12 10 12 1 1 10 100 12 1 1 10 12 1 100 1 10 12 10 100 12 1 1 1 10 8 1 10 12 1 10 12 1 10 12 1 1 100 1 10 12 1 1 100 1 100 1 8 1 8 1 10 10 12 1 1 10 100 12 1 1 1 100 1 10 12 10 12 1 1 11 100 12 1 1 10 10 12 1 11 10 12 1 8 1 100 1 10 12 1 10 12 1 1 10 12 1 11 12 1 1 100 1 1 1 1 5 0 1 1 1 1 1 1 1 1 1 1 1 1 1 1 1 1 1 1 1 1 1 1 1 1 1 1 1 1 1 1 1 1 1 1 1 1 1 1 1 1 1 1 1 1 1 1 1 1 1 1 1 1 1 1 1 1 1 1 1 1 1 1 1 1 1 1 100 1 1 1 1 1 1 1
ciInstanceKlass java/util/concurrent/ConcurrentMap 1 1 208 11 100 12 1 1 1 10 100 12 1 1 11 12 1 1 11 100 12 1 1 1 11 100 12 1 1 1 11 12 1 1 100 1 11 12 1 11 12 1 100 1 11 100 12 1 1 1 18 12 1 11 12 1 1 11 100 12 1 1 11 12 1 1 11 100 12 1 11 12 1 1 11 12 1 1 100 1 100 1 1 1 1 1 1 1 1 1 1 1 1 1 1 1 1 1 1 1 1 1 1 1 1 1 1 1 1 1 1 1 1 1 1 1 1 1 1 1 1 1 1 1 1 1 1 1 1 1 1 1 1 1 1 1 1 1 1 1 1 16 15 11 12 15 10 100 12 1 1 1 1 1 100 1 100 1 1 1 100 1 8 1 1 12 10 1 1 1 8 1 1 1 8 1 1 8 1 1 1 8 1 1 1 8 1 1 1 8 1 1 1 8 1 1 1 8 1 1 1 8 1 1 1 8 1 1 8 1
instanceKlass com/google/gson/internal/LinkedTreeMap
instanceKlass java/util/Collections$SingletonMap
instanceKlass java/util/concurrent/ConcurrentSkipListMap
instanceKlass java/util/TreeMap
instanceKlass java/util/IdentityHashMap
instanceKlass java/util/EnumMap
instanceKlass java/util/WeakHashMap
instanceKlass java/util/Collections$EmptyMap
instanceKlass sun/util/PreHashedMap
instanceKlass java/util/HashMap
instanceKlass java/util/ImmutableCollections$AbstractImmutableMap
instanceKlass java/util/concurrent/ConcurrentHashMap
ciInstanceKlass java/util/AbstractMap 1 1 196 10 7 12 1 1 1 10 7 12 1 1 1 11 7 12 1 1 1 10 11 12 1 1 11 7 12 1 1 1 11 12 1 1 7 1 11 12 1 10 12 1 1 11 12 1 100 1 10 11 12 1 11 7 1 10 12 1 1 11 12 1 9 12 1 1 100 1 10 12 1 9 12 1 1 100 1 10 11 11 12 1 1 11 12 1 100 1 100 1 11 12 1 8 1 100 1 10 10 12 1 1 8 1 10 12 1 10 12 1 1 10 12 1 1 1 1 1 1 1 1 1 1 1 1 1 1 1 1 1 1 1 1 1 1 1 1 1 1 1 1 1 1 1 1 1 1 1 1 1 1 1 1 100 1 1 1 1 1 1 1 100 1 1 1 1 1 1 1 1 1 100 1 1 1 1 1 1 1 1 1 100 1 100 1 100 1 100 1 100 1 1 1 1 1 1
ciInstanceKlass java/util/concurrent/ConcurrentHashMap 1 1 1210 7 1 7 1 3 10 12 1 1 3 100 1 10 7 12 1 1 1 100 1 10 100 12 1 1 1 100 1 11 12 1 1 11 12 1 11 12 1 1 9 12 1 1 9 12 1 1 9 12 1 10 7 12 1 1 1 7 1 10 12 1 1 10 12 1 1 10 7 12 1 1 1 4 10 12 1 9 12 1 10 12 1 1 100 1 10 5 0 10 12 1 10 12 1 1 5 0 10 12 1 1 10 12 1 9 12 1 1 10 12 1 1 9 12 1 9 12 1 1 10 12 1 1 9 12 1 10 12 1 1 9 12 1 1 10 12 1 1 100 1 10 100 1 10 12 1 10 12 1 1 10 12 1 1 10 12 1 1 10 12 1 10 12 1 1 10 12 1 1 100 1 10 12 1 1 7 1 100 1 8 1 10 12 1 10 12 1 1 10 12 1 1 11 7 12 1 1 10 12 1 1 11 12 1 1 11 7 12 1 1 1 11 7 12 1 1 1 11 12 1 7 1 11 12 1 11 12 1 10 12 1 1 10 12 1 1 9 12 1 1 10 100 12 1 1 1 9 10 12 1 1 9 12 1 10 12 1 1 5 0 9 12 1 1 7 1 10 12 1 9 12 1 1 7 1 10 12 1 9 12 1 7 1 10 100 1 10 10 12 1 1 8 1 10 12 1 10 12 1 1 11 100 1 10 12 1 10 100 12 1 1 1 8 1 10 100 12 1 1 1 8 1 10 12 1 8 1 10 12 1 10 12 1 1 10 100 12 1 1 10 12 1 10 12 1 10 12 1 9 12 1 9 10 12 1 9 12 1 1 11 100 12 1 1 1 11 7 12 1 1 1 100 1 10 12 11 100 12 1 1 10 11 7 12 1 10 12 1 100 1 10 12 1 100 1 10 10 9 7 12 1 1 1 10 12 3 10 100 12 1 1 9 12 1 10 12 1 1 9 12 1 1 9 12 1 10 12 1 1 10 100 12 1 1 9 12 1 9 7 12 1 1 10 12 1 1 10 12 1 3 9 12 1 9 12 1 10 12 1 1 7 1 9 3 9 12 1 100 1 10 12 1 9 12 1 10 12 1 9 12 1 10 12 1 9 12 1 10 100 12 1 1 1 100 10 12 1 100 1 5 0 10 100 12 1 1 100 1 10 12 1 1 10 12 1 10 12 1 100 1 10 12 1 10 100 1 100 1 10 10 12 1 10 100 1 10 12 1 10 100 1 10 12 1 10 100 1 10 12 1 1 100 1 10 12 1 10 10 12 1 100 1 10 12 1 10 10 12 1 100 1 10 12 1 10 100 1 10 12 1 10 100 1 10 12 1 10 100 1 10 12 1 10 100 1 10 12 1 10 100 1 10 12 1 10 100 1 10 12 1 10 100 1 10 12 1 10 100 1 10 10 100 1 10 10 100 1 10 10 100 1 10 12 1 10 100 1 10 12 1 10 100 1 10 12 1 10 100 1 10 12 1 10 100 1 10 12 1 10 100 1 10 10 100 1 10 10 100 1 10 10 100 1 10 12 1 10 100 1 10 12 1 10 100 1 10 12 1 10 100 1 10 12 1 10 100 1 10 12 1 10 10 12 1 10 7 12 1 1 1 10 12 1 7 1 7 1 10 12 1 9 12 1 1 9 12 1 1 10 12 1 1 8 10 12 1 1 8 8 8 8 7 10 12 1 1 10 12 1 100 1 8 1 10 7 1 100 1 100 1 1 1 5 0 1 1 3 1 3 1 1 1 1 3 1 3 1 3 1 1 1 1 1 3 1 3 1 3 1 1 1 1 1 1 1 1 1 1 1 1 1 1 1 1 1 1 1 1 1 1 1 1 1 100 1 1 1 1 1 1 1 1 1 1 1 1 1 1 1 1 1 1 1 1 1 1 1 1 1 1 1 1 1 1 1 1 1 1 1 1 1 1 1 1 1 1 1 1 1 1 1 1 1 1 1 1 1 1 1 1 1 1 1 1 1 1 1 1 1 1 1 1 1 1 1 1 1 1 1 1 1 1 1 1 1 1 1 1 100 1 1 1 1 1 1 1 1 1 1 1 100 1 1 1 1 1 1 1 1 1 1 1 1 1 1 1 1 1 1 1 1 1 1 1 1 1 1 1 1 1 1 1 1 1 1 1 1 1 1 1 1 1 1 1 1 1 1 1 1 1 1 1 1 1 1 1 1 1 1 1 1 1 1 1 1 1 1 1 1 1 1 1 1 1 1 1 1 1 1 1 1 1 1 1 1 1 1 1 1 1 1 1 1 1 1 1 1 1 1 1 1 1 1 1 1 1 1 1 1 1 1 1 1 1 1 1 1 1 1 1 1 1 1 1 1 1 1 1 1 1 1 1 1 1 1 1 1 1 1 1 1 1 1 1 1 1 1 1 1 1 1 1 1 1 1 1 1 1 1 1 1 1 1 1 1 1 1 1 1 1 1 1 1 1 1 1 1 1 1 1 1 1 1 1 1 1 1 1 1 1 1 1 1 1 1 1 1 1 1 1 1 1 1 1 1 1 1 1 1 1 1 1 1 1 1 1 1 1 1 1 1 1 1 1 100 1 100 1 100 1 100 1 100 1 100 1 100 1 100 1 100 1 1 1 1 1 1 1 1 1 1 1 1 1 1 1 1 1 1 1 1 1 1 1 1 1 1 1 1 1 1 1 1 1 1 1 1 1 1 1 1 1 1 1 1 1 1 1 1 1 1 1 1 1 1 1 1 1 1
staticfield java/util/concurrent/ConcurrentHashMap NCPU I 8
staticfield java/util/concurrent/ConcurrentHashMap serialPersistentFields [Ljava/io/ObjectStreamField; 3 [Ljava/io/ObjectStreamField;
staticfield java/util/concurrent/ConcurrentHashMap U Ljdk/internal/misc/Unsafe; jdk/internal/misc/Unsafe
staticfield java/util/concurrent/ConcurrentHashMap SIZECTL J 20
staticfield java/util/concurrent/ConcurrentHashMap TRANSFERINDEX J 32
staticfield java/util/concurrent/ConcurrentHashMap BASECOUNT J 24
staticfield java/util/concurrent/ConcurrentHashMap CELLSBUSY J 36
staticfield java/util/concurrent/ConcurrentHashMap CELLVALUE J 144
staticfield java/util/concurrent/ConcurrentHashMap ABASE I 16
staticfield java/util/concurrent/ConcurrentHashMap ASHIFT I 2
ciInstanceKlass java/lang/Iterable 1 1 62 10 7 12 1 1 1 11 7 12 1 1 1 11 7 12 1 1 1 11 12 1 1 11 7 12 1 1 1 10 7 12 1 1 1 100 1 1 1 1 1 1 1 1 1 1 1 1 1 1 1 1 1 1 1 1 1 1 1 1 1 1
ciInstanceKlass java/util/Collection 1 1 115 11 7 12 1 1 1 7 1 11 7 12 1 1 1 10 7 12 1 1 1 11 12 1 1 11 7 12 1 1 1 11 12 1 1 11 7 12 1 1 1 11 12 1 1 10 100 12 1 1 1 11 12 1 10 7 12 1 1 1 100 1 100 1 1 1 1 1 1 1 1 1 1 1 1 1 1 1 1 1 1 1 1 1 1 1 1 1 1 1 1 1 1 1 1 1 1 1 1 1 1 1 1 1 1 1 1 1 1 1 1 1 1 1 1
ciInstanceKlass java/util/SequencedCollection 1 1 109 100 1 10 12 1 1 11 100 12 1 1 1 11 100 12 1 1 1 11 12 1 1 11 12 1 100 1 100 1 1 1 1 1 1 1 1 1 1 1 1 1 1 1 1 1 1 1 1 1 1 1 1 1 1 1 1 1 100 1 8 1 1 12 10 1 1 1 8 1 1 1 8 1 1 1 8 1 1 1 8 1 1 8 1 1 1 8 1 1 8 1 1 1 8 1 1 8 1 1 1 8 1 1 8 1 1 8 1
ciInstanceKlass java/util/List 1 1 251 10 100 12 1 1 1 11 100 12 1 1 1 11 100 12 1 1 1 11 12 1 1 11 100 12 1 1 11 12 1 1 11 12 1 1 10 100 12 1 1 1 7 1 7 1 10 12 1 1 100 1 10 100 12 1 1 1 11 12 1 1 11 12 1 11 12 1 100 1 10 12 1 11 12 1 1 11 12 1 1 11 12 1 10 100 12 1 1 1 9 7 12 1 1 1 7 1 10 12 10 12 1 7 1 10 12 1 1 10 12 1 10 12 1 1 11 12 1 1 100 1 1 1 1 1 1 1 1 1 1 1 1 1 1 1 1 1 1 1 1 1 1 1 1 1 1 1 1 1 1 1 1 1 1 1 1 1 1 1 1 1 1 1 1 100 1 100 1 1 1 1 1 1 1 1 1 1 1 1 1 1 1 1 1 1 1 1 1 1 1 1 1 1 1 1 1 1 1 1 1 1 1 1 1 1 1 1 1 1 1 1 1 1 1 1 1 1 1 1 1 1 1 1 1 1 1 1 1 1 1 1 1 1 1 1 1 1 1 1 1 1 1 1 100 1 1 100 1 1 1
ciInstanceKlass java/util/RandomAccess 1 0 7 100 1 100 1 1 1
instanceKlass java/util/AbstractQueue
instanceKlass java/util/IdentityHashMap$Values
instanceKlass java/util/LinkedHashMap$LinkedValues
instanceKlass java/util/TreeMap$Values
instanceKlass java/util/HashMap$Values
instanceKlass java/util/ArrayDeque
instanceKlass java/util/AbstractSet
instanceKlass java/util/ImmutableCollections$AbstractImmutableCollection
instanceKlass java/util/AbstractList
ciInstanceKlass java/util/AbstractCollection 1 1 160 10 7 12 1 1 1 10 7 12 1 1 1 10 12 1 1 11 7 12 1 1 1 11 12 1 1 10 12 1 1 10 100 12 1 1 1 10 12 1 1 10 12 1 1 10 7 12 1 1 10 7 12 1 1 1 7 1 10 100 12 1 1 1 10 100 12 1 1 1 100 1 10 11 12 1 11 7 1 10 12 1 10 12 1 10 7 12 1 1 1 11 8 1 100 1 10 10 12 1 1 8 1 10 12 1 10 12 1 1 1 1 1 1 1 1 1 1 1 1 1 1 1 1 1 1 1 1 1 1 1 1 1 1 1 1 1 1 1 1 1 1 1 1 1 1 1 1 1 1 1 1 1 1 1 1 1 1 1 1
instanceKlass sun/security/jca/ProviderList$ServiceList
instanceKlass java/util/Collections$CopiesList
instanceKlass java/util/Vector
instanceKlass java/util/AbstractSequentialList
instanceKlass sun/security/jca/ProviderList$3
instanceKlass java/util/ArrayList$SubList
instanceKlass java/util/Collections$SingletonList
instanceKlass java/util/Arrays$ArrayList
instanceKlass java/util/Collections$EmptyList
instanceKlass java/util/ArrayList
ciInstanceKlass java/util/AbstractList 1 1 218 10 7 12 1 1 1 9 7 12 1 1 1 10 12 1 1 10 12 1 1 100 1 10 10 12 1 1 11 100 12 1 1 1 11 12 1 1 11 12 1 10 100 12 1 1 1 10 12 1 11 12 1 11 12 1 11 12 1 10 12 1 1 10 12 1 1 11 100 12 1 1 1 11 100 1 11 7 1 10 12 1 100 1 10 12 1 10 12 1 1 100 1 100 1 10 12 1 100 1 10 100 1 100 1 10 8 1 10 12 1 1 10 12 1 10 12 1 1 10 12 1 8 1 100 1 8 1 8 1 8 1 10 100 1 11 10 10 12 1 11 12 1 10 12 1 1 8 1 8 1 1 1 1 1 1 1 1 1 1 1 1 1 1 1 1 1 1 1 1 1 1 1 1 1 1 1 1 1 1 1 1 1 1 1 1 1 1 1 1 1 1 1 1 1 1 1 1 1 1 1 1 1 1 1 1 1 1 100 1 100 1 1 1 1 1 1 1
instanceKlass org/apache/maven/artifact/versioning/ComparableVersion$ListItem
instanceKlass org/wso2/ballerinalang/compiler/desugar/Desugar$4
instanceKlass org/wso2/ballerinalang/compiler/desugar/AnnotationDesugar$1
instanceKlass org/wso2/ballerinalang/compiler/semantics/analyzer/IsolationAnalyzer$2
ciInstanceKlass java/util/ArrayList 1 1 509 10 7 12 1 1 1 7 1 9 7 12 1 1 1 9 12 1 100 1 100 1 10 8 1 10 12 1 1 10 12 1 10 12 1 1 10 12 1 9 12 1 11 7 12 1 1 1 9 12 1 1 11 12 1 1 7 10 7 12 1 1 1 9 12 1 10 12 1 10 12 1 1 10 7 12 1 1 1 10 7 12 1 1 1 10 12 1 1 10 12 1 1 10 12 1 1 10 12 1 10 12 1 1 100 1 100 1 10 12 1 10 10 7 12 1 1 1 10 7 12 1 1 10 12 1 100 1 10 10 12 10 12 1 1 10 12 1 1 10 12 1 10 12 10 12 1 1 7 1 10 12 1 1 10 12 1 1 10 12 1 100 1 10 11 12 1 1 11 100 12 1 1 1 11 12 1 10 12 1 10 12 1 10 12 1 1 100 1 10 12 1 1 10 10 12 1 1 10 12 1 8 1 8 1 8 1 8 1 10 12 1 1 10 12 1 1 11 12 1 100 1 10 100 12 1 1 10 12 1 10 12 1 1 10 100 12 1 1 10 12 1 10 100 12 1 1 1 11 100 12 1 1 1 10 12 1 100 1 8 1 10 100 1 10 12 1 7 1 10 12 1 10 12 1 1 7 1 10 12 1 10 12 1 1 11 7 12 1 1 7 1 10 12 1 10 12 1 1 11 7 12 1 1 10 12 1 1 10 12 1 1 10 12 1 1 10 12 1 1 11 100 12 1 1 10 12 1 1 100 1 100 1 100 1 1 1 1 5 0 1 3 1 1 1 1 1 1 1 1 1 1 1 1 1 1 1 1 1 1 1 1 1 1 1 1 1 1 1 1 1 1 1 1 1 1 1 1 1 1 1 1 1 1 1 1 1 1 1 1 1 1 1 1 1 1 1 1 1 1 1 1 1 1 1 1 1 1 1 1 1 1 1 1 1 1 1 1 1 1 1 1 1 1 1 1 1 1 1 1 1 1 1 1 1 1 1 1 1 1 1 1 1 1 1 1 100 1 1 1 1 100 1 1 1 1 1 1 1 1 1 1 1 1 1 1 1 1 1 1 1 1 1 1 1 1 1 1 1 1 1 100 1 1 1 1 1 1 1 1 1 1 1 1 1 1 1 1 1 1 100 1 100 1 1 1 1 1 1
staticfield java/util/ArrayList EMPTY_ELEMENTDATA [Ljava/lang/Object; 0 [Ljava/lang/Object;
staticfield java/util/ArrayList DEFAULTCAPACITY_EMPTY_ELEMENTDATA [Ljava/lang/Object; 0 [Ljava/lang/Object;
ciInstanceKlass java/lang/StackTraceElement 1 1 235 10 7 12 1 1 1 10 7 12 1 1 9 12 1 1 9 12 1 1 9 12 1 9 12 1 8 1 10 100 12 1 1 1 100 1 9 12 1 8 1 9 12 1 9 12 1 9 12 1 1 10 12 1 1 10 12 1 8 1 10 100 12 1 1 1 100 1 10 12 1 10 12 1 1 10 12 1 10 12 1 1 10 12 1 10 12 1 10 10 12 1 8 1 10 12 1 10 12 1 1 10 12 1 1 10 12 1 10 12 1 10 12 1 9 12 1 1 10 7 12 1 1 1 10 12 1 1 7 1 10 12 1 1 10 7 12 1 1 10 7 12 1 1 1 10 7 12 1 1 10 7 12 1 1 10 10 12 1 1 10 12 1 1 10 12 1 1 10 12 1 100 1 1 1 1 1 1 1 3 1 3 1 1 5 0 1 1 1 1 1 1 1 1 1 1 1 1 1 1 1 1 1 1 1 1 1 1 1 1 1 1 1 1 1 100 1 100 1 1 1 1 1 1 1 100 1 1 1 1 1 1 1 1 1
instanceKlass java/nio/LongBuffer
instanceKlass java/nio/CharBuffer
instanceKlass java/nio/IntBuffer
instanceKlass java/nio/ByteBuffer
ciInstanceKlass java/nio/Buffer 1 1 256 100 1 10 7 12 1 1 1 9 7 12 1 1 1 9 12 1 9 12 1 1 9 12 1 9 12 1 1 10 12 1 1 10 12 1 1 10 12 100 1 100 1 10 8 1 10 12 1 1 10 12 1 8 1 8 1 10 12 1 1 10 12 1 8 1 9 12 1 1 100 1 8 1 10 12 1 8 1 8 1 9 12 10 12 1 8 1 8 1 8 1 10 12 1 8 1 8 1 8 1 100 1 10 100 1 10 100 1 10 9 12 1 1 10 7 12 1 1 1 100 1 10 12 1 1 10 12 1 10 100 12 1 1 10 7 12 1 1 1 10 7 12 1 1 1 9 12 1 1 10 7 12 1 1 1 9 12 1 1 7 1 10 10 12 1 1 7 1 10 10 7 12 1 1 1 1 1 3 1 1 1 1 1 1 1 1 1 1 1 1 1 1 100 1 1 1 1 1 1 1 100 1 1 1 1 1 1 1 1 1 1 1 1 1 1 1 1 1 1 1 1 1 1 1 1 1 1 1 1 1 1 1 1 1 1 1 1 1 1 1 100 1 100 1 100 1 100 1 100 1 100 1 100 1 1
staticfield java/nio/Buffer UNSAFE Ljdk/internal/misc/Unsafe; jdk/internal/misc/Unsafe
staticfield java/nio/Buffer SCOPED_MEMORY_ACCESS Ljdk/internal/misc/ScopedMemoryAccess; jdk/internal/misc/ScopedMemoryAccess
staticfield java/nio/Buffer IOOBE_FORMATTER Ljava/util/function/BiFunction; jdk/internal/util/Preconditions$4
staticfield java/nio/Buffer $assertionsDisabled Z 1
ciInstanceKlass java/lang/StackWalker 1 1 271 9 7 12 1 1 1 7 1 10 7 12 1 1 1 10 12 1 1 10 7 12 1 1 1 10 12 1 1 10 12 1 11 7 12 1 1 1 10 12 1 1 10 12 1 1 10 12 1 1 100 1 8 1 10 12 1 10 12 1 10 12 1 10 7 12 1 1 9 12 1 1 9 12 1 1 9 12 1 1 9 12 1 1 10 12 1 1 9 12 1 1 9 12 1 1 9 12 1 1 10 7 12 1 1 1 11 12 1 1 100 1 8 1 10 10 100 12 1 1 9 12 1 1 10 12 1 1 10 100 12 1 1 1 10 100 12 1 1 1 18 12 1 1 100 1 8 1 10 8 1 10 12 1 1 10 100 12 1 1 1 10 12 1 1 9 100 12 1 1 11 100 12 1 1 1 10 12 1 1 1 1 1 1 1 1 1 1 1 1 1 1 1 1 1 1 1 1 1 1 1 1 1 1 1 1 1 1 1 1 1 1 1 1 1 1 1 1 1 1 1 1 1 1 1 1 1 1 1 1 1 1 1 1 1 1 1 1 1 1 1 1 1 1 100 1 1 16 15 10 12 16 1 15 10 100 12 1 1 1 1 1 1 1 1 1 100 1 100 1 1
staticfield java/lang/StackWalker DEFAULT_EMPTY_OPTION Ljava/util/EnumSet; java/util/RegularEnumSet
staticfield java/lang/StackWalker DEFAULT_WALKER Ljava/lang/StackWalker; java/lang/StackWalker
ciInstanceKlass java/lang/StackStreamFactory$AbstractStackWalker 1 0 375 100 1 100 1 3 10 100 12 1 1 1 10 100 12 1 1 10 100 12 1 1 1 9 12 1 1 10 12 1 1 9 12 1 1 9 12 1 1 9 12 1 1 9 12 1 10 100 12 1 1 1 10 12 1 1 10 100 12 1 1 9 12 1 1 9 12 1 1 10 12 1 1 9 100 12 1 1 1 10 12 1 1 10 12 1 9 12 1 1 10 100 12 1 1 1 10 12 1 1 9 12 1 1 9 100 12 1 1 1 100 1 10 8 1 10 12 1 1 10 12 1 8 1 10 12 1 1 10 100 12 1 1 1 100 1 8 1 10 12 1 8 1 10 12 10 100 12 1 1 9 12 1 8 1 5 0 8 1 8 1 9 12 1 1 10 12 1 1 18 12 1 1 10 100 12 1 1 1 10 12 1 1 10 12 1 10 12 1 9 12 1 10 12 1 10 12 1 10 12 1 10 12 1 10 12 1 10 12 1 1 8 1 10 12 1 10 12 1 10 12 1 10 12 1 1 8 1 10 12 1 1 10 12 1 1 10 12 1 1 10 12 1 10 12 1 10 100 12 1 1 1 10 12 1 10 12 1 9 12 1 8 1 10 12 1 10 12 1 10 12 1 1 10 12 1 10 12 1 10 12 1 1 10 12 1 10 12 1 10 12 1 10 12 1 10 12 1 10 12 1 1 10 12 1 1 10 12 1 8 1 1 1 1 1 1 1 1 1 1 1 1 1 100 1 1 1 1 1 1 1 100 1 1 1 1 100 1 1 1 1 1 1 1 1 1 1 1 1 1 1 1 1 1 1 1 16 15 15 10 100 12 1 1 1 1 1 1 1 1 100 1 100 1 1
ciInstanceKlass java/lang/StackWalker$StackFrame 0 0 41 100 1 10 12 1 1 100 1 100 1 1 1 1 1 1 1 1 1 1 1 1 1 1 1 1 1 1 1 1 1 1 1 1 1 1 1 100 1 1 1
instanceKlass java/lang/LiveStackFrameInfo
ciInstanceKlass java/lang/StackFrameInfo 0 0 142 10 100 12 1 1 1 9 100 12 1 1 1 9 100 1 9 12 1 1 11 100 12 1 1 1 9 12 1 1 11 12 1 1 10 12 1 1 10 100 12 1 1 1 10 12 1 11 12 1 11 12 1 1 11 12 1 10 12 1 1 9 12 1 1 10 12 1 1 10 100 12 1 1 10 12 1 1 11 12 1 1 9 12 1 1 10 100 1 10 12 1 9 12 1 1 10 12 1 1 100 1 8 1 10 12 1 10 100 12 1 1 1 100 1 1 1 1 1 1 1 1 1 1 1 1 1 1 1 1 1 1 100 1 1 100 1 1 1 1 1 1
ciInstanceKlass java/lang/LiveStackFrame 0 0 135 100 1 10 100 12 1 1 1 11 100 12 1 1 1 11 12 1 10 100 12 1 1 1 100 1 8 1 10 12 1 1 10 100 12 1 1 1 9 100 12 1 1 1 10 100 12 1 1 1 10 100 12 1 1 1 11 12 1 10 12 1 100 1 100 1 1 1 1 1 1 1 1 1 1 1 1 1 1 1 1 1 1 1 1 1 1 1 1 1 1 1 1 100 1 1 1 1 1 1 1 100 1 8 1 1 12 10 1 1 1 8 1 1 1 8 1 1 1 8 1 1 1 8 1 1 8 1 1 8 1 1 8 1 1
ciInstanceKlass java/lang/LiveStackFrameInfo 0 0 97 10 100 12 1 1 1 9 100 12 1 1 1 9 12 1 9 12 1 9 12 1 9 12 1 1 100 1 10 12 1 1 10 12 1 8 1 10 12 1 1 8 1 8 1 8 1 10 100 1 10 12 1 100 1 10 12 1 100 1 100 1 1 1 3 1 3 1 1 1 1 1 1 1 1 1 1 1 1 1 1 1 1 1 1 1 1 1 1 1 1 1 1 1 100 1 1
instanceKlass java/util/concurrent/locks/AbstractQueuedSynchronizer
ciInstanceKlass java/util/concurrent/locks/AbstractOwnableSynchronizer 1 1 32 10 7 12 1 1 1 9 7 12 1 1 1 100 1 1 1 1 5 0 1 1 1 1 1 1 1 1 1 1 1 1
ciInstanceKlass java/lang/Boolean 1 1 152 10 7 12 1 1 1 9 7 12 1 1 1 10 12 1 1 10 12 1 8 1 10 7 12 1 1 9 12 1 1 9 12 1 10 12 1 1 10 12 1 1 10 12 1 1 10 7 12 1 1 1 100 1 100 1 10 12 1 1 9 100 12 1 1 9 12 10 100 12 1 1 1 10 12 1 1 8 1 10 7 12 1 1 1 9 12 1 1 100 1 100 1 100 1 1 1 1 1 1 5 0 1 1 1 1 1 1 1 1 1 1 3 1 1 1 1 1 1 1 1 1 1 1 1 1 1 1 1 1 1 100 1 1 1 1 1 1 1 1 1 1 100 1 1 1 1 1 1 1 1 1
staticfield java/lang/Boolean TRUE Ljava/lang/Boolean; java/lang/Boolean
staticfield java/lang/Boolean FALSE Ljava/lang/Boolean; java/lang/Boolean
staticfield java/lang/Boolean TYPE Ljava/lang/Class; java/lang/Class
ciInstanceKlass java/lang/Character 1 1 604 7 1 100 1 100 1 9 12 1 1 8 1 9 12 1 1 100 1 9 12 1 1 10 100 12 1 1 1 10 100 12 1 1 1 10 100 12 1 1 1 10 7 12 1 1 1 9 7 12 1 1 1 10 12 1 10 12 1 1 10 12 1 1 10 7 12 1 1 10 12 1 1 3 3 3 3 3 10 12 1 1 10 12 1 3 11 7 12 1 1 1 11 12 1 1 10 12 1 1 10 12 1 1 100 1 10 10 12 1 3 10 12 1 1 10 12 1 10 12 1 1 100 1 8 1 10 12 1 1 10 12 1 10 12 1 10 12 1 10 100 12 1 1 1 10 12 1 10 12 1 10 12 1 1 10 12 1 10 7 12 1 1 10 10 12 1 10 10 12 1 10 12 1 1 10 12 1 10 10 12 1 10 12 1 10 12 1 10 12 1 10 12 1 10 12 1 10 12 1 10 12 10 10 12 10 10 12 1 10 10 12 1 10 10 12 1 10 10 12 1 10 12 1 10 12 1 10 12 1 10 12 1 10 12 1 10 12 1 10 10 12 1 10 10 12 1 10 10 12 1 1 10 10 12 1 10 5 0 10 12 1 10 12 1 10 10 12 1 10 10 12 1 1 10 10 12 1 10 10 12 1 9 12 1 1 100 1 10 10 12 1 10 12 1 1 3 10 100 12 1 1 1 10 12 1 10 100 12 1 1 100 1 10 10 12 1 1 10 12 1 1 10 12 1 1 8 1 10 12 1 9 100 12 1 1 1 10 12 1 10 10 12 1 10 12 1 1 10 12 1 10 10 12 1 1 10 10 12 1 1 100 1 8 1 10 12 1 1 10 7 12 1 1 1 8 1 10 12 1 1 9 12 1 1 100 1 100 1 100 1 1 1 1 3 1 3 1 3 1 3 1 1 1 1 1 3 1 1 3 1 3 1 3 1 3 1 3 1 3 1 3 1 3 1 3 1 3 1 3 1 3 1 3 1 3 1 3 1 3 1 3 1 3 1 3 1 3 1 3 1 3 1 3 1 3 1 3 1 3 1 3 1 3 1 1 1 1 1 1 1 1 1 1 1 1 1 1 1 1 1 1 1 3 1 1 1 1 1 1 1 3 1 1 3 1 1 1 1 1 3 1 1 5 0 1 1 1 1 1 1 1 1 1 1 1 1 1 1 1 1 1 1 1 1 1 1 1 1 1 1 1 1 1 1 1 1 1 1 1 1 1 1 1 1 1 1 1 1 1 1 1 1 1 1 1 1 1 1 1 1 1 1 1 1 1 1 1 1 1 1 1 1 1 1 1 1 1 1 1 1 1 1 1 1 1 1 1 1 1 1 1 1 1 1 100 1 100 1 1 1 1 1 1
staticfield java/lang/Character TYPE Ljava/lang/Class; java/lang/Class
staticfield java/lang/Character $assertionsDisabled Z 1
instanceKlass com/google/gson/internal/LazilyParsedNumber
instanceKlass java/math/BigInteger
instanceKlass java/math/BigDecimal
instanceKlass java/util/concurrent/atomic/Striped64
instanceKlass java/util/concurrent/atomic/AtomicLong
instanceKlass java/util/concurrent/atomic/AtomicInteger
instanceKlass java/lang/Long
instanceKlass java/lang/Integer
instanceKlass java/lang/Short
instanceKlass java/lang/Byte
instanceKlass java/lang/Double
instanceKlass java/lang/Float
ciInstanceKlass java/lang/Number 1 1 37 10 7 12 1 1 1 10 100 12 1 1 1 100 1 1 1 1 5 0 1 1 1 1 1 1 1 1 1 1 1 1 1 1 1 1 1
ciInstanceKlass java/lang/Float 1 1 279 7 1 100 1 10 100 12 1 1 1 10 100 12 1 1 1 4 100 1 10 12 1 1 10 12 1 1 8 1 8 1 10 100 12 1 1 1 10 12 1 1 10 12 1 1 10 100 1 4 10 7 12 1 1 9 12 1 1 10 12 1 1 10 12 1 10 10 12 1 1 10 12 1 10 12 1 3 3 100 1 4 4 4 3 10 12 1 1 9 12 1 1 100 1 10 3 3 4 4 10 12 1 3 3 3 10 12 1 1 10 12 1 1 10 12 1 10 100 12 1 1 1 10 12 1 1 10 12 1 1 10 7 12 1 1 1 8 1 10 12 1 1 9 12 1 1 100 1 100 1 100 1 1 1 1 4 1 4 1 1 1 4 1 1 3 1 3 1 3 1 3 1 3 1 1 1 1 5 0 1 1 1 1 1 1 1 1 1 1 100 1 1 1 1 1 1 1 1 1 1 1 1 1 3 1 1 1 1 1 1 1 1 1 1 1 1 1 1 1 1 1 1 1 1 1 1 1 1 1 1 1 1 1 1 1 1 1 1 1 1 1 1 1 1 1 1 1 1 1 1 1 1 1 1 1 1 1 1 1 1 1 1 1 1 1 100 1 1 1 1 1 1 1 100 1 100 1 1
staticfield java/lang/Float TYPE Ljava/lang/Class; java/lang/Class
staticfield java/lang/Float $assertionsDisabled Z 1
ciInstanceKlass java/lang/Double 1 1 290 7 1 100 1 10 7 12 1 1 1 10 12 1 1 10 100 1 10 12 1 1 10 100 12 1 1 1 6 0 8 1 10 12 1 1 8 1 10 12 1 1 8 1 6 0 10 12 1 1 100 1 5 0 5 0 8 1 8 1 10 100 12 1 1 1 10 100 12 1 1 1 8 1 10 12 1 1 8 1 8 1 8 1 10 12 1 1 10 12 1 10 12 1 1 10 12 1 10 12 1 10 12 1 1 10 12 1 10 7 1 6 0 10 7 12 1 1 9 12 1 1 10 12 1 10 12 1 10 12 1 10 12 1 10 12 1 5 0 10 12 1 1 10 12 1 10 12 1 10 100 12 1 1 1 10 12 1 1 10 12 1 1 8 1 10 7 12 1 1 1 9 12 1 1 100 1 100 1 100 1 1 1 6 0 1 6 0 1 6 0 1 1 1 6 0 1 1 3 1 3 1 3 1 3 1 3 1 1 1 1 5 0 1 1 1 1 1 1 1 1 1 1 1 1 1 1 1 1 100 1 1 1 1 1 1 1 1 1 1 1 1 3 1 1 1 1 1 1 1 1 1 1 1 1 1 1 1 1 1 1 1 1 1 1 1 1 1 1 1 1 1 1 1 1 1 1 100 1 1 1 1 1 1 1 100 1 100 1 1
staticfield java/lang/Double TYPE Ljava/lang/Class; java/lang/Class
ciInstanceKlass java/lang/Byte 1 1 213 7 1 100 1 10 100 12 1 1 1 9 12 1 1 8 1 9 12 1 1 100 1 10 12 1 1 10 12 1 1 10 100 12 1 1 1 10 100 12 1 1 1 9 7 12 1 1 1 10 12 1 1 100 1 100 1 10 12 1 1 8 1 10 12 1 1 8 1 10 12 1 10 12 1 10 12 1 10 12 1 1 10 12 1 10 12 1 10 12 1 1 10 8 1 8 1 10 7 1 9 12 1 1 10 12 1 1 10 12 1 1 10 12 1 1 10 12 1 5 0 10 12 1 1 8 1 10 7 12 1 1 1 9 12 1 1 100 1 100 1 1 1 3 1 3 1 1 1 1 3 1 3 1 1 5 0 1 1 1 1 1 1 1 1 1 1 1 1 1 1 1 1 1 1 1 1 1 1 1 1 1 1 1 1 1 1 1 1 1 1 1 1 1 1 1 1 1 1 1 1 1 1 1 1 1 1 1 1 1 1 1 1
staticfield java/lang/Byte TYPE Ljava/lang/Class; java/lang/Class
ciInstanceKlass java/lang/Short 1 1 222 7 1 100 1 100 1 10 100 12 1 1 1 10 12 1 1 100 1 100 1 10 12 1 1 8 1 10 12 1 1 8 1 10 12 1 10 12 1 10 12 1 10 12 1 1 10 12 1 1 10 12 1 9 12 1 1 8 1 9 12 1 1 100 1 10 12 1 1 10 12 1 10 100 12 1 1 1 10 100 12 1 1 1 9 7 12 1 1 1 10 12 1 10 12 1 1 10 8 1 8 1 10 7 1 9 12 1 1 10 12 1 1 10 12 1 1 10 12 1 1 10 12 1 3 3 5 0 10 12 1 1 8 1 10 7 12 1 1 1 9 12 1 1 100 1 100 1 1 1 3 1 3 1 1 1 1 3 1 3 1 1 5 0 1 1 1 1 1 1 1 1 1 1 1 1 1 1 1 1 1 1 1 1 1 1 1 1 1 1 1 3 1 1 1 1 1 1 1 1 1 1 1 1 1 1 1 1 1 1 1 1 1 1 1 1 1 1 1 1 1 1
staticfield java/lang/Short TYPE Ljava/lang/Class; java/lang/Class
ciInstanceKlass java/lang/Integer 1 1 453 7 1 100 1 7 1 7 1 10 12 1 1 9 12 1 1 9 12 1 1 10 100 12 1 1 1 10 12 1 1 10 100 12 1 1 1 10 10 12 1 1 10 100 12 1 1 1 10 12 1 10 12 1 1 10 7 12 1 1 1 10 12 1 1 10 12 1 1 10 12 1 10 12 1 10 12 1 1 10 10 12 1 9 12 1 1 9 12 1 7 1 8 1 10 12 1 100 1 10 12 1 8 1 10 12 1 1 10 12 1 8 1 10 12 1 8 1 10 12 1 1 3 10 12 1 1 3 10 12 1 1 10 12 1 1 10 7 12 1 1 1 11 7 1 10 12 1 1 11 10 12 1 1 8 1 10 12 1 1 8 1 100 1 10 12 1 1 10 12 1 1 5 0 8 1 10 12 1 10 12 1 10 12 1 10 12 1 1 7 1 9 12 1 1 9 12 1 1 10 12 1 10 7 1 9 12 1 10 12 1 10 12 1 10 12 1 1 10 7 12 1 1 1 100 1 100 1 10 12 1 1 10 12 1 1 8 1 8 1 10 12 1 1 8 1 8 1 8 1 8 1 8 1 8 1 10 12 1 10 12 1 5 0 3 3 3 3 10 12 1 10 12 1 3 10 12 1 10 100 12 1 1 1 10 12 1 1 10 12 1 1 8 1 10 7 12 1 1 1 9 12 1 1 100 1 100 1 100 1 1 1 1 3 1 1 1 3 1 3 1 1 5 0 1 1 1 1 1 1 1 1 1 100 1 1 1 1 1 1 1 1 1 1 1 1 1 1 1 1 1 1 1 1 1 1 1 1 1 1 1 1 1 1 1 1 1 1 1 1 1 1 1 1 3 1 1 1 1 1 1 1 1 1 1 1 1 1 1 1 1 100 1 1 1 1 1 1 1 1 1 1 1 1 1 1 1 1 1 1 1 1 1 1 1 1 1 1 1 1 1 1 1 1 1 1 1 1 1 1 1 1 1 1 1 1 1 1 100 1 1 1 1 1 1 1 1 1 100 1 100 1 1
staticfield java/lang/Integer TYPE Ljava/lang/Class; java/lang/Class
staticfield java/lang/Integer digits [C 36
staticfield java/lang/Integer DigitTens [B 100
staticfield java/lang/Integer DigitOnes [B 100
ciInstanceKlass java/lang/Long 1 1 524 7 1 100 1 7 1 7 1 10 12 1 1 9 12 1 1 9 7 12 1 1 1 10 100 12 1 1 1 10 12 1 1 10 100 12 1 1 1 10 10 12 10 12 1 10 12 1 10 12 1 5 0 5 0 100 1 10 12 1 1 10 12 1 1 10 12 1 10 12 1 10 12 1 10 12 1 1 10 100 12 1 1 10 12 1 10 12 1 1 10 12 1 1 10 12 1 1 10 12 1 1 10 7 12 1 1 1 10 12 1 1 10 12 1 10 12 1 10 12 1 10 12 1 1 10 10 12 1 5 0 5 0 9 12 1 1 9 12 1 5 0 100 1 8 1 10 12 1 8 1 10 12 1 8 1 8 1 10 12 1 1 5 0 10 12 1 1 5 0 10 12 1 1 10 12 1 1 10 100 12 1 1 1 11 100 1 10 12 1 1 11 10 12 1 1 8 1 10 12 1 1 8 1 100 1 10 12 1 1 10 12 1 8 1 8 1 11 12 1 1 10 12 1 10 12 1 10 12 1 5 0 5 0 9 7 12 1 1 1 10 12 1 10 12 1 1 8 1 8 1 10 12 1 1 8 1 8 1 8 1 8 1 8 1 8 1 10 12 1 10 7 1 9 12 1 1 10 12 1 10 12 1 1 10 12 1 1 10 7 12 1 1 1 100 1 100 1 10 12 1 1 10 12 1 1 5 0 10 12 1 10 12 1 5 0 5 0 5 0 10 12 1 1 10 12 1 5 0 5 0 10 12 1 10 12 1 10 100 12 1 1 1 10 12 1 1 10 12 1 1 8 1 10 7 12 1 1 1 9 12 1 1 100 1 100 1 100 1 1 1 1 5 0 1 1 1 1 3 1 3 1 5 0 1 1 1 1 1 1 1 1 1 100 1 1 1 1 1 1 1 1 1 1 1 1 1 1 1 1 1 1 1 1 1 1 1 1 1 1 1 1 1 1 1 1 1 1 1 1 1 1 1 1 1 1 1 1 1 1 1 1 1 1 1 1 1 1 1 3 1 1 1 1 1 1 1 1 1 1 1 1 1 1 1 100 1 1 1 1 1 1 1 1 1 1 1 1 1 1 1 1 1 1 1 1 1 1 1 1 1 1 1 1 1 1 1 1 1 1 1 1 1 1 1 1 1 1 1 100 1 1 1 1 1 1 1 1 1 100 1 100 1 1
staticfield java/lang/Long TYPE Ljava/lang/Class; java/lang/Class
ciInstanceKlass java/util/Iterator 1 1 53 100 1 8 1 10 12 1 1 10 7 12 1 1 1 11 7 12 1 1 1 11 12 1 1 11 7 12 1 1 1 100 1 1 1 1 1 1 1 1 1 1 1 1 1 1 1 1 1 1 1 1 1
ciInstanceKlass java/lang/reflect/RecordComponent 1 1 196 10 100 12 1 1 1 9 7 12 1 1 1 9 12 1 1 9 12 1 10 12 1 1 10 12 1 1 10 100 12 1 1 1 10 12 1 1 9 12 1 1 10 12 1 1 10 12 1 1 10 12 1 10 100 12 1 1 10 100 12 1 1 9 12 1 1 10 100 12 1 1 1 11 100 12 1 1 1 10 9 100 12 1 1 1 10 100 12 1 1 1 9 12 1 1 10 100 12 1 1 1 10 12 1 1 11 100 12 1 1 10 100 12 1 1 100 1 9 12 1 9 12 1 1 9 12 1 10 100 12 1 1 1 10 12 1 1 10 12 1 1 100 1 10 10 12 1 10 12 1 1 8 1 10 12 1 10 12 1 9 12 1 100 1 1 1 1 1 1 1 1 1 1 1 1 1 1 1 1 1 1 1 1 1 1 100 1 1 1 1 1 1 100 1 1
ciInstanceKlass jdk/internal/vm/vector/VectorSupport 0 0 573 100 1 10 100 12 1 1 1 9 12 1 1 10 12 1 1 100 1 10 12 1 11 100 12 1 1 1 11 100 12 1 1 1 11 100 12 1 1 11 100 12 1 1 11 100 12 1 1 1 11 100 12 1 1 11 100 12 1 1 11 100 12 1 1 11 100 12 1 1 11 100 12 1 1 11 100 12 1 1 11 100 12 1 1 1 11 100 12 1 1 11 100 12 1 1 1 11 100 12 1 1 1 11 100 12 1 1 11 100 12 1 1 1 11 100 12 1 1 100 1 10 12 1 1 11 100 12 1 1 11 100 12 1 1 11 100 12 1 1 11 100 12 1 1 11 100 12 1 1 11 100 12 1 1 9 12 1 1 10 100 12 1 1 11 100 12 1 1 10 12 1 1 10 100 12 1 1 1 10 12 1 10 12 1 1 10 12 1 1 1 1 1 3 1 3 1 3 1 3 1 3 1 3 1 3 1 3 1 3 1 3 1 3 1 3 1 3 1 3 1 3 1 3 1 3 1 3 1 3 1 3 1 3 1 3 1 3 1 3 1 3 1 3 1 3 1 3 1 3 1 3 1 3 1 3 1 3 1 3 1 3 1 3 1 3 1 3 1 3 1 3 1 3 1 3 1 3 1 3 1 3 1 3 1 3 1 3 1 3 1 3 1 3 1 3 1 3 1 1 1 1 1 1 1 1 1 1 1 1 1 1 1 1 1 1 1 1 1 1 1 1 1 1 1 1 1 1 1 1 1 1 1 1 1 1 1 1 1 1 1 1 1 1 1 1 1 1 1 1 1 1 1 1 1 1 1 1 1 1 1 1 1 1 1 1 1 1 1 1 1 1 1 1 1 1 1 1 1 1 1 1 1 1 1 1 1 1 1 1 1 1 1 1 1 1 1 1 1 1 1 1 1 1 1 1 1 1 1 1 1 1 1 1 1 1 1 1 1 1 1 1 1 1 1 1 1 1 1 1 1 1 1 1 1 1 1 1 1 1 1 1 1 1 1 1 1 1 1 1 1 1 1 1 1 1 1 1 1 1 1 1 1 1 1 1 1 1 1 1 1 1 1 1 1 1 1 1 1 1 1 1 1 1 1 1 1 1 1 1 1 1 1 1 1 1 1 1 1 1 1 1 1 1 1 1 1 1 1 1 1 1 1 1 1 1 1 1 1 1 1 1 1 1 1 1 1 1 1 1 1 1 1 100 1 100 1 100 1 100 1 100 1 1 1 1 1 1 1 1 1 1 1 1 1 1 1 1 1 1 1 1 1 1 1 1 1 1 1 1 1 1 1
instanceKlass jdk/internal/vm/vector/VectorSupport$VectorShuffle
instanceKlass jdk/internal/vm/vector/VectorSupport$VectorMask
instanceKlass jdk/internal/vm/vector/VectorSupport$Vector
ciInstanceKlass jdk/internal/vm/vector/VectorSupport$VectorPayload 0 0 32 10 100 12 1 1 1 9 100 12 1 1 1 10 100 12 1 1 1 1 1 1 1 1 1 1 1 1 1 1 1 1
ciInstanceKlass jdk/internal/vm/vector/VectorSupport$Vector 0 0 28 10 100 12 1 1 1 100 1 1 1 1 1 1 1 1 1 1 1 1 1 1 1 100 1 1 1 1
ciInstanceKlass jdk/internal/vm/vector/VectorSupport$VectorMask 0 0 28 10 100 12 1 1 1 100 1 1 1 1 1 1 1 1 1 1 1 1 1 1 1 100 1 1 1 1
ciInstanceKlass jdk/internal/vm/vector/VectorSupport$VectorShuffle 0 0 28 10 100 12 1 1 1 100 1 1 1 1 1 1 1 1 1 1 1 1 1 1 1 100 1 1 1 1
ciInstanceKlass jdk/internal/vm/FillerObject 0 0 16 10 100 12 1 1 1 100 1 1 1 1 1 1 1 1
instanceKlass kotlin/KotlinNullPointerException
ciInstanceKlass java/lang/NullPointerException 1 1 52 10 100 12 1 1 1 10 12 1 9 100 12 1 1 1 10 12 1 1 9 12 1 1 10 12 1 1 10 12 1 1 1 1 5 0 1 1 1 1 1 1 1 1 100 1 100 1 100 1 1 1
ciInstanceKlass java/lang/ArithmeticException 1 1 26 10 100 12 1 1 1 10 12 1 100 1 1 1 1 5 0 1 1 1 1 1 1 1 1 1
ciInstanceKlass jdk/internal/access/JavaLangAccess 1 0 213 100 1 100 1 1 1 1 1 1 1 1 1 1 1 1 1 1 1 1 1 1 1 1 1 1 1 1 1 1 1 1 1 1 1 1 1 1 1 100 1 1 1 1 1 1 1 1 1 1 1 1 1 1 1 1 1 1 1 1 1 1 1 1 1 1 1 1 1 1 1 1 1 1 1 1 1 1 1 1 1 1 1 1 1 1 1 1 1 1 1 1 1 1 1 1 1 1 1 1 1 100 1 1 1 1 1 1 1 1 1 1 1 1 1 1 1 1 1 1 1 1 1 1 1 1 1 1 1 1 1 1 1 1 1 1 1 1 1 1 1 1 1 1 1 1 1 1 1 1 1 1 1 1 1 1 1 1 1 1 1 1 1 1 100 1 1 1 1 1 1 1 1 1 1 1 1 1 1 1 1 1 1 1 1 1 1 1 1 1 1 1 1 1 1 1 1 1 1 1 1 1 1 100 1 100 1 1 100 1 100 1 1
ciInstanceKlass java/lang/System$2 1 1 643 10 7 12 1 1 1 10 7 12 1 1 1 10 12 1 1 10 12 1 1 10 12 1 1 10 12 1 1 10 12 1 1 10 12 1 10 12 1 1 10 12 1 1 7 1 10 7 12 1 1 1 10 100 12 1 1 1 10 12 1 10 12 1 10 7 12 1 1 1 10 12 1 1 10 12 1 1 10 12 1 1 10 12 1 1 10 100 12 1 1 1 10 100 12 1 1 1 10 12 1 7 1 10 12 1 10 12 1 10 12 1 1 10 12 1 10 12 1 1 10 12 1 10 12 1 10 12 1 10 12 1 10 12 1 10 12 1 1 10 12 1 1 10 12 1 10 12 1 1 10 12 1 10 12 1 1 10 7 12 1 1 1 10 12 1 10 12 1 1 10 12 1 10 7 12 1 1 1 10 7 12 1 1 1 10 7 12 1 1 1 10 12 1 1 10 12 1 1 10 12 1 1 10 100 12 1 1 1 10 12 1 1 10 12 1 1 9 100 12 1 1 1 10 100 12 1 1 1 10 12 1 1 10 7 12 1 1 1 10 12 1 1 10 12 1 1 10 12 1 1 10 100 12 1 1 10 12 1 1 10 12 1 1 10 12 1 1 10 12 1 1 10 12 1 1 10 12 1 1 10 12 1 1 10 12 1 1 10 12 1 1 10 12 1 1 10 12 1 1 10 12 1 100 1 10 12 1 1 11 100 12 1 1 10 7 12 1 1 10 12 1 1 10 12 1 10 12 1 1 10 12 1 10 12 1 1 10 12 1 10 12 1 1 10 12 1 1 10 12 1 1 100 1 10 12 1 100 1 10 10 12 1 1 10 12 1 10 100 12 1 1 1 10 12 1 1 8 1 100 1 100 1 1 1 1 1 1 1 1 1 1 1 1 1 1 1 1 1 1 1 1 1 1 1 1 1 1 1 1 1 1 1 1 1 1 1 1 1 1 1 1 1 1 1 1 1 1 1 1 1 1 1 1 1 1 1 1 1 1 1 1 1 1 1 1 1 1 1 1 1 1 1 1 1 1 1 1 1 1 1 1 1 1 1 1 1 1 1 1 1 1 1 1 1 1 1 1 1 1 1 1 1 1 1 1 1 1 1 1 1 1 1 1 1 1 1 1 1 1 1 1 1 1 1 1 1 1 1 1 1 1 1 1 1 1 100 1 1 1 1 1 1 1 1 1 1 1 1 1 1 1 1 1 1 1 1 1 1 1 1 1 1 1 1 1 1 1 1 1 1 1 1 1 1 1 1 1 1 1 1 1 1 1 1 1 1 1 1 1 1 1 1 1 1 1 1 1 1 1 1 1 1 1 1 1 1 1 100 1 1 1 1 1 1 1 1 1 1 1 1 1 1 1 1 1 1 1 1 1 1 1 1 1 1 1 1 1 1 1 1 1 1 1 1 1 1 1 12 1 1 1 100 1 1 100 1 100 1 1 100 1 1
ciInstanceKlass java/io/FileDescriptor 1 1 175 10 7 12 1 1 1 9 7 12 1 1 1 5 0 9 12 1 1 10 12 1 1 10 12 1 1 9 12 1 1 10 100 12 1 1 1 10 12 1 10 12 1 1 9 12 1 1 10 7 12 1 1 8 1 10 7 12 1 1 1 10 12 1 10 12 1 9 12 1 1 9 12 1 1 100 1 10 11 100 12 1 1 1 9 12 1 11 12 1 1 11 100 12 1 1 1 11 12 1 1 7 1 11 12 1 100 1 10 12 1 1 100 1 10 10 12 1 7 1 10 10 7 12 1 1 1 10 12 1 9 12 1 1 9 12 1 9 12 1 1 1 1 1 1 1 1 1 1 1 1 1 100 1 1 1 1 1 1 1 1 1 1 1 1 1 1 1 1 1 1 1 1 1 1
staticfield java/io/FileDescriptor in Ljava/io/FileDescriptor; java/io/FileDescriptor
staticfield java/io/FileDescriptor out Ljava/io/FileDescriptor; java/io/FileDescriptor
staticfield java/io/FileDescriptor err Ljava/io/FileDescriptor; java/io/FileDescriptor
instanceKlass java/nio/MappedByteBuffer
instanceKlass java/nio/HeapByteBuffer
ciInstanceKlass java/nio/ByteBuffer 1 1 446 10 7 12 1 1 1 9 7 12 1 1 1 10 7 12 1 1 1 9 12 1 1 9 12 1 9 12 1 1 9 12 1 1 10 12 1 10 12 1 7 1 10 12 1 10 12 1 1 7 1 10 12 1 10 12 1 100 1 100 1 10 12 1 10 12 1 1 10 7 12 1 1 1 10 12 1 1 10 12 1 100 1 10 10 12 1 1 10 12 1 10 12 1 10 12 100 1 5 0 9 12 1 1 9 12 1 9 12 1 1 10 12 1 1 10 12 1 1 10 7 12 1 1 1 10 7 12 1 1 1 10 12 1 10 12 1 1 10 12 1 1 100 1 10 100 1 10 10 12 1 1 9 12 1 10 12 1 100 1 10 10 12 1 10 12 1 10 12 10 12 1 9 12 100 1 10 10 12 1 10 12 10 12 1 1 10 12 1 10 12 1 10 12 1 10 12 1 100 1 10 10 100 12 1 1 1 10 7 12 1 1 1 10 12 1 1 8 1 10 12 1 8 1 8 1 10 12 1 8 1 10 12 1 10 7 12 1 1 1 10 100 12 1 1 1 10 12 1 1 10 100 1 9 12 1 8 1 10 12 1 8 1 8 1 10 10 12 1 10 12 1 1 10 12 1 1 10 12 10 12 1 1 10 12 10 12 10 12 10 12 10 12 10 12 10 12 1 1 10 12 1 9 12 1 1 7 10 7 12 1 1 1 100 1 1 1 1 1 1 1 1 1 1 1 1 100 1 1 1 1 1 1 1 1 1 1 1 1 1 1 1 1 1 1 1 1 1 100 1 1 1 1 1 1 1 1 1 1 1 1 1 1 1 1 1 1 1 1 1 1 1 1 1 1 1 1 1 1 1 1 1 1 1 1 1 1 1 1 1 1 1 1 1 1 1 1 1 1 1 1 1 1 1 1 1 1 1 1 1 1 1 1 1 1 1 1 1 1 1 1 1 1 1 1 1 1 1 1 1 1 1 1 1 1 1 1 1 1 1 1 1 1 1 100 1
staticfield java/nio/ByteBuffer ARRAY_BASE_OFFSET J 16
staticfield java/nio/ByteBuffer $assertionsDisabled Z 1
ciInstanceKlass jdk/internal/misc/ScopedMemoryAccess 1 1 1425 10 7 12 1 1 1 10 7 12 1 1 1 9 12 1 1 10 12 1 1 100 1 10 12 1 1 10 100 12 1 1 9 12 1 1 10 7 12 1 1 1 10 7 12 1 1 1 10 12 1 1 10 12 1 1 10 12 1 1 10 12 1 1 10 12 1 1 10 100 12 1 1 1 10 12 1 1 10 100 12 1 1 1 11 100 12 1 1 1 10 12 1 1 11 12 1 1 10 12 1 11 12 1 10 12 1 1 11 12 1 1 10 100 12 1 1 1 100 1 10 10 12 1 1 10 12 1 1 10 12 1 1 10 12 1 10 100 12 1 1 100 1 10 12 1 1 10 12 1 1 10 12 1 1 10 12 1 1 10 12 1 1 10 12 1 1 10 12 1 1 10 12 1 1 10 12 1 1 10 12 1 1 10 12 1 10 12 1 10 12 1 10 12 1 10 12 1 10 12 1 10 12 1 10 12 1 10 12 1 10 12 1 10 12 1 10 12 1 10 12 1 1 10 12 1 1 10 12 1 10 12 1 10 12 1 10 12 1 10 12 1 10 12 1 10 12 1 10 12 1 10 12 1 10 12 1 10 12 1 10 12 1 10 12 1 10 12 1 10 12 1 10 12 1 10 12 1 10 12 1 10 12 1 10 12 1 10 12 1 10 12 1 10 12 1 1 10 12 1 1 10 12 1 1 10 12 1 1 10 12 1 1 10 12 1 1 10 12 1 1 10 12 1 1 10 12 1 10 12 1 10 12 1 10 12 1 10 12 1 10 12 1 10 12 1 10 12 1 10 12 1 10 12 1 10 12 1 10 12 1 10 12 1 1 10 12 1 1 10 12 1 10 12 1 10 12 1 10 12 1 10 12 1 10 12 1 10 12 1 10 12 1 10 12 1 10 12 1 10 12 1 10 12 1 10 12 1 10 12 1 10 12 1 10 12 1 10 12 1 10 12 1 10 12 1 10 12 1 10 12 1 10 12 1 10 12 1 1 10 12 1 1 10 12 1 1 10 12 1 1 10 12 1 1 10 12 1 1 10 12 1 1 10 12 1 1 10 12 1 10 12 1 10 12 1 10 12 1 10 12 1 10 12 1 10 12 1 10 12 1 10 12 1 10 12 1 10 12 1 10 12 1 10 12 1 1 10 12 1 1 10 12 1 10 12 1 10 12 1 10 12 1 10 12 1 10 12 1 10 12 1 10 12 1 10 12 1 10 12 1 10 12 1 10 12 1 10 12 1 10 12 1 10 12 1 10 12 1 10 12 1 10 12 1 10 12 1 10 12 1 10 12 1 10 12 1 10 12 1 1 10 12 1 1 10 12 1 1 10 12 1 1 10 12 1 1 10 12 1 1 10 12 1 1 10 12 1 1 10 12 1 10 12 1 10 12 1 10 12 1 10 12 1 10 12 1 10 12 1 10 12 1 10 12 1 10 12 1 10 12 1 10 12 1 10 12 1 1 10 12 1 1 10 12 1 1 10 12 1 1 10 12 1 10 12 1 10 12 1 10 12 1 10 12 1 10 12 1 10 12 1 10 12 1 10 12 1 10 12 1 10 12 1 10 12 1 10 12 1 1 10 12 1 1 10 12 1 10 12 1 10 12 1 10 12 1 10 12 1 10 12 1 10 12 1 10 12 1 10 12 1 10 12 1 10 12 1 10 12 1 10 12 1 10 12 1 10 12 1 10 12 1 10 12 1 10 12 1 10 12 1 10 12 1 10 12 1 10 12 1 10 12 1 10 12 1 10 12 1 10 12 1 10 12 1 10 12 1 10 12 1 1 10 12 1 1 10 12 1 1 10 12 1 1 10 12 1 1 10 12 1 1 10 12 1 1 10 12 1 1 10 12 1 10 12 1 10 12 1 10 12 1 10 12 1 10 12 1 10 12 1 10 12 1 10 12 1 10 12 1 10 12 1 10 12 1 10 12 1 1 10 12 1 1 10 12 1 1 10 12 1 1 10 12 1 10 12 1 10 12 1 10 12 1 10 12 1 10 12 1 10 12 1 10 12 1 10 12 1 10 12 1 10 12 1 10 12 1 10 12 1 1 10 12 1 1 10 12 1 10 12 1 10 12 1 10 12 1 10 12 1 10 12 1 10 12 1 10 12 1 10 12 1 10 12 1 10 12 1 10 12 1 10 12 1 10 12 1 10 12 1 10 12 1 10 12 1 10 12 1 10 12 1 10 12 1 10 12 1 10 12 1 10 12 1 10 12 1 10 12 1 10 12 1 10 12 1 10 12 1 10 12 1 1 10 12 1 1 10 12 1 1 10 12 1 1 10 12 1 10 12 1 10 12 1 10 12 1 10 12 1 10 12 1 10 12 1 10 12 1 10 12 1 10 12 1 10 12 1 10 12 1 10 12 1 1 10 12 1 1 10 12 1 1 10 12 1 1 10 12 1 10 12 1 10 12 1 10 12 1 10 12 1 10 12 1 10 12 1 10 12 1 10 12 1 10 12 1 10 12 1 10 12 1 10 12 1 1 10 12 1 1 10 12 1 10 12 1 10 12 1 10 12 1 10 12 1 10 12 1 10 12 1 10 12 1 10 12 1 10 12 1 10 12 1 1 10 12 1 1 10 12 1 1 10 12 1 1 10 12 1 10 12 1 10 12 1 10 12 1 10 12 1 10 12 1 10 12 1 10 12 1 10 12 1 10 12 1 10 12 1 10 12 1 10 12 1 1 10 12 1 1 10 12 1 1 10 12 1 1 10 12 1 10 12 1 10 12 1 10 12 1 10 12 1 10 12 1 10 12 1 10 12 1 10 12 1 10 12 1 10 12 1 10 12 1 10 12 1 1 10 12 1 1 10 12 1 10 12 1 10 12 1 10 12 1 10 12 1 10 12 1 10 12 1 10 12 1 10 12 1 10 12 1 10 12 1 1 10 12 1 10 1 1 1 1 1 1 1 1 1 1 1 1 1 1 1 1 1 1 1 1 1 1 1 100 1 1 1 1 1 1 1 1 1 1 1 1 1 1 1 1 1 1 1 1 1 1 1 1 1 1 1 1 1 1 1 1 1 1 1 1 1 1 1 1 1 1 1 1 1 1 1 1 1 1 1 1 1 1 1 1 1 1 1 1 1 1 1 1 1 1 1 1 1 1 1 1 1 1 1 1 1 1 1 1 1 100 1 1 1 100 1 1 100 1 1 1 100 1 1 100 1 1 100 1 1 100 1 1 100 1 1 1
staticfield jdk/internal/misc/ScopedMemoryAccess UNSAFE Ljdk/internal/misc/Unsafe; jdk/internal/misc/Unsafe
staticfield jdk/internal/misc/ScopedMemoryAccess theScopedMemoryAccess Ljdk/internal/misc/ScopedMemoryAccess; jdk/internal/misc/ScopedMemoryAccess
ciInstanceKlass jdk/internal/access/JavaNioAccess 1 0 47 100 1 100 1 1 1 1 1 1 1 1 1 1 1 1 1 1 1 1 1 1 1 1 1 1 1 1 1 1 1 1 1 1 1 1 1 1 1 1 1 1 100 1 100 1 1
ciInstanceKlass java/nio/Buffer$2 1 1 172 10 7 12 1 1 1 9 7 12 1 1 1 100 1 10 12 1 11 100 12 1 1 1 11 12 1 1 10 12 1 100 1 10 12 1 10 7 12 1 1 1 9 12 1 1 100 1 10 12 1 1 9 12 1 1 10 12 1 1 10 100 12 1 1 10 12 1 10 7 12 1 1 1 10 12 1 1 10 100 12 1 1 1 10 12 1 1 10 12 1 10 12 1 1 10 12 1 1 10 12 1 10 12 1 1 100 1 100 1 1 1 1 1 1 1 1 1 1 1 1 1 1 1 1 1 1 1 1 100 1 1 1 1 1 1 1 1 1 1 1 1 1 1 1 1 1 1 1 1 1 1 1 100 1 1 1 1 1 1 1 1 1 1 1 1 1 100 1 100 1 1
ciInstanceKlass java/nio/HeapByteBuffer 1 1 360 10 7 12 1 1 1 9 7 12 1 1 1 9 12 1 9 12 1 10 12 1 1 10 12 1 9 12 1 1 9 12 1 1 9 12 1 1 10 12 1 10 7 12 1 1 1 10 12 1 10 12 1 100 1 10 10 12 1 10 12 1 1 10 12 1 10 12 1 1 100 1 10 12 10 7 12 1 1 1 10 12 1 10 12 1 100 1 10 10 12 1 1 10 12 1 9 12 1 1 100 1 10 10 12 10 12 1 9 12 1 1 10 12 1 1 10 12 10 12 1 1 9 12 1 10 7 12 1 1 1 10 12 1 10 12 10 12 1 1 100 1 10 12 1 7 1 10 10 12 1 1 10 12 1 1 100 1 10 100 1 10 10 12 1 1 10 12 1 1 100 1 10 100 1 10 10 12 1 1 10 12 1 1 100 1 10 100 1 10 10 100 12 1 1 1 10 12 1 1 100 1 10 100 1 10 10 100 12 1 1 1 10 12 1 1 100 1 10 100 1 10 10 12 1 1 10 12 1 1 10 12 10 7 12 1 1 1 9 12 1 1 7 10 7 12 1 1 1 10 12 1 1 1 1 1 1 1 1 1 1 1 1 1 1 1 1 1 1 1 1 1 1 1 1 1 1 1 1 1 1 1 1 1 1 1 1 1 1 1 1 1 1 1 1 1 1 1 1 1 1 1 100 1 1 1 1 1 1 1 1 1 1 100 1 1 1 1 1 100 1 1 1 1 1 1 1 1 1 100 1 1 1 1 1 1 1 1 1 1 100 1 1 1 1 1 1 1 1 1 1 100 1 1 1 1 1 1 1 1
staticfield java/nio/HeapByteBuffer ARRAY_BASE_OFFSET J 16
staticfield java/nio/HeapByteBuffer ARRAY_INDEX_SCALE J 1
staticfield java/nio/HeapByteBuffer $assertionsDisabled Z 1
ciInstanceKlass jdk/internal/ref/Cleaner 1 1 83 9 7 12 1 1 1 9 12 1 9 12 1 9 12 1 1 10 7 12 1 1 1 9 12 1 1 10 12 1 10 12 1 1 10 12 1 1 11 7 12 1 1 1 100 1 100 1 10 12 1 10 100 12 1 1 1 7 1 10 12 1 1 1 1 1 1 1 1 1 1 1 1 1 1 1 1 1 1 1 1 1 1
staticfield jdk/internal/ref/Cleaner dummyQueue Ljava/lang/ref/ReferenceQueue; java/lang/ref/ReferenceQueue
instanceKlass java/nio/charset/UnsupportedCharsetException
instanceKlass java/security/InvalidParameterException
instanceKlass java/nio/file/InvalidPathException
instanceKlass java/nio/file/ProviderMismatchException
instanceKlass java/lang/NumberFormatException
instanceKlass java/util/IllegalFormatException
ciInstanceKlass java/lang/IllegalArgumentException 1 1 35 10 7 12 1 1 1 10 12 1 10 12 1 10 12 1 100 1 1 1 1 5 0 1 1 1 1 1 1 1 1 1 1 1 1
instanceKlass java/lang/ThreadLocal$SuppliedThreadLocal
instanceKlass java/lang/InheritableThreadLocal
instanceKlass jdk/internal/jimage/ImageBufferCache$1
instanceKlass jdk/internal/math/FloatingDecimal$1
instanceKlass java/util/concurrent/locks/ReentrantReadWriteLock$Sync$ThreadLocalHoldCounter
instanceKlass jdk/internal/misc/CarrierThreadLocal
ciInstanceKlass java/lang/ThreadLocal 1 1 332 9 7 12 1 1 1 3 10 7 12 1 1 1 7 1 10 12 1 1 10 7 12 1 1 10 12 1 9 12 1 1 10 7 12 1 1 1 10 12 1 1 9 12 1 1 100 1 100 1 10 10 12 1 10 12 1 1 10 7 12 1 1 1 9 7 12 1 1 1 10 12 1 10 12 1 1 10 12 1 1 10 12 1 1 10 12 1 1 7 1 10 12 1 1 9 12 1 10 12 1 10 12 10 12 1 1 10 12 1 9 12 1 1 10 12 10 12 1 100 1 10 8 1 10 7 12 1 1 1 10 100 12 1 1 1 10 100 12 1 1 1 100 1 9 100 12 1 1 1 18 12 1 1 10 100 12 1 1 1 100 1 18 12 1 1 10 12 1 1 100 1 100 1 10 12 1 9 100 12 1 1 1 10 100 12 1 1 1 11 12 1 1 11 100 12 1 1 11 12 1 100 1 8 1 11 12 1 1 10 12 1 1 11 100 12 1 1 1 10 100 12 1 1 1 11 12 1 1 10 7 12 1 1 10 12 1 10 1 1 1 1 1 1 1 1 1 1 1 1 1 1 1 1 1 1 1 1 1 1 1 1 1 1 1 1 1 1 1 1 1 1 1 1 1 1 1 1 1 1 1 1 1 1 1 1 1 1 1 1 1 1 1 1 1 1 1 1 1 1 1 1 1 1 1 16 15 10 12 16 16 15 10 12 15 10 100 12 1 1 1 1 1 1 1 1 1 100 1 100 1 1
staticfield java/lang/ThreadLocal TRACE_VTHREAD_LOCALS Z 0
staticfield java/lang/ThreadLocal $assertionsDisabled Z 1
instanceKlass jdk/internal/misc/TerminatingThreadLocal$1
instanceKlass jdk/internal/misc/TerminatingThreadLocal
ciInstanceKlass jdk/internal/misc/CarrierThreadLocal 1 1 61 10 7 12 1 1 1 9 7 12 1 1 1 11 7 12 1 1 1 11 12 1 1 11 12 1 1 11 12 1 1 10 7 12 1 1 1 1 1 1 1 1 1 1 1 1 1 1 1 1 1 1 1 1 1 1 1 1 1 1 1
staticfield jdk/internal/misc/CarrierThreadLocal JLA Ljdk/internal/access/JavaLangAccess; java/lang/System$2
instanceKlass sun/nio/ch/Util$1
instanceKlass sun/nio/fs/NativeBuffers$1
ciInstanceKlass jdk/internal/misc/TerminatingThreadLocal 1 1 86 10 7 12 1 1 1 10 12 1 1 10 7 12 1 1 1 10 12 1 10 12 1 9 12 1 1 10 12 1 1 7 1 11 12 1 1 11 7 12 1 1 1 11 12 1 10 12 1 10 10 12 1 11 12 1 1 11 12 7 1 10 1 1 1 1 1 1 1 1 1 1 1 1 1 1 1 1 1 1 1 1 1 1 1 1
staticfield jdk/internal/misc/TerminatingThreadLocal REGISTRY Ljdk/internal/misc/CarrierThreadLocal; jdk/internal/misc/TerminatingThreadLocal$1
ciInstanceKlass sun/nio/fs/NativeBuffers$1 1 1 42 100 1 10 7 12 1 1 1 10 100 12 1 1 100 1 10 100 12 1 1 1 1 1 1 1 1 1 1 1 1 1 1 1 1 1 1 1 1 1 1 1
ciInstanceKlass java/lang/ThreadLocal$ThreadLocalMap 1 1 143 9 7 12 1 1 1 10 7 12 1 1 1 9 12 1 7 1 9 12 1 1 9 7 12 1 1 10 12 1 10 12 1 1 10 12 1 1 9 12 1 1 10 12 1 1 10 12 1 1 10 12 1 1 10 12 1 1 10 12 1 1 10 12 1 1 10 12 1 1 10 12 1 10 12 1 10 12 1 10 12 1 10 12 1 1 1 3 1 1 1 1 1 1 1 1 1 1 1 1 1 1 1 1 1 1 1 1 1 1 1 1 100 1 1 1 1 1 1 1 1 1 1 1 1 1 1 1 1 1 1 1 1 1 1 1 1 1 1 1 1 1 1
ciInstanceKlass java/lang/ThreadLocal$ThreadLocalMap$Entry 1 1 37 10 7 12 1 1 1 9 7 12 1 1 1 1 1 1 1 1 1 1 1 1 1 1 1 1 1 1 1 1 100 1 1 100 1 1 1
ciInstanceKlass sun/nio/ch/Util 1 1 337 10 100 12 1 1 1 8 1 10 7 12 1 1 1 10 100 12 1 1 1 100 1 5 0 9 7 12 1 1 1 10 7 12 1 1 1 10 12 1 1 10 12 1 1 9 12 1 1 10 7 12 1 1 1 7 1 10 12 10 12 1 1 10 12 1 1 10 12 1 1 10 12 1 10 12 1 1 10 12 1 10 12 1 9 12 1 1 100 1 10 10 12 1 10 12 1 7 1 11 12 1 1 10 7 12 1 1 100 1 10 12 1 9 12 1 1 10 7 12 1 1 1 10 12 1 1 11 12 1 1 10 12 1 1 9 12 1 1 10 12 1 10 12 100 1 10 10 100 12 1 1 1 9 12 1 1 10 12 1 10 100 12 1 1 1 10 12 1 10 100 12 1 1 10 100 12 1 1 1 100 1 100 1 100 1 100 1 100 1 10 12 1 100 1 10 9 12 1 10 12 1 100 1 100 1 10 8 1 10 12 1 1 10 12 1 8 1 8 1 10 12 1 1 10 12 1 8 1 8 1 8 1 10 12 1 10 7 12 1 1 9 7 12 1 1 9 12 1 10 12 1 7 1 10 10 12 1 1 1 1 1 1 1 1 1 1 1 1 1 100 1 1 1 1 1 1 1 1 1 1 1 1 1 1 1 1 1 1 1 1 1 100 1 1 1 1 1 1 1 1 1 1 1 1 1 1 1 1 1 1 1 1 1 1 1 1 1 100 1 1 1 1 1 1 1 1 1 1 1 1 1 1 1 1 1 1
staticfield sun/nio/ch/Util TEMP_BUF_POOL_SIZE I 16
staticfield sun/nio/ch/Util MAX_CACHED_BUFFER_SIZE J 9223372036854775807
staticfield sun/nio/ch/Util $assertionsDisabled Z 1
ciInstanceKlass sun/nio/ch/Util$1 1 1 55 10 7 12 1 1 1 7 1 10 10 12 1 1 10 12 1 1 10 7 12 1 1 1 10 7 12 1 1 1 10 12 1 1 1 1 1 1 1 1 1 1 1 1 1 1 1 1 1 1 1 1 1 1 1
ciInstanceKlass sun/nio/ch/Util$BufferCache 1 1 86 9 7 12 1 1 1 10 7 12 1 1 1 7 1 9 7 12 1 1 1 9 12 1 1 10 12 1 1 100 1 10 9 12 1 9 12 1 10 12 1 1 10 12 1 1 10 12 1 1 10 12 1 1 10 12 1 10 7 12 1 1 1 1 1 1 1 1 1 1 1 1 1 1 1 100 1 1 1 1 1 1 1 1 1 1
staticfield sun/nio/ch/Util$BufferCache $assertionsDisabled Z 1
instanceKlass sun/nio/ch/SocketDispatcher
instanceKlass sun/nio/ch/FileDispatcher
ciInstanceKlass sun/nio/ch/NativeDispatcher 1 1 52 10 7 12 1 1 1 100 1 8 1 10 12 1 100 1 10 100 1 1 1 1 1 1 1 1 1 1 1 1 1 1 1 1 1 1 1 1 1 1 1 1 1 1 1 1 1 1 1 1 1 1
ciInstanceKlass sun/nio/ch/FileDispatcherImpl 1 1 279 10 7 12 1 1 1 10 7 12 1 1 1 10 12 1 1 10 12 1 1 9 12 1 1 11 7 12 1 1 1 10 12 1 1 10 12 1 10 12 1 1 10 12 1 1 10 12 1 1 10 12 1 1 10 12 1 1 10 12 1 1 10 12 1 1 11 12 1 1 100 1 10 11 12 1 10 12 1 1 11 12 1 1 11 12 1 9 12 1 1 10 100 12 1 1 1 9 12 1 1 10 12 1 1 10 12 1 1 9 12 1 1 10 12 1 1 100 1 5 0 9 100 12 1 1 1 10 7 12 1 1 1 10 12 1 1 10 12 1 1 10 100 12 1 1 1 10 12 1 1 10 12 1 1 100 1 100 1 8 1 10 12 1 8 1 8 1 10 7 12 1 1 1 10 12 1 10 7 12 1 1 1 10 7 12 1 1 1 10 7 12 1 1 10 12 1 10 12 1 1 10 12 1 1 1 3 1 3 1 3 1 3 1 1 1 1 1 1 1 1 1 1 1 1 1 1 1 1 1 1 1 1 1 1 1 1 1 1 1 1 1 1 1 1 1 1 1 1 1 1 1 1 1 1 1 1 1 1 1 1 1 1 1 1 1 1 1 1 1 1 1 1 1 1 1 1 1 1
staticfield sun/nio/ch/FileDispatcherImpl ALLOCATION_GRANULARITY J 65536
staticfield sun/nio/ch/FileDispatcherImpl MAX_DIRECT_TRANSFER_SIZE I 2147483646
staticfield sun/nio/ch/FileDispatcherImpl FAST_FILE_TRANSFER Z 0
staticfield sun/nio/ch/FileDispatcherImpl fdAccess Ljdk/internal/access/JavaIOFileDescriptorAccess; java/io/FileDescriptor$1
ciInstanceKlass sun/nio/ch/IOUtil 1 1 363 10 100 12 1 1 1 10 7 12 1 1 1 7 1 10 12 1 10 7 12 1 1 1 10 12 1 9 12 1 1 100 1 10 10 7 12 1 1 1 10 12 1 1 10 12 1 1 10 12 1 1 10 12 1 1 10 12 10 12 1 1 10 12 1 1 10 12 1 1 5 0 10 12 1 1 10 7 12 1 1 1 10 12 1 10 12 1 10 12 1 10 100 12 1 1 1 9 12 1 1 9 12 1 1 9 12 1 1 11 7 12 1 1 1 10 100 12 1 1 1 10 100 12 1 1 10 12 1 1 10 12 1 10 12 1 1 10 12 1 1 10 12 1 10 12 1 1 10 12 1 10 12 1 10 12 1 1 9 12 1 10 12 1 1 10 12 1 10 12 1 1 10 12 1 10 12 1 10 12 1 1 100 1 8 1 10 12 1 10 12 1 10 12 1 10 12 1 10 12 10 12 10 12 1 10 12 11 12 1 100 1 8 1 10 11 12 1 1 11 12 1 100 1 10 12 1 10 12 1 1 11 100 12 1 1 11 12 1 1 7 1 10 10 12 1 1 10 7 12 1 1 10 7 12 1 1 1 8 1 10 7 12 1 1 8 1 10 12 1 10 12 1 10 12 1 1 1 1 1 1 1 1 1 1 1 1 1 1 1 100 1 1 1 1 1 1 1 1 1 1 1 1 100 1 1 1 1 1 1 1 1 1 1 1 1 1 1 1 1 1 1 1 1 1 1 1 1 1 100 1 1 1 1 1 1 1 1 1 1 1 1 1 1 1 1 1 1 1 1 1 1 1 1 1 1 1 1 1 1 1 1 1
staticfield sun/nio/ch/IOUtil IOV_MAX I 16
staticfield sun/nio/ch/IOUtil WRITEV_MAX J 9223372036854775807
staticfield sun/nio/ch/IOUtil NIO_ACCESS Ljdk/internal/access/JavaNioAccess; java/nio/Buffer$2
staticfield sun/nio/ch/IOUtil $assertionsDisabled Z 1
instanceKlass java/nio/file/ClosedFileSystemException
ciInstanceKlass java/lang/IllegalStateException 0 0 35 10 100 12 1 1 1 10 12 1 10 12 1 10 12 1 100 1 1 1 1 5 0 1 1 1 1 1 1 1 1 1 1 1 1
ciInstanceKlass java/lang/AssertionError 0 0 79 10 100 12 1 1 1 10 12 1 10 100 12 1 1 1 10 100 1 100 1 10 12 1 1 10 12 1 10 12 1 10 12 1 10 12 1 10 12 1 10 12 1 10 12 1 1 1 1 5 0 1 1 1 1 1 1 1 1 1 1 100 1 1 1 1 1 1 1 1 1 1 1 1 1 1 1 1 1
ciInstanceKlass java/lang/foreign/MemorySegment$Scope 0 0 31 100 1 100 1 1 1 1 1 1 1 1 1 1 1 1 1 1 1 100 1 1 100 1 1 1 100 1 100 1 1
ciInstanceKlass jdk/internal/foreign/MemorySessionImpl 0 0 326 100 1 100 1 10 12 1 1 11 100 12 1 1 1 100 1 10 100 12 1 1 1 10 12 1 1 9 12 1 1 10 100 12 1 1 1 10 12 1 1 100 1 10 12 1 1 10 12 1 9 12 1 1 10 100 12 1 1 10 100 12 1 9 12 1 1 100 1 10 12 1 100 1 10 100 1 10 12 1 10 100 12 1 1 1 10 100 12 1 1 1 10 12 1 11 100 12 1 1 10 12 1 10 100 12 1 1 1 9 12 1 1 9 12 1 10 12 1 100 1 10 12 1 1 100 1 10 12 1 1 100 1 10 10 12 1 10 100 1 10 12 1 100 1 8 1 10 12 1 8 1 10 12 1 1 10 100 12 1 1 1 8 1 100 1 8 1 10 100 1 8 1 10 9 12 1 1 18 12 1 1 10 12 1 18 10 100 12 1 1 1 8 9 12 1 1 10 100 12 1 1 1 9 12 1 1 100 1 100 1 10 12 1 100 1 1 1 3 1 3 1 3 1 3 1 1 1 1 1 1 1 1 1 1 1 1 1 1 1 1 1 1 1 1 1 1 1 1 1 1 1 1 1 1 1 1 1 1 1 1 1 1 1 1 1 1 1 1 1 1 1 1 1 1 1 1 1 1 1 1 1 1 1 1 1 1 1 1 1 1 1 1 1 1 100 1 100 1 1 1 16 15 10 12 16 15 10 12 15 10 100 12 1 1 1 1 100 1 1 1 1 100 1 1 1
ciInstanceKlass java/lang/foreign/MemorySegment 0 0 449 10 100 12 1 1 1 11 100 12 1 1 1 11 12 1 11 100 12 1 1 1 11 11 12 1 1 11 12 1 1 10 100 12 1 1 1 9 100 12 1 1 1 10 100 12 1 1 1 11 12 1 11 100 12 1 1 1 10 100 12 1 1 1 10 100 12 1 1 1 10 100 12 1 1 1 10 100 12 1 1 10 100 12 1 1 10 100 12 1 1 10 100 12 1 1 10 100 12 1 1 10 100 12 1 1 10 100 12 1 1 1 9 100 12 1 1 1 11 12 1 10 100 1 10 12 1 1 10 100 12 1 1 1 10 12 1 1 100 1 10 10 12 1 10 12 1 100 1 10 10 12 1 10 12 1 100 1 10 10 12 1 10 12 1 100 1 10 10 12 1 10 12 1 100 1 10 10 12 1 10 12 1 100 1 10 10 12 1 10 12 1 100 1 10 10 12 1 10 12 1 100 1 10 10 12 1 10 12 1 8 1 10 12 1 1 11 100 1 11 100 1 11 100 1 11 100 1 11 100 1 11 100 1 11 100 1 11 100 1 11 100 1 10 12 1 10 12 1 10 10 12 1 1 9 12 1 1 100 1 1 1 1 1 1 1 1 1 1 1 1 1 1 1 1 1 1 1 1 1 1 1 1 1 1 1 1 1 1 1 1 1 1 1 1 1 1 1 1 1 1 1 1 1 1 1 1 1 1 1 1 1 1 1 1 1 1 1 1 1 1 1 1 1 1 1 1 1 1 1 1 1 1 1 1 1 1 1 1 1 1 1 1 1 1 1 1 1 1 1 1 1 1 1 1 1 1 1 1 1 1 1 1 1 1 1 1 1 1 1 1 1 1 1 1 1 1 1 1 1 1 1 1 1 1 1 1 1 1 1 1 1 1 1 1 1 1 1 1 1 1 1 1 1 1 1 1 1 1 1 1 1 1 1 1 1 1 1 100 1 1 1 100 1 1 1 1 1 1 1 1 100 1 1 1 1 1 1 1 1 1 1 1 1 100 1 100 1 1
ciMethod java/lang/Object getClass ()Ljava/lang/Class; 256 0 128 0 -1
ciMethod java/lang/Class isArray ()Z 256 0 128 0 -1
ciMethod java/lang/Class isPrimitive ()Z 256 0 128 0 -1
ciMethod java/lang/Class getComponentType ()Ljava/lang/Class; 352 0 10815 0 0
ciMethod java/lang/ref/Reference refersTo (Ljava/lang/Object;)Z 512 0 21132 0 112
ciMethod java/lang/ref/Reference refersToImpl (Ljava/lang/Object;)Z 512 0 14690 0 96
ciMethod java/lang/ref/Reference refersTo0 (Ljava/lang/Object;)Z 256 0 128 0 -1
ciMethod java/lang/ref/Reference reachabilityFence (Ljava/lang/Object;)V 660 0 108877 0 -1
ciMethod java/lang/Thread currentCarrierThread ()Ljava/lang/Thread; 256 0 128 0 -1
ciMethod jdk/internal/misc/Unsafe invalidInput ()Ljava/lang/RuntimeException; 0 0 1 0 -1
ciMethod jdk/internal/misc/Unsafe is32BitClean (J)Z 0 0 1 0 -1
ciMethod jdk/internal/misc/Unsafe checkSize (J)V 512 0 6561 0 120
ciMethod jdk/internal/misc/Unsafe checkNativeAddress (J)V 390 0 5321 0 80
ciMethod jdk/internal/misc/Unsafe checkOffset (Ljava/lang/Object;J)V 380 0 5312 0 120
ciMethod jdk/internal/misc/Unsafe checkPointer (Ljava/lang/Object;J)V 770 0 15156 0 0
ciMethod jdk/internal/misc/Unsafe checkPrimitiveArray (Ljava/lang/Class;)V 382 0 7572 0 0
ciMethod jdk/internal/misc/Unsafe checkPrimitivePointer (Ljava/lang/Object;J)V 770 0 15139 0 0
ciMethod jdk/internal/misc/Unsafe copyMemory (Ljava/lang/Object;JLjava/lang/Object;JJ)V 512 0 7562 0 808
ciMethod jdk/internal/misc/Unsafe copyMemoryChecks (Ljava/lang/Object;JLjava/lang/Object;JJ)V 512 0 7562 0 0
ciMethod jdk/internal/misc/Unsafe copyMemory0 (Ljava/lang/Object;JLjava/lang/Object;JJ)V 256 0 128 0 -1
ciMethod java/nio/Buffer createSameBufferException ()Ljava/lang/IllegalArgumentException; 0 0 1 0 -1
ciMethod java/nio/Buffer capacity ()I 256 0 128 0 0
ciMethod java/nio/Buffer position ()I 258 0 129 0 0
ciMethod java/nio/Buffer position (I)Ljava/nio/Buffer; 516 0 6402 0 168
ciMethod java/nio/Buffer createPositionException (I)Ljava/lang/IllegalArgumentException; 0 0 1 0 -1
ciMethod java/nio/Buffer limit ()I 256 0 128 0 0
ciMethod java/nio/Buffer limit (I)Ljava/nio/Buffer; 512 0 5386 0 192
ciMethod java/nio/Buffer createLimitException (I)Ljava/lang/IllegalArgumentException; 0 0 1 0 -1
ciMethod java/nio/Buffer flip ()Ljava/nio/Buffer; 428 0 10068 0 0
ciMethod java/nio/Buffer rewind ()Ljava/nio/Buffer; 1024 0 7166 0 0
ciMethod java/nio/Buffer remaining ()I 344 0 23477 0 96
ciMethod java/nio/Buffer isReadOnly ()Z 0 0 1 0 -1
ciMethod java/nio/Buffer session ()Ljdk/internal/foreign/MemorySessionImpl; 606 0 83629 0 -1
ciMethod java/nio/Buffer checkSession ()V 768 0 5057 0 0
ciMethod jdk/internal/access/JavaLangAccess getCarrierThreadLocal (Ljdk/internal/misc/CarrierThreadLocal;)Ljava/lang/Object; 0 0 1 0 -1
ciMethod java/lang/System$2 getCarrierThreadLocal (Ljdk/internal/misc/CarrierThreadLocal;)Ljava/lang/Object; 516 0 23089 0 0
ciMethod java/nio/ByteBuffer base ()Ljava/lang/Object; 256 0 128 0 0
ciMethod java/nio/ByteBuffer allocateDirect (I)Ljava/nio/ByteBuffer; 8 0 15 0 0
ciMethod java/nio/ByteBuffer put (Ljava/nio/ByteBuffer;)Ljava/nio/ByteBuffer; 768 0 3815 0 0
ciMethod java/nio/ByteBuffer putBuffer (ILjava/nio/ByteBuffer;II)V 768 0 3839 0 0
ciMethod java/nio/ByteBuffer position (I)Ljava/nio/ByteBuffer; 514 0 12415 0 168
ciMethod java/nio/ByteBuffer limit (I)Ljava/nio/ByteBuffer; 1024 0 11164 0 192
ciMethod java/nio/ByteBuffer flip ()Ljava/nio/ByteBuffer; 522 0 8581 0 104
ciMethod java/nio/ByteBuffer rewind ()Ljava/nio/ByteBuffer; 1024 0 7164 0 96
ciMethod java/nio/ByteBuffer isDirect ()Z 0 0 1 0 -1
ciMethod jdk/internal/misc/ScopedMemoryAccess copyMemory (Ljdk/internal/foreign/MemorySessionImpl;Ljdk/internal/foreign/MemorySessionImpl;Ljava/lang/Object;JLjava/lang/Object;JJ)V 768 0 3890 0 -1
ciMethod jdk/internal/misc/ScopedMemoryAccess copyMemoryInternal (Ljdk/internal/foreign/MemorySessionImpl;Ljdk/internal/foreign/MemorySessionImpl;Ljava/lang/Object;JLjava/lang/Object;JJ)V 768 0 3958 0 -1
ciMethod jdk/internal/access/JavaNioAccess getBufferAddress (Ljava/nio/Buffer;)J 0 0 1 0 -1
ciMethod jdk/internal/access/JavaNioAccess acquireSession (Ljava/nio/Buffer;)V 0 0 1 0 -1
ciMethod jdk/internal/access/JavaNioAccess releaseSession (Ljava/nio/Buffer;)V 0 0 1 0 -1
ciMethod jdk/internal/access/JavaNioAccess isThreadConfined (Ljava/nio/Buffer;)Z 0 0 1 0 -1
ciMethod java/nio/Buffer$2 getBufferAddress (Ljava/nio/Buffer;)J 772 0 5403 0 0
ciMethod java/nio/Buffer$2 acquireSession (Ljava/nio/Buffer;)V 32 0 5402 0 0
ciMethod java/nio/Buffer$2 releaseSession (Ljava/nio/Buffer;)V 32 0 5405 0 0
ciMethod java/nio/HeapByteBuffer isReadOnly ()Z 256 0 128 0 0
ciMethod java/nio/HeapByteBuffer put (Ljava/nio/ByteBuffer;)Ljava/nio/ByteBuffer; 768 0 3833 0 0
ciMethod jdk/internal/ref/Cleaner clean ()V 6 0 14 0 -1
ciMethod sun/nio/ch/DirectBuffer cleaner ()Ljdk/internal/ref/Cleaner; 0 0 1 0 -1
ciMethod java/nio/DirectByteBuffer <init> (I)V 8 0 15 0 -1
ciMethod java/nio/DirectByteBuffer base ()Ljava/lang/Object; 256 0 128 0 0
ciMethod java/nio/MappedByteBuffer position (I)Ljava/nio/MappedByteBuffer; 634 0 5615 0 0
ciMethod java/nio/MappedByteBuffer limit (I)Ljava/nio/MappedByteBuffer; 632 0 5542 0 0
ciMethod java/nio/MappedByteBuffer flip ()Ljava/nio/MappedByteBuffer; 1024 0 5409 0 0
ciMethod java/nio/MappedByteBuffer rewind ()Ljava/nio/MappedByteBuffer; 1024 0 5461 0 0
ciMethod java/nio/MappedByteBuffer rewind ()Ljava/nio/ByteBuffer; 1024 0 5461 0 0
ciMethod java/nio/MappedByteBuffer flip ()Ljava/nio/ByteBuffer; 1024 0 5409 0 0
ciMethod java/nio/MappedByteBuffer limit (I)Ljava/nio/ByteBuffer; 512 0 5402 0 208
ciMethod java/nio/MappedByteBuffer position (I)Ljava/nio/ByteBuffer; 514 0 5475 0 176
ciMethodData java/lang/ref/Reference reachabilityFence (Ljava/lang/Object;)V 2 108552 orig 80 0 0 0 0 0 0 0 0 0 0 0 0 0 0 0 0 0 0 0 0 0 0 0 0 0 0 0 0 0 0 0 0 0 0 0 0 0 0 0 0 0 0 0 0 0 0 0 0 0 0 0 0 0 0 0 0 0 0 0 0 0 0 0 0 0 0 0 0 0 0 0 0 0 0 0 0 0 0 0 0 data 4 0x0 0x9 0x1 0x0 oops 0 methods 0
ciMethodData java/nio/Buffer session ()Ljdk/internal/foreign/MemorySessionImpl; 2 83331 orig 80 0 0 0 0 0 0 0 0 0 0 0 0 0 0 0 0 0 0 0 0 0 0 0 0 0 0 0 0 0 0 0 0 0 0 0 0 0 0 0 0 0 0 0 0 0 0 0 0 0 0 0 0 0 0 0 0 0 0 0 0 0 0 0 0 0 0 0 0 0 0 0 0 0 0 0 0 0 0 0 0 data 27 0x40007 0x14583 0x90 0x0 0xb0004 0x0 0x0 0x0 0x0 0x0 0x0 0xe0005 0x0 0x0 0x0 0x0 0x0 0x0 0x0 0x0 0x0 0x0 0x0 0x0 0x9 0x1 0x0 oops 0 methods 0
ciMethod jdk/internal/misc/TerminatingThreadLocal register (Ljdk/internal/misc/TerminatingThreadLocal;)V 6 0 7 0 -1
ciMethod jdk/internal/misc/CarrierThreadLocal get ()Ljava/lang/Object; 512 0 23085 0 0
ciMethod java/lang/ThreadLocal initialValue ()Ljava/lang/Object; 38 0 19 0 -1
ciMethod java/lang/ThreadLocal getCarrierThreadLocal ()Ljava/lang/Object; 516 0 11760 0 288
ciMethod java/lang/ThreadLocal get (Ljava/lang/Thread;)Ljava/lang/Object; 516 0 11752 0 272
ciMethod java/lang/ThreadLocal setInitialValue (Ljava/lang/Thread;)Ljava/lang/Object; 4 0 30 0 0
ciMethod java/lang/ThreadLocal getMap (Ljava/lang/Thread;)Ljava/lang/ThreadLocal$ThreadLocalMap; 514 0 1441 0 96
ciMethod java/lang/ThreadLocal createMap (Ljava/lang/Thread;Ljava/lang/Object;)V 10 0 5 0 -1
ciMethod java/lang/ThreadLocal dumpStackIfVirtualThread ()V 0 0 1 0 -1
ciMethod java/lang/ThreadLocal$ThreadLocalMap nextIndex (II)I 358 0 179 0 -1
ciMethod java/lang/ThreadLocal$ThreadLocalMap getEntry (Ljava/lang/ThreadLocal;)Ljava/lang/ThreadLocal$ThreadLocalMap$Entry; 514 0 6428 0 216
ciMethod java/lang/ThreadLocal$ThreadLocalMap getEntryAfterMiss (Ljava/lang/ThreadLocal;ILjava/lang/ThreadLocal$ThreadLocalMap$Entry;)Ljava/lang/ThreadLocal$ThreadLocalMap$Entry; 2 0 80 0 0
ciMethod java/lang/ThreadLocal$ThreadLocalMap set (Ljava/lang/ThreadLocal;Ljava/lang/Object;)V 88 28 44 0 -1
ciMethod java/lang/ThreadLocal$ThreadLocalMap expungeStaleEntry (I)I 36 8 18 0 -1
ciMethodData java/lang/ref/Reference refersTo (Ljava/lang/Object;)Z 2 20876 orig 80 0 0 0 0 0 0 0 0 0 0 0 0 0 0 0 0 0 0 0 0 0 0 0 0 0 0 0 0 0 0 0 0 0 0 0 0 0 0 0 0 0 0 0 0 0 0 0 0 0 0 0 0 0 0 0 0 0 0 0 0 0 0 0 0 0 0 0 0 0 0 0 0 0 0 0 0 0 0 0 0 data 17 0x20005 0xd55 0x0 0x1f382d421e0 0x2ad9 0x1f388217270 0x195e 0x0 0x0 0x0 0x0 0x0 0x0 0x9 0x2 0xffffffffffffffff 0xffffffffffffffff oops 2 3 java/util/WeakHashMap$Entry 5 java/lang/ThreadLocal$ThreadLocalMap$Entry methods 0
ciMethodData java/lang/ref/Reference refersToImpl (Ljava/lang/Object;)Z 2 14434 orig 80 0 0 0 0 0 0 0 0 0 0 0 0 0 0 0 0 0 0 0 0 0 0 0 0 0 0 0 0 0 0 0 0 0 0 0 0 0 0 0 0 0 0 0 0 0 0 0 0 0 0 0 0 0 0 0 0 0 0 0 0 0 0 0 0 0 0 0 0 0 0 0 0 0 0 0 0 0 0 0 0 data 17 0x20005 0x3863 0x0 0x0 0x0 0x0 0x0 0x0 0x0 0x0 0x0 0x0 0x0 0x9 0x2 0x0 0x0 oops 0 methods 0
ciMethodData java/nio/Buffer position (I)Ljava/nio/Buffer; 2 6144 orig 80 0 0 0 0 0 0 0 0 0 0 0 0 0 0 0 0 0 0 0 0 0 0 0 0 0 0 0 0 0 0 0 0 0 0 0 0 0 0 0 0 0 0 0 0 0 0 0 0 0 0 0 0 0 0 0 0 0 0 0 0 0 0 0 0 0 0 0 0 0 0 0 0 0 0 0 0 0 0 0 0 data 39 0x50007 0x1800 0x38 0x0 0x90003 0x0 0x18 0xe0007 0x1800 0x38 0x0 0x120003 0x0 0x18 0x170007 0x1800 0x58 0x0 0x1c0005 0x0 0x0 0x0 0x0 0x0 0x0 0x250007 0x17f6 0x20 0xa 0x0 0x0 0x0 0x0 0x0 0x0 0x9 0x2 0x0 0x0 oops 0 methods 0
ciMethodData java/lang/ThreadLocal getMap (Ljava/lang/Thread;)Ljava/lang/ThreadLocal$ThreadLocalMap; 2 1184 orig 80 0 0 0 0 0 0 0 0 0 0 0 0 0 0 0 0 0 0 0 0 0 0 0 0 0 0 0 0 0 0 0 0 0 0 0 0 0 0 0 0 0 0 0 0 0 0 0 0 0 0 0 0 0 0 0 0 0 0 0 0 0 0 0 0 0 0 0 0 0 0 0 0 0 0 0 0 0 0 0 0 data 6 0x0 0x0 0x9 0x2 0x0 0x0 oops 0 methods 0
ciMethodData jdk/internal/misc/CarrierThreadLocal get ()Ljava/lang/Object; 2 22833 orig 80 0 0 0 0 0 0 0 0 0 0 0 0 0 0 0 0 0 0 0 0 0 0 0 0 0 0 0 0 0 0 0 0 0 0 0 0 0 0 0 0 0 0 0 0 0 0 0 0 0 0 0 0 0 0 0 0 0 0 0 0 0 0 0 0 0 0 0 0 0 0 0 0 0 0 0 0 0 0 0 0 data 16 0x40005 0x0 0x0 0x1f388213808 0x5931 0x0 0x0 0x0 0x0 0x0 0x0 0x0 0x0 0x9 0x1 0x0 oops 1 3 java/lang/System$2 methods 0
ciMethodData java/lang/System$2 getCarrierThreadLocal (Ljdk/internal/misc/CarrierThreadLocal;)Ljava/lang/Object; 2 22831 orig 80 0 0 0 0 0 0 0 0 0 0 0 0 243 1 0 0 0 0 0 0 0 0 0 0 0 0 0 0 0 0 0 0 0 0 0 0 0 0 0 0 0 0 0 0 0 0 0 0 0 0 0 0 0 0 0 0 0 0 0 0 0 0 0 0 0 0 0 0 0 0 0 0 0 0 0 0 0 0 0 0 data 17 0x10005 0x9 0x0 0x1f388214600 0x2e65 0x1f3877f3f70 0x2ac1 0x0 0x0 0x0 0x0 0x0 0x0 0x9 0x2 0x0 0x0 oops 2 3 sun/nio/fs/NativeBuffers$1 5 sun/nio/ch/Util$1 methods 0
ciMethodData java/lang/ThreadLocal getCarrierThreadLocal ()Ljava/lang/Object; 2 11502 orig 80 1 0 0 0 0 0 0 0 0 0 0 0 243 1 0 0 0 0 0 0 0 0 0 0 0 0 0 0 0 0 0 0 0 0 0 0 0 0 0 0 0 0 0 0 0 0 0 0 0 0 0 0 0 0 0 0 0 0 0 0 0 0 0 0 0 0 0 0 0 0 0 0 0 0 0 0 0 0 0 0 data 35 0x30007 0x2cee 0x88 0x0 0x70004 0x0 0x0 0x0 0x0 0x0 0x0 0xa0007 0x0 0x30 0x0 0x110002 0x0 0x160002 0x2cee 0x190005 0x2cee 0x0 0x0 0x0 0x0 0x0 0x0 0x0 0x0 0x0 0x0 0x0 0x9 0x1 0x0 oops 0 methods 0
ciMethodData java/lang/ThreadLocal get (Ljava/lang/Thread;)Ljava/lang/Object; 2 11494 orig 80 1 0 0 0 0 0 0 0 0 0 0 0 243 1 0 0 0 0 0 0 0 0 0 0 0 0 0 0 0 0 0 0 0 0 0 0 0 0 0 2 0 0 0 0 0 0 0 0 0 0 0 0 0 0 0 0 0 0 0 0 0 0 0 0 0 0 0 0 0 0 0 0 0 0 0 0 0 0 0 0 data 39 0x20005 0x4a 0x0 0x1f388214600 0x22f6 0x1f3877f3f70 0x9a6 0x8000000600070007 0x2 0x78 0x2ce6 0xc0005 0x2ce6 0x0 0x0 0x0 0x0 0x0 0x110007 0xa 0x20 0x2cdb 0x1f0005 0xc 0x0 0x0 0x0 0x0 0x0 0x0 0x0 0x0 0x0 0x0 0x0 0x9 0x2 0x0 0x0 oops 2 3 sun/nio/fs/NativeBuffers$1 5 sun/nio/ch/Util$1 methods 0
ciMethodData java/lang/ThreadLocal$ThreadLocalMap getEntry (Ljava/lang/ThreadLocal;)Ljava/lang/ThreadLocal$ThreadLocalMap$Entry; 2 6171 orig 80 0 0 0 0 0 0 0 0 0 0 0 0 0 0 0 0 0 0 0 0 0 0 0 0 0 0 0 0 0 0 0 0 0 0 0 0 0 0 0 0 0 0 0 0 0 0 0 0 0 0 0 0 0 0 0 0 0 0 0 0 0 0 0 0 0 0 0 0 0 0 0 0 0 0 0 0 0 0 0 0 data 32 0x150007 0x6 0x78 0x1815 0x1a0005 0x1815 0x0 0x0 0x0 0x0 0x0 0x1d0007 0x33 0x20 0x17e1 0x260005 0x39 0x0 0x0 0x0 0x0 0x0 0x0 0x0 0x0 0x0 0x0 0x0 0x9 0x2 0x0 0x0 oops 0 methods 0
ciMethodData java/lang/ThreadLocal$ThreadLocalMap getEntryAfterMiss (Ljava/lang/ThreadLocal;ILjava/lang/ThreadLocal$ThreadLocalMap$Entry;)Ljava/lang/ThreadLocal$ThreadLocalMap$Entry; 1 79 orig 80 0 0 0 0 0 0 0 0 0 0 0 0 243 1 0 0 0 0 0 0 0 0 0 0 0 0 0 0 0 0 0 0 0 0 0 0 0 0 0 0 0 0 0 0 0 0 0 0 0 0 0 0 0 0 0 0 0 0 0 0 0 0 0 0 0 0 0 0 0 0 0 0 0 0 0 0 0 0 0 0 data 53 0xc0007 0x18 0x148 0x7a 0x110005 0x7a 0x0 0x0 0x0 0x0 0x0 0x140007 0x43 0x20 0x37 0x1b0005 0x43 0x0 0x0 0x0 0x0 0x0 0x1e0007 0x43 0x70 0x0 0x230005 0x0 0x0 0x0 0x0 0x0 0x0 0x270003 0x0 0x28 0x2d0002 0x43 0x360003 0x43 0xfffffffffffffed0 0x0 0x0 0x0 0x0 0x0 0x0 0x9 0x4 0x6 0xffffffffffffffff 0x0 0xffffffffffffffff oops 0 methods 0
ciMethodData java/nio/Buffer flip ()Ljava/nio/Buffer; 2 9855 orig 80 0 0 0 0 0 0 0 0 0 0 0 0 243 1 0 0 0 0 0 0 0 0 0 0 0 0 0 0 0 0 0 0 0 0 0 0 0 0 0 0 0 0 0 0 0 0 0 0 0 0 0 0 0 0 0 0 0 0 0 0 0 0 0 0 0 0 0 0 0 0 0 0 0 0 0 0 0 0 0 0 data 7 0x0 0x0 0x0 0x0 0x9 0x1 0x1e oops 0 methods 0
ciMethodData java/nio/Buffer limit (I)Ljava/nio/Buffer; 2 5130 orig 80 0 0 0 0 0 0 0 0 0 0 0 0 0 0 0 0 0 0 0 0 0 0 0 0 0 0 0 0 0 0 0 0 0 0 0 0 0 0 0 0 0 0 0 0 0 0 0 0 0 0 0 0 0 0 0 0 0 0 0 0 0 0 0 0 0 0 0 0 0 0 0 0 0 0 0 0 0 0 0 0 data 43 0x50007 0x140a 0x38 0x0 0x90003 0x0 0x18 0xe0007 0x140a 0x38 0x0 0x120003 0x0 0x18 0x170007 0x140a 0x58 0x0 0x1c0005 0x0 0x0 0x0 0x0 0x0 0x0 0x2a0007 0x13de 0x20 0x2c 0x370007 0x140a 0x20 0x0 0x0 0x0 0x0 0x0 0x0 0x0 0x9 0x2 0x0 0x0 oops 0 methods 0
ciMethodData java/nio/ByteBuffer position (I)Ljava/nio/ByteBuffer; 2 12158 orig 80 0 0 0 0 0 0 0 0 0 0 0 0 0 0 0 0 0 0 0 0 0 0 0 0 0 0 0 0 0 0 0 0 0 0 0 0 0 0 0 0 0 0 0 0 0 0 0 0 0 0 0 0 0 0 0 0 0 0 0 0 0 0 0 0 0 0 0 0 0 0 0 0 0 0 0 0 0 0 0 0 data 9 0x20002 0x2f7e 0x0 0x0 0x0 0x9 0x2 0x0 0x0 oops 0 methods 0
ciMethodData java/lang/Class getComponentType ()Ljava/lang/Class; 2 10639 orig 80 0 0 0 0 0 0 0 0 0 0 0 0 243 1 0 0 0 0 0 0 0 0 0 0 0 0 0 0 0 0 0 0 0 0 0 0 0 0 0 0 0 0 0 0 0 0 0 0 0 0 0 0 0 0 0 0 0 0 0 0 0 0 0 0 0 0 0 0 0 0 0 0 0 0 0 0 0 0 0 0 data 20 0x10005 0x298f 0x0 0x0 0x0 0x0 0x0 0x40007 0x0 0x20 0x298f 0x0 0x0 0x0 0x0 0x0 0x0 0x9 0x1 0xffffffffffffffff oops 0 methods 0
ciMethod sun/nio/ch/NativeDispatcher read (Ljava/io/FileDescriptor;JI)I 0 0 1 0 -1
ciMethod sun/nio/ch/NativeDispatcher pread (Ljava/io/FileDescriptor;JIJ)I 0 0 1 0 -1
ciMethod sun/nio/ch/IOUtil read (Ljava/io/FileDescriptor;Ljava/nio/ByteBuffer;JZILsun/nio/ch/NativeDispatcher;)I 518 0 5381 0 -1
ciMethod sun/nio/ch/IOUtil read (Ljava/io/FileDescriptor;Ljava/nio/ByteBuffer;JZZILsun/nio/ch/NativeDispatcher;)I 768 0 5384 0 0
ciMethod sun/nio/ch/IOUtil readIntoNativeBuffer (Ljava/io/FileDescriptor;Ljava/nio/ByteBuffer;JZZILsun/nio/ch/NativeDispatcher;)I 768 0 5384 0 0
ciMethod sun/nio/ch/IOUtil acquireScope (Ljava/nio/ByteBuffer;Z)V 772 0 5401 0 0
ciMethod sun/nio/ch/IOUtil releaseScope (Ljava/nio/ByteBuffer;)V 514 0 5401 0 0
ciMethod sun/nio/ch/IOUtil bufferAddress (Ljava/nio/ByteBuffer;)J 772 0 5401 0 0
ciMethod sun/nio/ch/FileDispatcherImpl read (Ljava/io/FileDescriptor;JI)I 516 0 5341 0 0
ciMethod sun/nio/ch/FileDispatcherImpl pread (Ljava/io/FileDescriptor;JIJ)I 1024 0 58 0 0
ciMethod sun/nio/ch/FileDispatcherImpl read0 (Ljava/io/FileDescriptor;JI)I 256 0 128 0 -1
ciMethod sun/nio/ch/FileDispatcherImpl pread0 (Ljava/io/FileDescriptor;JIJ)I 256 0 58 0 -1
ciMethod sun/nio/ch/Util isBufferTooLarge (I)Z 512 0 10937 0 0
ciMethod sun/nio/ch/Util isBufferTooLarge (Ljava/nio/ByteBuffer;)Z 1022 0 5576 0 0
ciMethod sun/nio/ch/Util getTemporaryDirectBuffer (I)Ljava/nio/ByteBuffer; 768 0 5466 0 0
ciMethod sun/nio/ch/Util getTemporaryAlignedDirectBuffer (II)Ljava/nio/ByteBuffer; 0 0 1 0 -1
ciMethod sun/nio/ch/Util offerFirstTemporaryDirectBuffer (Ljava/nio/ByteBuffer;)V 766 0 5466 0 0
ciMethod sun/nio/ch/Util free (Ljava/nio/ByteBuffer;)V 6 0 14 0 0
ciMethod sun/nio/ch/Util checkBufferPositionAligned (Ljava/nio/ByteBuffer;II)V 0 0 1 0 -1
ciMethod sun/nio/ch/Util checkRemainingBufferSizeAligned (II)V 0 0 1 0 -1
ciMethod sun/nio/ch/Util$BufferCache next (I)I 768 0 5483 0 0
ciMethod sun/nio/ch/Util$BufferCache get (I)Ljava/nio/ByteBuffer; 770 0 5469 0 0
ciMethod sun/nio/ch/Util$BufferCache offerFirst (Ljava/nio/ByteBuffer;)Z 1022 0 5576 0 0
ciMethod sun/nio/ch/Util$BufferCache isEmpty ()Z 8 0 23 0 0
ciMethod sun/nio/ch/Util$BufferCache removeFirst ()Ljava/nio/ByteBuffer; 6 0 14 0 0
ciMethodData java/nio/Buffer$2 acquireSession (Ljava/nio/Buffer;)V 2 5387 orig 80 0 0 0 0 0 0 0 0 0 0 0 0 243 1 0 0 0 0 0 0 0 0 0 0 0 0 0 0 0 0 0 0 0 0 0 0 0 0 0 0 0 0 0 0 0 0 0 0 0 0 0 0 0 0 0 0 0 0 0 0 0 0 0 0 0 0 0 0 0 0 0 0 0 0 0 0 0 0 0 0 data 28 0x10005 0x150a 0x0 0x0 0x0 0x0 0x0 0x60007 0x150a 0x58 0x0 0xa0005 0x0 0x0 0x0 0x0 0x0 0x0 0x0 0x0 0x0 0x0 0x0 0x0 0x9 0x2 0x0 0x0 oops 0 methods 0
ciMethodData java/nio/Buffer$2 releaseSession (Ljava/nio/Buffer;)V 2 5389 orig 80 0 0 0 0 0 0 0 0 0 0 0 0 243 1 0 0 0 0 0 0 0 0 0 0 0 0 0 0 0 0 0 0 0 0 0 0 0 0 0 0 0 0 0 0 0 0 0 0 0 0 0 0 0 0 0 0 0 0 0 0 0 0 0 0 0 0 0 0 0 0 0 0 0 0 0 0 0 0 0 0 data 35 0x10005 0x150d 0x0 0x0 0x0 0x0 0x0 0x60007 0x150d 0x58 0x0 0xa0005 0x0 0x0 0x0 0x0 0x0 0x0 0xe0002 0x150d 0x110003 0x150d 0x28 0x160002 0x0 0x0 0x0 0x0 0x0 0x0 0x0 0x9 0x2 0x0 0x0 oops 0 methods 0
ciMethodData jdk/internal/misc/Unsafe checkPointer (Ljava/lang/Object;J)V 2 14771 orig 80 0 0 0 0 0 0 0 0 0 0 0 0 0 0 0 0 0 0 0 0 0 0 0 0 0 0 0 0 0 0 0 0 0 0 0 0 0 0 0 0 0 0 0 0 0 0 0 0 0 0 0 0 0 0 0 0 0 0 0 0 0 0 0 0 0 0 0 0 0 0 0 0 0 0 0 0 0 0 0 0 data 33 0x10007 0x1cd6 0x70 0x1cdd 0x60005 0x1cdd 0x0 0x0 0x0 0x0 0x0 0x90003 0x1cdd 0x50 0xf0005 0x1cd6 0x0 0x0 0x0 0x0 0x0 0x0 0x0 0x0 0x0 0x0 0x0 0x9 0x4 0x0 0x0 0x0 0x0 oops 0 methods 0
ciMethodData jdk/internal/misc/Unsafe checkNativeAddress (J)V 2 5126 orig 80 0 0 0 0 0 0 0 0 0 0 0 0 243 1 0 0 0 0 0 0 0 0 0 0 0 0 0 0 0 0 0 0 0 0 0 0 0 0 0 0 0 0 0 0 0 0 0 0 0 0 0 0 0 0 0 0 0 0 0 0 0 0 0 0 0 0 0 0 0 0 0 0 0 0 0 0 0 0 0 0 data 26 0x40007 0x1406 0x78 0x0 0x130007 0x0 0x58 0x0 0x170005 0x0 0x0 0x0 0x0 0x0 0x0 0x0 0x0 0x0 0x0 0x0 0x0 0x9 0x3 0x0 0x0 0x0 oops 0 methods 0
ciMethodData jdk/internal/misc/Unsafe checkOffset (Ljava/lang/Object;J)V 2 5122 orig 80 0 0 0 0 0 0 0 0 0 0 0 0 243 1 0 0 0 0 0 0 0 0 0 0 0 0 0 0 0 0 0 0 0 0 0 0 0 0 0 0 0 0 0 0 0 0 0 0 0 0 0 0 0 0 0 0 0 0 0 0 0 0 0 0 0 0 0 0 0 0 0 0 0 0 0 0 0 0 0 0 data 45 0x40007 0x1402 0xb0 0x0 0x90005 0x0 0x0 0x0 0x0 0x0 0x0 0xc0007 0x0 0xb0 0x0 0x100005 0x0 0x0 0x0 0x0 0x0 0x0 0x170007 0x1402 0x58 0x0 0x1b0005 0x0 0x0 0x0 0x0 0x0 0x0 0x0 0x0 0x0 0x0 0x0 0x0 0x9 0x4 0x0 0x0 0x0 0x0 oops 0 methods 0
ciMethodData jdk/internal/misc/Unsafe checkPrimitivePointer (Ljava/lang/Object;J)V 2 14754 orig 80 0 0 0 0 0 0 0 0 0 0 0 0 0 0 0 0 0 0 0 0 0 0 0 0 0 0 0 0 0 0 0 0 0 0 0 0 0 0 0 0 0 0 0 0 0 0 0 0 0 0 0 0 0 0 0 0 0 0 0 0 0 0 0 0 0 0 0 0 0 0 0 0 0 0 0 0 0 0 0 0 data 37 0x30005 0x39a2 0x0 0x0 0x0 0x0 0x0 0x70007 0x1ccd 0x90 0x1cd5 0xc0005 0x1cd5 0x0 0x0 0x0 0x0 0x0 0xf0005 0x1cd5 0x0 0x0 0x0 0x0 0x0 0x0 0x0 0x0 0x0 0x0 0x0 0x9 0x4 0x0 0x0 0x0 0x0 oops 0 methods 0
ciMethodData jdk/internal/misc/Unsafe checkPrimitiveArray (Ljava/lang/Class;)V 2 7381 orig 80 0 0 0 0 0 0 0 0 0 0 0 0 243 1 0 0 0 0 0 0 0 0 0 0 0 0 0 0 0 0 0 0 0 0 0 0 0 0 0 0 0 0 0 0 0 0 0 0 0 0 0 0 0 0 0 0 0 0 0 0 0 0 0 0 0 0 0 0 0 0 0 0 0 0 0 0 0 0 0 0 data 39 0x10005 0x1cd5 0x0 0x0 0x0 0x0 0x0 0x60007 0x0 0x78 0x1cd5 0xa0005 0x1cd5 0x0 0x0 0x0 0x0 0x0 0xd0007 0x1cd5 0x58 0x0 0x110005 0x0 0x0 0x0 0x0 0x0 0x0 0x0 0x0 0x0 0x0 0x0 0x0 0x9 0x2 0x0 0x0 oops 0 methods 0
ciMethodData java/nio/ByteBuffer limit (I)Ljava/nio/ByteBuffer; 2 10652 orig 80 0 0 0 0 0 0 0 0 0 0 0 0 0 0 0 0 0 0 0 0 0 0 0 0 0 0 0 0 0 0 0 0 0 0 0 0 0 0 0 0 0 0 0 0 0 0 0 0 0 0 0 0 0 0 0 0 0 0 0 0 0 0 0 0 0 0 0 0 0 0 0 0 0 0 0 0 0 0 0 0 data 9 0x20002 0x299d 0x0 0x0 0x0 0x9 0x2 0x0 0x0 oops 0 methods 0
ciMethod jdk/internal/foreign/MemorySessionImpl release0 ()V 0 0 1 0 -1
ciMethod jdk/internal/foreign/MemorySessionImpl acquire0 ()V 0 0 1 0 -1
ciMethod jdk/internal/foreign/MemorySessionImpl checkValidStateRaw ()V 0 0 1 0 -1
ciMethod jdk/internal/foreign/MemorySessionImpl checkValidState ()V 0 0 1 0 -1
ciMethodData java/nio/ByteBuffer flip ()Ljava/nio/ByteBuffer; 2 8341 orig 80 0 0 0 0 0 0 0 0 0 0 0 0 0 0 0 0 0 0 0 0 0 0 0 0 0 0 0 0 0 0 0 0 0 0 0 0 0 0 0 0 0 0 0 0 0 0 0 0 0 0 0 0 0 0 0 0 0 0 0 0 0 0 0 0 0 0 0 0 0 0 0 0 0 0 0 0 0 0 0 0 data 8 0x10002 0x2095 0x0 0x0 0x0 0x9 0x1 0x0 oops 0 methods 0
ciMethodData jdk/internal/misc/Unsafe checkSize (J)V 2 6305 orig 80 0 0 0 0 0 0 0 0 0 0 0 0 0 0 0 0 0 0 0 0 0 0 0 0 0 0 0 0 0 0 0 0 0 0 0 0 0 0 0 0 0 0 0 0 0 0 0 0 0 0 0 0 0 0 0 0 0 0 0 0 0 0 0 0 0 0 0 0 0 0 0 0 0 0 0 0 0 0 0 0 data 44 0x40007 0x18a1 0xb0 0x0 0x90005 0x0 0x0 0x0 0x0 0x0 0x0 0xc0007 0x0 0xb0 0x0 0x100005 0x0 0x0 0x0 0x0 0x0 0x0 0x170007 0x18a1 0x58 0x0 0x1b0005 0x0 0x0 0x0 0x0 0x0 0x0 0x0 0x0 0x0 0x0 0x0 0x0 0x9 0x3 0x0 0x0 0x0 oops 0 methods 0
ciMethodData jdk/internal/misc/Unsafe copyMemory (Ljava/lang/Object;JLjava/lang/Object;JJ)V 2 7306 orig 80 0 0 0 0 0 0 0 0 0 0 0 0 0 0 0 0 0 0 0 0 0 0 0 0 0 0 0 0 0 0 0 0 0 0 0 0 0 0 0 0 0 0 0 0 0 0 0 0 0 0 0 0 0 0 0 0 0 0 0 0 0 0 0 0 0 0 0 0 0 0 0 0 0 0 0 0 0 0 0 0 data 35 0x90005 0x1c8a 0x0 0x0 0x0 0x0 0x0 0x100007 0x1c8a 0x20 0x0 0x1d0005 0x1c8a 0x0 0x0 0x0 0x0 0x0 0x0 0x0 0x0 0x0 0x0 0x0 0x9 0x9 0x0 0x0 0x0 0x0 0x0 0x0 0x0 0x0 0x0 oops 0 methods 0
ciMethodData jdk/internal/misc/Unsafe copyMemoryChecks (Ljava/lang/Object;JLjava/lang/Object;JJ)V 2 7306 orig 80 0 0 0 0 0 0 0 0 0 0 0 0 243 1 0 0 0 0 0 0 0 0 0 0 0 0 0 0 0 0 0 0 0 0 0 0 0 0 0 0 0 0 0 0 0 0 0 0 0 0 0 0 0 0 0 0 0 0 0 0 0 0 0 0 0 0 0 0 0 0 0 0 0 0 0 0 0 0 0 0 data 38 0x30005 0x1c8a 0x0 0x0 0x0 0x0 0x0 0x90005 0x1c8a 0x0 0x0 0x0 0x0 0x0 0x110005 0x1c8a 0x0 0x0 0x0 0x0 0x0 0x0 0x0 0x0 0x0 0x0 0x0 0x9 0x9 0x0 0x0 0x0 0x0 0x0 0x0 0x0 0x0 0x0 oops 0 methods 0
ciMethodData java/nio/Buffer remaining ()I 2 23323 orig 80 0 0 0 0 0 0 0 0 0 0 0 0 243 1 0 0 0 0 0 0 0 0 0 0 0 0 0 0 0 0 0 0 0 0 0 0 0 0 0 0 0 0 0 0 0 0 0 0 0 0 0 0 0 0 0 0 0 0 0 0 0 0 0 0 0 0 0 0 0 0 0 0 0 0 0 0 0 0 0 0 data 14 0xb0007 0xa56 0x38 0x50c5 0xf0003 0x50c5 0x18 0x0 0x0 0x0 0x0 0x9 0x1 0x0 oops 0 methods 0
ciMethodData sun/nio/ch/Util isBufferTooLarge (I)Z 2 10682 orig 80 0 0 0 0 0 0 0 0 0 0 0 0 0 0 0 0 0 0 0 0 0 0 0 0 0 0 0 0 0 0 0 0 0 0 0 0 0 0 0 0 0 0 0 0 0 0 0 0 0 0 0 0 0 0 0 0 0 0 0 0 0 0 0 0 0 0 0 0 0 0 0 0 0 0 0 0 0 0 0 0 data 12 0x60007 0x29ba 0x38 0x0 0xa0003 0x0 0x18 0x0 0x0 0x9 0x1 0x0 oops 0 methods 0
ciMethodData java/nio/MappedByteBuffer position (I)Ljava/nio/ByteBuffer; 2 5218 orig 80 0 0 0 0 0 0 0 0 0 0 0 0 0 0 0 0 0 0 0 0 0 0 0 0 0 0 0 0 0 0 0 0 0 0 0 0 0 0 0 0 0 0 0 0 0 0 0 0 0 0 0 0 0 0 0 0 0 0 0 0 0 0 0 0 0 0 0 0 0 0 0 0 0 0 0 0 0 0 0 0 data 17 0x20005 0x1462 0x0 0x0 0x0 0x0 0x0 0x0 0x0 0x0 0x0 0x0 0x0 0x9 0x2 0x0 0x0 oops 0 methods 0
ciMethodData java/nio/MappedByteBuffer position (I)Ljava/nio/MappedByteBuffer; 2 5298 orig 80 0 0 0 0 0 0 0 0 0 0 0 0 243 1 0 0 0 0 0 0 0 0 0 0 0 0 0 0 0 0 0 0 0 0 0 0 0 0 0 0 0 0 0 0 0 0 0 0 0 0 0 0 0 0 0 0 0 0 0 0 0 0 0 0 0 0 0 0 0 0 0 0 0 0 0 0 0 0 0 0 data 9 0x20002 0x14b2 0x0 0x0 0x0 0x9 0x2 0x0 0x0 oops 0 methods 0
ciMethodData java/nio/MappedByteBuffer limit (I)Ljava/nio/ByteBuffer; 2 5146 orig 80 0 0 0 0 0 0 0 0 0 0 0 0 0 0 0 0 0 0 0 0 0 0 0 0 0 0 0 0 0 0 0 0 0 0 0 0 0 0 0 0 0 0 0 0 0 0 0 0 0 0 0 0 0 0 0 0 0 0 0 0 0 0 0 0 0 0 0 0 0 0 0 0 0 0 0 0 0 0 0 0 data 17 0x20005 0x141a 0x0 0x0 0x0 0x0 0x0 0x0 0x0 0x0 0x0 0x0 0x0 0x9 0x2 0x0 0x0 oops 0 methods 0
ciMethodData java/nio/MappedByteBuffer limit (I)Ljava/nio/MappedByteBuffer; 2 5226 orig 80 0 0 0 0 0 0 0 0 0 0 0 0 243 1 0 0 0 0 0 0 0 0 0 0 0 0 0 0 0 0 0 0 0 0 0 0 0 0 0 0 0 0 0 0 0 0 0 0 0 0 0 0 0 0 0 0 0 0 0 0 0 0 0 0 0 0 0 0 0 0 0 0 0 0 0 0 0 0 0 0 data 9 0x20002 0x146a 0x0 0x0 0x0 0x9 0x2 0x0 0x0 oops 0 methods 0
ciMethodData sun/nio/ch/IOUtil releaseScope (Ljava/nio/ByteBuffer;)V 2 5148 orig 80 0 0 0 0 0 0 0 0 0 0 0 0 0 0 0 0 0 0 0 0 0 0 0 0 0 0 0 0 0 0 0 0 0 0 0 0 0 0 0 0 0 0 0 0 0 0 0 0 0 0 0 0 0 0 0 0 0 0 0 0 0 0 0 0 0 0 0 0 0 0 0 0 0 0 0 0 0 0 0 0 data 21 0x40005 0x0 0x0 0x1f387e057c8 0x141c 0x0 0x0 0x90003 0x141c 0x28 0x120002 0x0 0x0 0x0 0x0 0x0 0x0 0x0 0x9 0x1 0x0 oops 1 3 java/nio/Buffer$2 methods 0
ciMethodData sun/nio/ch/IOUtil read (Ljava/io/FileDescriptor;Ljava/nio/ByteBuffer;JZILsun/nio/ch/NativeDispatcher;)I 2 5125 orig 80 0 0 0 0 0 0 0 0 0 0 0 0 243 1 0 0 0 0 0 0 0 0 0 0 0 0 0 0 0 0 0 0 0 0 0 0 0 0 0 0 0 0 0 0 0 0 0 0 0 0 0 0 0 0 0 0 0 0 0 0 0 0 0 0 0 0 0 0 0 0 0 0 0 0 0 0 0 0 0 0 data 17 0xa0002 0x1405 0x0 0x0 0x0 0x0 0x0 0x0 0x9 0x7 0x0 0x0 0x0 0x0 0x0 0x0 0x0 oops 0 methods 0
ciMethodData sun/nio/ch/FileDispatcherImpl read (Ljava/io/FileDescriptor;JI)I 2 5083 orig 80 0 0 0 0 0 0 0 0 0 0 0 0 0 0 0 0 0 0 0 0 0 0 0 0 0 0 0 0 0 0 0 0 0 0 0 0 0 0 0 0 0 0 0 0 0 0 0 0 0 0 0 0 0 0 0 0 0 0 0 0 0 0 0 0 0 0 0 0 0 0 0 0 0 0 0 0 0 0 0 0 data 15 0x40002 0x13db 0x0 0x0 0x0 0x0 0x0 0x0 0x9 0x5 0x0 0x0 0x0 0x0 0x0 oops 0 methods 0
ciMethodData sun/nio/ch/Util$BufferCache next (I)I 2 5100 orig 80 0 0 0 0 0 0 0 0 0 0 0 0 0 0 0 0 0 0 0 0 0 0 0 0 0 0 0 0 0 0 0 0 0 0 0 0 0 0 0 0 0 0 0 0 0 0 0 0 0 0 0 0 0 0 0 0 0 0 0 0 0 0 0 0 0 0 0 0 0 0 0 0 0 0 0 0 0 0 0 0 data 7 0x0 0x0 0x0 0x9 0x2 0x0 0x0 oops 0 methods 0
ciMethodData sun/nio/ch/IOUtil read (Ljava/io/FileDescriptor;Ljava/nio/ByteBuffer;JZZILsun/nio/ch/NativeDispatcher;)I 2 5000 orig 80 0 0 0 0 0 0 0 0 0 0 0 0 0 0 0 0 0 0 0 0 0 0 0 0 0 0 0 0 0 0 0 0 0 0 0 0 0 0 0 0 0 0 0 0 0 0 0 0 0 0 0 0 0 0 0 0 0 0 0 0 0 0 0 0 0 0 0 0 0 0 0 0 0 0 0 0 0 0 0 0 data 86 0x10005 0x0 0x0 0x1f389142780 0x1388 0x0 0x0 0x40007 0x1388 0x30 0x0 0xd0002 0x0 0x120004 0xffffffffffffec78 0x0 0x1f389142780 0x1 0x0 0x0 0x150007 0x1388 0x30 0x0 0x230002 0x0 0x280005 0x1388 0x0 0x0 0x0 0x0 0x0 0x2f0007 0x1388 0x58 0x0 0x360002 0x0 0x3d0002 0x0 0x420003 0x0 0x28 0x470002 0x1388 0x580002 0x1388 0x5f0005 0x0 0x0 0x1f389142830 0x1388 0x0 0x0 0x650007 0x573 0x58 0xe15 0x6b0005 0x0 0x0 0x1f389142780 0xe15 0x0 0x0 0x750002 0x1388 0x7f0002 0x0 0x0 0x0 0x0 0x0 0x0 0x0 0x9 0x8 0x0 0x0 0x0 0x0 0x0 0x0 0x0 0x0 oops 4 3 java/nio/HeapByteBuffer 16 java/nio/HeapByteBuffer 51 java/nio/DirectByteBuffer 62 java/nio/HeapByteBuffer methods 0
ciMethodData sun/nio/ch/IOUtil readIntoNativeBuffer (Ljava/io/FileDescriptor;Ljava/nio/ByteBuffer;JZZILsun/nio/ch/NativeDispatcher;)I 2 5013 orig 80 0 0 0 0 0 0 0 0 0 0 0 0 243 1 0 0 0 0 0 0 0 0 0 0 0 0 0 0 0 0 0 0 0 0 0 0 0 0 0 0 0 0 0 0 0 0 0 0 0 0 0 0 0 0 0 0 0 0 0 0 0 0 0 0 0 0 0 0 0 0 0 0 0 0 0 0 0 0 0 0 data 104 0x10005 0x1395 0x0 0x0 0x0 0x0 0x0 0x70005 0x1395 0x0 0x0 0x0 0x0 0x0 0xf0007 0x1395 0x50 0x0 0x160007 0x0 0x30 0x0 0x1d0002 0x0 0x250007 0x0 0x38 0x1395 0x2d0003 0x1395 0x18 0x350007 0x1395 0x40 0x0 0x3d0002 0x0 0x440002 0x0 0x490007 0x1395 0x20 0x0 0x540002 0x1395 0x5c0007 0x1360 0x80 0x35 0x630002 0x35 0x6d0005 0x0 0x0 0x1f387e013f0 0x35 0x0 0x0 0x720003 0x35 0x60 0x790002 0x1360 0x820005 0x0 0x0 0x1f387e013f0 0x1360 0x0 0x0 0x880002 0x1395 0x8b0003 0x1395 0x28 0x910002 0x0 0x990007 0x573 0x58 0xe22 0xa20005 0x0 0x0 0x1f389142830 0xe22 0x0 0x0 0x0 0x0 0x0 0x0 0x0 0x0 0x9 0x8 0x0 0x0 0x0 0x0 0x0 0x0 0x0 0x0 oops 3 54 sun/nio/ch/FileDispatcherImpl 66 sun/nio/ch/FileDispatcherImpl 84 java/nio/DirectByteBuffer methods 0
ciMethodData sun/nio/ch/Util getTemporaryDirectBuffer (I)Ljava/nio/ByteBuffer; 2 5085 orig 80 0 0 0 0 0 0 0 0 0 0 0 0 243 1 0 0 0 0 0 0 0 0 0 0 0 0 0 0 0 0 0 0 0 0 0 0 0 0 0 0 0 0 0 0 0 0 0 0 0 0 0 0 0 0 0 0 0 0 0 0 0 0 0 0 0 0 0 0 0 0 0 0 0 0 0 0 0 0 0 0 data 64 0x10002 0x13dd 0x40007 0x13dd 0x30 0x0 0x80002 0x0 0xf0005 0x0 0x0 0x1f3877f3f70 0x13dd 0x0 0x0 0x120004 0x0 0x0 0x1f3877f2db0 0x13dd 0x0 0x0 0x180005 0x0 0x0 0x1f3877f2db0 0x13dd 0x0 0x0 0x1d0007 0xb 0x20 0x13d2 0x230005 0x0 0x0 0x1f3877f2db0 0xb 0x0 0x0 0x260007 0x4 0x68 0x7 0x2a0005 0x0 0x0 0x1f3877f2db0 0x7 0x0 0x0 0x2f0002 0x7 0x330002 0xb 0x0 0x0 0x0 0x0 0x0 0x0 0x9 0x1 0x0 oops 5 11 sun/nio/ch/Util$1 18 sun/nio/ch/Util$BufferCache 25 sun/nio/ch/Util$BufferCache 36 sun/nio/ch/Util$BufferCache 47 sun/nio/ch/Util$BufferCache methods 0
ciMethodData sun/nio/ch/Util offerFirstTemporaryDirectBuffer (Ljava/nio/ByteBuffer;)V 2 5193 orig 80 0 0 0 0 0 0 0 0 0 0 0 0 243 1 0 0 0 0 0 0 0 0 0 0 0 0 0 0 0 0 0 0 0 0 0 0 0 0 0 0 0 0 0 0 0 0 0 0 0 0 0 0 0 0 0 0 0 0 0 0 0 0 0 0 0 0 0 0 0 0 0 0 0 0 0 0 0 0 0 0 data 54 0x10002 0x1449 0x40007 0x1449 0x30 0x0 0x80002 0x0 0xf0007 0x1449 0x50 0x0 0x130007 0x0 0x30 0x0 0x1a0002 0x0 0x210005 0x0 0x0 0x1f3877f3f70 0x1449 0x0 0x0 0x240004 0x0 0x0 0x1f3877f2db0 0x1449 0x0 0x0 0x2a0005 0x0 0x0 0x1f3877f2db0 0x1449 0x0 0x0 0x2d0007 0x1449 0x30 0x0 0x310002 0x0 0x0 0x0 0x0 0x0 0x0 0x0 0x9 0x1 0x0 oops 3 21 sun/nio/ch/Util$1 28 sun/nio/ch/Util$BufferCache 35 sun/nio/ch/Util$BufferCache methods 0
ciMethodData sun/nio/ch/Util$BufferCache get (I)Ljava/nio/ByteBuffer; 2 5089 orig 80 0 0 0 0 0 0 0 0 0 0 0 0 243 1 0 0 0 0 0 0 0 0 0 0 0 0 0 0 0 0 0 0 0 0 0 0 0 0 0 0 0 0 0 0 0 0 0 0 0 0 0 0 0 0 0 0 0 0 0 0 0 0 0 0 0 0 0 0 0 0 0 0 0 0 0 0 0 0 0 0 data 114 0x30007 0x13e1 0x60 0x0 0x70002 0x0 0xa0007 0x0 0x30 0x0 0x110002 0x0 0x190007 0x13dd 0x20 0x4 0x2b0005 0x13dd 0x0 0x0 0x0 0x0 0x0 0x2f0007 0x13d6 0x190 0x7 0x3d0005 0x7 0x0 0x0 0x0 0x0 0x0 0x470007 0x0 0xe0 0x7 0x520007 0x0 0x38 0x7 0x550003 0x7 0xa0 0x5a0005 0x0 0x0 0x0 0x0 0x0 0x0 0x5e0007 0x0 0x38 0x0 0x640003 0x0 0x30 0x670003 0x0 0xffffffffffffff00 0x6b0007 0x0 0x20 0x7 0x790004 0x0 0x0 0x0 0x0 0x0 0x0 0x800104 0x0 0x0 0x0 0x0 0x0 0x0 0x870005 0x13d6 0x0 0x0 0x0 0x0 0x0 0x980005 0x0 0x0 0x1f389142830 0x13d6 0x0 0x0 0x9e0005 0x0 0x0 0x1f389142830 0x13d6 0x0 0x0 0x0 0x0 0x0 0x0 0x0 0x0 0x0 0x0 0x0 0x9 0x2 0x0 0x0 oops 2 90 java/nio/DirectByteBuffer 97 java/nio/DirectByteBuffer methods 0
ciMethodData sun/nio/ch/IOUtil acquireScope (Ljava/nio/ByteBuffer;Z)V 2 5016 orig 80 0 0 0 0 0 0 0 0 0 0 0 0 243 1 0 0 0 0 0 0 0 0 0 0 0 0 0 0 0 0 0 0 0 0 0 0 0 0 0 0 0 0 0 0 0 0 0 0 0 0 0 0 0 0 0 0 0 0 0 0 0 0 0 0 0 0 0 0 0 0 0 0 0 0 0 0 0 0 0 0 data 34 0x10007 0x1398 0x88 0x0 0x80005 0x0 0x0 0x0 0x0 0x0 0x0 0xd0007 0x0 0x30 0x0 0x160002 0x0 0x1e0005 0x0 0x0 0x1f387e057c8 0x1398 0x0 0x0 0x0 0x0 0x0 0x0 0x0 0x0 0x9 0x2 0x0 0x0 oops 1 20 java/nio/Buffer$2 methods 0
ciMethodData sun/nio/ch/IOUtil bufferAddress (Ljava/nio/ByteBuffer;)J 2 5017 orig 80 0 0 0 0 0 0 0 0 0 0 0 0 243 1 0 0 0 0 0 0 0 0 0 0 0 0 0 0 0 0 0 0 0 0 0 0 0 0 0 0 0 0 0 0 0 0 0 0 0 0 0 0 0 0 0 0 0 0 0 0 0 0 0 0 0 0 0 0 0 0 0 0 0 0 0 0 0 0 0 0 data 16 0x40005 0x0 0x0 0x1f387e057c8 0x1399 0x0 0x0 0x0 0x0 0x0 0x0 0x0 0x0 0x9 0x1 0x0 oops 1 3 java/nio/Buffer$2 methods 0
ciMethodData java/nio/Buffer$2 getBufferAddress (Ljava/nio/Buffer;)J 2 5017 orig 80 0 0 0 0 0 0 0 0 0 0 0 0 243 1 0 0 0 0 0 0 0 0 0 0 0 0 0 0 0 0 0 0 0 0 0 0 0 0 0 0 0 0 0 0 0 0 0 0 0 0 0 0 0 0 0 0 0 0 0 0 0 0 0 0 0 0 0 0 0 0 0 0 0 0 0 0 0 0 0 0 data 6 0x0 0x0 0x9 0x2 0x0 0x0 oops 0 methods 0
ciMethodData sun/nio/ch/Util isBufferTooLarge (Ljava/nio/ByteBuffer;)Z 2 5065 orig 80 0 0 0 0 0 0 0 0 0 0 0 0 243 1 0 0 0 0 0 0 0 0 0 0 0 0 0 0 0 0 0 0 0 0 0 0 0 0 0 0 0 0 0 0 0 0 0 0 0 0 0 0 0 0 0 0 0 0 0 0 0 0 0 0 0 0 0 0 0 0 0 0 0 0 0 0 0 0 0 0 data 18 0x10005 0x13c9 0x0 0x0 0x0 0x0 0x0 0x40002 0x13c9 0x0 0x0 0x0 0x0 0x0 0x0 0x9 0x1 0x0 oops 0 methods 0
ciMethodData sun/nio/ch/Util$BufferCache offerFirst (Ljava/nio/ByteBuffer;)Z 2 5072 orig 80 0 0 0 0 0 0 0 0 0 0 0 0 243 1 0 0 0 0 0 0 0 0 0 0 0 0 0 0 0 0 0 0 0 0 0 0 0 0 0 0 0 0 0 0 0 0 0 0 0 0 0 0 0 0 0 0 0 0 0 0 0 0 0 0 0 0 0 0 0 0 0 0 0 0 0 0 0 0 0 0 data 33 0x30007 0x13d0 0x60 0x0 0x70002 0x0 0xa0007 0x0 0x30 0x0 0x110002 0x0 0x1c0007 0x13d0 0x20 0x0 0x3c0004 0x0 0x0 0x1f389142830 0x13d0 0x0 0x0 0x0 0x0 0x0 0x0 0x0 0x0 0x9 0x2 0x0 0x0 oops 1 19 java/nio/DirectByteBuffer methods 0
ciMethodData java/nio/MappedByteBuffer flip ()Ljava/nio/ByteBuffer; 2 4897 orig 80 0 0 0 0 0 0 0 0 0 0 0 0 0 0 0 0 0 0 0 0 0 0 0 0 0 0 0 0 0 0 0 0 0 0 0 0 0 0 0 0 0 0 0 0 0 0 0 0 0 0 0 0 0 0 0 0 0 0 0 0 0 0 0 0 0 0 0 0 0 0 0 0 0 0 0 0 0 0 0 0 data 16 0x10005 0x1322 0x0 0x0 0x0 0x0 0x0 0x0 0x0 0x0 0x0 0x0 0x0 0x9 0x1 0x0 oops 0 methods 0
ciMethodData java/nio/MappedByteBuffer flip ()Ljava/nio/MappedByteBuffer; 2 4897 orig 80 0 0 0 0 0 0 0 0 0 0 0 0 0 0 0 0 0 0 0 0 0 0 0 0 0 0 0 0 0 0 0 0 0 0 0 0 0 0 0 0 0 0 0 0 0 0 0 0 0 0 0 0 0 0 0 0 0 0 0 0 0 0 0 0 0 0 0 0 0 0 0 0 0 0 0 0 0 0 0 0 data 8 0x10002 0x1322 0x0 0x0 0x0 0x9 0x1 0x0 oops 0 methods 0
ciMethodData java/nio/MappedByteBuffer rewind ()Ljava/nio/ByteBuffer; 2 4949 orig 80 0 0 0 0 0 0 0 0 0 0 0 0 0 0 0 0 0 0 0 0 0 0 0 0 0 0 0 0 0 0 0 0 0 0 0 0 0 0 0 0 0 0 0 0 0 0 0 0 0 0 0 0 0 0 0 0 0 0 0 0 0 0 0 0 0 0 0 0 0 0 0 0 0 0 0 0 0 0 0 0 data 16 0x10005 0x1356 0x0 0x0 0x0 0x0 0x0 0x0 0x0 0x0 0x0 0x0 0x0 0x9 0x1 0x0 oops 0 methods 0
ciMethodData java/nio/MappedByteBuffer rewind ()Ljava/nio/MappedByteBuffer; 2 4949 orig 80 0 0 0 0 0 0 0 0 0 0 0 0 0 0 0 0 0 0 0 0 0 0 0 0 0 0 0 0 0 0 0 0 0 0 0 0 0 0 0 0 0 0 0 0 0 0 0 0 0 0 0 0 0 0 0 0 0 0 0 0 0 0 0 0 0 0 0 0 0 0 0 0 0 0 0 0 0 0 0 0 data 8 0x10002 0x1356 0x0 0x0 0x0 0x9 0x1 0x0 oops 0 methods 0
ciMethodData java/nio/ByteBuffer rewind ()Ljava/nio/ByteBuffer; 2 6655 orig 80 0 0 0 0 0 0 0 0 0 0 0 0 0 0 0 0 0 0 0 0 0 0 0 0 0 0 0 0 0 0 0 0 0 0 0 0 0 0 0 0 0 0 0 0 0 0 0 0 0 0 0 0 0 0 0 0 0 0 0 0 0 0 0 0 0 0 0 0 0 0 0 0 0 0 0 0 0 0 0 0 data 8 0x10002 0x1a00 0x0 0x0 0x0 0x9 0x1 0x0 oops 0 methods 0
ciMethodData java/nio/Buffer rewind ()Ljava/nio/Buffer; 2 6655 orig 80 0 0 0 0 0 0 0 0 0 0 0 0 0 0 0 0 0 0 0 0 0 0 0 0 0 0 0 0 0 0 0 0 0 0 0 0 0 0 0 0 0 0 0 0 0 0 0 0 0 0 0 0 0 0 0 0 0 0 0 0 0 0 0 0 0 0 0 0 0 0 0 0 0 0 0 0 0 0 0 0 data 7 0x0 0x0 0x0 0x0 0x9 0x1 0x0 oops 0 methods 0
ciMethodData jdk/internal/misc/ScopedMemoryAccess copyMemory (Ljdk/internal/foreign/MemorySessionImpl;Ljdk/internal/foreign/MemorySessionImpl;Ljava/lang/Object;JLjava/lang/Object;JJ)V 2 3574 orig 80 0 0 0 0 0 0 0 0 0 0 0 0 0 0 0 0 0 0 0 0 0 0 0 0 0 0 0 0 0 0 0 0 0 0 0 0 0 0 0 0 0 0 0 0 0 0 0 0 0 0 0 0 0 0 0 0 0 0 0 0 0 0 0 0 0 0 0 0 0 0 0 0 0 0 0 0 0 0 0 0 data 36 0xc0005 0xdf6 0x0 0x0 0x0 0x0 0x0 0xf0003 0xdf6 0x50 0x160005 0x0 0x0 0x0 0x0 0x0 0x0 0x0 0x0 0x0 0x0 0x0 0x0 0x9 0xb 0x0 0x0 0x0 0x0 0x0 0x0 0x0 0x0 0x0 0x0 0x0 oops 0 methods 0
ciMethodData jdk/internal/misc/ScopedMemoryAccess copyMemoryInternal (Ljdk/internal/foreign/MemorySessionImpl;Ljdk/internal/foreign/MemorySessionImpl;Ljava/lang/Object;JLjava/lang/Object;JJ)V 2 3575 orig 80 0 0 0 0 0 0 0 0 0 0 0 0 243 1 0 0 0 0 0 0 0 0 0 0 0 0 0 0 0 0 0 0 0 0 0 0 0 0 0 0 0 0 0 0 0 0 0 0 0 0 0 0 0 0 0 0 0 0 0 0 0 0 0 0 0 0 0 0 0 0 0 0 0 0 0 0 0 0 0 0 data 59 0x10007 0xdf7 0x58 0x0 0x50005 0x0 0x0 0x0 0x0 0x0 0x0 0x90007 0xdf7 0x58 0x0 0xd0005 0x0 0x0 0x0 0x0 0x0 0x0 0x1c0005 0xdf7 0x0 0x0 0x0 0x0 0x0 0x200002 0xdf7 0x240002 0xdf7 0x270003 0xdf7 0x38 0x2d0002 0x0 0x310002 0x0 0x0 0x0 0x0 0x0 0x0 0x0 0x9 0xb 0x0 0x0 0x0 0x0 0x0 0x0 0x0 0x0 0x0 0x0 0x0 oops 0 methods 0
ciMethodData java/nio/HeapByteBuffer put (Ljava/nio/ByteBuffer;)Ljava/nio/ByteBuffer; 2 3449 orig 80 0 0 0 0 0 0 0 0 0 0 0 0 0 0 0 0 0 0 0 0 0 0 0 0 0 0 0 0 0 0 0 0 0 0 0 0 0 0 0 0 0 0 0 0 0 0 0 0 0 0 0 0 0 0 0 0 0 0 0 0 0 0 0 0 0 0 0 0 0 0 0 0 0 0 0 0 0 0 0 0 data 19 0x10005 0xd79 0x0 0x0 0x0 0x0 0x0 0x60002 0xd79 0x0 0x0 0x0 0x0 0x0 0x0 0x9 0x2 0x0 0x0 oops 0 methods 0
ciMethodData java/nio/Buffer checkSession ()V 2 4674 orig 80 0 0 0 0 0 0 0 0 0 0 0 0 243 1 0 0 0 0 0 0 0 0 0 0 0 0 0 0 0 0 0 0 0 0 0 0 0 0 0 0 0 0 0 0 0 0 0 0 0 0 0 0 0 0 0 0 0 0 0 0 0 0 0 0 0 0 0 0 0 0 0 0 0 0 0 0 0 0 0 0 data 27 0x10005 0x1242 0x0 0x0 0x0 0x0 0x0 0x60007 0x1242 0x58 0x0 0xa0005 0x0 0x0 0x0 0x0 0x0 0x0 0x0 0x0 0x0 0x0 0x0 0x0 0x9 0x1 0x0 oops 0 methods 0
ciMethodData java/nio/ByteBuffer put (Ljava/nio/ByteBuffer;)Ljava/nio/ByteBuffer; 2 3455 orig 80 0 0 0 0 0 0 0 0 0 0 0 0 243 1 0 0 0 0 0 0 0 0 0 0 0 0 0 0 0 0 0 0 0 0 0 0 0 0 0 0 0 0 0 0 0 0 0 0 0 0 0 0 0 0 0 0 0 0 0 0 0 0 0 0 0 0 0 0 0 0 0 0 0 0 0 0 0 0 0 0 data 98 0x20007 0xd7f 0x30 0x0 0x50002 0x0 0xa0005 0x0 0x0 0x1f389142780 0xd7b 0x1f389142830 0x4 0xd0007 0xd7f 0x30 0x0 0x140002 0x0 0x190005 0xd7f 0x0 0x0 0x0 0x0 0x0 0x1e0005 0xd7f 0x0 0x0 0x0 0x0 0x0 0x240007 0x0 0x38 0xd7f 0x2a0003 0xd7f 0x18 0x310005 0xd7f 0x0 0x0 0x0 0x0 0x0 0x370005 0xd7f 0x0 0x0 0x0 0x0 0x0 0x400007 0x0 0x38 0xd7f 0x480003 0xd7f 0x18 0x520007 0xd7f 0x30 0x0 0x590002 0x0 0x640005 0x0 0x0 0x1f389142780 0xd7b 0x1f389142830 0x4 0x6d0005 0x0 0x0 0x1f389142780 0xd7b 0x1f389142830 0x4 0x760005 0x0 0x0 0x1f389142830 0xd74 0x1f389142780 0xb 0x0 0x0 0x0 0x0 0x0 0x0 0x9 0x2 0x0 0x0 oops 8 9 java/nio/HeapByteBuffer 11 java/nio/DirectByteBuffer 70 java/nio/HeapByteBuffer 72 java/nio/DirectByteBuffer 77 java/nio/HeapByteBuffer 79 java/nio/DirectByteBuffer 84 java/nio/DirectByteBuffer 86 java/nio/HeapByteBuffer methods 0
ciMethodData java/nio/ByteBuffer putBuffer (ILjava/nio/ByteBuffer;II)V 2 3457 orig 80 0 0 0 0 0 0 0 0 0 0 0 0 243 1 0 0 0 0 0 0 0 0 0 0 0 0 0 0 0 0 0 0 0 0 0 0 0 0 0 0 0 0 0 0 0 0 0 0 0 0 0 0 0 0 0 0 0 0 0 0 0 0 0 0 0 0 0 0 0 0 0 0 0 0 0 0 0 0 0 0 data 101 0x10005 0x0 0x0 0x1f389142830 0xd76 0x1f389142780 0xb 0x90007 0xd81 0xa8 0x0 0xe0007 0x0 0x88 0x0 0x120005 0x0 0x0 0x0 0x0 0x0 0x0 0x150007 0x0 0x30 0x0 0x1c0002 0x0 0x210005 0x0 0x0 0x1f389142780 0xd7d 0x1f389142830 0x4 0x290007 0xd81 0xa8 0x0 0x2e0007 0x0 0x88 0x0 0x320005 0x0 0x0 0x0 0x0 0x0 0x0 0x350007 0x0 0x30 0x0 0x3c0002 0x0 0x610005 0xd81 0x0 0x0 0x0 0x0 0x0 0x650005 0xd81 0x0 0x0 0x0 0x0 0x0 0x720005 0x0 0x0 0x1f388ec97f8 0xd81 0x0 0x0 0x760002 0xd81 0x7a0002 0xd81 0x7d0003 0xd81 0x38 0x830002 0x0 0x870002 0x0 0x0 0x0 0x0 0x0 0x0 0x0 0x9 0x5 0x0 0x0 0x0 0x0 0x0 oops 5 3 java/nio/DirectByteBuffer 5 java/nio/HeapByteBuffer 31 java/nio/HeapByteBuffer 33 java/nio/DirectByteBuffer 73 jdk/internal/misc/ScopedMemoryAccess methods 0
compile sun/nio/ch/IOUtil read (Ljava/io/FileDescriptor;Ljava/nio/ByteBuffer;JZILsun/nio/ch/NativeDispatcher;)I -1 4 inline 101 0 -1 0 sun/nio/ch/IOUtil read (Ljava/io/FileDescriptor;Ljava/nio/ByteBuffer;JZILsun/nio/ch/NativeDispatcher;)I 1 10 0 sun/nio/ch/IOUtil read (Ljava/io/FileDescriptor;Ljava/nio/ByteBuffer;JZZILsun/nio/ch/NativeDispatcher;)I 2 1 0 java/nio/HeapByteBuffer isReadOnly ()Z 2 40 0 java/nio/Buffer remaining ()I 2 71 0 sun/nio/ch/Util getTemporaryDirectBuffer (I)Ljava/nio/ByteBuffer; 3 1 0 sun/nio/ch/Util isBufferTooLarge (I)Z 3 15 0 jdk/internal/misc/CarrierThreadLocal get ()Ljava/lang/Object; 4 4 0 java/lang/System$2 getCarrierThreadLocal (Ljdk/internal/misc/CarrierThreadLocal;)Ljava/lang/Object; 5 1 0 java/lang/ThreadLocal getCarrierThreadLocal ()Ljava/lang/Object; 6 25 0 java/lang/ThreadLocal get (Ljava/lang/Thread;)Ljava/lang/Object; 7 2 0 java/lang/ThreadLocal getMap (Ljava/lang/Thread;)Ljava/lang/ThreadLocal$ThreadLocalMap; 7 12 0 java/lang/ThreadLocal$ThreadLocalMap getEntry (Ljava/lang/ThreadLocal;)Ljava/lang/ThreadLocal$ThreadLocalMap$Entry; 8 26 0 java/lang/ref/Reference refersTo (Ljava/lang/Object;)Z 9 2 0 java/lang/ref/Reference refersToImpl (Ljava/lang/Object;)Z 3 24 0 sun/nio/ch/Util$BufferCache get (I)Ljava/nio/ByteBuffer; 4 43 0 java/nio/Buffer capacity ()I 4 90 0 java/nio/Buffer capacity ()I 4 135 0 sun/nio/ch/Util$BufferCache next (I)I 4 152 0 java/nio/MappedByteBuffer rewind ()Ljava/nio/ByteBuffer; 5 1 0 java/nio/MappedByteBuffer rewind ()Ljava/nio/MappedByteBuffer; 6 1 0 java/nio/ByteBuffer rewind ()Ljava/nio/ByteBuffer; 7 1 0 java/nio/Buffer rewind ()Ljava/nio/Buffer; 4 158 0 java/nio/MappedByteBuffer limit (I)Ljava/nio/ByteBuffer; 5 2 0 java/nio/MappedByteBuffer limit (I)Ljava/nio/MappedByteBuffer; 6 2 0 java/nio/ByteBuffer limit (I)Ljava/nio/ByteBuffer; 7 2 0 java/nio/Buffer limit (I)Ljava/nio/Buffer; 2 88 0 sun/nio/ch/IOUtil readIntoNativeBuffer (Ljava/io/FileDescriptor;Ljava/nio/ByteBuffer;JZZILsun/nio/ch/NativeDispatcher;)I 3 1 0 java/nio/Buffer position ()I 3 7 0 java/nio/Buffer limit ()I 3 84 0 sun/nio/ch/IOUtil acquireScope (Ljava/nio/ByteBuffer;Z)V 4 30 0 java/nio/Buffer$2 acquireSession (Ljava/nio/Buffer;)V 5 1 0 java/nio/Buffer session ()Ljdk/internal/foreign/MemorySessionImpl; 3 99 0 sun/nio/ch/IOUtil bufferAddress (Ljava/nio/ByteBuffer;)J 4 4 0 java/nio/Buffer$2 getBufferAddress (Ljava/nio/Buffer;)J 3 109 0 sun/nio/ch/FileDispatcherImpl pread (Ljava/io/FileDescriptor;JIJ)I 3 121 0 sun/nio/ch/IOUtil bufferAddress (Ljava/nio/ByteBuffer;)J 4 4 0 java/nio/Buffer$2 getBufferAddress (Ljava/nio/Buffer;)J 3 130 0 sun/nio/ch/FileDispatcherImpl read (Ljava/io/FileDescriptor;JI)I 3 136 0 sun/nio/ch/IOUtil releaseScope (Ljava/nio/ByteBuffer;)V 4 4 0 java/nio/Buffer$2 releaseSession (Ljava/nio/Buffer;)V 5 1 0 java/nio/Buffer session ()Ljdk/internal/foreign/MemorySessionImpl; 5 14 0 java/lang/ref/Reference reachabilityFence (Ljava/lang/Object;)V 3 162 0 java/nio/MappedByteBuffer position (I)Ljava/nio/ByteBuffer; 4 2 0 java/nio/MappedByteBuffer position (I)Ljava/nio/MappedByteBuffer; 5 2 0 java/nio/ByteBuffer position (I)Ljava/nio/ByteBuffer; 6 2 0 java/nio/Buffer position (I)Ljava/nio/Buffer; 2 95 0 java/nio/MappedByteBuffer flip ()Ljava/nio/ByteBuffer; 3 1 0 java/nio/MappedByteBuffer flip ()Ljava/nio/MappedByteBuffer; 4 1 0 java/nio/ByteBuffer flip ()Ljava/nio/ByteBuffer; 5 1 0 java/nio/Buffer flip ()Ljava/nio/Buffer; 2 107 0 java/nio/HeapByteBuffer put (Ljava/nio/ByteBuffer;)Ljava/nio/ByteBuffer; 3 1 0 java/nio/Buffer checkSession ()V 4 1 0 java/nio/Buffer session ()Ljdk/internal/foreign/MemorySessionImpl; 3 6 0 java/nio/ByteBuffer put (Ljava/nio/ByteBuffer;)Ljava/nio/ByteBuffer; 4 10 0 java/nio/HeapByteBuffer isReadOnly ()Z 4 25 0 java/nio/Buffer position ()I 4 30 0 java/nio/Buffer limit ()I 4 49 0 java/nio/Buffer position ()I 4 55 0 java/nio/Buffer limit ()I 4 100 0 java/nio/ByteBuffer putBuffer (ILjava/nio/ByteBuffer;II)V 5 1 0 java/nio/DirectByteBuffer base ()Ljava/lang/Object; 5 33 0 java/nio/ByteBuffer base ()Ljava/lang/Object; 5 97 0 java/nio/Buffer session ()Ljdk/internal/foreign/MemorySessionImpl; 5 101 0 java/nio/Buffer session ()Ljdk/internal/foreign/MemorySessionImpl; 5 114 0 jdk/internal/misc/ScopedMemoryAccess copyMemory (Ljdk/internal/foreign/MemorySessionImpl;Ljdk/internal/foreign/MemorySessionImpl;Ljava/lang/Object;JLjava/lang/Object;JJ)V 6 12 0 jdk/internal/misc/ScopedMemoryAccess copyMemoryInternal (Ljdk/internal/foreign/MemorySessionImpl;Ljdk/internal/foreign/MemorySessionImpl;Ljava/lang/Object;JLjava/lang/Object;JJ)V 7 28 0 jdk/internal/misc/Unsafe copyMemory (Ljava/lang/Object;JLjava/lang/Object;JJ)V 8 9 0 jdk/internal/misc/Unsafe copyMemoryChecks (Ljava/lang/Object;JLjava/lang/Object;JJ)V 9 3 0 jdk/internal/misc/Unsafe checkSize (J)V 9 9 0 jdk/internal/misc/Unsafe checkPrimitivePointer (Ljava/lang/Object;J)V 10 3 0 jdk/internal/misc/Unsafe checkPointer (Ljava/lang/Object;J)V 11 6 0 jdk/internal/misc/Unsafe checkNativeAddress (J)V 9 17 0 jdk/internal/misc/Unsafe checkPrimitivePointer (Ljava/lang/Object;J)V 10 3 0 jdk/internal/misc/Unsafe checkPointer (Ljava/lang/Object;J)V 11 6 0 jdk/internal/misc/Unsafe checkNativeAddress (J)V 11 15 0 jdk/internal/misc/Unsafe checkOffset (Ljava/lang/Object;J)V 10 15 0 jdk/internal/misc/Unsafe checkPrimitiveArray (Ljava/lang/Class;)V 11 1 0 java/lang/Class getComponentType ()Ljava/lang/Class; 7 32 0 java/lang/ref/Reference reachabilityFence (Ljava/lang/Object;)V 7 36 0 java/lang/ref/Reference reachabilityFence (Ljava/lang/Object;)V 5 118 0 java/lang/ref/Reference reachabilityFence (Ljava/lang/Object;)V 5 122 0 java/lang/ref/Reference reachabilityFence (Ljava/lang/Object;)V 4 109 0 java/nio/ByteBuffer position (I)Ljava/nio/ByteBuffer; 5 2 0 java/nio/Buffer position (I)Ljava/nio/Buffer; 4 118 0 java/nio/MappedByteBuffer position (I)Ljava/nio/ByteBuffer; 5 2 0 java/nio/MappedByteBuffer position (I)Ljava/nio/MappedByteBuffer; 6 2 0 java/nio/ByteBuffer position (I)Ljava/nio/ByteBuffer; 7 2 0 java/nio/Buffer position (I)Ljava/nio/Buffer; 2 117 0 sun/nio/ch/Util offerFirstTemporaryDirectBuffer (Ljava/nio/ByteBuffer;)V 3 1 0 sun/nio/ch/Util isBufferTooLarge (Ljava/nio/ByteBuffer;)Z 4 1 0 java/nio/Buffer capacity ()I 4 4 0 sun/nio/ch/Util isBufferTooLarge (I)Z 3 33 0 jdk/internal/misc/CarrierThreadLocal get ()Ljava/lang/Object; 4 4 0 java/lang/System$2 getCarrierThreadLocal (Ljdk/internal/misc/CarrierThreadLocal;)Ljava/lang/Object; 5 1 0 java/lang/ThreadLocal getCarrierThreadLocal ()Ljava/lang/Object; 6 25 0 java/lang/ThreadLocal get (Ljava/lang/Thread;)Ljava/lang/Object; 7 2 0 java/lang/ThreadLocal getMap (Ljava/lang/Thread;)Ljava/lang/ThreadLocal$ThreadLocalMap; 7 12 0 java/lang/ThreadLocal$ThreadLocalMap getEntry (Ljava/lang/ThreadLocal;)Ljava/lang/ThreadLocal$ThreadLocalMap$Entry; 8 26 0 java/lang/ref/Reference refersTo (Ljava/lang/Object;)Z 9 2 0 java/lang/ref/Reference refersToImpl (Ljava/lang/Object;)Z 3 42 0 sun/nio/ch/Util$BufferCache offerFirst (Ljava/nio/ByteBuffer;)Z
