version 2
JvmtiExport can_access_local_variables 0
JvmtiExport can_hotswap_or_post_breakpoint 0
JvmtiExport can_post_on_exceptions 0
# 1028 ciObject found
instanceKlass org/wso2/ballerinalang/compiler/BIRPackageSymbolEnter$BIRTypeReader
ciInstanceKlass java/util/Arrays$ArrayList 1 1 149 10 7 12 1 1 1 10 7 12 1 1 1 7 1 9 7 12 1 1 10 7 12 1 1 1 10 12 1 1 10 7 12 1 1 1 10 7 12 1 1 1 10 12 1 1 10 12 1 1 100 1 10 7 12 1 1 1 11 100 12 1 1 1 11 100 12 1 1 10 12 1 1 7 1 10 12 1 100 1 100 1 1 1 1 5 0 1 1 1 1 1 1 1 1 1 1 1 1 1 1 1 1 1 1 1 1 1 1 1 1 1 1 1 1 1 1 1 1 1 1 1 1 1 1 1 1 1 1 1 1 1 1 1 1 1 1 1 1 1 1 1 1 1 1 1 1 1 1
instanceKlass java/util/concurrent/locks/AbstractQueuedSynchronizer$ConditionNode
instanceKlass java/util/concurrent/locks/AbstractQueuedSynchronizer$ExclusiveNode
ciInstanceKlass java/util/concurrent/locks/AbstractQueuedSynchronizer$Node 1 1 84 10 7 12 1 1 1 9 7 12 1 1 1 9 7 12 1 1 1 10 7 12 1 1 1 9 12 1 9 12 1 10 12 1 1 10 12 1 1 10 12 1 1 10 12 1 8 1 10 12 1 1 8 1 8 1 1 1 1 1 1 1 1 1 1 1 1 1 1 1 1 1 1 1 1 1 1 1 1 1 1 1 1 1
staticfield java/util/concurrent/locks/AbstractQueuedSynchronizer$Node STATUS J 12
staticfield java/util/concurrent/locks/AbstractQueuedSynchronizer$Node NEXT J 20
staticfield java/util/concurrent/locks/AbstractQueuedSynchronizer$Node PREV J 16
ciInstanceKlass java/util/stream/Collectors 1 1 1457 10 100 12 1 1 1 100 1 8 1 10 100 12 1 1 1 10 12 1 18 12 1 1 18 12 1 1 18 12 1 7 1 18 12 1 18 9 7 12 1 1 1 10 12 1 18 12 1 1 18 18 18 18 9 12 1 10 12 1 18 18 18 9 12 1 18 18 9 12 1 18 18 18 18 8 1 10 12 1 1 18 12 1 18 18 18 18 12 1 11 100 12 1 1 11 12 1 18 12 1 11 12 1 11 12 1 11 12 1 1 18 12 1 18 12 1 9 7 12 1 1 1 11 7 12 1 1 1 11 12 1 1 10 7 12 1 1 1 11 12 1 10 7 12 1 1 1 11 7 12 1 1 1 18 12 1 1 10 12 1 1 11 100 12 1 1 1 10 12 1 1 11 12 1 18 18 12 1 18 18 18 18 12 1 18 18 18 18 12 1 18 18 10 100 12 1 1 1 10 12 1 18 18 18 18 18 18 18 18 18 18 18 18 10 12 1 1 18 12 1 18 18 18 12 18 12 1 18 18 18 18 12 1 18 18 10 12 1 1 10 12 1 1 18 10 12 1 18 12 1 10 12 1 18 12 18 10 12 1 9 12 1 18 18 9 12 1 18 9 12 1 10 12 1 1 18 12 1 18 18 12 1 18 12 1 10 12 1 10 12 1 8 1 10 7 12 1 1 1 8 1 10 12 1 1 18 10 12 1 1 10 12 1 8 1 18 18 18 12 1 18 10 12 1 18 18 18 18 18 18 18 18 18 18 10 12 1 1 8 1 8 1 8 1 8 1 100 1 8 1 8 1 100 1 8 1 8 1 8 1 8 1 8 1 11 12 1 1 10 12 1 1 10 12 1 10 12 1 10 18 12 1 18 18 18 100 1 10 12 1 10 100 12 1 1 1 11 100 12 1 1 1 10 12 1 10 100 12 1 1 11 100 12 1 1 10 12 1 10 100 12 1 1 11 100 12 1 1 1 10 12 1 11 12 1 11 100 12 1 1 1 11 7 1 10 7 12 1 1 100 1 11 12 1 1 100 1 11 12 1 1 11 100 1 9 12 1 1 9 12 1 10 12 1 11 12 1 11 12 1 11 100 12 1 1 11 12 18 12 1 11 12 1 1 8 1 18 12 1 11 12 1 1 18 18 11 18 11 9 100 12 1 1 10 100 12 1 1 1 9 12 1 1 10 12 1 10 12 1 10 12 1 1 10 12 1 1 10 12 1 1 10 100 12 1 1 10 100 12 1 1 100 1 11 12 1 1 18 12 1 11 12 1 1 11 12 1 100 1 10 12 1 1 11 12 1 1 11 100 12 1 1 1 11 12 1 11 12 1 11 12 1 7 1 10 12 1 10 100 12 1 1 1 10 7 12 1 1 11 12 1 1 10 10 10 12 1 1 7 1 10 100 12 1 1 1 10 11 100 12 1 1 1 100 1 10 10 11 7 1 10 12 11 12 1 10 12 1 1 9 12 1 10 12 1 10 12 1 10 12 1 10 12 1 1 1 1 1 1 1 1 1 1 1 1 1 1 1 1 1 1 1 1 1 1 1 1 1 1 1 1 1 1 1 1 1 1 1 1 1 1 1 1 1 1 1 1 1 1 1 1 1 1 1 1 1 1 1 1 1 1 1 1 1 1 1 1 1 1 1 1 1 1 1 1 1 1 1 1 1 1 1 1 1 1 1 1 1 1 1 1 1 1 1 1 1 1 1 1 1 1 1 1 1 1 1 1 1 1 1 1 1 1 1 1 1 1 1 1 1 1 1 1 1 1 1 1 1 1 1 1 1 1 1 1 1 1 1 1 1 1 1 1 1 1 1 1 1 1 1 1 1 1 1 1 1 1 1 1 1 1 1 1 1 1 1 1 1 1 1 1 1 1 1 1 1 1 1 1 1 1 1 1 1 1 1 1 1 1 100 1 1 1 1 1 1 1 1 1 1 1 1 1 1 1 1 1 1 1 1 1 1 1 1 1 1 1 1 1 1 1 1 1 1 1 1 1 1 1 1 1 1 1 1 1 1 1 1 1 1 1 1 1 1 1 1 1 1 1 1 1 1 1 1 1 1 1 1 1 1 1 1 1 1 1 1 1 1 1 1 1 1 1 1 1 1 1 1 1 1 1 1 1 1 1 1 1 1 1 1 1 1 1 1 1 1 1 1 1 1 1 1 1 1 1 1 1 1 1 1 1 1 1 1 1 1 1 1 1 1 1 1 1 1 1 1 1 1 1 1 1 1 1 1 1 1 1 1 1 1 1 1 1 1 1 1 1 1 1 1 1 1 1 1 1 1 1 1 1 1 1 1 1 1 1 1 1 1 1 1 1 1 1 1 1 1 1 1 1 100 1 1 16 15 10 12 16 16 15 10 12 16 1 16 15 10 12 15 11 12 1 16 1 15 10 12 16 16 15 10 16 1 15 11 7 1 16 1 15 10 12 16 15 10 12 15 10 12 16 15 10 16 1 15 11 16 1 15 10 12 16 15 10 12 15 10 12 16 15 10 16 1 15 16 1 15 10 12 16 15 10 12 1 1 16 1 15 10 12 16 1 15 10 12 1 16 1 15 10 12 1 16 1 15 10 16 1 15 10 12 15 10 12 15 10 12 15 10 12 16 15 10 12 15 10 12 16 15 10 12 16 1 15 10 12 16 15 10 12 16 15 10 12 16 15 10 12 16 1 15 10 12 16 15 10 12 16 15 10 12 16 15 10 12 16 1 15 10 12 16 15 10 12 16 15 10 12 15 10 12 15 10 12 15 10 12 16 15 10 12 15 10 12 15 10 12 15 10 12 15 10 12 15 10 12 15 10 12 15 10 12 15 10 12 16 1 15 10 12 16 1 15 10 12 16 15 10 12 16 15 10 12 16 1 15 16 1 15 10 12 16 15 10 12 16 15 10 12 15 10 12 15 10 12 15 10 16 1 15 10 12 15 10 12 16 15 10 100 1 16 1 15 10 12 16 1 15 10 12 15 10 12 16 1 15 10 12 16 1 15 10 12 16 1 15 10 12 16 1 15 10 12 16 1 15 10 12 16 1 15 10 12 16 15 10 12 15 10 12 15 10 16 1 15 10 12 16 1 15 10 12 16 15 10 16 1 15 10 12 16 1 15 10 12 16 15 10 16 1 15 10 12 16 1 15 10 12 16 15 10 12 16 1 15 10 12 16 1 15 10 12 1 16 1 15 10 16 1 15 10 12 15 10 12 15 10 12 15 10 12 15 10 12 16 15 10 12 15 10 7 12 1 1 1 1 1 1 1 1 1 1 100 1 100 1 1
staticfield java/util/stream/Collectors CH_CONCURRENT_ID Ljava/util/Set; java/util/Collections$UnmodifiableSet
staticfield java/util/stream/Collectors CH_CONCURRENT_NOID Ljava/util/Set; java/util/Collections$UnmodifiableSet
staticfield java/util/stream/Collectors CH_ID Ljava/util/Set; java/util/Collections$UnmodifiableSet
staticfield java/util/stream/Collectors CH_UNORDERED_ID Ljava/util/Set; java/util/Collections$UnmodifiableSet
staticfield java/util/stream/Collectors CH_NOID Ljava/util/Set; java/util/Collections$EmptySet
staticfield java/util/stream/Collectors CH_UNORDERED_NOID Ljava/util/Set; java/util/Collections$UnmodifiableSet
instanceKlass java/util/RegularEnumSet
ciInstanceKlass java/util/EnumSet 1 1 243 10 7 12 1 1 1 9 7 12 1 1 1 9 12 1 1 10 12 1 1 100 1 100 1 10 10 12 1 1 8 1 10 12 1 10 12 1 1 10 12 1 7 1 10 12 1 100 1 10 10 12 1 1 10 12 1 10 12 1 1 11 7 12 1 1 1 100 1 8 1 10 11 12 1 1 11 7 12 1 1 1 7 1 10 12 1 1 11 12 1 10 12 1 1 10 12 1 1 10 12 1 10 12 1 1 10 12 1 1 8 1 10 12 1 1 10 7 12 1 100 1 100 1 10 12 1 10 12 1 10 7 12 1 1 8 1 10 7 12 1 1 1 11 7 12 1 1 100 1 10 12 1 100 1 8 1 10 100 1 100 1 1 1 1 5 0 1 1 1 1 1 1 1 1 1 1 1 1 100 1 1 1 1 1 1 1 1 1 1 1 1 1 1 1 1 1 1 1 1 1 1 1 1 1 1 1 1 1 1 1 1 1 1 1 1 1 1 1 1 1 1 1 1 1 1 1 1 1 1 1 1 1 1 1 1 1 1 1 1 1 1 1
ciInstanceKlass java/util/RegularEnumSet 1 1 158 10 7 12 1 1 1 9 7 12 1 1 1 5 0 10 7 12 1 1 1 9 12 1 1 7 1 10 12 1 10 7 12 1 1 1 10 7 12 1 1 1 9 12 1 1 10 100 12 1 1 10 12 1 1 10 12 1 1 10 12 1 1 10 12 1 100 1 100 1 10 12 1 10 12 1 1 8 1 10 12 1 10 12 1 1 10 12 1 10 12 1 10 12 1 10 12 1 1 10 12 1 1 1 1 5 0 1 1 1 1 1 1 1 1 1 1 1 1 1 1 1 1 1 1 1 1 1 1 1 1 1 1 1 1 1 1 1 1 1 1 1 1 1 1 1 1 1 1 1 1 1 1 1 1 1 1 1
ciInstanceKlass java/util/stream/Collector 1 0 103 10 100 12 1 1 1 9 100 12 1 1 1 9 100 12 1 1 1 10 100 12 1 1 1 10 100 12 1 1 1 100 1 10 12 1 1 9 12 1 10 12 1 1 10 12 1 1 10 12 1 100 1 100 1 1 1 1 1 1 1 1 1 1 1 1 1 1 1 1 1 1 1 1 1 1 1 1 1 1 1 1 1 1 1 1 100 1 1 1 1 1 1 1 1 1 1 1 1 1 1 1 1
ciInstanceKlass java/util/function/Consumer 1 1 59 10 100 12 1 1 1 18 12 1 1 11 100 12 1 1 100 1 1 1 1 1 1 1 1 1 1 1 1 1 1 1 1 1 1 1 1 1 1 1 1 1 16 15 11 12 15 10 100 12 1 1 1 1 100 1 100 1 1
ciInstanceKlass java/util/SequencedSet 1 1 78 11 100 12 1 1 1 100 1 100 1 100 1 1 1 1 1 1 1 1 1 1 1 1 1 1 1 100 1 8 1 1 12 10 1 1 1 8 1 1 1 8 1 1 1 8 1 1 1 8 1 1 1 8 1 1 8 1 1 1 8 1 1 8 1 1 8 1 1 1 8 1 1 8 1 1 8 1
instanceKlass org/wso2/ballerinalang/compiler/semantics/analyzer/CodeAnalyzer$1
instanceKlass io/ballerina/projects/ModuleContext$OverwritableLinkedHashSet
instanceKlass org/wso2/ballerinalang/compiler/semantics/analyzer/TypeChecker$11
instanceKlass org/wso2/ballerinalang/compiler/util/ImmutableTypeCloner$1
ciInstanceKlass java/util/LinkedHashSet 1 1 163 10 7 12 1 1 1 4 11 7 12 1 1 1 10 7 12 1 1 1 10 7 12 1 1 1 10 7 12 1 1 1 100 1 10 7 12 1 1 1 100 1 100 1 10 12 1 8 1 10 12 1 1 10 12 1 10 12 1 1 10 12 1 10 12 1 9 12 1 1 100 1 10 12 1 9 12 1 1 10 12 1 1 10 12 1 10 12 1 1 11 100 12 1 1 1 11 12 1 11 12 1 11 12 1 100 1 10 12 1 10 12 1 100 1 100 1 1 1 1 5 0 1 1 1 1 1 1 1 1 1 1 1 1 1 1 1 1 1 1 1 1 1 1 1 1 1 1 1 1 1 1 1 1 1 1 1 1 1 1 1 1 1
ciInstanceKlass java/util/SequencedMap 1 1 157 11 100 12 1 1 1 11 100 12 1 1 1 11 100 12 1 1 1 100 1 11 12 1 1 100 1 10 12 1 1 11 12 1 1 11 12 1 1 100 1 10 12 100 1 10 12 1 100 1 10 100 1 10 100 1 100 1 1 1 1 1 1 1 1 1 1 1 1 1 1 1 1 1 1 1 1 1 1 1 1 1 1 1 1 1 1 1 1 1 1 1 1 1 1 1 1 1 1 1 1 1 1 1 1 1 1 100 1 8 1 1 12 10 1 1 1 8 1 1 1 8 1 1 8 1 1 1 8 1 1 1 8 1 1 1 8 1 1 1 8 1 1 1 8 1 1 1 8 1 1 1 8 1 1 8 1
instanceKlass org/wso2/ballerinalang/compiler/semantics/analyzer/SemanticAnalyzer$2
instanceKlass org/wso2/ballerinalang/compiler/semantics/analyzer/SymbolEnter$1
instanceKlass org/wso2/ballerinalang/compiler/semantics/analyzer/SymbolEnter$2
ciInstanceKlass java/util/LinkedHashMap 1 1 386 9 7 12 1 1 1 9 12 1 1 9 12 1 9 7 12 1 1 9 12 1 10 7 12 1 1 1 10 12 1 1 10 12 1 1 9 12 1 9 12 1 1 9 12 1 10 12 1 1 100 1 10 10 12 1 1 10 12 1 10 12 1 1 9 12 1 1 9 12 1 10 12 1 1 10 100 12 1 1 1 10 12 1 10 12 1 10 12 10 12 1 1 10 100 12 1 1 1 10 12 1 1 10 12 1 1 9 7 1 10 12 1 10 12 1 1 9 12 1 1 7 1 10 12 1 7 1 100 1 10 10 12 1 1 10 12 1 1 9 12 1 1 7 1 10 7 1 10 12 1 9 12 1 7 1 10 100 1 10 11 100 12 1 1 1 100 1 10 11 100 12 1 1 100 1 100 1 10 8 1 10 12 1 1 10 12 1 10 12 1 1 10 12 1 10 12 1 1 10 100 1 10 12 1 100 1 1 1 1 5 0 1 1 1 3 1 3 1 3 1 1 1 1 1 1 1 1 1 1 1 1 1 1 1 1 1 1 1 1 1 1 1 1 1 1 1 1 1 1 1 1 1 1 1 1 1 1 1 1 1 1 1 1 1 1 1 100 1 1 1 1 1 1 1 1 100 1 1 1 1 1 1 1 1 1 1 1 1 1 1 1 1 1 1 1 1 1 1 1 1 1 1 1 1 100 1 1 1 1 1 1 1 1 1 1 1 1 1 1 100 1 1 1 1 1 1 1 1 1 100 1 1 1 1 1 1 1 1 1 1 1 1 1 1 1 1 1 1 1 1 1 1 1 1 1 1 1 1 1 1 1 100 1 100 1 100 1 100 1 1 1 1 1 100 1 100 1 1 1 1 1 1 1 1 1
ciInstanceKlass java/util/function/Supplier 1 0 14 100 1 100 1 1 1 1 1 1 1 1 1 1
ciInstanceKlass jdk/internal/module/ModuleReferenceImpl 1 1 179 10 7 12 1 1 1 7 1 10 7 12 1 1 1 9 7 12 1 1 1 9 12 1 1 9 12 1 1 9 12 1 1 9 12 1 1 9 12 1 1 9 12 1 1 11 7 12 1 1 1 7 1 100 1 10 12 1 1 9 12 1 1 10 7 12 1 1 1 10 100 12 1 1 1 10 12 1 1 11 7 12 1 1 1 10 12 1 9 12 1 10 12 1 1 10 7 12 1 1 1 10 12 1 10 12 1 100 1 10 12 1 8 1 10 12 1 1 10 12 1 8 1 10 12 1 10 12 1 1 8 1 8 1 10 12 1 1 1 1 1 1 1 1 1 1 1 1 1 1 1 1 1 1 100 1 1 1 1 1 1 1 1 1 1 1 1 1 1 1 1 1 1 1 1 100 1 1 1
ciInstanceKlass java/util/Optional 1 1 187 9 7 12 1 1 1 10 7 12 1 1 1 9 12 1 1 10 7 12 1 1 1 10 12 1 100 1 8 1 10 12 1 11 7 12 1 1 11 100 12 1 1 10 12 1 1 11 7 12 1 1 1 10 12 1 1 11 7 12 1 1 10 12 1 1 10 12 1 11 100 12 1 1 1 11 7 12 1 1 11 12 1 1 100 1 10 12 1 1 10 12 1 1 100 1 10 8 1 10 12 1 1 10 12 1 8 1 10 12 1 1 8 1 1 1 1 1 1 1 1 1 1 1 1 1 1 1 1 1 1 1 1 1 1 1 1 1 1 1 1 1 1 1 1 1 1 1 1 1 1 1 1 1 1 1 1 1 1 1 1 1 1 1 1 1 1 1 1 1 1 1 1 1 1 1 1 1 1 100 1 1 1 1 1 1 1
staticfield java/util/Optional EMPTY Ljava/util/Optional; java/util/Optional
instanceKlass java/lang/ClassValue$ClassValueMap
instanceKlass com/sun/jmx/mbeanserver/DefaultMXBeanMappingFactory$Mappings
instanceKlass com/sun/jmx/mbeanserver/MBeanIntrospector$MBeanInfoMap
instanceKlass com/sun/jmx/mbeanserver/MBeanIntrospector$PerInterfaceMap
ciInstanceKlass java/util/WeakHashMap 1 1 399 7 1 10 7 12 1 1 1 7 1 10 9 7 12 1 1 1 100 1 100 1 10 8 1 10 12 1 1 10 12 1 10 12 1 1 10 12 1 3 10 7 12 1 1 1 8 1 10 12 1 10 7 12 1 1 1 10 12 1 1 9 12 1 1 9 12 1 1 9 12 1 1 4 10 12 1 11 100 12 1 1 1 6 0 10 100 12 1 1 1 10 12 1 1 10 12 1 1 9 12 1 1 10 12 1 1 10 12 1 1 10 7 12 1 1 10 12 1 10 12 1 1 9 12 1 10 12 1 9 12 1 1 9 12 1 9 12 10 12 1 10 10 12 1 1 10 12 1 10 12 1 1 10 12 1 1 10 12 1 1 9 12 1 10 12 1 10 12 1 1 100 1 3 10 12 1 1 11 12 1 1 11 100 12 1 1 1 11 100 12 1 1 1 11 12 100 1 11 12 1 11 12 1 10 12 1 1 10 10 100 12 1 1 1 10 12 1 9 12 1 1 7 1 10 12 1 9 12 1 1 100 1 10 9 12 100 1 10 10 100 12 1 1 10 12 1 11 100 12 1 1 1 100 1 10 11 100 12 1 1 8 1 10 12 1 10 12 10 1 1 3 1 1 1 1 1 1 1 1 1 1 1 1 1 1 1 1 1 1 1 1 1 1 1 1 1 1 1 1 1 1 1 1 1 100 1 1 1 1 1 100 1 1 1 1 1 1 1 1 1 1 1 1 1 1 1 1 1 1 1 1 1 1 1 1 1 1 1 1 1 1 1 100 1 1 1 1 1 1 1 1 1 1 1 1 1 1 1 1 1 1 1 1 1 1 1 1 1 1 100 1 100 1 100 1 100 1 100 1 100 1 100 1 100 1 1 1 1 1 1 1 1 1 1 1 1 1 1
staticfield java/util/WeakHashMap NULL_KEY Ljava/lang/Object; java/lang/Object
ciInstanceKlass java/util/Queue 1 0 70 100 1 100 1 100 1 1 1 1 1 1 1 1 1 1 1 1 1 1 1 1 100 1 8 1 1 12 10 1 1 1 8 1 1 1 8 1 1 1 8 1 1 1 8 1 1 1 8 1 1 8 1 1 1 8 1 1 8 1 1 1 8 1 1 8 1 1 8 1
ciInstanceKlass java/util/Deque 1 1 101 10 100 12 1 1 1 11 100 12 1 1 1 100 1 100 1 100 1 1 1 1 1 1 1 1 1 1 1 1 1 1 1 1 1 1 1 1 1 1 1 1 1 1 1 1 1 1 1 1 1 1 1 1 1 1 1 1 1 1 1 1 1 1 1 1 1 1 1 1 1 100 1 8 1 1 12 10 1 1 1 8 1 1 1 8 1 1 1 8 1 1 8 1 1 1 8 1 1 8 1
ciInstanceKlass java/util/HashMap$KeySet 1 1 129 9 7 12 1 1 1 10 7 12 1 1 1 9 7 12 1 1 1 10 12 1 7 1 10 12 1 10 12 1 1 10 12 1 1 10 12 1 1 7 1 10 12 1 100 1 10 12 1 1 10 12 1 100 1 10 9 12 1 1 9 12 1 9 100 12 1 1 1 11 100 12 1 1 1 9 12 1 1 100 1 10 1 1 1 1 1 1 1 1 1 1 1 1 1 1 1 1 1 1 1 1 1 1 1 1 1 1 1 1 1 1 1 1 1 1 1 1 100 1 1 1 1 1 1 1 1 1 1
ciInstanceKlass java/util/Spliterator 1 1 85 11 7 12 1 1 1 11 12 1 1 5 0 11 12 1 1 100 1 10 12 1 1 100 1 1 1 1 3 1 3 1 3 1 3 1 3 1 3 1 3 1 3 1 1 1 1 1 1 1 1 1 1 1 1 1 1 1 1 1 1 1 1 1 1 1 1 1 1 1 1 1 100 1 100 1 100 1 100 1 1 1 1 1 1
ciInstanceKlass java/util/stream/StreamSupport 1 1 107 10 100 12 1 1 1 10 7 12 1 1 1 7 1 10 7 12 1 1 1 10 12 1 10 12 1 10 12 1 100 1 10 10 100 1 10 10 100 1 10 10 100 1 1 1 1 1 1 1 1 1 1 1 1 1 1 1 1 1 1 1 1 1 1 1 1 1 1 1 1 1 1 1 1 1 1 1 1 1 1 1 1 1 1 1 1 100 1 1 100 1 100 1 100 1 100 1 100 1 1 100 1 1 100 1 1
ciInstanceKlass java/util/stream/Stream 1 1 446 10 7 12 1 1 1 18 12 1 1 11 7 12 1 1 1 18 11 12 1 1 18 11 12 1 1 18 11 12 1 1 100 1 11 12 1 1 10 12 1 1 11 12 1 1 10 7 12 1 1 1 18 12 1 1 11 12 1 1 100 1 10 100 1 11 12 1 1 10 7 12 1 1 1 10 12 1 10 100 12 1 1 1 7 1 10 12 1 10 100 12 1 1 10 12 1 11 12 1 1 10 12 1 100 1 100 1 5 0 100 1 10 12 1 100 1 10 12 1 100 1 10 12 1 7 1 10 12 1 10 7 12 1 1 1 100 1 10 11 100 12 1 1 1 10 12 1 10 12 1 1 100 1 10 10 12 1 10 12 1 1 100 1 10 10 12 1 10 12 1 1 100 1 10 10 100 1 100 1 1 1 1 1 1 1 1 1 1 1 1 1 1 1 1 1 1 1 1 1 1 1 1 1 1 1 1 1 1 1 1 1 1 1 1 1 1 1 1 1 1 1 1 1 1 1 1 1 1 1 1 1 1 1 1 1 1 1 1 1 1 1 1 1 1 1 1 1 1 1 1 1 1 1 1 1 1 1 1 1 1 1 1 1 1 1 1 1 1 1 1 1 1 1 1 1 1 1 1 1 1 1 1 1 1 1 1 1 1 1 1 1 1 1 1 1 1 1 1 1 1 1 1 1 1 1 1 1 1 1 1 1 1 1 1 1 1 1 1 1 1 1 1 1 1 1 1 1 1 1 1 1 1 1 1 1 1 1 1 1 100 1 1 16 15 11 12 16 15 11 12 16 1 15 11 12 16 1 15 11 12 16 1 16 15 11 12 1 15 10 100 12 1 1 1 1 100 1 100 1 1 100 1 1 1 1 1 100 1 100 1 1 100 1 1 1 100 1 1 100 1 1 100 1 1 100 1 100 1 1 1 100 1 8 1 1 12 10 1 1 1 8 1 1 1 8 1 1 1 8 1 1 1 8 1 1 1 8 1 1 8 1 1 1 8 1
ciInstanceKlass java/util/stream/ReferencePipeline$Head 1 1 80 10 7 12 1 1 1 10 12 1 100 1 10 12 1 10 7 12 1 1 1 10 12 1 1 11 7 12 1 1 1 10 12 1 10 12 1 10 12 1 1 1 1 1 1 1 1 1 1 1 1 1 1 1 1 1 1 1 1 1 1 1 1 1 1 1 1 1 1 1 1 1 1 1 1 1 1 1 1 1
ciInstanceKlass java/lang/PublicMethods$Key 1 1 91 10 7 12 1 1 1 10 7 12 1 1 1 9 7 12 1 1 1 9 12 1 1 10 7 12 1 1 1 9 12 1 1 10 7 12 1 1 1 10 7 12 1 1 10 7 12 1 1 1 10 12 1 1 7 1 10 10 7 12 1 1 1 1 1 1 1 1 1 1 1 1 1 1 1 1 1 1 1 1 1 1 1 1 1 1 100 1 1 1 1
staticfield java/lang/PublicMethods$Key reflectionFactory Ljdk/internal/reflect/ReflectionFactory; jdk/internal/reflect/ReflectionFactory
ciInstanceKlass java/lang/invoke/Invokers$Holder 1 1 128 1 100 1 100 1 1 1 1 1 1 1 7 1 7 1 7 1 1 12 10 1 1 12 10 1 1 12 10 1 1 100 1 1 12 9 1 1 1 12 10 1 1 1 12 10 1 1 12 10 1 1 12 10 1 12 10 1 1 1 12 10 1 1 100 1 1 12 10 1 12 10 1 1 12 10 1 12 10 1 1 12 10 1 1 12 10 1 12 10 1 1 12 10 1 1 12 10 1 1 12 10 1 12 10 12 10 12 10 12 10 12 10 1 1 12 10 1 1 12 10 1 1 12 10 1 1 1
ciInstanceKlass java/util/ArrayList$Itr 1 1 104 9 7 12 1 1 1 10 7 12 1 1 1 9 12 1 1 9 7 12 1 1 9 12 1 9 12 1 9 12 1 10 12 1 100 1 10 9 12 1 1 100 1 10 100 1 10 10 12 1 1 100 1 10 100 12 1 1 1 10 12 1 1 11 100 12 1 1 1 100 1 1 1 1 1 1 1 1 1 1 1 1 1 1 1 1 100 1 1 1 1 1 1 1 1 1 1 1 1 1 1 1 1 1
instanceKlass org/wso2/ballerinalang/compiler/bir/model/BIRVisitor
instanceKlass org/wso2/ballerinalang/compiler/bir/optimizer/BIROptimizer
instanceKlass org/wso2/ballerinalang/compiler/bir/model/BIRAssignInstruction
instanceKlass org/wso2/ballerinalang/compiler/bir/model/BIRInstruction
instanceKlass org/wso2/ballerinalang/compiler/bir/model/BIRNode
instanceKlass org/wso2/ballerinalang/compiler/desugar/MockDesugar
instanceKlass org/wso2/ballerinalang/compiler/desugar/DeclarativeAuthDesugar
instanceKlass org/wso2/ballerinalang/compiler/desugar/ServiceDesugar
instanceKlass org/wso2/ballerinalang/compiler/desugar/LargeMethodSplitter
instanceKlass org/wso2/ballerinalang/compiler/desugar/Code2CloudDesugar
instanceKlass org/wso2/ballerinalang/compiler/desugar/ObservabilityDesugar
instanceKlass org/wso2/ballerinalang/compiler/desugar/AnnotationDesugar
instanceKlass org/ballerinalang/testerina/core/TesterinaRegistry
instanceKlass org/ballerinalang/compiler/plugins/AbstractCompilerPlugin
instanceKlass  @bci org/wso2/ballerinalang/compiler/semantics/analyzer/CompilerPluginRunner <init> (Lorg/wso2/ballerinalang/compiler/util/CompilerContext;)V 128 <appendix> member <vmtarget> ; # org/wso2/ballerinalang/compiler/semantics/analyzer/CompilerPluginRunner$$Lambda+0x00000001003dfcc0
instanceKlass org/ballerinalang/compiler/plugins/CompilerPlugin
instanceKlass io/ballerina/projects/internal/CompilerPhaseRunner
instanceKlass io/ballerina/types/EnumerableDecimal
# instanceKlass java/lang/invoke/LambdaForm$MH+0x00000001003de800
# instanceKlass java/lang/invoke/LambdaForm$MH+0x00000001003de400
# instanceKlass java/lang/invoke/LambdaForm$MH+0x00000001003de000
# instanceKlass java/lang/invoke/LambdaForm$MH+0x00000001003ddc00
# instanceKlass java/lang/invoke/LambdaForm$MH+0x00000001003dd800
# instanceKlass java/lang/invoke/LambdaForm$MH+0x00000001003dd400
# instanceKlass java/lang/invoke/LambdaForm$MH+0x00000001003dd000
# instanceKlass java/lang/invoke/LambdaForm$MH+0x00000001003dcc00
# instanceKlass java/lang/invoke/LambdaForm$MH+0x00000001003dc800
# instanceKlass java/lang/invoke/LambdaForm$MH+0x00000001003dc400
instanceKlass  @bci io/ballerina/projects/internal/ResolutionEngine addNodeToGraph (Lio/ballerina/projects/environment/PackageMetadataResponse;)V 51 <appendix> member <vmtarget> ; # io/ballerina/projects/internal/ResolutionEngine$$Lambda+0x00000001003d5c48
# instanceKlass java/lang/invoke/LambdaForm$MH+0x00000001003dc000
# instanceKlass java/lang/invoke/LambdaForm$MH+0x00000001003dbc00
# instanceKlass java/lang/invoke/LambdaForm$MH+0x00000001003db800
instanceKlass java/lang/foreign/MemorySegment
instanceKlass  @bci io/ballerina/projects/internal/PackageDependencyGraphBuilder getUnresolvedNodes ()Ljava/util/Collection; 18 <appendix> member <vmtarget> ; # io/ballerina/projects/internal/PackageDependencyGraphBuilder$$Lambda+0x00000001003d5a10
instanceKlass  @cpi io/ballerina/projects/internal/PackageDependencyGraphBuilder 484 form vmentry <vmtarget> ; # java/lang/invoke/LambdaForm$DMH+0x00000001003db400
# instanceKlass java/lang/invoke/LambdaForm$MH+0x00000001003db000
# instanceKlass java/lang/invoke/LambdaForm$MH+0x00000001003dac00
# instanceKlass java/lang/invoke/LambdaForm$MH+0x00000001003da800
# instanceKlass java/lang/invoke/LambdaForm$MH+0x00000001003da400
# instanceKlass java/lang/invoke/LambdaForm$MH+0x00000001003da000
# instanceKlass java/lang/invoke/LambdaForm$MH+0x00000001003d9c00
# instanceKlass java/lang/invoke/LambdaForm$MH+0x00000001003d9800
# instanceKlass java/lang/invoke/LambdaForm$MH+0x00000001003d9400
# instanceKlass java/lang/invoke/LambdaForm$MH+0x00000001003d9000
# instanceKlass java/lang/invoke/LambdaForm$MH+0x00000001003d8c00
# instanceKlass java/lang/invoke/LambdaForm$MH+0x00000001003d8800
# instanceKlass java/lang/invoke/LambdaForm$MH+0x00000001003d8400
instanceKlass io/ballerina/projects/internal/PackageDependencyGraphBuilder$1
instanceKlass  @bci io/ballerina/projects/internal/ResolutionEngine getBuiltInPkgDescDepGraph (Lio/ballerina/projects/PackageDependencyScope;Lio/ballerina/projects/PackageDescriptor;)Lio/ballerina/projects/DependencyGraph; 74 <appendix> member <vmtarget> ; # io/ballerina/projects/internal/ResolutionEngine$$Lambda+0x00000001003d51e0
instanceKlass  @bci io/ballerina/projects/internal/ResolutionEngine populateStaticDependencyGraph (Ljava/util/Collection;)V 294 <appendix> member <vmtarget> ; # io/ballerina/projects/internal/ResolutionEngine$$Lambda+0x00000001003d4fc8
instanceKlass  @bci io/ballerina/projects/internal/environment/DefaultPackageResolver resolvePackageMetadata (Ljava/util/Collection;Lio/ballerina/projects/environment/ResolutionOptions;)Ljava/util/Collection; 437 <appendix> argL0 ; # io/ballerina/projects/internal/environment/DefaultPackageResolver$$Lambda+0x00000001003d4d90
instanceKlass  @bci io/ballerina/projects/internal/environment/DefaultPackageResolver resolvePackageMetadata (Ljava/util/Collection;Lio/ballerina/projects/environment/ResolutionOptions;)Ljava/util/Collection; 429 <appendix> argL0 ; # io/ballerina/projects/internal/environment/DefaultPackageResolver$$Lambda+0x00000001003d4b60
instanceKlass  @bci io/ballerina/projects/internal/environment/DefaultPackageResolver resolvePackageMetadata (Ljava/util/Collection;Lio/ballerina/projects/environment/ResolutionOptions;)Ljava/util/Collection; 419 <appendix> argL0 ; # io/ballerina/projects/internal/environment/DefaultPackageResolver$$Lambda+0x00000001003d4930
instanceKlass  @bci java/util/stream/Collectors mapMerger (Ljava/util/function/BinaryOperator;)Ljava/util/function/BinaryOperator; 1 <appendix> member <vmtarget> ; # java/util/stream/Collectors$$Lambda+0x00000001003fea48
instanceKlass java/util/IdentityHashMap$IdentityHashMapIterator
instanceKlass  @bci java/util/stream/Collectors toMap (Ljava/util/function/Function;Ljava/util/function/Function;Ljava/util/function/BinaryOperator;Ljava/util/function/Supplier;)Ljava/util/stream/Collector; 3 <appendix> member <vmtarget> ; # java/util/stream/Collectors$$Lambda+0x00000001003fe370
instanceKlass  @cpi java/util/stream/Collectors 1354 form vmentry <vmtarget> ; # java/lang/invoke/LambdaForm$DMH+0x00000001003d8000
instanceKlass  @bci java/util/stream/Collectors toMap (Ljava/util/function/Function;Ljava/util/function/Function;Ljava/util/function/BinaryOperator;)Ljava/util/stream/Collector; 3 <appendix> argL0 ; # java/util/stream/Collectors$$Lambda+0x00000001003fe160
instanceKlass java/lang/StackTraceElement$HashedModules
instanceKlass  @bci io/ballerina/projects/internal/repositories/RemotePackageRepository mergeResolution (Ljava/util/Collection;Ljava/util/Collection;Ljava/util/List;)Ljava/util/Collection; 39 <appendix> member <vmtarget> ; # io/ballerina/projects/internal/repositories/RemotePackageRepository$$Lambda+0x00000001003d46f0
instanceKlass  @bci io/ballerina/projects/internal/repositories/RemotePackageRepository mergeResolution (Ljava/util/Collection;Ljava/util/Collection;Ljava/util/List;)Ljava/util/Collection; 29 <appendix> argL0 ; # io/ballerina/projects/internal/repositories/RemotePackageRepository$$Lambda+0x00000001003d44c0
instanceKlass  @bci io/ballerina/projects/internal/repositories/RemotePackageRepository mergeResolution (Ljava/util/Collection;Ljava/util/Collection;Ljava/util/List;)Ljava/util/Collection; 19 <appendix> argL0 ; # io/ballerina/projects/internal/repositories/RemotePackageRepository$$Lambda+0x00000001003d4290
instanceKlass  @bci io/ballerina/projects/internal/repositories/RemotePackageRepository fromPackageResolutionResponse (Ljava/util/Collection;Lorg/ballerinalang/central/client/model/PackageResolutionRequest;)Ljava/util/Collection; 120 <appendix> member <vmtarget> ; # io/ballerina/projects/internal/repositories/RemotePackageRepository$$Lambda+0x00000001003d4048
instanceKlass sun/security/ssl/Alert$AlertConsumer
instanceKlass sun/nio/ch/ExtendedSocketOption$1
instanceKlass sun/nio/ch/ExtendedSocketOption
instanceKlass sun/nio/ch/OptionKey
instanceKlass sun/nio/ch/SocketOptionRegistry$LazyInitialization
instanceKlass sun/nio/ch/SocketOptionRegistry$RegistryKey
instanceKlass sun/nio/ch/SocketOptionRegistry
instanceKlass java/net/StandardSocketOptions$StdSocketOption
instanceKlass java/net/StandardSocketOptions
instanceKlass  @bci org/ballerinalang/central/client/CentralAPIClient resolveDependencies (Lorg/ballerinalang/central/client/model/PackageResolutionRequest;Ljava/lang/String;Ljava/lang/String;)Lorg/ballerinalang/central/client/model/PackageResolutionResponse; 237 <appendix> argL0 ; # org/ballerinalang/central/client/CentralAPIClient$$Lambda+0x00000001003d3e28
instanceKlass org/ballerinalang/central/client/model/PackageResolutionResponse$Dependency
instanceKlass org/ballerinalang/central/client/model/PackageResolutionResponse$Package
instanceKlass org/ballerinalang/central/client/model/PackageResolutionResponse
instanceKlass okio/internal/-Buffer
instanceKlass okio/ForwardingSource
instanceKlass okhttp3/internal/http/HttpHeaders
instanceKlass okhttp3/Response$Builder
instanceKlass okhttp3/internal/http/StatusLine
instanceKlass java/util/concurrent/ForkJoinPool$2
instanceKlass jdk/internal/access/JavaUtilConcurrentFJPAccess
instanceKlass java/util/concurrent/ForkJoinPool$DefaultForkJoinWorkerThreadFactory
instanceKlass java/util/concurrent/ForkJoinPool$WorkQueue
instanceKlass java/util/concurrent/ForkJoinPool$ForkJoinWorkerThreadFactory
instanceKlass java/util/concurrent/Executors$RunnableAdapter
instanceKlass java/util/concurrent/Executors
instanceKlass java/util/concurrent/FutureTask$WaitNode
instanceKlass java/util/concurrent/FutureTask
instanceKlass okio/ForwardingSink
instanceKlass okhttp3/internal/http2/Huffman$Node
instanceKlass okhttp3/internal/http2/Huffman
instanceKlass okhttp3/internal/http2/Hpack
instanceKlass okhttp3/internal/http2/Http2Stream$FramingSink
instanceKlass okhttp3/internal/http2/Http2Stream$FramingSource
instanceKlass okhttp3/internal/http2/Http2Stream
instanceKlass okhttp3/internal/http/RequestLine
instanceKlass okhttp3/internal/connection/Exchange
instanceKlass okhttp3/internal/http2/Http2ExchangeCodec
instanceKlass java/lang/Thread$ThreadNumbering
instanceKlass kotlin/Unit
instanceKlass kotlin/text/Charsets
instanceKlass okio/_JvmPlatformKt
instanceKlass okhttp3/internal/http2/Hpack$Reader
instanceKlass okhttp3/internal/http2/Http2Reader$ContinuationSource
instanceKlass okhttp3/internal/http2/Http2Reader
instanceKlass okhttp3/internal/http2/Http2Reader$Handler
instanceKlass okhttp3/internal/http2/Header
instanceKlass okhttp3/internal/http2/Hpack$Writer
instanceKlass okhttp3/internal/http2/Http2
instanceKlass okhttp3/internal/http2/Http2Writer
instanceKlass okhttp3/internal/http2/Settings
instanceKlass okhttp3/internal/NamedRunnable
instanceKlass okhttp3/internal/http2/Http2Connection
instanceKlass okhttp3/internal/http2/PushObserver$1
instanceKlass okhttp3/internal/http2/PushObserver
instanceKlass okhttp3/internal/http2/Http2Connection$Builder
instanceKlass okhttp3/Handshake
instanceKlass com/sun/crypto/provider/GaloisCounterMode$EncryptOp
instanceKlass sun/security/ssl/SSLBasicKeyDerivation$SecretSizeSpec
instanceKlass sun/security/ssl/SSLBasicKeyDerivation
instanceKlass sun/security/ssl/Finished$1
instanceKlass sun/security/ssl/Finished$T13VerifyDataGenerator
instanceKlass sun/security/ssl/Finished$T12VerifyDataGenerator
instanceKlass sun/security/ssl/Finished$T10VerifyDataGenerator
instanceKlass sun/security/ssl/Finished$S30VerifyDataGenerator
instanceKlass sun/security/ssl/Finished$VerifyDataGenerator
instanceKlass sun/security/rsa/MGF1
instanceKlass sun/security/ssl/X509Authentication$X509Credentials
instanceKlass sun/security/validator/EntrustTLSPolicy
instanceKlass sun/security/validator/SymantecTLSPolicy
instanceKlass sun/security/validator/CADistrustPolicy$3
instanceKlass java/security/cert/PKIXCertPathValidatorResult
instanceKlass java/security/cert/CertPathValidatorResult
instanceKlass sun/security/rsa/RSAPadding
instanceKlass sun/security/rsa/RSACore
instanceKlass java/security/interfaces/RSAPrivateCrtKey
instanceKlass java/security/interfaces/RSAPrivateKey
instanceKlass sun/security/util/SignatureUtil
instanceKlass java/security/interfaces/DSAPublicKey
instanceKlass java/security/interfaces/DSAKey
instanceKlass sun/security/provider/certpath/CertPathConstraintsParameters
instanceKlass sun/security/util/ConstraintsParameters
instanceKlass sun/security/provider/certpath/PKIXMasterCertPathValidator
instanceKlass sun/security/provider/certpath/PolicyNodeImpl
instanceKlass java/security/cert/PolicyNode
instanceKlass sun/security/util/DisabledAlgorithmConstraints$CertPathHolder
instanceKlass  @bci sun/security/x509/X509CertImpl getFingerprint (Ljava/lang/String;Lsun/security/util/Debug;)Ljava/lang/String; 7 <appendix> member <vmtarget> ; # sun/security/x509/X509CertImpl$$Lambda+0x00000001003f2610
instanceKlass sun/security/util/UntrustedCertificates$1
instanceKlass sun/security/util/UntrustedCertificates
instanceKlass java/security/cert/X509CertSelector
instanceKlass java/security/cert/CertSelector
instanceKlass sun/security/provider/certpath/PKIX$ValidatorParams
instanceKlass sun/security/provider/certpath/PKIX
instanceKlass java/security/cert/CertPath
instanceKlass java/security/cert/CertPathValidatorSpi
instanceKlass java/security/cert/CertPathValidator
instanceKlass java/security/cert/PKIXCertPathChecker
instanceKlass java/security/cert/CertPathChecker
instanceKlass java/security/Timestamp
instanceKlass sun/security/ssl/SSLAlgorithmConstraints$SupportedSignatureAlgorithmConstraints
instanceKlass java/security/cert/PKIXParameters
instanceKlass java/security/cert/CertPathParameters
instanceKlass sun/security/provider/certpath/CertPathHelper
instanceKlass java/security/cert/TrustAnchor
instanceKlass sun/security/validator/EndEntityChecker
instanceKlass sun/security/validator/Validator
instanceKlass javax/net/ssl/SSLEngine
instanceKlass sun/security/provider/certpath/CertId
instanceKlass sun/security/provider/certpath/OCSPResponse$SingleResponse
instanceKlass sun/security/provider/certpath/OCSP$RevocationStatus
instanceKlass sun/security/provider/certpath/ResponderId
instanceKlass sun/security/provider/certpath/OCSPResponse
instanceKlass sun/security/ssl/CertStatusExtension$CertStatusResponse
instanceKlass sun/security/ssl/CertStatusExtension$CertStatusResponseSpec
instanceKlass sun/security/ssl/CertificateMessage$CertificateEntry
instanceKlass sun/security/ssl/ServerNameExtension$SHServerNamesSpec
instanceKlass com/sun/crypto/provider/GaloisCounterMode$DecryptOp
instanceKlass com/sun/crypto/provider/GaloisCounterMode$GCMOperation
instanceKlass com/sun/crypto/provider/GHASH
instanceKlass com/sun/crypto/provider/GCM
instanceKlass com/sun/crypto/provider/GaloisCounterMode$GCMEngine
instanceKlass javax/crypto/spec/GCMParameterSpec
instanceKlass sun/security/ssl/ChangeCipherSpec$T13ChangeCipherSpecConsumer
instanceKlass sun/security/ssl/ChangeCipherSpec$T10ChangeCipherSpecProducer
instanceKlass sun/security/ssl/ChangeCipherSpec$T10ChangeCipherSpecConsumer
instanceKlass sun/security/ssl/ChangeCipherSpec
instanceKlass javax/crypto/spec/IvParameterSpec
instanceKlass sun/security/ssl/SSLTrafficKeyDerivation$T13TrafficKeyDerivation
instanceKlass sun/security/ssl/SSLTrafficKeyDerivation$1
instanceKlass sun/security/ssl/SSLTrafficKeyDerivation$T13TrafficKeyDerivationGenerator
instanceKlass sun/security/ssl/SSLTrafficKeyDerivation$T12TrafficKeyDerivationGenerator
instanceKlass sun/security/ssl/SSLTrafficKeyDerivation$T10TrafficKeyDerivationGenerator
instanceKlass sun/security/ssl/SSLTrafficKeyDerivation$S30TrafficKeyDerivationGenerator
instanceKlass sun/security/ssl/SSLKeyDerivationGenerator
instanceKlass sun/security/ssl/SSLSecretDerivation
instanceKlass javax/crypto/MacSpi
instanceKlass javax/crypto/Mac
instanceKlass sun/security/ssl/HKDF
instanceKlass  @bci javax/crypto/spec/SecretKeySpec <clinit> ()V 0 <appendix> argL0 ; # javax/crypto/spec/SecretKeySpec$$Lambda+0x00000001003e5e70
instanceKlass jdk/internal/access/JavaxCryptoSpecAccess
instanceKlass javax/crypto/spec/SecretKeySpec
instanceKlass javax/crypto/KeyAgreementSpi
instanceKlass sun/security/ssl/KAKeyDerivation
instanceKlass javax/crypto/SecretKey
instanceKlass sun/security/util/Length
instanceKlass java/security/spec/ECPublicKeySpec
instanceKlass sun/security/ssl/ECDHKeyExchange$ECDHECredentials
instanceKlass sun/security/ssl/NamedGroupCredentials
instanceKlass sun/security/ssl/KeyShareExtension$SHKeyShareSpec
instanceKlass sun/security/ssl/HandshakeHash$CloneableHash
instanceKlass sun/security/ssl/HandshakeHash$T13HandshakeHash
instanceKlass sun/security/ssl/SupportedVersionsExtension$SHSupportedVersionsSpec
instanceKlass sun/security/ssl/TransportContext$1
instanceKlass sun/security/ssl/Plaintext
instanceKlass sun/security/ssl/OutputRecord$T13PaddingHolder
instanceKlass sun/security/ssl/RenegoInfoExtension$RenegotiationInfoSpec
instanceKlass sun/security/ssl/KeyShareExtension$CHKeyShareSpec
instanceKlass sun/security/util/math/IntegerModuloP$MultiplicativeInverser$Secp256R1
instanceKlass sun/security/ec/ECOperations$PointMultiplier$Default
instanceKlass sun/security/ec/ECOperations$PointMultiplier$Secp256R1GeneratorMultiplier$P256
instanceKlass sun/security/ec/ECOperations$PointMultiplier$Secp256R1GeneratorMultiplier
instanceKlass sun/security/ec/ECOperations$PointMultiplier
instanceKlass  @bci sun/security/ec/ECPrivateKeyImpl calculatePublicKey ()Ljava/security/PublicKey; 9 <appendix> argL0 ; # sun/security/ec/ECPrivateKeyImpl$$Lambda+0x00000001003c9d80
instanceKlass sun/security/util/ArrayUtil
instanceKlass java/security/interfaces/ECPrivateKey
instanceKlass sun/security/ec/ECOperations
instanceKlass sun/security/ssl/ECDHKeyExchange$ECDHEPossession
instanceKlass sun/security/ssl/KeyShareExtension$KeyShareEntry
instanceKlass sun/security/ssl/XDHKeyExchange$1
instanceKlass sun/security/pkcs/PKCS8Key
instanceKlass sun/security/util/InternalPrivateKey
instanceKlass java/security/interfaces/XECPrivateKey
instanceKlass java/security/interfaces/XECPublicKey
instanceKlass java/security/interfaces/XECKey
instanceKlass java/security/KeyPair
instanceKlass java/math/MutableBigInteger
instanceKlass sun/security/util/math/IntegerModuloP$MultiplicativeInverser$Default
instanceKlass sun/security/util/math/IntegerModuloP$MultiplicativeInverser
instanceKlass sun/security/util/math/MutableIntegerModuloP
instanceKlass sun/security/jca/JCAUtil$CachedSecureRandomHolder
instanceKlass sun/security/ec/XECOperations
instanceKlass sun/security/ec/XECParameters
instanceKlass  @bci sun/security/ec/XDHKeyPairGenerator initialize (Ljava/security/spec/AlgorithmParameterSpec;Ljava/security/SecureRandom;)V 0 <appendix> argL0 ; # sun/security/ec/XDHKeyPairGenerator$$Lambda+0x00000001003c8b80
instanceKlass sun/security/ssl/XDHKeyExchange$XDHEPossession
instanceKlass sun/security/ssl/ECDHKeyExchange$ECDHEXDHKAGenerator
instanceKlass sun/security/ssl/ECDHKeyExchange$ECDHEKAGenerator
instanceKlass sun/security/ssl/ECDHKeyExchange$ECDHKAGenerator
instanceKlass sun/security/ssl/ECDHKeyExchange$ECDHEPossessionGenerator
instanceKlass sun/security/ssl/ECDHKeyExchange
instanceKlass sun/security/ssl/DHKeyExchange$DHEKAGenerator
instanceKlass sun/security/ssl/DHKeyExchange$DHEPossessionGenerator
instanceKlass sun/security/ssl/DHKeyExchange
instanceKlass sun/security/ssl/RSAKeyExchange$RSAKAGenerator
instanceKlass sun/security/ssl/RSAKeyExchange$EphemeralRSAPossessionGenerator
instanceKlass sun/security/ssl/RSAKeyExchange
instanceKlass sun/security/ssl/SSLKeyExchange$T13KeyAgreement
instanceKlass sun/security/ssl/SSLKeyAgreement
instanceKlass sun/security/ssl/SSLPossessionGenerator
instanceKlass sun/security/ssl/SSLKeyExchange
instanceKlass sun/security/ssl/SSLHandshakeBinding
instanceKlass sun/security/ssl/SSLKeyAgreementGenerator
instanceKlass sun/security/ssl/PskKeyExchangeModesExtension$PskKeyExchangeModesSpec
instanceKlass sun/security/ssl/SupportedVersionsExtension$CHSupportedVersionsSpec
instanceKlass sun/security/ssl/SignatureAlgorithmsExtension$SignatureSchemesSpec
instanceKlass sun/security/ssl/ExtendedMasterSecretExtension$ExtendedMasterSecretSpec
instanceKlass sun/security/ssl/CertStatusExtension$CertStatusRequestV2Spec
instanceKlass sun/security/ssl/AlpnExtension$AlpnSpec
instanceKlass sun/security/ssl/ECPointFormatsExtension$ECPointFormatsSpec
instanceKlass sun/security/ssl/SupportedGroupsExtension$SupportedGroupsSpec
instanceKlass sun/security/ssl/CertStatusExtension$CertStatusRequest
instanceKlass sun/security/ssl/CertStatusExtension$CertStatusRequestSpec
instanceKlass sun/security/ssl/ServerNameExtension$CHServerNamesSpec
instanceKlass sun/security/ssl/SSLExtension$SSLExtensionSpec
instanceKlass sun/security/ssl/SSLExtension$ClientExtensions
instanceKlass sun/security/ssl/PreSharedKeyExtension$SHPreSharedKeyStringizer
instanceKlass sun/security/ssl/PreSharedKeyExtension$SHPreSharedKeyAbsence
instanceKlass sun/security/ssl/PreSharedKeyExtension$SHPreSharedKeyConsumer
instanceKlass sun/security/ssl/PreSharedKeyExtension$SHPreSharedKeyProducer
instanceKlass sun/security/ssl/PreSharedKeyExtension$CHPreSharedKeyStringizer
instanceKlass sun/security/ssl/PreSharedKeyExtension$CHPreSharedKeyOnTradeAbsence
instanceKlass sun/security/ssl/PreSharedKeyExtension$CHPreSharedKeyUpdate
instanceKlass sun/security/ssl/PreSharedKeyExtension$CHPreSharedKeyOnLoadAbsence
instanceKlass sun/security/ssl/PreSharedKeyExtension$CHPreSharedKeyConsumer
instanceKlass sun/security/ssl/PreSharedKeyExtension$CHPreSharedKeyProducer
instanceKlass sun/security/ssl/PreSharedKeyExtension
instanceKlass sun/security/ssl/RenegoInfoExtension$RenegotiationInfoStringizer
instanceKlass sun/security/ssl/RenegoInfoExtension$SHRenegotiationInfoAbsence
instanceKlass sun/security/ssl/RenegoInfoExtension$SHRenegotiationInfoConsumer
instanceKlass sun/security/ssl/RenegoInfoExtension$SHRenegotiationInfoProducer
instanceKlass sun/security/ssl/RenegoInfoExtension$CHRenegotiationInfoAbsence
instanceKlass sun/security/ssl/RenegoInfoExtension$CHRenegotiationInfoConsumer
instanceKlass sun/security/ssl/RenegoInfoExtension$CHRenegotiationInfoProducer
instanceKlass sun/security/ssl/RenegoInfoExtension
instanceKlass sun/security/ssl/KeyShareExtension$HRRKeyShareStringizer
instanceKlass sun/security/ssl/KeyShareExtension$HRRKeyShareReproducer
instanceKlass sun/security/ssl/KeyShareExtension$HRRKeyShareConsumer
instanceKlass sun/security/ssl/KeyShareExtension$HRRKeyShareProducer
instanceKlass sun/security/ssl/KeyShareExtension$SHKeyShareStringizer
instanceKlass sun/security/ssl/KeyShareExtension$SHKeyShareAbsence
instanceKlass sun/security/ssl/KeyShareExtension$SHKeyShareConsumer
instanceKlass sun/security/ssl/KeyShareExtension$SHKeyShareProducer
instanceKlass sun/security/ssl/KeyShareExtension$CHKeyShareStringizer
instanceKlass sun/security/ssl/KeyShareExtension$CHKeyShareOnTradeAbsence
instanceKlass sun/security/ssl/KeyShareExtension$CHKeyShareConsumer
instanceKlass sun/security/ssl/KeyShareExtension$CHKeyShareProducer
instanceKlass sun/security/ssl/KeyShareExtension
instanceKlass sun/security/ssl/CertSignAlgsExtension$CertSignatureSchemesStringizer
instanceKlass sun/security/ssl/CertSignAlgsExtension$CRCertSignatureSchemesUpdate
instanceKlass sun/security/ssl/CertSignAlgsExtension$CRCertSignatureSchemesConsumer
instanceKlass sun/security/ssl/CertSignAlgsExtension$CRCertSignatureSchemesProducer
instanceKlass sun/security/ssl/CertSignAlgsExtension$CHCertSignatureSchemesUpdate
instanceKlass sun/security/ssl/CertSignAlgsExtension$CHCertSignatureSchemesConsumer
instanceKlass sun/security/ssl/CertSignAlgsExtension$CHCertSignatureSchemesProducer
instanceKlass sun/security/ssl/CertSignAlgsExtension
instanceKlass sun/security/ssl/CertificateAuthoritiesExtension$CertificateAuthoritiesStringizer
instanceKlass sun/security/ssl/CertificateAuthoritiesExtension$CRCertificateAuthoritiesConsumer
instanceKlass sun/security/ssl/CertificateAuthoritiesExtension$CRCertificateAuthoritiesProducer
instanceKlass sun/security/ssl/CertificateAuthoritiesExtension$CHCertificateAuthoritiesConsumer
instanceKlass sun/security/ssl/CertificateAuthoritiesExtension$CHCertificateAuthoritiesProducer
instanceKlass sun/security/ssl/CertificateAuthoritiesExtension
instanceKlass sun/security/ssl/PskKeyExchangeModesExtension$PskKeyExchangeModesStringizer
instanceKlass sun/security/ssl/PskKeyExchangeModesExtension$PskKeyExchangeModesOnTradeAbsence
instanceKlass sun/security/ssl/PskKeyExchangeModesExtension$PskKeyExchangeModesOnLoadAbsence
instanceKlass sun/security/ssl/PskKeyExchangeModesExtension$PskKeyExchangeModesConsumer
instanceKlass sun/security/ssl/PskKeyExchangeModesExtension$PskKeyExchangeModesProducer
instanceKlass sun/security/ssl/PskKeyExchangeModesExtension
instanceKlass sun/security/ssl/CookieExtension$CookieStringizer
instanceKlass sun/security/ssl/CookieExtension$HRRCookieReproducer
instanceKlass sun/security/ssl/CookieExtension$HRRCookieConsumer
instanceKlass sun/security/ssl/CookieExtension$HRRCookieProducer
instanceKlass sun/security/ssl/CookieExtension$CHCookieUpdate
instanceKlass sun/security/ssl/CookieExtension$CHCookieConsumer
instanceKlass sun/security/ssl/CookieExtension$CHCookieProducer
instanceKlass sun/security/ssl/CookieExtension
instanceKlass sun/security/ssl/SupportedVersionsExtension$HRRSupportedVersionsReproducer
instanceKlass sun/security/ssl/SupportedVersionsExtension$HRRSupportedVersionsConsumer
instanceKlass sun/security/ssl/SupportedVersionsExtension$HRRSupportedVersionsProducer
instanceKlass sun/security/ssl/SupportedVersionsExtension$SHSupportedVersionsStringizer
instanceKlass sun/security/ssl/SupportedVersionsExtension$SHSupportedVersionsConsumer
instanceKlass sun/security/ssl/SupportedVersionsExtension$SHSupportedVersionsProducer
instanceKlass sun/security/ssl/SupportedVersionsExtension$CHSupportedVersionsStringizer
instanceKlass sun/security/ssl/SupportedVersionsExtension$CHSupportedVersionsConsumer
instanceKlass sun/security/ssl/SupportedVersionsExtension$CHSupportedVersionsProducer
instanceKlass sun/security/ssl/SupportedVersionsExtension
instanceKlass sun/security/ssl/SignatureAlgorithmsExtension$SignatureSchemesStringizer
instanceKlass sun/security/ssl/SignatureAlgorithmsExtension$CRSignatureSchemesUpdate
instanceKlass sun/security/ssl/SignatureAlgorithmsExtension$CRSignatureSchemesAbsence
instanceKlass sun/security/ssl/SignatureAlgorithmsExtension$CRSignatureSchemesConsumer
instanceKlass sun/security/ssl/SignatureAlgorithmsExtension$CRSignatureSchemesProducer
instanceKlass sun/security/ssl/SignatureAlgorithmsExtension$CHSignatureSchemesOnTradeAbsence
instanceKlass sun/security/ssl/SignatureAlgorithmsExtension$CHSignatureSchemesUpdate
instanceKlass sun/security/ssl/SignatureAlgorithmsExtension$CHSignatureSchemesOnLoadAbsence
instanceKlass sun/security/ssl/SignatureAlgorithmsExtension$CHSignatureSchemesConsumer
instanceKlass sun/security/ssl/SignatureAlgorithmsExtension$CHSignatureSchemesProducer
instanceKlass sun/security/ssl/SignatureAlgorithmsExtension
instanceKlass sun/security/ssl/SessionTicketExtension$SessionTicketStringizer
instanceKlass sun/security/ssl/SessionTicketExtension$T12SHSessionTicketConsumer
instanceKlass sun/security/ssl/SessionTicketExtension$T12SHSessionTicketProducer
instanceKlass sun/security/ssl/SessionTicketExtension$T12CHSessionTicketConsumer
instanceKlass sun/security/ssl/SessionTicketExtension$T12CHSessionTicketProducer
instanceKlass sun/security/ssl/SessionTicketExtension
instanceKlass sun/security/ssl/ExtendedMasterSecretExtension$ExtendedMasterSecretStringizer
instanceKlass sun/security/ssl/ExtendedMasterSecretExtension$SHExtendedMasterSecretAbsence
instanceKlass sun/security/ssl/ExtendedMasterSecretExtension$SHExtendedMasterSecretConsumer
instanceKlass sun/security/ssl/ExtendedMasterSecretExtension$SHExtendedMasterSecretProducer
instanceKlass sun/security/ssl/ExtendedMasterSecretExtension$CHExtendedMasterSecretAbsence
instanceKlass sun/security/ssl/ExtendedMasterSecretExtension$CHExtendedMasterSecretConsumer
instanceKlass sun/security/ssl/ExtendedMasterSecretExtension$CHExtendedMasterSecretProducer
instanceKlass sun/security/ssl/ExtendedMasterSecretExtension
instanceKlass  @bci sun/security/ssl/AlpnExtension <clinit> ()V 100 <appendix> argL0 ; # sun/security/ssl/AlpnExtension$$Lambda+0x00000001003ac780
instanceKlass sun/security/ssl/AlpnExtension$AlpnStringizer
instanceKlass sun/security/ssl/AlpnExtension$SHAlpnAbsence
instanceKlass sun/security/ssl/AlpnExtension$SHAlpnConsumer
instanceKlass sun/security/ssl/AlpnExtension$SHAlpnProducer
instanceKlass sun/security/ssl/AlpnExtension$CHAlpnAbsence
instanceKlass sun/security/ssl/AlpnExtension$CHAlpnConsumer
instanceKlass sun/security/ssl/AlpnExtension$CHAlpnProducer
instanceKlass sun/security/ssl/AlpnExtension
instanceKlass sun/security/ssl/ECPointFormatsExtension$ECPointFormatsStringizer
instanceKlass sun/security/ssl/ECPointFormatsExtension$SHECPointFormatsConsumer
instanceKlass sun/security/ssl/ECPointFormatsExtension$CHECPointFormatsConsumer
instanceKlass sun/security/ssl/ECPointFormatsExtension$CHECPointFormatsProducer
instanceKlass sun/security/ssl/ECPointFormatsExtension
instanceKlass sun/security/ssl/SupportedGroupsExtension$EESupportedGroupsConsumer
instanceKlass sun/security/ssl/SupportedGroupsExtension$EESupportedGroupsProducer
instanceKlass sun/security/ssl/SupportedGroupsExtension$SupportedGroupsStringizer
instanceKlass sun/security/ssl/SupportedGroupsExtension$CHSupportedGroupsOnTradeAbsence
instanceKlass sun/security/ssl/SupportedGroupsExtension$CHSupportedGroupsConsumer
instanceKlass sun/security/ssl/SupportedGroupsExtension$CHSupportedGroupsProducer
instanceKlass sun/security/ssl/SupportedGroupsExtension
instanceKlass sun/security/ssl/CertStatusExtension$CertStatusRespStringizer
instanceKlass sun/security/ssl/CertStatusExtension$CertStatusRequestsStringizer
instanceKlass sun/security/ssl/CertStatusExtension$SHCertStatusReqV2Consumer
instanceKlass sun/security/ssl/CertStatusExtension$SHCertStatusReqV2Producer
instanceKlass sun/security/ssl/CertStatusExtension$CHCertStatusReqV2Consumer
instanceKlass sun/security/ssl/CertStatusExtension$CHCertStatusReqV2Producer
instanceKlass sun/security/ssl/CertStatusExtension$CertStatusRequestStringizer
instanceKlass sun/security/ssl/CertStatusExtension$CTCertStatusResponseConsumer
instanceKlass sun/security/ssl/CertStatusExtension$CTCertStatusResponseProducer
instanceKlass sun/security/ssl/CertStatusExtension$SHCertStatusReqConsumer
instanceKlass sun/security/ssl/CertStatusExtension$SHCertStatusReqProducer
instanceKlass sun/security/ssl/CertStatusExtension$CHCertStatusReqConsumer
instanceKlass sun/security/ssl/CertStatusExtension$CHCertStatusReqProducer
instanceKlass sun/security/ssl/CertStatusExtension
instanceKlass sun/security/ssl/MaxFragExtension$MaxFragLenStringizer
instanceKlass sun/security/ssl/MaxFragExtension$EEMaxFragmentLengthUpdate
instanceKlass sun/security/ssl/MaxFragExtension$EEMaxFragmentLengthConsumer
instanceKlass sun/security/ssl/MaxFragExtension$EEMaxFragmentLengthProducer
instanceKlass sun/security/ssl/MaxFragExtension$SHMaxFragmentLengthUpdate
instanceKlass sun/security/ssl/MaxFragExtension$SHMaxFragmentLengthConsumer
instanceKlass sun/security/ssl/MaxFragExtension$SHMaxFragmentLengthProducer
instanceKlass sun/security/ssl/MaxFragExtension$CHMaxFragmentLengthConsumer
instanceKlass sun/security/ssl/MaxFragExtension$CHMaxFragmentLengthProducer
instanceKlass sun/security/ssl/MaxFragExtension
instanceKlass sun/security/ssl/ServerNameExtension$EEServerNameConsumer
instanceKlass sun/security/ssl/ServerNameExtension$EEServerNameProducer
instanceKlass sun/security/ssl/ServerNameExtension$SHServerNamesStringizer
instanceKlass sun/security/ssl/ServerNameExtension$SHServerNameConsumer
instanceKlass sun/security/ssl/ServerNameExtension$SHServerNameProducer
instanceKlass sun/security/ssl/ServerNameExtension$CHServerNamesStringizer
instanceKlass sun/security/ssl/ServerNameExtension$CHServerNameConsumer
instanceKlass sun/security/ssl/SSLExtension$ExtensionConsumer
instanceKlass sun/security/ssl/ServerNameExtension$CHServerNameProducer
instanceKlass sun/security/ssl/ServerNameExtension
instanceKlass sun/security/ssl/SSLStringizer
instanceKlass sun/security/ssl/SSLExtensions
instanceKlass sun/security/ssl/SSLHandshake$HandshakeMessage
instanceKlass sun/security/ssl/RandomCookie
instanceKlass sun/security/util/KeyUtil
instanceKlass sun/security/ssl/SSLKeyDerivation
instanceKlass sun/security/ssl/SSLCredentials
instanceKlass sun/security/ssl/NamedGroupPossession
instanceKlass sun/security/ssl/SSLPossession
instanceKlass sun/security/ssl/HandshakeContext
# instanceKlass java/lang/invoke/LambdaForm$MH+0x00000001003cc000
instanceKlass sun/security/ssl/SSLConfiguration$1
instanceKlass javax/net/ssl/SNIServerName
instanceKlass sun/security/ssl/DTLSRecord
instanceKlass sun/security/ssl/SessionId
instanceKlass java/util/concurrent/ConcurrentLinkedQueue$Node
instanceKlass java/security/spec/MGF1ParameterSpec
instanceKlass sun/security/ec/ParametersMap$1
instanceKlass  @bci sun/security/ec/ed/EdDSAParameters <clinit> ()V 268 <appendix> argL0 ; # sun/security/ec/ed/EdDSAParameters$$Lambda+0x00000001003c8000
instanceKlass sun/security/ec/ed/EdDSAParameters$SHAKE256DigesterFactory
instanceKlass sun/security/ec/point/ProjectivePoint
instanceKlass  @bci sun/security/ec/ed/EdDSAParameters <clinit> ()V 117 <appendix> argL0 ; # sun/security/ec/ed/EdDSAParameters$$Lambda+0x00000001003c0800
instanceKlass sun/security/ec/ed/EdDSAParameters$Digester
instanceKlass sun/security/ec/ed/EdDSAParameters$SHA512DigesterFactory
instanceKlass sun/security/ec/point/ExtendedHomogeneousPoint
instanceKlass sun/security/ec/point/AffinePoint
instanceKlass sun/security/util/math/intpoly/IntegerPolynomial$Limb
instanceKlass sun/security/util/math/SmallValue
instanceKlass sun/security/ec/point/ImmutablePoint
instanceKlass sun/security/ec/point/MutablePoint
instanceKlass sun/security/ec/point/Point
instanceKlass sun/security/util/math/intpoly/IntegerPolynomial$Element
instanceKlass sun/security/util/math/ImmutableIntegerModuloP
instanceKlass sun/security/util/math/IntegerModuloP
instanceKlass sun/security/util/math/intpoly/IntegerPolynomial
instanceKlass sun/security/ec/ParametersMap
instanceKlass sun/security/ec/ed/EdECOperations
instanceKlass sun/security/ec/ed/EdDSAParameters$DigesterFactory
instanceKlass sun/security/util/math/IntegerFieldModuloP
instanceKlass sun/security/ec/ed/EdDSAParameters
instanceKlass  @bci sun/security/ec/ed/EdDSASignature <init> (Ljava/security/spec/NamedParameterSpec;)V 27 <appendix> argL0 ; # sun/security/ec/ed/EdDSASignature$$Lambda+0x000000010036ad98
instanceKlass java/security/spec/EdDSAParameterSpec
instanceKlass sun/security/ec/ed/EdDSASignature$MessageAccumulator
instanceKlass javax/net/ssl/ExtendedSSLSession
instanceKlass javax/crypto/spec/DHParameterSpec
instanceKlass sun/security/ssl/PredefinedDHParameterSpecs$1
instanceKlass sun/security/ssl/PredefinedDHParameterSpecs
instanceKlass sun/security/ssl/NamedGroup$SupportedGroups
instanceKlass sun/security/ssl/SSLConfiguration$CustomizedClientSignatureSchemes
instanceKlass javax/crypto/KeyGeneratorSpi
instanceKlass javax/crypto/KeyGenerator
instanceKlass sun/security/ssl/SSLConfiguration
instanceKlass sun/security/ssl/SSLCipher$SSLWriteCipher
instanceKlass sun/security/ssl/KeyUpdate$KeyUpdateProducer
instanceKlass sun/security/ssl/KeyUpdate$KeyUpdateConsumer
instanceKlass sun/security/ssl/KeyUpdate$KeyUpdateKickstartProducer
instanceKlass sun/security/ssl/KeyUpdate
instanceKlass sun/security/ssl/CertificateStatus$CertificateStatusAbsence
instanceKlass sun/security/ssl/HandshakeAbsence
instanceKlass sun/security/ssl/CertificateStatus$CertificateStatusProducer
instanceKlass sun/security/ssl/CertificateStatus$CertificateStatusConsumer
instanceKlass sun/security/ssl/CertificateStatus
instanceKlass sun/security/ssl/Finished$T13FinishedProducer
instanceKlass sun/security/ssl/Finished$T13FinishedConsumer
instanceKlass sun/security/ssl/Finished$T12FinishedProducer
instanceKlass sun/security/ssl/Finished$T12FinishedConsumer
instanceKlass sun/security/ssl/Finished
instanceKlass sun/security/ssl/ClientKeyExchange$ClientKeyExchangeProducer
instanceKlass sun/security/ssl/ClientKeyExchange$ClientKeyExchangeConsumer
instanceKlass sun/security/ssl/ClientKeyExchange
instanceKlass sun/security/ssl/CertificateVerify$T13CertificateVerifyProducer
instanceKlass sun/security/ssl/CertificateVerify$T13CertificateVerifyConsumer
instanceKlass sun/security/ssl/CertificateVerify$T12CertificateVerifyProducer
instanceKlass sun/security/ssl/CertificateVerify$T12CertificateVerifyConsumer
instanceKlass sun/security/ssl/CertificateVerify$T10CertificateVerifyProducer
instanceKlass sun/security/ssl/CertificateVerify$T10CertificateVerifyConsumer
instanceKlass sun/security/ssl/CertificateVerify$S30CertificateVerifyProducer
instanceKlass sun/security/ssl/CertificateVerify$S30CertificateVerifyConsumer
instanceKlass sun/security/ssl/CertificateVerify
instanceKlass sun/security/ssl/ServerHelloDone$ServerHelloDoneProducer
instanceKlass sun/security/ssl/ServerHelloDone$ServerHelloDoneConsumer
instanceKlass sun/security/ssl/ServerHelloDone
instanceKlass sun/security/ssl/CertificateRequest$T13CertificateRequestProducer
instanceKlass sun/security/ssl/CertificateRequest$T13CertificateRequestConsumer
instanceKlass sun/security/ssl/CertificateRequest$T12CertificateRequestProducer
instanceKlass sun/security/ssl/CertificateRequest$T12CertificateRequestConsumer
instanceKlass sun/security/ssl/CertificateRequest$T10CertificateRequestProducer
instanceKlass sun/security/ssl/CertificateRequest$T10CertificateRequestConsumer
instanceKlass sun/security/ssl/CertificateRequest
instanceKlass sun/security/ssl/ServerKeyExchange$ServerKeyExchangeProducer
instanceKlass sun/security/ssl/ServerKeyExchange$ServerKeyExchangeConsumer
instanceKlass sun/security/ssl/ServerKeyExchange
instanceKlass sun/security/ssl/CertificateMessage$T13CertificateProducer
instanceKlass sun/security/ssl/CertificateMessage$T13CertificateConsumer
instanceKlass sun/security/ssl/CertificateMessage$T12CertificateProducer
instanceKlass sun/security/ssl/CertificateMessage$T12CertificateConsumer
instanceKlass sun/security/ssl/CertificateMessage
instanceKlass sun/security/ssl/EncryptedExtensions$EncryptedExtensionsConsumer
instanceKlass sun/security/ssl/EncryptedExtensions$EncryptedExtensionsProducer
instanceKlass sun/security/ssl/EncryptedExtensions
instanceKlass sun/security/ssl/NewSessionTicket$T12NewSessionTicketProducer
instanceKlass sun/security/ssl/NewSessionTicket$T13NewSessionTicketProducer
instanceKlass sun/security/ssl/NewSessionTicket$T12NewSessionTicketConsumer
instanceKlass sun/security/ssl/NewSessionTicket$T13NewSessionTicketConsumer
instanceKlass sun/security/ssl/NewSessionTicket
instanceKlass sun/security/ssl/HelloVerifyRequest$HelloVerifyRequestProducer
instanceKlass sun/security/ssl/HelloVerifyRequest$HelloVerifyRequestConsumer
instanceKlass sun/security/ssl/HelloVerifyRequest
instanceKlass sun/security/ssl/ServerHello$T13HelloRetryRequestConsumer
instanceKlass sun/security/ssl/ServerHello$T13ServerHelloConsumer
instanceKlass sun/security/ssl/ServerHello$T12ServerHelloConsumer
instanceKlass sun/security/ssl/ServerHello$T13HelloRetryRequestReproducer
instanceKlass sun/security/ssl/ServerHello$T13HelloRetryRequestProducer
instanceKlass sun/security/ssl/ServerHello$T13ServerHelloProducer
instanceKlass sun/security/ssl/ServerHello$T12ServerHelloProducer
instanceKlass sun/security/ssl/ServerHello$ServerHelloConsumer
instanceKlass sun/security/ssl/ServerHello
instanceKlass sun/security/ssl/ClientHello$D13ClientHelloConsumer
instanceKlass sun/security/ssl/ClientHello$D12ClientHelloConsumer
instanceKlass sun/security/ssl/ClientHello$T13ClientHelloConsumer
instanceKlass sun/security/ssl/ClientHello$T12ClientHelloConsumer
instanceKlass sun/security/ssl/HandshakeConsumer
instanceKlass sun/security/ssl/ClientHello$ClientHelloProducer
instanceKlass sun/security/ssl/ClientHello$ClientHelloConsumer
instanceKlass sun/security/ssl/ClientHello$ClientHelloKickstartProducer
instanceKlass sun/security/ssl/ClientHello
instanceKlass sun/security/ssl/HelloRequest$HelloRequestProducer
instanceKlass sun/security/ssl/HelloRequest$HelloRequestConsumer
instanceKlass sun/security/ssl/HelloRequest$HelloRequestKickstartProducer
instanceKlass sun/security/ssl/SSLProducer
instanceKlass sun/security/ssl/HelloRequest
instanceKlass sun/security/ssl/HandshakeProducer
instanceKlass sun/security/ssl/SSLConsumer
instanceKlass sun/security/ssl/Authenticator$MacImpl
instanceKlass sun/security/ssl/Authenticator$MAC
instanceKlass sun/security/ssl/Authenticator
instanceKlass sun/security/ssl/SSLCipher$SSLReadCipher
instanceKlass sun/security/ssl/InputRecord
instanceKlass sun/security/ssl/SSLRecord
instanceKlass sun/security/ssl/Record
instanceKlass sun/security/ssl/TransportContext
instanceKlass sun/security/ssl/ConnectionContext
instanceKlass sun/security/ssl/HandshakeHash$CacheOnlyHash
instanceKlass sun/security/ssl/HandshakeHash$TranscriptHash
instanceKlass sun/security/ssl/HandshakeHash
instanceKlass sun/security/ssl/SSLTransport
instanceKlass okio/RealBufferedSink
instanceKlass okio/AsyncTimeout$sink$1
instanceKlass okio/OutputStreamSink
instanceKlass okio/RealBufferedSource
instanceKlass okio/Okio__OkioKt
instanceKlass okio/AsyncTimeout$source$1
instanceKlass okio/InputStreamSource
instanceKlass okio/Okio__JvmOkioKt
instanceKlass okio/Okio
instanceKlass java/net/SocksSocketImpl$3
instanceKlass java/net/SocksConsts
instanceKlass okhttp3/internal/connection/ConnectionSpecSelector
instanceKlass okhttp3/internal/ws/RealWebSocket$Streams
instanceKlass okhttp3/internal/http/ExchangeCodec
instanceKlass okhttp3/internal/http2/Http2Connection$Listener
instanceKlass okhttp3/internal/connection/RouteSelector$Selection
instanceKlass okhttp3/CacheControl$Builder
instanceKlass okhttp3/CacheControl
instanceKlass okhttp3/internal/cache/CacheStrategy
instanceKlass okhttp3/internal/cache/CacheStrategy$Factory
instanceKlass sun/net/spi/DefaultProxySelector$3
instanceKlass sun/net/spi/DefaultProxySelector$NonProxyInfo
instanceKlass okhttp3/internal/connection/RouteSelector
instanceKlass okhttp3/Address
instanceKlass okhttp3/internal/connection/ExchangeFinder
instanceKlass okhttp3/internal/http/RealInterceptorChain
instanceKlass okhttp3/internal/http/CallServerInterceptor
instanceKlass okhttp3/internal/connection/ConnectInterceptor
instanceKlass okhttp3/internal/cache/CacheInterceptor
instanceKlass okhttp3/internal/http/BridgeInterceptor
instanceKlass okhttp3/internal/http/RetryAndFollowUpInterceptor
instanceKlass okio/AsyncTimeout$Companion
instanceKlass okio/Timeout$Companion
instanceKlass okhttp3/Connection
instanceKlass okio/Timeout
instanceKlass okhttp3/internal/connection/Transmitter
instanceKlass okhttp3/Interceptor$Chain
instanceKlass okhttp3/RealCall
instanceKlass jdk/internal/icu/impl/Trie2$UTrie2Header
instanceKlass jdk/internal/icu/impl/Trie2$1
instanceKlass jdk/internal/icu/impl/Trie2$ValueMapper
instanceKlass jdk/internal/icu/impl/Trie2
instanceKlass jdk/internal/icu/impl/UCharacterProperty$IsAcceptable
instanceKlass jdk/internal/icu/impl/UCharacterProperty$IntProperty
instanceKlass jdk/internal/icu/impl/UCharacterProperty
instanceKlass jdk/internal/icu/lang/UCharacter
instanceKlass jdk/internal/icu/impl/Trie
instanceKlass jdk/internal/icu/text/StringPrep$StringPrepTrieImpl
instanceKlass jdk/internal/icu/impl/Trie$DataManipulate
instanceKlass jdk/internal/icu/impl/StringPrepDataReader
instanceKlass jdk/internal/icu/text/StringPrep
instanceKlass java/net/IDN
instanceKlass okhttp3/HttpUrl$Builder
instanceKlass okhttp3/HttpUrl
instanceKlass okhttp3/internal/http/HttpMethod
instanceKlass org/ballerinalang/central/client/Utils
instanceKlass okhttp3/Headers$Builder
instanceKlass okhttp3/Request$Builder
# instanceKlass java/lang/invoke/LambdaForm$MH+0x00000001003c0000
instanceKlass jdk/internal/icu/impl/NormalizerImpl$ReorderingBuffer
instanceKlass jdk/internal/icu/impl/NormalizerImpl$UTF16Plus
instanceKlass jdk/internal/icu/util/CodePointTrie$Data
instanceKlass jdk/internal/icu/util/CodePointMap
instanceKlass jdk/internal/icu/util/VersionInfo
instanceKlass jdk/internal/icu/impl/ICUBinary$1
instanceKlass jdk/internal/icu/impl/ICUBinary
instanceKlass jdk/internal/icu/impl/NormalizerImpl$IsAcceptable
instanceKlass jdk/internal/icu/impl/ICUBinary$Authenticate
instanceKlass jdk/internal/icu/impl/NormalizerImpl
instanceKlass jdk/internal/icu/impl/Norm2AllModes$Norm2AllModesSingleton
instanceKlass jdk/internal/icu/impl/Norm2AllModes$NFKCSingleton
instanceKlass jdk/internal/icu/impl/Norm2AllModes
instanceKlass jdk/internal/icu/text/Normalizer2
instanceKlass jdk/internal/icu/text/NormalizerBase$ModeImpl
instanceKlass jdk/internal/icu/text/NormalizerBase$NFKDModeImpl
instanceKlass jdk/internal/icu/text/NormalizerBase$1
instanceKlass jdk/internal/icu/text/NormalizerBase$Mode
instanceKlass jdk/internal/icu/text/NormalizerBase
instanceKlass java/text/Normalizer
instanceKlass sun/security/pkcs/SignerInfo
instanceKlass sun/security/pkcs/PKCS9Attribute
instanceKlass sun/security/x509/AVAKeyword
instanceKlass okhttp3/internal/tls/BasicTrustRootIndex
instanceKlass  @bci sun/security/ssl/SSLContextImpl engineInit ([Ljavax/net/ssl/KeyManager;[Ljavax/net/ssl/TrustManager;Ljava/security/SecureRandom;)V 57 <appendix> argL0 ; # sun/security/ssl/SSLContextImpl$$Lambda+0x0000000100381d30
instanceKlass javax/net/ssl/X509ExtendedKeyManager
instanceKlass javax/net/ssl/X509KeyManager
instanceKlass javax/net/ssl/KeyManager
instanceKlass sun/security/ssl/SSLSessionContextImpl
instanceKlass javax/net/ssl/SSLSessionContext
instanceKlass sun/security/ssl/EphemeralKeyManager$EphemeralKeyPair
instanceKlass sun/security/ssl/EphemeralKeyManager
instanceKlass sun/security/ssl/SSLContextImpl$CustomizedSSLProtocols
instanceKlass java/security/spec/NamedParameterSpec
instanceKlass sun/security/util/ECKeySizeParameterSpec
instanceKlass java/security/KeyPairGeneratorSpi
instanceKlass javax/crypto/KeyAgreement
instanceKlass java/security/Signature$1
instanceKlass jdk/internal/access/JavaSecuritySignatureAccess
instanceKlass java/security/SignatureSpi
instanceKlass sun/security/ssl/JsseJce$EcAvailability
instanceKlass sun/security/ssl/SSLAlgorithmDecomposer$1
instanceKlass sun/security/ssl/Utilities
instanceKlass sun/security/ssl/JsseJce
instanceKlass sun/security/ssl/NamedGroup$XDHScheme
instanceKlass sun/security/ssl/NamedGroup$FFDHEScheme
instanceKlass sun/security/ssl/NamedGroup$ECDHEScheme
instanceKlass sun/security/ssl/NamedGroup$NamedGroupScheme
instanceKlass sun/security/ssl/SSLCipher$1
instanceKlass sun/security/ssl/SSLCipher$T13CC20P1305WriteCipherGenerator
instanceKlass sun/security/ssl/SSLCipher$T12CC20P1305WriteCipherGenerator
instanceKlass sun/security/ssl/SSLCipher$T13CC20P1305ReadCipherGenerator
instanceKlass sun/security/ssl/SSLCipher$T12CC20P1305ReadCipherGenerator
instanceKlass sun/security/ssl/SSLCipher$T13GcmWriteCipherGenerator
instanceKlass sun/security/ssl/SSLCipher$T13GcmReadCipherGenerator
instanceKlass sun/security/ssl/SSLCipher$T12GcmWriteCipherGenerator
instanceKlass sun/security/ssl/SSLCipher$T12GcmReadCipherGenerator
instanceKlass com/sun/crypto/provider/AESConstants
instanceKlass java/util/Vector$1
instanceKlass  @bci javax/crypto/JceSecurityManager <clinit> ()V 67 <appendix> argL0 ; # javax/crypto/JceSecurityManager$$Lambda+0x000000010037cda8
instanceKlass  @bci javax/crypto/JceSecurityManager <clinit> ()V 49 <appendix> argL0 ; # javax/crypto/JceSecurityManager$$Lambda+0x000000010037cb98
instanceKlass javax/crypto/JceSecurityManager
instanceKlass sun/security/ssl/SSLCipher$T11BlockWriteCipherGenerator
instanceKlass sun/security/ssl/SSLCipher$T11BlockReadCipherGenerator
instanceKlass com/sun/crypto/provider/PKCS5Padding
instanceKlass com/sun/crypto/provider/Padding
instanceKlass com/sun/crypto/provider/FeedbackCipher
instanceKlass com/sun/crypto/provider/SymmetricCipher
instanceKlass com/sun/crypto/provider/DESConstants
instanceKlass com/sun/crypto/provider/CipherCore
instanceKlass sun/security/ssl/SSLCipher$T10BlockWriteCipherGenerator
instanceKlass sun/security/ssl/SSLCipher$T10BlockReadCipherGenerator
instanceKlass javax/crypto/CipherSpi
instanceKlass javax/crypto/ProviderVerifier
instanceKlass javax/crypto/JceSecurity$3
instanceKlass javax/crypto/JceSecurity$2
instanceKlass java/net/spi/URLStreamHandlerProvider
instanceKlass java/net/URL$1
instanceKlass java/net/URL$2
instanceKlass java/net/URL$ThreadTrackHolder
instanceKlass java/util/Vector$Itr
instanceKlass javax/crypto/CryptoPolicyParser$CryptoPermissionEntry
instanceKlass javax/crypto/CryptoPolicyParser$GrantEntry
instanceKlass javax/crypto/CryptoPolicyParser
instanceKlass java/nio/file/Files$1
instanceKlass javax/crypto/JceSecurity$1
instanceKlass javax/crypto/JceSecurity
instanceKlass sun/security/jca/ServiceId
instanceKlass javax/crypto/Cipher$Transform
instanceKlass javax/crypto/Cipher
instanceKlass sun/security/ssl/SSLCipher$StreamWriteCipherGenerator
instanceKlass sun/security/ssl/SSLCipher$StreamReadCipherGenerator
instanceKlass sun/security/ssl/SSLCipher$NullWriteCipherGenerator
instanceKlass sun/security/ssl/SSLCipher$WriteCipherGenerator
instanceKlass sun/security/ssl/SSLCipher$NullReadCipherGenerator
instanceKlass sun/security/ssl/SSLCipher$ReadCipherGenerator
instanceKlass java/time/zone/ZoneOffsetTransition
instanceKlass java/time/zone/ZoneOffsetTransitionRule
instanceKlass sun/security/util/DisabledAlgorithmConstraints$Constraints$Holder
instanceKlass sun/security/util/DisabledAlgorithmConstraints$Constraint
instanceKlass sun/security/util/DisabledAlgorithmConstraints$Constraints
instanceKlass sun/security/util/AbstractAlgorithmConstraints$1
instanceKlass sun/security/util/AlgorithmDecomposer
instanceKlass sun/security/util/AbstractAlgorithmConstraints
instanceKlass sun/security/ssl/SSLAlgorithmConstraints
instanceKlass javax/net/ssl/SSLContextSpi
instanceKlass javax/net/ssl/SSLContext
instanceKlass javax/net/ssl/HandshakeCompletedListener
instanceKlass javax/net/ssl/SSLSession
instanceKlass java/security/AlgorithmConstraints
instanceKlass javax/net/ssl/SSLParameters
instanceKlass  @bci sun/security/provider/certpath/ldap/JdkLDAP <init> ()V 15 <appendix> member <vmtarget> ; # sun/security/provider/certpath/ldap/JdkLDAP$$Lambda+0x00000001001ffce0
instanceKlass com/sun/security/sasl/Provider$1
instanceKlass com/sun/security/sasl/gsskerb/JdkSASL$1
instanceKlass  @bci sun/security/pkcs11/SunPKCS11 register (Lsun/security/pkcs11/SunPKCS11$Descriptor;)V 27 <appendix> argL0 ; # sun/security/pkcs11/SunPKCS11$$Lambda+0x00000001003686d0
instanceKlass sun/security/pkcs11/SunPKCS11$Descriptor
instanceKlass javax/security/auth/Subject
instanceKlass javax/security/auth/callback/CallbackHandler
instanceKlass org/jcp/xml/dsig/internal/dom/XMLDSigRI$2
instanceKlass org/jcp/xml/dsig/internal/dom/XMLDSigRI$1
instanceKlass  @bci sun/security/jgss/SunProvider <init> ()V 15 <appendix> member <vmtarget> ; # sun/security/jgss/SunProvider$$Lambda+0x00000001001a3520
instanceKlass sun/security/smartcardio/SunPCSC$1
instanceKlass okhttp3/internal/tls/CertificateChainCleaner
instanceKlass okhttp3/internal/tls/TrustRootIndex
instanceKlass okhttp3/internal/platform/Platform
instanceKlass javax/net/ssl/X509ExtendedTrustManager
instanceKlass javax/net/ssl/X509TrustManager
instanceKlass javax/net/ssl/TrustManager
instanceKlass sun/security/validator/TrustStoreUtil
# instanceKlass java/lang/invoke/LambdaForm$MH+0x0000000100365400
# instanceKlass java/lang/invoke/LambdaForm$MH+0x0000000100365000
# instanceKlass java/lang/invoke/LambdaForm$MH+0x0000000100364c00
# instanceKlass java/lang/invoke/LambdaForm$DMH+0x0000000100364800
instanceKlass sun/security/x509/NetscapeCertTypeExtension$MapEntry
instanceKlass sun/security/x509/RFC822Name
instanceKlass sun/security/x509/DistributionPoint
instanceKlass java/security/cert/PolicyQualifierInfo
instanceKlass sun/security/x509/DNSName
instanceKlass sun/security/x509/URIName
instanceKlass sun/security/x509/GeneralName
instanceKlass sun/security/x509/AccessDescription
instanceKlass sun/security/util/ECUtil
instanceKlass java/security/interfaces/ECPublicKey
instanceKlass java/security/interfaces/ECKey
instanceKlass java/security/PrivateKey
instanceKlass javax/security/auth/Destroyable
instanceKlass java/security/AlgorithmParametersSpi
instanceKlass java/security/AlgorithmParameters
instanceKlass sun/security/pkcs12/PKCS12KeyStore$Entry
instanceKlass jdk/internal/event/EventHelper$ThreadTrackHolder
instanceKlass jdk/internal/misc/ThreadTracker
instanceKlass java/util/jar/JarFile$ThreadTrackHolder
instanceKlass jdk/internal/event/EventHelper
instanceKlass sun/security/jca/JCAUtil
instanceKlass sun/security/util/MemoryCache$CacheEntry
instanceKlass sun/security/x509/CertificatePolicyId
instanceKlass sun/security/x509/PolicyInformation
instanceKlass sun/security/x509/GeneralNames
instanceKlass sun/security/x509/KeyIdentifier
instanceKlass sun/security/x509/OIDMap$OIDInfo
instanceKlass sun/security/x509/PKIXExtensions
instanceKlass sun/security/x509/OIDMap
instanceKlass sun/security/x509/Extension
instanceKlass java/security/cert/Extension
instanceKlass sun/security/x509/CertificateExtensions
instanceKlass sun/security/rsa/RSAUtil
instanceKlass java/security/interfaces/RSAPublicKey
instanceKlass java/security/interfaces/RSAKey
instanceKlass java/security/spec/PSSParameterSpec
instanceKlass java/security/spec/RSAPrivateKeySpec
instanceKlass java/security/spec/RSAPublicKeySpec
instanceKlass java/security/KeyFactorySpi
instanceKlass sun/security/jca/ProviderList$ServiceList$1
instanceKlass java/security/KeyFactory
instanceKlass  @bci java/security/spec/EncodedKeySpec <clinit> ()V 0 <appendix> argL0 ; # java/security/spec/EncodedKeySpec$$Lambda+0x00000001001f1fe0
instanceKlass jdk/internal/access/JavaSecuritySpecAccess
instanceKlass java/security/spec/EncodedKeySpec
instanceKlass java/security/spec/KeySpec
instanceKlass sun/security/util/BitArray
instanceKlass sun/security/x509/X509Key
instanceKlass java/security/PublicKey
instanceKlass java/security/Key
instanceKlass sun/security/x509/CertificateX509Key
instanceKlass sun/util/calendar/CalendarUtils
instanceKlass sun/util/calendar/CalendarDate
instanceKlass sun/security/x509/CertificateValidity
instanceKlass sun/security/x509/AVA
instanceKlass sun/security/x509/RDN
instanceKlass javax/security/auth/x500/X500Principal
instanceKlass  @bci sun/security/x509/X500Name <clinit> ()V 153 <appendix> argL0 ; # sun/security/x509/X500Name$$Lambda+0x00000001001eefe8
instanceKlass sun/security/x509/X500Name
instanceKlass sun/security/x509/GeneralNameInterface
instanceKlass sun/security/x509/CertificateAlgorithmId
instanceKlass sun/security/x509/SerialNumber
instanceKlass sun/security/x509/CertificateSerialNumber
instanceKlass sun/security/x509/CertificateVersion
instanceKlass sun/security/x509/X509CertInfo
instanceKlass sun/security/x509/AlgorithmId
instanceKlass sun/security/util/Cache$EqualByteArray
instanceKlass sun/security/util/Cache
instanceKlass java/security/cert/CertificateFactorySpi
instanceKlass java/security/cert/CertificateFactory
instanceKlass sun/security/pkcs/ContentInfo
instanceKlass sun/security/util/IOUtils
instanceKlass sun/security/util/DerInputStream
instanceKlass sun/security/util/DerValue
instanceKlass sun/security/action/OpenFileInputStreamAction
instanceKlass  @bci sun/security/util/KeyStoreDelegator <init> (Ljava/lang/String;Ljava/lang/Class;Ljava/lang/String;Ljava/lang/Class;)V 4 <appendix> argL0 ; # sun/security/util/KeyStoreDelegator$$Lambda+0x00000001001eb970
instanceKlass java/security/KeyStoreSpi
instanceKlass sun/security/ssl/SSLLogger
instanceKlass  @bci java/security/KeyStore getDefaultType ()Ljava/lang/String; 0 <appendix> argL0 ; # java/security/KeyStore$$Lambda+0x00000001001ea4e0
instanceKlass java/security/KeyStore
instanceKlass sun/security/ssl/TrustStoreManager$TrustStoreDescriptor$1
instanceKlass sun/security/util/FilePaths
instanceKlass sun/security/ssl/TrustStoreManager$TrustStoreDescriptor
instanceKlass sun/security/ssl/TrustStoreManager$TrustAnchorManager
instanceKlass sun/security/ssl/TrustStoreManager
instanceKlass  @bci sun/security/ssl/SunJSSE registerAlgorithms ()V 1 <appendix> member <vmtarget> ; # sun/security/ssl/SunJSSE$$Lambda+0x00000001001e9260
instanceKlass java/security/spec/ECFieldF2m
instanceKlass sun/security/util/ObjectIdentifier
instanceKlass sun/security/util/ByteArrayTagOrder
instanceKlass sun/security/util/ByteArrayLexOrder
instanceKlass sun/security/util/DerEncoder
instanceKlass java/security/spec/ECParameterSpec
instanceKlass java/security/spec/AlgorithmParameterSpec
instanceKlass java/security/spec/ECPoint
instanceKlass java/security/spec/EllipticCurve
instanceKlass java/security/spec/ECFieldFp
instanceKlass java/security/spec/ECField
instanceKlass sun/security/util/CurveDB
instanceKlass sun/security/ec/SunEC$1
instanceKlass sun/security/jca/ProviderConfig$ProviderLoader
instanceKlass sun/security/jca/ProviderConfig$3
instanceKlass sun/security/rsa/SunRsaSignEntries
instanceKlass javax/net/ssl/TrustManagerFactorySpi
instanceKlass  @bci javax/net/ssl/TrustManagerFactory getDefaultAlgorithm ()Ljava/lang/String; 0 <appendix> argL0 ; # javax/net/ssl/TrustManagerFactory$$Lambda+0x00000001001e5b98
instanceKlass javax/net/ssl/TrustManagerFactory
instanceKlass org/ballerinalang/central/client/CentralAPIClient$CustomRetryInterceptor
instanceKlass  @bci okhttp3/Dns <clinit> ()V 0 <appendix> argL0 ; # okhttp3/Dns$$Lambda+0x0000000100363278
instanceKlass okhttp3/Dns
instanceKlass okhttp3/internal/connection/RouteDatabase
instanceKlass  @bci okhttp3/internal/connection/RealConnectionPool <init> (IJLjava/util/concurrent/TimeUnit;)V 6 <appendix> member <vmtarget> ; # okhttp3/internal/connection/RealConnectionPool$$Lambda+0x0000000100362c70
instanceKlass  @bci okhttp3/internal/Util threadFactory (Ljava/lang/String;Z)Ljava/util/concurrent/ThreadFactory; 2 <appendix> form vmentry <vmtarget> ; # java/lang/invoke/LambdaForm$DMH+0x0000000100364400
instanceKlass  @bci okhttp3/internal/Util threadFactory (Ljava/lang/String;Z)Ljava/util/concurrent/ThreadFactory; 2 <appendix> member <vmtarget> ; # okhttp3/internal/Util$$Lambda+0x0000000100362a58
instanceKlass  @cpi okhttp3/internal/Util 491 form vmentry <vmtarget> ; # java/lang/invoke/LambdaForm$DMH+0x0000000100364000
instanceKlass okhttp3/internal/connection/RealConnectionPool
instanceKlass okhttp3/ConnectionPool
instanceKlass  @bci okhttp3/Authenticator <clinit> ()V 0 <appendix> argL0 ; # okhttp3/Authenticator$$Lambda+0x0000000100362448
instanceKlass okhttp3/Request
instanceKlass okhttp3/Response
instanceKlass okhttp3/Route
instanceKlass okhttp3/Authenticator
instanceKlass okhttp3/CertificatePinner$Builder
instanceKlass java/security/cert/X509Extension
instanceKlass okhttp3/CertificatePinner
instanceKlass okhttp3/internal/tls/OkHostnameVerifier
instanceKlass javax/net/SocketFactory
instanceKlass okhttp3/CookieJar$1
instanceKlass okhttp3/CookieJar
instanceKlass sun/net/NetProperties$1
instanceKlass sun/net/NetProperties
instanceKlass sun/net/spi/DefaultProxySelector$1
instanceKlass java/net/Proxy
instanceKlass  @bci okhttp3/EventListener factory (Lokhttp3/EventListener;)Lokhttp3/EventListener$Factory; 1 <appendix> member <vmtarget> ; # okhttp3/EventListener$$Lambda+0x0000000100360fe8
instanceKlass okhttp3/EventListener$Factory
instanceKlass okhttp3/EventListener
instanceKlass okhttp3/ConnectionSpec$Builder
instanceKlass  @bci okhttp3/CipherSuite <clinit> ()V 0 <appendix> argL0 ; # okhttp3/CipherSuite$$Lambda+0x0000000100360000
instanceKlass okhttp3/CipherSuite
instanceKlass okhttp3/ConnectionSpec
instanceKlass java/lang/Throwable$PrintStreamOrWriter
instanceKlass  @bci okhttp3/internal/Util <clinit> ()V 117 <appendix> argL0 ; # okhttp3/internal/Util$$Lambda+0x000000010035f3e0
instanceKlass sun/util/calendar/ZoneInfoFile$ZoneOffsetTransitionRule
instanceKlass sun/util/calendar/ZoneInfoFile$1
instanceKlass sun/util/calendar/ZoneInfoFile
instanceKlass java/util/concurrent/atomic/AtomicReference
instanceKlass okio/Segment$Companion
instanceKlass okio/Segment
instanceKlass okio/SegmentPool
instanceKlass kotlin/comparisons/ComparisonsKt__ComparisonsKt
instanceKlass kotlin/collections/ArrayAsCollection
instanceKlass kotlin/collections/CollectionsKt__CollectionsJVMKt
instanceKlass kotlin/collections/ArraysKt__ArraysJVMKt
instanceKlass okio/Options$Companion
instanceKlass kotlin/collections/AbstractList$Companion
instanceKlass kotlin/collections/AbstractCollection
instanceKlass kotlin/jvm/internal/markers/KMappedMarker
instanceKlass okio/internal/-ByteString
instanceKlass okio/ByteString$Companion
instanceKlass okio/ByteString
instanceKlass okio/Buffer$UnsafeCursor
instanceKlass okio/-SegmentedByteString
instanceKlass kotlin/jvm/internal/Intrinsics
instanceKlass okio/Buffer
instanceKlass okio/BufferedSink
instanceKlass okio/Sink
instanceKlass okio/BufferedSource
instanceKlass okio/Source
instanceKlass okhttp3/ResponseBody
instanceKlass okhttp3/Headers
instanceKlass okhttp3/internal/Util
instanceKlass okhttp3/WebSocket
instanceKlass okhttp3/Call
instanceKlass okhttp3/internal/Internal
instanceKlass okhttp3/OkHttpClient
instanceKlass okhttp3/WebSocket$Factory
instanceKlass okhttp3/Call$Factory
instanceKlass okhttp3/Dispatcher
instanceKlass javax/net/ssl/HostnameVerifier
instanceKlass java/net/ProxySelector
instanceKlass okhttp3/OkHttpClient$Builder
instanceKlass  @bci io/ballerina/projects/internal/repositories/RemotePackageRepository fromPackageResolutionResponse (Ljava/util/Collection;Lorg/ballerinalang/central/client/model/PackageResolutionRequest;)Ljava/util/Collection; 23 <appendix> argL0 ; # io/ballerina/projects/internal/repositories/RemotePackageRepository$$Lambda+0x0000000100356ed8
instanceKlass java/net/URLEncoder
instanceKlass org/ballerinalang/central/client/model/PackageResolutionRequest$Package
instanceKlass  @bci io/ballerina/projects/internal/repositories/RemotePackageRepository toPackageResolutionRequest (Ljava/util/Collection;)Lorg/ballerinalang/central/client/model/PackageResolutionRequest; 104 <appendix> argL0 ; # io/ballerina/projects/internal/repositories/RemotePackageRepository$$Lambda+0x0000000100356a68
instanceKlass io/ballerina/projects/internal/repositories/RemotePackageRepository$1
instanceKlass org/ballerinalang/central/client/model/PackageResolutionRequest
instanceKlass  @bci io/ballerina/projects/internal/BalaFiles loadModule (Ljava/lang/String;Ljava/lang/String;Ljava/nio/file/Path;Lio/ballerina/projects/internal/model/PackageJson;)Lio/ballerina/projects/internal/ModuleData; 205 <appendix> member <vmtarget> ; # io/ballerina/projects/internal/BalaFiles$$Lambda+0x0000000100356000
instanceKlass io/ballerina/projects/internal/model/CompilerPluginDescriptor$Dependency
instanceKlass com/google/gson/internal/bind/ObjectTypeAdapter$2
instanceKlass  @bci io/ballerina/projects/internal/BalaFiles getPlatforms (Lio/ballerina/projects/internal/model/PackageJson;)Ljava/util/Map; 30 <appendix> member <vmtarget> ; # io/ballerina/projects/internal/BalaFiles$$Lambda+0x000000010034f930
instanceKlass  @bci io/ballerina/projects/internal/BalaFiles setCompilerPluginDependencyPaths (Lio/ballerina/projects/internal/bala/CompilerPluginJson;Ljava/nio/file/Path;)V 22 <appendix> member <vmtarget> ; # io/ballerina/projects/internal/BalaFiles$$Lambda+0x000000010034f708
# instanceKlass java/lang/invoke/LambdaForm$MH+0x0000000100354800
# instanceKlass java/lang/invoke/LambdaForm$MH+0x0000000100354400
# instanceKlass java/lang/invoke/LambdaForm$MH+0x0000000100354000
# instanceKlass java/lang/invoke/LambdaForm$MH+0x0000000100353c00
# instanceKlass java/lang/invoke/LambdaForm$MH+0x0000000100353800
# instanceKlass java/lang/invoke/LambdaForm$MH+0x0000000100353400
# instanceKlass java/lang/invoke/LambdaForm$MH+0x0000000100353000
# instanceKlass java/lang/invoke/LambdaForm$MH+0x0000000100352c00
# instanceKlass java/lang/invoke/LambdaForm$MH+0x0000000100352800
# instanceKlass java/lang/invoke/LambdaForm$DMH+0x0000000100352400
instanceKlass  @bci io/ballerina/projects/internal/environment/DefaultPackageResolver resolvePackageMetadata (Ljava/util/Collection;Lio/ballerina/projects/environment/ResolutionOptions;)Ljava/util/Collection; 357 <appendix> argL0 ; # io/ballerina/projects/internal/environment/DefaultPackageResolver$$Lambda+0x000000010034f4c8
# instanceKlass java/lang/invoke/LambdaForm$MH+0x0000000100352000
# instanceKlass java/lang/invoke/LambdaForm$MH+0x0000000100351c00
# instanceKlass java/lang/invoke/LambdaForm$MH+0x0000000100351800
# instanceKlass java/lang/invoke/LambdaForm$BMH+0x0000000100351400
# instanceKlass java/lang/invoke/LambdaForm$DMH+0x0000000100351000
# instanceKlass java/lang/invoke/LambdaForm$MH+0x0000000100350c00
# instanceKlass java/lang/invoke/LambdaForm$DMH+0x0000000100350800
instanceKlass java/lang/invoke/ClassSpecializer$Factory$1Var
# instanceKlass java/lang/invoke/LambdaForm$DMH+0x0000000100350400
instanceKlass sun/invoke/util/ValueConversions$1
# instanceKlass java/lang/invoke/LambdaForm$DMH+0x0000000100350000
instanceKlass  @bci io/ballerina/projects/internal/repositories/AbstractPackageRepository getCompatiblePackageVersions (Lio/ballerina/projects/PackageDescriptor;Lio/ballerina/projects/environment/PackageLockingMode;)Ljava/util/List; 99 <appendix> argL0 ; # io/ballerina/projects/internal/repositories/AbstractPackageRepository$$Lambda+0x000000010034f298
instanceKlass  @bci io/ballerina/projects/internal/repositories/AbstractPackageRepository getCompatiblePackageVersions (Lio/ballerina/projects/PackageDescriptor;Lio/ballerina/projects/environment/PackageLockingMode;)Ljava/util/List; 56 <appendix> argL0 ; # io/ballerina/projects/internal/repositories/AbstractPackageRepository$$Lambda+0x000000010034ec48
instanceKlass io/ballerina/projects/environment/PackageMetadataResponse
instanceKlass  @bci io/ballerina/projects/internal/repositories/FileSystemRepository lambda$pathToVersions$0 (Ljava/nio/file/Path;)Ljava/lang/String; 12 <appendix> argL0 ; # io/ballerina/projects/internal/repositories/FileSystemRepository$$Lambda+0x000000010034e7f8
instanceKlass  @bci io/ballerina/projects/internal/repositories/FileSystemRepository lambda$pathToVersions$0 (Ljava/nio/file/Path;)Ljava/lang/String; 4 <appendix> argL0 ; # io/ballerina/projects/internal/repositories/FileSystemRepository$$Lambda+0x000000010034e5c8
instanceKlass  @bci io/ballerina/projects/internal/repositories/FileSystemRepository pathToVersions (Ljava/util/List;)Ljava/util/List; 25 <appendix> member <vmtarget> ; # io/ballerina/projects/internal/repositories/FileSystemRepository$$Lambda+0x000000010034e3a0
instanceKlass  @bci io/ballerina/projects/internal/repositories/FileSystemRepository pathToVersions (Ljava/util/List;)Ljava/util/List; 14 <appendix> argL0 ; # io/ballerina/projects/internal/repositories/FileSystemRepository$$Lambda+0x000000010034e170
instanceKlass  @bci java/nio/file/Files asUncheckedRunnable (Ljava/io/Closeable;)Ljava/lang/Runnable; 1 <appendix> member <vmtarget> ; # java/nio/file/Files$$Lambda+0x00000001001dfe68
instanceKlass java/nio/file/Files$2
instanceKlass  @bci io/ballerina/projects/internal/ResolutionEngine populateStaticDependencyGraph (Ljava/util/Collection;)V 6 <appendix> argL0 ; # io/ballerina/projects/internal/ResolutionEngine$$Lambda+0x000000010034df30
instanceKlass  @bci io/ballerina/projects/internal/BlendedManifest dependencyOrThrow (Lio/ballerina/projects/PackageOrg;Lio/ballerina/projects/PackageName;)Lio/ballerina/projects/internal/BlendedManifest$Dependency; 11 <appendix> member <vmtarget> ; # io/ballerina/projects/internal/BlendedManifest$$Lambda+0x000000010034dd18
instanceKlass  @bci io/ballerina/projects/internal/PackageContainer getAll ()Ljava/util/Collection; 24 <appendix> argL0 ; # io/ballerina/projects/internal/PackageContainer$$Lambda+0x000000010034dae8
instanceKlass  @bci io/ballerina/projects/internal/PackageContainer getAll ()Ljava/util/Collection; 14 <appendix> argL0 ; # io/ballerina/projects/internal/PackageContainer$$Lambda+0x000000010034d8b8
instanceKlass io/ballerina/projects/internal/ImportModuleResponse
instanceKlass io/ballerina/projects/internal/ImportModuleRequest
instanceKlass io/ballerina/projects/internal/ModuleResolver$DirectPackageDependency
instanceKlass  @bci io/ballerina/projects/internal/BlendedManifest dependency (Lio/ballerina/projects/PackageOrg;Lio/ballerina/projects/PackageName;Lio/ballerina/projects/internal/BlendedManifest$DependencyOrigin;)Ljava/util/Optional; 10 <appendix> member <vmtarget> ; # io/ballerina/projects/internal/BlendedManifest$$Lambda+0x000000010034cbf8
instanceKlass  @bci io/ballerina/projects/internal/ModuleResolver getPackageOrg (Lio/ballerina/projects/environment/ModuleLoadRequest;)Lio/ballerina/projects/PackageOrg; 15 <appendix> member <vmtarget> ; # io/ballerina/projects/internal/ModuleResolver$$Lambda+0x000000010034c9e0
instanceKlass io/ballerina/projects/internal/PackageDependencyGraphBuilder$Vertex
instanceKlass io/ballerina/projects/internal/PackageDependencyGraphBuilder
instanceKlass io/ballerina/projects/internal/ResolutionEngine
instanceKlass  @bci io/ballerina/projects/internal/TransactionImportValidator visit (Lio/ballerina/compiler/syntax/tree/FunctionDefinitionNode;)V 7 <appendix> argL0 ; # io/ballerina/projects/internal/TransactionImportValidator$$Lambda+0x000000010034bf08
instanceKlass io/ballerina/compiler/syntax/tree/ChildNodeList$ChildNodeIterator
instanceKlass io/ballerina/compiler/syntax/tree/ChildNodeList
instanceKlass io/ballerina/compiler/syntax/tree/NodeVisitor
instanceKlass io/ballerina/compiler/syntax/tree/NodeLocation
instanceKlass io/ballerina/projects/environment/ModuleLoadRequest
instanceKlass  @bci io/ballerina/projects/DocumentContext getModuleLoadRequest (Lio/ballerina/compiler/syntax/tree/ImportDeclarationNode;Lio/ballerina/projects/PackageDependencyScope;)Lio/ballerina/projects/environment/ModuleLoadRequest; 4 <appendix> argL0 ; # io/ballerina/projects/DocumentContext$$Lambda+0x00000001003237e0
instanceKlass  @bci jdk/internal/reflect/MethodHandleLongFieldAccessorImpl setLong (Ljava/lang/Object;J)V 41 <adapter> ; # java/lang/invoke/LambdaForm$MH+0x0000000100324000
instanceKlass com/google/gson/internal/ConstructorConstructor$18
instanceKlass io/ballerina/projects/internal/model/BuildJson
instanceKlass  @bci io/ballerina/compiler/syntax/tree/NonTerminalNode diagnostics ()Ljava/lang/Iterable; 10 <appendix> argL0 ; # io/ballerina/compiler/syntax/tree/NonTerminalNode$$Lambda+0x0000000100322e98
instanceKlass io/ballerina/compiler/syntax/tree/NodeList$NodeListIterator
instanceKlass io/ballerina/compiler/syntax/tree/NodeList
instanceKlass io/ballerina/compiler/internal/syntax/NodeListUtils
instanceKlass io/ballerina/compiler/internal/parser/BallerinaParser$1
instanceKlass io/ballerina/compiler/internal/parser/tree/STNodeFlags
instanceKlass io/ballerina/compiler/internal/syntax/SyntaxUtils
instanceKlass io/ballerina/compiler/internal/parser/tree/STAbstractNodeFactory
instanceKlass io/ballerina/compiler/internal/parser/BallerinaLexer$1
instanceKlass io/ballerina/compiler/internal/parser/AbstractParserErrorHandler
instanceKlass io/ballerina/compiler/internal/parser/TokenReader$TokenBuffer
instanceKlass io/ballerina/compiler/internal/parser/tree/STNode
instanceKlass io/ballerina/compiler/internal/parser/AbstractParser
instanceKlass io/ballerina/compiler/internal/parser/AbstractTokenReader
instanceKlass io/ballerina/compiler/internal/parser/AbstractLexer
instanceKlass io/ballerina/compiler/internal/parser/ParserFactory
instanceKlass io/ballerina/compiler/syntax/tree/Node
instanceKlass io/ballerina/compiler/syntax/tree/SyntaxTree
instanceKlass  @bci io/ballerina/cli/task/CompileTask printWarningForHigherDistribution (Lio/ballerina/projects/Project;)V 53 <appendix> form vmentry <vmtarget> ; # java/lang/invoke/LambdaForm$MH+0x00000001002de800
# instanceKlass java/lang/invoke/LambdaForm$MH+0x00000001002de400
instanceKlass  @bci io/ballerina/cli/task/CompileTask printWarningForHigherDistribution (Lio/ballerina/projects/Project;)V 53 <appendix> argL3 form vmentry <vmtarget> ; # java/lang/invoke/LambdaForm$MH+0x00000001002de000
# instanceKlass java/lang/invoke/LambdaForm$MH+0x00000001002ddc00
# instanceKlass java/lang/invoke/LambdaForm$MH+0x00000001002dd800
# instanceKlass java/lang/invoke/LambdaForm$MH+0x00000001002dd400
# instanceKlass java/lang/invoke/LambdaForm$MH+0x00000001002dd000
instanceKlass  @bci io/ballerina/cli/task/CompileTask printWarningForHigherDistribution (Lio/ballerina/projects/Project;)V 53 <appendix> argL1 form vmentry <vmtarget> ; # java/lang/invoke/LambdaForm$MH+0x00000001002dcc00
# instanceKlass java/lang/invoke/LambdaForm$MH+0x00000001002dc800
# instanceKlass java/lang/invoke/LambdaForm$MH+0x00000001002dc400
# instanceKlass java/lang/invoke/LambdaForm$MH+0x00000001002dc000
instanceKlass  @bci io/ballerina/cli/task/RunBuildToolsTask execute (Lio/ballerina/projects/Project;)V 52 <appendix> member <vmtarget> ; # io/ballerina/cli/task/RunBuildToolsTask$$Lambda+0x00000001002d8af0
instanceKlass  @bci io/ballerina/cli/task/RunBuildToolsTask execute (Lio/ballerina/projects/Project;)V 26 <appendix> argL0 ; # io/ballerina/cli/task/RunBuildToolsTask$$Lambda+0x00000001002d88b0
instanceKlass io/ballerina/cli/task/DumpBuildTimeTask
instanceKlass io/ballerina/cli/task/CreateExecutableTask
instanceKlass io/ballerina/cli/task/CompileTask
instanceKlass io/ballerina/cli/task/ResolveMavenDependenciesTask
instanceKlass io/ballerina/projects/buildtools/CodeGeneratorTool
instanceKlass io/ballerina/cli/task/RunBuildToolsTask
instanceKlass io/ballerina/cli/task/CleanTargetDirTask
instanceKlass io/ballerina/cli/TaskExecutor$TaskBuilder
instanceKlass io/ballerina/projects/internal/model/Target
instanceKlass io/ballerina/projects/ProjectEnvironmentBuilder$1
instanceKlass io/ballerina/projects/internal/model/CompilerPluginDescriptor$Plugin
instanceKlass  @bci io/ballerina/projects/internal/ProjectFiles createBuildOptions (Lio/ballerina/projects/PackageConfig;Lio/ballerina/projects/BuildOptions;Ljava/nio/file/Path;)Lio/ballerina/projects/BuildOptions; 59 <appendix> argL0 ; # io/ballerina/projects/internal/ProjectFiles$$Lambda+0x00000001002d3d48
instanceKlass  @bci io/ballerina/projects/internal/ProjectFiles createBuildOptions (Lio/ballerina/projects/PackageConfig;Lio/ballerina/projects/BuildOptions;Ljava/nio/file/Path;)Lio/ballerina/projects/BuildOptions; 32 <appendix> argL0 ; # io/ballerina/projects/internal/ProjectFiles$$Lambda+0x00000001002d3b18
instanceKlass  @bci io/ballerina/projects/internal/ProjectFiles createBuildOptions (Lio/ballerina/projects/PackageConfig;Lio/ballerina/projects/BuildOptions;Ljava/nio/file/Path;)Lio/ballerina/projects/BuildOptions; 6 <appendix> argL0 ; # io/ballerina/projects/internal/ProjectFiles$$Lambda+0x00000001002d38e8
instanceKlass  @bci io/ballerina/projects/internal/DependencyManifestBuilder diagnostics ()Lio/ballerina/projects/DiagnosticResult; 17 <appendix> member <vmtarget> ; # io/ballerina/projects/internal/DependencyManifestBuilder$$Lambda+0x00000001002d36c0
instanceKlass io/ballerina/projects/internal/DependencyManifestBuilder
instanceKlass io/ballerina/projects/internal/ManifestUtils
instanceKlass  @bci io/ballerina/projects/util/ProjectUtils defaultName (Ljava/nio/file/Path;)Lio/ballerina/projects/PackageName; 9 <appendix> argL0 ; # io/ballerina/projects/util/ProjectUtils$$Lambda+0x00000001002d2a08
instanceKlass io/ballerina/toml/semantic/ast/TomlTransformer$1
instanceKlass org/apache/commons/lang3/Validate
instanceKlass org/apache/commons/lang3/ArrayUtils
instanceKlass org/apache/commons/lang3/Range
instanceKlass  @bci org/apache/commons/text/translate/AggregateTranslator <init> ([Lorg/apache/commons/text/translate/CharSequenceTranslator;)V 42 <appendix> member <vmtarget> ; # org/apache/commons/text/translate/AggregateTranslator$$Lambda+0x00000001002d6b50
instanceKlass  @bci org/apache/commons/text/translate/AggregateTranslator <init> ([Lorg/apache/commons/text/translate/CharSequenceTranslator;)V 23 <appendix> argL0 ; # org/apache/commons/text/translate/AggregateTranslator$$Lambda+0x00000001002d6910
instanceKlass  @bci java/util/Collections$UnmodifiableMap$UnmodifiableEntrySet entryConsumer (Ljava/util/function/Consumer;)Ljava/util/function/Consumer; 1 <appendix> member <vmtarget> ; # java/util/Collections$UnmodifiableMap$UnmodifiableEntrySet$$Lambda+0x00000001001dede8
instanceKlass  @bci org/apache/commons/text/translate/EntityArrays invert (Ljava/util/Map;)Ljava/util/Map; 16 <appendix> argL0 ; # org/apache/commons/text/translate/EntityArrays$$Lambda+0x00000001002d60b8
instanceKlass  @bci org/apache/commons/text/translate/EntityArrays invert (Ljava/util/Map;)Ljava/util/Map; 11 <appendix> argL0 ; # org/apache/commons/text/translate/EntityArrays$$Lambda+0x00000001002d5e88
instanceKlass java/util/Collections$UnmodifiableMap$UnmodifiableEntrySet$UnmodifiableEntrySetSpliterator
instanceKlass org/apache/commons/text/translate/EntityArrays
instanceKlass org/apache/commons/text/translate/CharSequenceTranslator
instanceKlass org/apache/commons/text/StringEscapeUtils
instanceKlass io/ballerina/identifier/Utils
instanceKlass io/ballerina/toml/internal/parser/TomlParser$1
instanceKlass io/ballerina/projects/internal/ManifestBuilder
instanceKlass  @bci io/ballerina/projects/internal/PackageConfigCreator createBuildProjectConfig (Ljava/nio/file/Path;Z)Lio/ballerina/projects/PackageConfig; 95 <appendix> argL0 ; # io/ballerina/projects/internal/PackageConfigCreator$$Lambda+0x00000001002d4000
instanceKlass  @bci io/ballerina/projects/internal/PackageConfigCreator createBuildProjectConfig (Ljava/nio/file/Path;Z)Lio/ballerina/projects/PackageConfig; 74 <appendix> argL0 ; # io/ballerina/projects/internal/PackageConfigCreator$$Lambda+0x00000001002cbc98
instanceKlass  @bci io/ballerina/projects/internal/PackageConfigCreator createBuildProjectConfig (Ljava/nio/file/Path;Z)Lio/ballerina/projects/PackageConfig; 53 <appendix> argL0 ; # io/ballerina/projects/internal/PackageConfigCreator$$Lambda+0x00000001002cba68
instanceKlass  @bci io/ballerina/projects/internal/PackageConfigCreator createBuildProjectConfig (Ljava/nio/file/Path;Z)Lio/ballerina/projects/PackageConfig; 33 <appendix> argL0 ; # io/ballerina/projects/internal/PackageConfigCreator$$Lambda+0x00000001002cb838
instanceKlass io/ballerina/projects/CompilerPluginCache
instanceKlass  @bci org/wso2/ballerinalang/compiler/semantics/analyzer/TypeParamAnalyzer createAnydataType (Lorg/wso2/ballerinalang/compiler/semantics/model/types/BUnionType;Lorg/ballerinalang/model/Name;J)Lorg/wso2/ballerinalang/compiler/semantics/model/types/BAnydataType; 35 <appendix> member <vmtarget> ; # org/wso2/ballerinalang/compiler/semantics/analyzer/TypeParamAnalyzer$$Lambda+0x00000001002cae48
# instanceKlass java/lang/invoke/LambdaForm$MH+0x00000001002d0800
# instanceKlass java/lang/invoke/LambdaForm$MH+0x00000001002d0400
# instanceKlass java/lang/invoke/LambdaForm$MH+0x00000001002d0000
# instanceKlass java/lang/invoke/LambdaForm$MH+0x00000001002cfc00
# instanceKlass java/lang/invoke/LambdaForm$MH+0x00000001002cf800
# instanceKlass java/lang/invoke/LambdaForm$MH+0x00000001002cf400
instanceKlass jdk/internal/math/MathUtils
instanceKlass jdk/internal/math/DoubleToDecimal
instanceKlass io/ballerina/types/EnumerableFloat
# instanceKlass java/lang/invoke/LambdaForm$MH+0x00000001002cf000
instanceKlass  @bci io/ballerina/projects/CompilerPluginManager loadEngagedCompilerPlugins (Ljava/util/List;)Ljava/util/List; 48 <appendix> member <vmtarget> ; # io/ballerina/projects/CompilerPluginManager$$Lambda+0x00000001002ca420
instanceKlass  @cpi io/ballerina/projects/CompilerPluginManager 497 form vmentry <vmtarget> ; # java/lang/invoke/LambdaForm$DMH+0x00000001002cec00
instanceKlass io/ballerina/projects/ModuleDependency
instanceKlass io/ballerina/projects/DependencyManifest$Dependency
instanceKlass org/wso2/ballerinalang/compiler/tree/BLangConstantValue
instanceKlass  @bci org/wso2/ballerinalang/compiler/desugar/Code2CloudDesugar <init> (Lorg/wso2/ballerinalang/compiler/util/CompilerContext;)V 89 <appendix> form vmentry <vmtarget> ; # java/lang/invoke/LambdaForm$MH+0x00000001002ce800
# instanceKlass java/lang/invoke/LambdaForm$MH+0x00000001002ce400
instanceKlass  @bci org/wso2/ballerinalang/compiler/desugar/Code2CloudDesugar <init> (Lorg/wso2/ballerinalang/compiler/util/CompilerContext;)V 89 <appendix> argL3 form vmentry <vmtarget> ; # java/lang/invoke/LambdaForm$MH+0x00000001002ce000
# instanceKlass java/lang/invoke/LambdaForm$MH+0x00000001002cdc00
# instanceKlass java/lang/invoke/LambdaForm$MH+0x00000001002cd800
# instanceKlass java/lang/invoke/LambdaForm$MH+0x00000001002cd400
# instanceKlass java/lang/invoke/LambdaForm$MH+0x00000001002cd000
instanceKlass  @bci org/wso2/ballerinalang/compiler/desugar/Code2CloudDesugar <init> (Lorg/wso2/ballerinalang/compiler/util/CompilerContext;)V 89 <appendix> argL1 form vmentry <vmtarget> ; # java/lang/invoke/LambdaForm$MH+0x00000001002ccc00
# instanceKlass java/lang/invoke/LambdaForm$MH+0x00000001002cc800
# instanceKlass java/lang/invoke/LambdaForm$MH+0x00000001002cc400
# instanceKlass java/lang/invoke/LambdaForm$MH+0x00000001002cc000
instanceKlass org/wso2/ballerinalang/compiler/semantics/model/types/BTypeIdSet$BTypeId
instanceKlass org/wso2/ballerinalang/compiler/semantics/model/types/BObjectType$DistinctIdSupplier
instanceKlass io/ballerina/projects/plugins/codeaction/CodeAction
instanceKlass io/ballerina/projects/plugins/CodeAnalyzer
instanceKlass io/ballerina/projects/plugins/CompilerPlugin
instanceKlass io/ballerina/projects/internal/plugins/CompilerPlugins
instanceKlass  @bci io/ballerina/projects/CompilerPluginManager getDirectDependencies (Lio/ballerina/projects/ResolvedPackageDependency;Lio/ballerina/projects/DependencyGraph;)Ljava/util/List; 10 <appendix> argL0 ; # io/ballerina/projects/CompilerPluginManager$$Lambda+0x00000001002c7d68
instanceKlass io/ballerina/projects/plugins/CompilerPluginContext
instanceKlass io/ballerina/projects/CompilerPluginInfo
instanceKlass io/ballerina/projects/CompilerPluginManager
instanceKlass org/wso2/ballerinalang/compiler/util/CompilerUtils
instanceKlass  @bci org/wso2/ballerinalang/compiler/PackageCache putSymbol (Lorg/ballerinalang/model/elements/PackageID;Lorg/wso2/ballerinalang/compiler/semantics/model/symbols/BPackageSymbol;)V 21 <appendix> argL0 ; # org/wso2/ballerinalang/compiler/PackageCache$$Lambda+0x00000001002c70d8
instanceKlass org/wso2/ballerinalang/compiler/semantics/model/SymbolEnv
instanceKlass  @bci org/wso2/ballerinalang/compiler/BIRPackageSymbolEnter definePackage (Ljava/io/DataInputStream;I)Lorg/wso2/ballerinalang/compiler/semantics/model/symbols/BPackageSymbol; 240 <appendix> member <vmtarget> ; # org/wso2/ballerinalang/compiler/BIRPackageSymbolEnter$$Lambda+0x00000001002c6ca0
instanceKlass org/wso2/ballerinalang/util/AttachPoints$1
instanceKlass org/wso2/ballerinalang/util/AttachPoints
instanceKlass org/ballerinalang/model/elements/AttachPoint
instanceKlass  @bci org/wso2/ballerinalang/compiler/BIRPackageSymbolEnter definePackage (Ljava/io/DataInputStream;I)Lorg/wso2/ballerinalang/compiler/semantics/model/symbols/BPackageSymbol; 226 <appendix> member <vmtarget> ; # org/wso2/ballerinalang/compiler/BIRPackageSymbolEnter$$Lambda+0x00000001002c6078
instanceKlass  @bci org/wso2/ballerinalang/compiler/BIRPackageSymbolEnter definePackage (Ljava/io/DataInputStream;I)Lorg/wso2/ballerinalang/compiler/semantics/model/symbols/BPackageSymbol; 212 <appendix> member <vmtarget> ; # org/wso2/ballerinalang/compiler/BIRPackageSymbolEnter$$Lambda+0x00000001002c5e60
instanceKlass  @bci org/wso2/ballerinalang/compiler/BIRPackageSymbolEnter readTypeDefBodies (Ljava/io/DataInputStream;)V 56 <appendix> member <vmtarget> ; # org/wso2/ballerinalang/compiler/BIRPackageSymbolEnter$$Lambda+0x00000001002c5c48
instanceKlass  @bci org/wso2/ballerinalang/compiler/BIRPackageSymbolEnter readTypeDefBodies (Ljava/io/DataInputStream;)V 42 <appendix> member <vmtarget> ; # org/wso2/ballerinalang/compiler/BIRPackageSymbolEnter$$Lambda+0x00000001002c5a30
instanceKlass  @bci org/wso2/ballerinalang/compiler/BIRPackageSymbolEnter definePackage (Ljava/io/DataInputStream;I)Lorg/wso2/ballerinalang/compiler/semantics/model/symbols/BPackageSymbol; 193 <appendix> member <vmtarget> ; # org/wso2/ballerinalang/compiler/BIRPackageSymbolEnter$$Lambda+0x00000001002c5818
instanceKlass org/ballerinalang/model/elements/MarkdownDocAttachment$Parameter
instanceKlass org/wso2/ballerinalang/compiler/semantics/model/types/BField
instanceKlass org/wso2/ballerinalang/compiler/semantics/model/types/NamedNode
instanceKlass org/ballerinalang/model/types/Field
instanceKlass org/ballerinalang/model/elements/MarkdownDocAttachment
instanceKlass org/wso2/ballerinalang/compiler/BIRPackageSymbolEnter$BIRTypeReader
instanceKlass  @bci org/wso2/ballerinalang/compiler/BIRPackageSymbolEnter definePackage (Ljava/io/DataInputStream;I)Lorg/wso2/ballerinalang/compiler/semantics/model/symbols/BPackageSymbol; 179 <appendix> member <vmtarget> ; # org/wso2/ballerinalang/compiler/BIRPackageSymbolEnter$$Lambda+0x00000001002c4390
instanceKlass  @bci org/wso2/ballerinalang/compiler/BIRPackageSymbolEnter definePackage (Ljava/io/DataInputStream;I)Lorg/wso2/ballerinalang/compiler/semantics/model/symbols/BPackageSymbol; 154 <appendix> member <vmtarget> ; # org/wso2/ballerinalang/compiler/BIRPackageSymbolEnter$$Lambda+0x00000001002c4178
instanceKlass  @bci org/wso2/ballerinalang/util/LambdaExceptionUtils rethrow (Lorg/wso2/ballerinalang/util/LambdaExceptionUtils$ConsumerWithExceptions;)Ljava/util/function/Consumer; 1 <appendix> member <vmtarget> ; # org/wso2/ballerinalang/util/LambdaExceptionUtils$$Lambda+0x00000001002c3f50
instanceKlass org/wso2/ballerinalang/util/LambdaExceptionUtils
instanceKlass  @bci org/wso2/ballerinalang/compiler/BIRPackageSymbolEnter definePackage (Ljava/io/DataInputStream;I)Lorg/wso2/ballerinalang/compiler/semantics/model/symbols/BPackageSymbol; 140 <appendix> member <vmtarget> ; # org/wso2/ballerinalang/compiler/BIRPackageSymbolEnter$$Lambda+0x00000001002c3b40
instanceKlass org/wso2/ballerinalang/util/LambdaExceptionUtils$ConsumerWithExceptions
instanceKlass org/wso2/ballerinalang/compiler/BIRPackageSymbolEnter$1
instanceKlass org/wso2/ballerinalang/programfile/CompiledBinaryFile
instanceKlass org/wso2/ballerinalang/compiler/BIRPackageSymbolEnter$BIRPackageSymbolEnv
instanceKlass org/wso2/ballerinalang/compiler/bir/writer/CPEntry
instanceKlass org/wso2/ballerinalang/compiler/BIRPackageSymbolEnter
instanceKlass org/apache/commons/io/filefilter/IOFileFilter
instanceKlass org/apache/commons/io/file/PathFilter
instanceKlass java/io/FilenameFilter
instanceKlass java/io/FileFilter
instanceKlass org/apache/commons/io/FileUtils
instanceKlass  @bci io/ballerina/projects/Diagnostics filterDiagnostics (Ljava/util/Collection;Lio/ballerina/tools/diagnostics/DiagnosticSeverity;)Ljava/util/Collection; 2 <appendix> member <vmtarget> ; # io/ballerina/projects/Diagnostics$$Lambda+0x00000001002bf158
instanceKlass io/ballerina/projects/Diagnostics
instanceKlass  @bci io/ballerina/projects/Module <init> (Lio/ballerina/projects/ModuleContext;Lio/ballerina/projects/Package;)V 50 <appendix> member <vmtarget> ; # io/ballerina/projects/Module$$Lambda+0x00000001002be908
instanceKlass io/ballerina/projects/Document
instanceKlass  @bci io/ballerina/projects/DependencyGraph toTopologicallySortedList ()Ljava/util/List; 133 <appendix> argL0 ; # io/ballerina/projects/DependencyGraph$$Lambda+0x00000001002be4b8
instanceKlass io/ballerina/projects/PackageResolution$DependencyResolution
instanceKlass  @bci io/ballerina/projects/PackageResolution buildPackageGraph (Lio/ballerina/projects/DependencyGraph;Lio/ballerina/projects/Package;Lio/ballerina/projects/environment/PackageResolver;)Lio/ballerina/projects/DependencyGraph; 368 <appendix> argL0 ; # io/ballerina/projects/PackageResolution$$Lambda+0x00000001002be070
instanceKlass  @bci io/ballerina/projects/PackageResolution buildPackageGraph (Lio/ballerina/projects/DependencyGraph;Lio/ballerina/projects/Package;Lio/ballerina/projects/environment/PackageResolver;)Lio/ballerina/projects/DependencyGraph; 358 <appendix> member <vmtarget> ; # io/ballerina/projects/PackageResolution$$Lambda+0x00000001002bde38
instanceKlass  @bci io/ballerina/projects/PackageResolution buildPackageGraph (Lio/ballerina/projects/DependencyGraph;Lio/ballerina/projects/Package;Lio/ballerina/projects/environment/PackageResolver;)Lio/ballerina/projects/DependencyGraph; 83 <appendix> member <vmtarget> ; # io/ballerina/projects/PackageResolution$$Lambda+0x00000001002bdc00
instanceKlass  @bci io/ballerina/projects/PackageResolution buildPackageGraph (Lio/ballerina/projects/DependencyGraph;Lio/ballerina/projects/Package;Lio/ballerina/projects/environment/PackageResolver;)Lio/ballerina/projects/DependencyGraph; 72 <appendix> member <vmtarget> ; # io/ballerina/projects/PackageResolution$$Lambda+0x00000001002bd9b8
instanceKlass io/ballerina/projects/internal/ResolutionEngine$DependencyNode
instanceKlass io/ballerina/projects/internal/ModuleResolver
instanceKlass  @bci io/ballerina/projects/PackageResolution createModuleResolver (Lio/ballerina/projects/PackageContext;Lio/ballerina/projects/environment/ProjectEnvironment;)Lio/ballerina/projects/internal/ModuleResolver; 25 <appendix> argL0 ; # io/ballerina/projects/PackageResolution$$Lambda+0x00000001002bd330
instanceKlass  @bci io/ballerina/projects/PackageResolution createModuleResolver (Lio/ballerina/projects/PackageContext;Lio/ballerina/projects/environment/ProjectEnvironment;)Lio/ballerina/projects/internal/ModuleResolver; 15 <appendix> member <vmtarget> ; # io/ballerina/projects/PackageResolution$$Lambda+0x00000001002bd0f8
instanceKlass  @bci io/ballerina/projects/internal/BlendedManifest moduleNames (Lio/ballerina/projects/DependencyManifest$Package;)Ljava/util/Collection; 9 <appendix> argL0 ; # io/ballerina/projects/internal/BlendedManifest$$Lambda+0x00000001002bcaa8
instanceKlass io/ballerina/projects/DependencyManifest$Module
instanceKlass io/ballerina/projects/internal/BlendedManifest$Dependency
instanceKlass io/ballerina/projects/internal/BlendedManifest$Repository
instanceKlass io/ballerina/projects/internal/BlendedManifest
instanceKlass io/ballerina/projects/PackageResolution
instanceKlass io/ballerina/compiler/api/SemanticModel
instanceKlass io/ballerina/projects/PackageCompilation
instanceKlass  @bci io/ballerina/projects/Bootstrap loadLangLibFromBala (Lio/ballerina/projects/environment/ResolutionRequest;)V 25 <appendix> argL0 ; # io/ballerina/projects/Bootstrap$$Lambda+0x00000001002bafa8
instanceKlass  @bci io/ballerina/projects/internal/environment/EnvironmentPackageCache cache (Lio/ballerina/projects/Package;)V 43 <appendix> argL0 ; # io/ballerina/projects/internal/environment/EnvironmentPackageCache$$Lambda+0x00000001002ba958
instanceKlass  @bci io/ballerina/projects/internal/environment/EnvironmentPackageCache cache (Lio/ballerina/projects/Package;)V 26 <appendix> argL0 ; # io/ballerina/projects/internal/environment/EnvironmentPackageCache$$Lambda+0x00000001002ba728
instanceKlass  @bci io/ballerina/projects/internal/environment/DefaultPackageResolver resolvePackage (Lio/ballerina/projects/environment/ResolutionRequest;Lio/ballerina/projects/environment/ResolutionOptions;)Lio/ballerina/projects/environment/ResolutionResponse; 30 <appendix> member <vmtarget> ; # io/ballerina/projects/internal/environment/DefaultPackageResolver$$Lambda+0x00000001002ba500
instanceKlass  @bci io/ballerina/projects/Package <init> (Lio/ballerina/projects/PackageContext;Lio/ballerina/projects/Project;)V 108 <appendix> member <vmtarget> ; # io/ballerina/projects/Package$$Lambda+0x00000001002ba2c8
instanceKlass io/ballerina/projects/Resource
instanceKlass  @bci io/ballerina/projects/Package <init> (Lio/ballerina/projects/PackageContext;Lio/ballerina/projects/Project;)V 76 <appendix> member <vmtarget> ; # io/ballerina/projects/Package$$Lambda+0x00000001002b9e60
instanceKlass io/ballerina/projects/Module
instanceKlass  @bci io/ballerina/projects/PackageContext from (Lio/ballerina/projects/Project;Lio/ballerina/projects/PackageConfig;Lio/ballerina/projects/CompilationOptions;)Lio/ballerina/projects/PackageContext; 308 <appendix> argL0 ; # io/ballerina/projects/PackageContext$$Lambda+0x00000001002b99a0
instanceKlass  @bci io/ballerina/projects/PackageContext from (Lio/ballerina/projects/Project;Lio/ballerina/projects/PackageConfig;Lio/ballerina/projects/CompilationOptions;)Lio/ballerina/projects/PackageContext; 289 <appendix> argL0 ; # io/ballerina/projects/PackageContext$$Lambda+0x00000001002b9770
instanceKlass  @bci io/ballerina/projects/PackageContext from (Lio/ballerina/projects/Project;Lio/ballerina/projects/PackageConfig;Lio/ballerina/projects/CompilationOptions;)Lio/ballerina/projects/PackageContext; 270 <appendix> argL0 ; # io/ballerina/projects/PackageContext$$Lambda+0x00000001002b9540
instanceKlass  @bci io/ballerina/projects/PackageContext from (Lio/ballerina/projects/Project;Lio/ballerina/projects/PackageConfig;Lio/ballerina/projects/CompilationOptions;)Lio/ballerina/projects/PackageContext; 251 <appendix> argL0 ; # io/ballerina/projects/PackageContext$$Lambda+0x00000001002b9310
instanceKlass  @bci io/ballerina/projects/PackageContext from (Lio/ballerina/projects/Project;Lio/ballerina/projects/PackageConfig;Lio/ballerina/projects/CompilationOptions;)Lio/ballerina/projects/PackageContext; 232 <appendix> argL0 ; # io/ballerina/projects/PackageContext$$Lambda+0x00000001002b90e0
instanceKlass  @bci io/ballerina/projects/PackageContext from (Lio/ballerina/projects/Project;Lio/ballerina/projects/PackageConfig;Lio/ballerina/projects/CompilationOptions;)Lio/ballerina/projects/PackageContext; 213 <appendix> argL0 ; # io/ballerina/projects/PackageContext$$Lambda+0x00000001002b8eb0
instanceKlass  @bci io/ballerina/projects/ModuleContext from (Lio/ballerina/projects/Project;Lio/ballerina/projects/ModuleConfig;Z)Lio/ballerina/projects/ModuleContext; 150 <appendix> argL0 ; # io/ballerina/projects/ModuleContext$$Lambda+0x00000001002b8c80
instanceKlass io/ballerina/projects/MdDocumentContext
instanceKlass io/ballerina/projects/DocumentContext
instanceKlass io/ballerina/projects/ModuleContext
instanceKlass io/ballerina/projects/PackageContext
instanceKlass io/ballerina/projects/internal/bala/BalaJson
instanceKlass io/ballerina/projects/internal/environment/ProjectPackageCache
instanceKlass io/ballerina/projects/PackageConfig
instanceKlass  @bci io/ballerina/projects/internal/PackageConfigCreator createPackageConfig (Lio/ballerina/projects/internal/PackageData;Lio/ballerina/projects/PackageManifest;Lio/ballerina/projects/DependencyManifest;Lio/ballerina/projects/DependencyGraph;Ljava/util/Map;Z)Lio/ballerina/projects/PackageConfig; 245 <appendix> argL0 ; # io/ballerina/projects/internal/PackageConfigCreator$$Lambda+0x00000001002b58c0
instanceKlass  @bci io/ballerina/projects/internal/PackageConfigCreator createPackageConfig (Lio/ballerina/projects/internal/PackageData;Lio/ballerina/projects/PackageManifest;Lio/ballerina/projects/DependencyManifest;Lio/ballerina/projects/DependencyGraph;Ljava/util/Map;Z)Lio/ballerina/projects/PackageConfig; 156 <appendix> argL0 ; # io/ballerina/projects/internal/PackageConfigCreator$$Lambda+0x00000001002b5690
instanceKlass  @bci io/ballerina/projects/internal/PackageConfigCreator createPackageConfig (Lio/ballerina/projects/internal/PackageData;Lio/ballerina/projects/PackageManifest;Lio/ballerina/projects/DependencyManifest;Lio/ballerina/projects/DependencyGraph;Ljava/util/Map;Z)Lio/ballerina/projects/PackageConfig; 135 <appendix> argL0 ; # io/ballerina/projects/internal/PackageConfigCreator$$Lambda+0x00000001002b5460
instanceKlass  @bci io/ballerina/projects/internal/PackageConfigCreator createPackageConfig (Lio/ballerina/projects/internal/PackageData;Lio/ballerina/projects/PackageManifest;Lio/ballerina/projects/DependencyManifest;Lio/ballerina/projects/DependencyGraph;Ljava/util/Map;Z)Lio/ballerina/projects/PackageConfig; 114 <appendix> argL0 ; # io/ballerina/projects/internal/PackageConfigCreator$$Lambda+0x00000001002b5230
instanceKlass  @bci io/ballerina/projects/internal/PackageConfigCreator createPackageConfig (Lio/ballerina/projects/internal/PackageData;Lio/ballerina/projects/PackageManifest;Lio/ballerina/projects/DependencyManifest;Lio/ballerina/projects/DependencyGraph;Ljava/util/Map;Z)Lio/ballerina/projects/PackageConfig; 93 <appendix> argL0 ; # io/ballerina/projects/internal/PackageConfigCreator$$Lambda+0x00000001002b5000
instanceKlass  @bci io/ballerina/projects/internal/PackageConfigCreator createPackageConfig (Lio/ballerina/projects/internal/PackageData;Lio/ballerina/projects/PackageManifest;Lio/ballerina/projects/DependencyManifest;Lio/ballerina/projects/DependencyGraph;Ljava/util/Map;Z)Lio/ballerina/projects/PackageConfig; 72 <appendix> argL0 ; # io/ballerina/projects/internal/PackageConfigCreator$$Lambda+0x00000001002b7bc0
instanceKlass  @bci java/util/stream/StreamSpliterators$WrappingSpliterator forEachRemaining (Ljava/util/function/Consumer;)V 33 <appendix> member <vmtarget> ; # java/util/stream/StreamSpliterators$WrappingSpliterator$$Lambda+0x00000001001dd1f0
instanceKlass java/util/stream/StreamSpliterators
instanceKlass  @cpi java/util/stream/StreamSpliterators$WrappingSpliterator 151 form vmentry <vmtarget> ; # java/lang/invoke/LambdaForm$DMH+0x00000001002b4800
instanceKlass java/util/stream/Streams$2
instanceKlass java/util/stream/StreamSpliterators$AbstractWrappingSpliterator
instanceKlass  @bci java/util/stream/AbstractPipeline spliterator ()Ljava/util/Spliterator; 103 <appendix> member <vmtarget> ; # java/util/stream/AbstractPipeline$$Lambda+0x00000001001dc6b0
instanceKlass java/util/stream/Streams$ConcatSpliterator
instanceKlass  @bci io/ballerina/projects/internal/PackageConfigCreator createModuleConfig (Lio/ballerina/projects/ModuleDescriptor;Lio/ballerina/projects/internal/ModuleData;Lio/ballerina/projects/PackageId;Ljava/util/List;)Lio/ballerina/projects/ModuleConfig; 39 <appendix> argL0 ; # io/ballerina/projects/internal/PackageConfigCreator$$Lambda+0x00000001002b7990
instanceKlass io/ballerina/projects/DocumentId
instanceKlass  @bci io/ballerina/projects/internal/PackageConfigCreator getDocumentConfigs (Lio/ballerina/projects/ModuleId;Ljava/util/List;)Ljava/util/List; 20 <appendix> member <vmtarget> ; # io/ballerina/projects/internal/PackageConfigCreator$$Lambda+0x00000001002b7558
instanceKlass io/ballerina/projects/DocumentConfig
instanceKlass java/util/stream/SortedOps
instanceKlass  @bci io/ballerina/projects/internal/PackageConfigCreator getDocumentConfigs (Lio/ballerina/projects/ModuleId;Ljava/util/List;)Ljava/util/List; 6 <appendix> argL0 ; # io/ballerina/projects/internal/PackageConfigCreator$$Lambda+0x00000001002b7110
instanceKlass io/ballerina/projects/ModuleId
instanceKlass  @bci io/ballerina/projects/internal/PackageConfigCreator createPackageConfig (Lio/ballerina/projects/internal/PackageData;Lio/ballerina/projects/PackageManifest;Lio/ballerina/projects/DependencyManifest;Lio/ballerina/projects/DependencyGraph;Ljava/util/Map;Z)Lio/ballerina/projects/PackageConfig; 30 <appendix> member <vmtarget> ; # io/ballerina/projects/internal/PackageConfigCreator$$Lambda+0x00000001002b6cd8
instanceKlass io/ballerina/projects/ModuleConfig
instanceKlass java/util/UUID$Holder
instanceKlass io/ballerina/projects/PackageId
instanceKlass io/ballerina/projects/internal/BalaFiles$DependencyGraphResult
instanceKlass  @bci io/ballerina/projects/internal/BalaFiles createModDescriptorList (Ljava/util/List;)Ljava/util/List; 6 <appendix> argL0 ; # io/ballerina/projects/internal/BalaFiles$$Lambda+0x00000001002b6448
instanceKlass io/ballerina/projects/ModuleName
instanceKlass  @bci io/ballerina/projects/internal/BalaFiles createModuleDescDependencies (Ljava/util/List;)Ljava/util/Map; 11 <appendix> argL0 ; # io/ballerina/projects/internal/BalaFiles$$Lambda+0x00000001002b6000
instanceKlass  @bci io/ballerina/projects/internal/BalaFiles createModuleDescDependencies (Ljava/util/List;)Ljava/util/Map; 6 <appendix> argL0 ; # io/ballerina/projects/internal/BalaFiles$$Lambda+0x00000001002b3c98
instanceKlass io/ballerina/projects/ModuleDescriptor
instanceKlass  @bci io/ballerina/projects/DependencyGraph$DependencyGraphBuilder addDependencies (Ljava/lang/Object;Ljava/util/Collection;)Lio/ballerina/projects/DependencyGraph$DependencyGraphBuilder; 14 <appendix> member <vmtarget> ; # io/ballerina/projects/DependencyGraph$DependencyGraphBuilder$$Lambda+0x00000001002b3818
instanceKlass  @cpi io/ballerina/projects/PackageResolution 1170 form vmentry <vmtarget> ; # java/lang/invoke/LambdaForm$DMH+0x00000001002b4400
instanceKlass io/ballerina/projects/DependencyGraph$DependencyGraphBuilder
instanceKlass io/ballerina/projects/DependencyGraph
instanceKlass io/ballerina/projects/internal/PackageData
instanceKlass  @bci io/ballerina/projects/internal/BalaFiles loadOtherModules (Ljava/lang/String;Ljava/nio/file/Path;Lio/ballerina/projects/internal/model/PackageJson;)Ljava/util/List; 67 <appendix> member <vmtarget> ; # io/ballerina/projects/internal/BalaFiles$$Lambda+0x00000001002b2ed8
instanceKlass  @bci io/ballerina/projects/internal/BalaFiles loadOtherModules (Ljava/lang/String;Ljava/nio/file/Path;Lio/ballerina/projects/internal/model/PackageJson;)Ljava/util/List; 54 <appendix> argL0 ; # io/ballerina/projects/internal/BalaFiles$$Lambda+0x00000001002b2ca8
instanceKlass  @bci io/ballerina/projects/internal/BalaFiles loadOtherModules (Ljava/lang/String;Ljava/nio/file/Path;Lio/ballerina/projects/internal/model/PackageJson;)Ljava/util/List; 44 <appendix> argL0 ; # io/ballerina/projects/internal/BalaFiles$$Lambda+0x00000001002b2a68
instanceKlass  @bci io/ballerina/projects/internal/BalaFiles loadOtherModules (Ljava/lang/String;Ljava/nio/file/Path;Lio/ballerina/projects/internal/model/PackageJson;)Ljava/util/List; 34 <appendix> member <vmtarget> ; # io/ballerina/projects/internal/BalaFiles$$Lambda+0x00000001002b2820
instanceKlass  @bci io/ballerina/projects/internal/BalaFiles loadOtherModules (Ljava/lang/String;Ljava/nio/file/Path;Lio/ballerina/projects/internal/model/PackageJson;)Ljava/util/List; 23 <appendix> member <vmtarget> ; # io/ballerina/projects/internal/BalaFiles$$Lambda+0x00000001002b25d8
instanceKlass io/ballerina/projects/internal/ModuleData
instanceKlass  @bci io/ballerina/projects/internal/ProjectFiles loadDocuments (Ljava/nio/file/Path;)Ljava/util/List; 47 <appendix> argL0 ; # io/ballerina/projects/internal/ProjectFiles$$Lambda+0x00000001002b2168
instanceKlass io/ballerina/projects/internal/DocumentData
instanceKlass  @bci io/ballerina/projects/internal/ProjectFiles loadDocuments (Ljava/nio/file/Path;)Ljava/util/List; 37 <appendix> argL0 ; # io/ballerina/projects/internal/ProjectFiles$$Lambda+0x00000001002b1d18
instanceKlass  @bci io/ballerina/projects/internal/ProjectFiles loadDocuments (Ljava/nio/file/Path;)Ljava/util/List; 27 <appendix> member <vmtarget> ; # io/ballerina/projects/internal/ProjectFiles$$Lambda+0x00000001002b1ad0
instanceKlass  @bci java/nio/file/Files walk (Ljava/nio/file/Path;I[Ljava/nio/file/FileVisitOption;)Ljava/util/stream/Stream; 43 <appendix> argL0 ; # java/nio/file/Files$$Lambda+0x00000001001dac38
instanceKlass  @bci java/nio/file/Files walk (Ljava/nio/file/Path;I[Ljava/nio/file/FileVisitOption;)Ljava/util/stream/Stream; 30 <appendix> member <vmtarget> ; # java/nio/file/Files$$Lambda+0x00000001001daa20
instanceKlass  @cpi javax/crypto/spec/SecretKeySpec 161 form vmentry <vmtarget> ; # java/lang/invoke/LambdaForm$DMH+0x00000001002b4000
instanceKlass java/nio/file/FileTreeWalker$Event
instanceKlass java/nio/file/FileTreeWalker$DirectoryNode
instanceKlass java/nio/file/FileTreeWalker
instanceKlass java/nio/file/FileTreeIterator
instanceKlass  @bci io/ballerina/projects/internal/PackageContainer add (Lio/ballerina/projects/PackageOrg;Lio/ballerina/projects/PackageName;Ljava/lang/Object;)V 5 <appendix> argL0 ; # io/ballerina/projects/internal/PackageContainer$$Lambda+0x00000001002b18a0
instanceKlass io/ballerina/projects/internal/PackageContainer
instanceKlass io/ballerina/projects/DependencyManifest
instanceKlass io/ballerina/projects/internal/bala/ModuleDependency
instanceKlass io/ballerina/projects/internal/model/Dependency$Module
instanceKlass com/google/gson/internal/bind/TypeAdapters$EnumTypeAdapter$1
instanceKlass io/ballerina/projects/internal/model/Dependency
instanceKlass io/ballerina/projects/internal/bala/DependencyGraphJson
instanceKlass io/ballerina/projects/PackageManifest
instanceKlass  @bci io/ballerina/projects/internal/BalaFiles getPackageManifest (Lio/ballerina/projects/internal/model/PackageJson;Ljava/util/Optional;Ljava/util/Optional;Ljava/lang/String;)Lio/ballerina/projects/PackageManifest; 121 <appendix> argL0 ; # io/ballerina/projects/internal/BalaFiles$$Lambda+0x00000001002b0218
instanceKlass io/ballerina/projects/internal/bala/BalToolJson
instanceKlass io/ballerina/projects/internal/model/BalToolDescriptor
instanceKlass  @bci io/ballerina/projects/internal/BalaFiles getPackageManifest (Lio/ballerina/projects/internal/model/PackageJson;Ljava/util/Optional;Ljava/util/Optional;Ljava/lang/String;)Lio/ballerina/projects/PackageManifest; 103 <appendix> argL0 ; # io/ballerina/projects/internal/BalaFiles$$Lambda+0x00000001002afb38
instanceKlass  @bci javax/crypto/spec/SecretKeySpec <clinit> ()V 0 <bsm> form vmentry <vmtarget> ; # java/lang/invoke/LambdaForm$DMH+0x00000001002adc00
instanceKlass io/ballerina/projects/internal/bala/CompilerPluginJson
instanceKlass io/ballerina/projects/internal/model/CompilerPluginDescriptor
instanceKlass io/ballerina/projects/PackageManifest$Platform
# instanceKlass java/lang/invoke/LambdaForm$MH+0x00000001002ad800
# instanceKlass java/lang/invoke/LambdaForm$MH+0x00000001002ad400
instanceKlass jdk/internal/vm/annotation/ForceInline
instanceKlass sun/misc/Unsafe
instanceKlass com/google/gson/internal/UnsafeAllocator
instanceKlass  @bci jdk/internal/reflect/DirectMethodHandleAccessor invokeImpl (Ljava/lang/Object;[Ljava/lang/Object;Ljava/lang/Class;)Ljava/lang/Object; 136 <adapter> ; # java/lang/invoke/LambdaForm$MH+0x00000001002ad000
# instanceKlass com/google/gson/internal/reflect/ReflectionHelper$RecordSupportedHelper$$InjectedInvoker+0x00000001002acc00
instanceKlass java/lang/invoke/MethodHandleImpl$BindCaller$InjectedInvokerHolder
instanceKlass java/lang/invoke/MethodHandleImpl$BindCaller
# instanceKlass java/lang/invoke/LambdaForm$MH+0x00000001002ac800
# instanceKlass java/lang/invoke/LambdaForm$MH+0x00000001002ac400
instanceKlass java/lang/Short$ShortCache
instanceKlass io/ballerina/projects/internal/model/LocalDependency
instanceKlass com/google/gson/internal/ConstructorConstructor$9
instanceKlass io/ballerina/projects/internal/model/PlatformLibrary
instanceKlass com/google/gson/internal/ConstructorConstructor$13
instanceKlass com/google/gson/internal/$Gson$Types$ParameterizedTypeImpl
instanceKlass com/google/gson/annotations/SerializedName
instanceKlass com/google/gson/internal/ConstructorConstructor$19
# instanceKlass java/lang/invoke/LambdaForm$MH+0x00000001002ac000
instanceKlass java/lang/reflect/AnnotatedType
instanceKlass com/google/gson/internal/reflect/ReflectionHelper$RecordHelper
instanceKlass com/google/gson/internal/reflect/ReflectionHelper
instanceKlass com/google/gson/internal/ReflectionAccessFilterHelper
instanceKlass com/google/gson/annotations/JsonAdapter
instanceKlass io/ballerina/projects/internal/model/PackageJson
instanceKlass io/ballerina/projects/internal/BalaFiles
instanceKlass io/ballerina/projects/internal/ProjectFiles
instanceKlass io/ballerina/projects/ResourceConfig
instanceKlass io/ballerina/projects/internal/PackageConfigCreator
instanceKlass io/ballerina/projects/repos/FileSystemCache$FileSystemCacheFactory
instanceKlass sun/util/resources/Bundles$2
instanceKlass sun/util/resources/Bundles$CacheKeyReference
instanceKlass  @bci java/util/ResourceBundle$ResourceBundleProviderHelper newResourceBundle (Ljava/lang/Class;)Ljava/util/ResourceBundle; 22 <appendix> member <vmtarget> ; # java/util/ResourceBundle$ResourceBundleProviderHelper$$Lambda+0x00000001001d67d0
instanceKlass java/util/ResourceBundle$ResourceBundleProviderHelper
instanceKlass java/util/ArrayList$SubList$1
instanceKlass  @bci sun/util/cldr/CLDRLocaleProviderAdapter applyAliases (Ljava/util/Locale;)Ljava/util/Locale; 4 <appendix> argL0 ; # sun/util/cldr/CLDRLocaleProviderAdapter$$Lambda+0x00000001001d57d0
instanceKlass sun/util/resources/LocaleData$LocaleDataResourceBundleProvider
instanceKlass java/util/spi/ResourceBundleProvider
instanceKlass sun/util/resources/Bundles$CacheKey
instanceKlass sun/util/resources/LocaleData$LocaleDataStrategy
instanceKlass sun/util/resources/Bundles$Strategy
instanceKlass sun/util/resources/LocaleData$1
instanceKlass sun/util/resources/LocaleData
instanceKlass sun/util/locale/provider/LocaleResources
instanceKlass java/util/Locale$Builder
instanceKlass sun/util/locale/provider/CalendarDataUtility
instanceKlass sun/util/locale/provider/AvailableLanguageTags
instanceKlass  @bci sun/util/locale/provider/JRELocaleProviderAdapter getDecimalFormatSymbolsProvider ()Ljava/text/spi/DecimalFormatSymbolsProvider; 8 <appendix> member <vmtarget> ; # sun/util/locale/provider/JRELocaleProviderAdapter$$Lambda+0x00000001001d39e8
instanceKlass sun/util/resources/cldr/provider/CLDRLocaleDataMetaInfo
instanceKlass  @bci sun/util/cldr/CLDRLocaleProviderAdapter <init> ()V 4 <appendix> argL0 ; # sun/util/cldr/CLDRLocaleProviderAdapter$$Lambda+0x00000001001d37d8
instanceKlass sun/util/locale/InternalLocaleBuilder$CaseInsensitiveChar
instanceKlass sun/util/locale/InternalLocaleBuilder
instanceKlass sun/util/locale/StringTokenIterator
instanceKlass sun/util/locale/ParseStatus
instanceKlass sun/util/locale/LanguageTag
instanceKlass sun/util/cldr/CLDRBaseLocaleDataMetaInfo
instanceKlass sun/util/locale/provider/LocaleDataMetaInfo
instanceKlass sun/util/locale/provider/ResourceBundleBasedAdapter
instanceKlass sun/util/locale/provider/LocaleProviderAdapter
instanceKlass java/util/spi/LocaleServiceProvider
instanceKlass java/text/DecimalFormatSymbols
instanceKlass  @bci io/ballerina/projects/internal/environment/EnvironmentPackageCache getPackage (Lio/ballerina/projects/PackageOrg;Lio/ballerina/projects/PackageName;Lio/ballerina/projects/PackageVersion;)Ljava/util/Optional; 48 <appendix> argL0 ; # io/ballerina/projects/internal/environment/EnvironmentPackageCache$$Lambda+0x00000001002a92d8
instanceKlass  @bci io/ballerina/projects/internal/environment/DefaultPackageResolver resolvePackages (Ljava/util/Collection;Lio/ballerina/projects/environment/ResolutionOptions;)Ljava/util/Collection; 21 <appendix> member <vmtarget> ; # io/ballerina/projects/internal/environment/DefaultPackageResolver$$Lambda+0x00000001002a90a0
instanceKlass io/ballerina/projects/environment/ResolutionResponse
instanceKlass io/ballerina/projects/environment/ResolutionOptions$ResolutionOptionBuilder
instanceKlass io/ballerina/projects/environment/ResolutionOptions
instanceKlass io/ballerina/projects/environment/ResolutionRequest
instanceKlass io/ballerina/projects/PackageDescriptor
instanceKlass com/github/zafarkhaja/semver/MetadataVersion
instanceKlass com/github/zafarkhaja/semver/NormalVersion
instanceKlass com/github/zafarkhaja/semver/util/Stream
instanceKlass com/github/zafarkhaja/semver/util/Stream$ElementType
instanceKlass com/github/zafarkhaja/semver/VersionParser
instanceKlass com/github/zafarkhaja/semver/Parser
instanceKlass com/github/zafarkhaja/semver/Version$BuildAwareOrder
instanceKlass com/github/zafarkhaja/semver/Version
instanceKlass io/ballerina/projects/PackageVersion
instanceKlass org/wso2/ballerinalang/compiler/SourceDirectory
instanceKlass org/wso2/ballerinalang/compiler/semantics/model/TypeVisitor
instanceKlass org/wso2/ballerinalang/compiler/util/Unifier
instanceKlass org/wso2/ballerinalang/compiler/semantics/model/types/BTypeVisitor
instanceKlass org/wso2/ballerinalang/compiler/tree/BLangNodeAnalyzer
instanceKlass org/wso2/ballerinalang/compiler/parser/BLangMissingNodesHelper
instanceKlass org/wso2/ballerinalang/compiler/semantics/analyzer/TypeResolver
instanceKlass org/wso2/ballerinalang/compiler/semantics/analyzer/TypeParamAnalyzer
instanceKlass org/wso2/ballerinalang/compiler/semantics/model/symbols/BAttachedFunction
instanceKlass org/ballerinalang/model/symbols/AnnotationSymbol
instanceKlass org/wso2/ballerinalang/compiler/tree/BLangNodeVisitor
instanceKlass org/wso2/ballerinalang/util/Flags$1
instanceKlass java/util/RegularEnumSet$EnumSetIterator
instanceKlass org/wso2/ballerinalang/util/Flags
instanceKlass org/wso2/ballerinalang/compiler/util/ImmutableTypeCloner
instanceKlass io/ballerina/types/subtypedata/BooleanSubtype
instanceKlass org/wso2/ballerinalang/compiler/semantics/model/types/BErrorType$DistinctIdSupplier
instanceKlass org/wso2/ballerinalang/compiler/semantics/model/types/BTypeIdSet
instanceKlass  @bci org/wso2/ballerinalang/compiler/util/CompilerUtils getPackageIDStringWithMajorVersion (Lorg/ballerinalang/model/elements/PackageID;)Ljava/lang/String; 114 <appendix> form vmentry <vmtarget> ; # java/lang/invoke/LambdaForm$MH+0x0000000100296400
# instanceKlass java/lang/invoke/LambdaForm$MH+0x0000000100296000
instanceKlass  @bci org/wso2/ballerinalang/compiler/util/CompilerUtils getPackageIDStringWithMajorVersion (Lorg/ballerinalang/model/elements/PackageID;)Ljava/lang/String; 114 <appendix> argL3 form vmentry <vmtarget> ; # java/lang/invoke/LambdaForm$MH+0x0000000100295c00
# instanceKlass java/lang/invoke/LambdaForm$MH+0x0000000100295800
# instanceKlass java/lang/invoke/LambdaForm$MH+0x0000000100295400
# instanceKlass java/lang/invoke/LambdaForm$MH+0x0000000100295000
# instanceKlass java/lang/invoke/LambdaForm$MH+0x0000000100294c00
instanceKlass  @bci org/wso2/ballerinalang/compiler/util/CompilerUtils getPackageIDStringWithMajorVersion (Lorg/ballerinalang/model/elements/PackageID;)Ljava/lang/String; 114 <appendix> argL1 form vmentry <vmtarget> ; # java/lang/invoke/LambdaForm$MH+0x0000000100294800
# instanceKlass java/lang/invoke/LambdaForm$MH+0x0000000100294400
# instanceKlass java/lang/invoke/LambdaForm$MH+0x0000000100294000
# instanceKlass java/lang/invoke/LambdaForm$MH+0x0000000100293c00
instanceKlass  @bci io/ballerina/types/definition/MappingDefinition define (Lio/ballerina/types/Env;Ljava/util/List;Lio/ballerina/types/CellSemType;)Lio/ballerina/types/SemType; 30 <appendix> argL0 ; # io/ballerina/types/definition/MappingDefinition$$Lambda+0x000000010028d200
instanceKlass  @bci io/ballerina/types/definition/MappingDefinition define (Lio/ballerina/types/Env;Ljava/util/List;Lio/ballerina/types/CellSemType;)Lio/ballerina/types/SemType; 12 <appendix> argL0 ; # io/ballerina/types/definition/MappingDefinition$$Lambda+0x000000010028cff0
instanceKlass io/ballerina/types/definition/SplitField
instanceKlass  @bci java/util/Comparator comparing (Ljava/util/function/Function;)Ljava/util/Comparator; 6 <appendix> member <vmtarget> ; # java/util/Comparator$$Lambda+0x00000001001d04e0
instanceKlass  @bci java/lang/invoke/BootstrapMethodInvoker invoke (Ljava/lang/Class;Ljava/lang/invoke/MethodHandle;Ljava/lang/String;Ljava/lang/Object;Ljava/lang/Object;Ljava/lang/Class;)Ljava/lang/Object; 462 <adapter> ; # java/lang/invoke/LambdaForm$MH+0x0000000100293800
instanceKlass  @cpi java/util/Comparator 259 form vmentry <vmtarget> ; # java/lang/invoke/LambdaForm$DMH+0x0000000100293400
instanceKlass  @bci io/ballerina/types/definition/MappingDefinition splitFields (Ljava/util/List;)Lio/ballerina/types/definition/SplitField; 16 <appendix> argL0 ; # io/ballerina/types/definition/MappingDefinition$$Lambda+0x000000010028cbc0
instanceKlass  @bci io/ballerina/types/definition/MappingDefinition splitFields (Ljava/util/List;)Lio/ballerina/types/definition/SplitField; 1 <appendix> argL0 ; # io/ballerina/types/definition/MappingDefinition$$Lambda+0x000000010028c9b0
instanceKlass  @bci io/ballerina/types/CellAtomicType equals (Ljava/lang/Object;)Z 2 <adapter> ; # java/lang/invoke/LambdaForm$MH+0x0000000100293000
# instanceKlass java/lang/invoke/LambdaForm$MH+0x0000000100292c00
instanceKlass  @bci io/ballerina/types/CellAtomicType equals (Ljava/lang/Object;)Z 2 <appendix> form vmentry <vmtarget> ; # java/lang/invoke/LambdaForm$MH+0x0000000100292800
instanceKlass  @bci io/ballerina/types/CellAtomicType equals (Ljava/lang/Object;)Z 2 <appendix> argL1 form vmentry <vmtarget> ; # java/lang/invoke/LambdaForm$MH+0x0000000100292400
instanceKlass  @bci io/ballerina/types/CellAtomicType equals (Ljava/lang/Object;)Z 2 <appendix> form names 9 function resolvedHandle form vmentry <vmtarget> ; # java/lang/invoke/LambdaForm$MH+0x0000000100292000
instanceKlass  @bci io/ballerina/types/CellAtomicType equals (Ljava/lang/Object;)Z 2 <appendix> form names 9 function resolvedHandle form names 5 function resolvedHandle form vmentry <vmtarget> ; # java/lang/invoke/LambdaForm$DMH+0x0000000100291c00
# instanceKlass java/lang/invoke/LambdaForm$DMH+0x0000000100291800
instanceKlass java/lang/invoke/MethodHandleImpl$LoopClauses
instanceKlass java/lang/invoke/MethodHandleImpl$CasesHolder
# instanceKlass java/lang/invoke/LambdaForm$MH+0x0000000100291400
# instanceKlass java/lang/invoke/LambdaForm$MH+0x0000000100291000
# instanceKlass java/lang/invoke/LambdaForm$MH+0x0000000100290c00
instanceKlass  @bci io/ballerina/types/CellAtomicType equals (Ljava/lang/Object;)Z 2 <appendix> form names 7 function resolvedHandle form vmentry <vmtarget> ; # java/lang/invoke/LambdaForm$DMH+0x0000000100290800
# instanceKlass java/lang/invoke/LambdaForm$MH+0x0000000100290400
# instanceKlass java/lang/invoke/LambdaForm$MH+0x0000000100290000
instanceKlass io/ballerina/types/subtypedata/CellSubtype
instanceKlass  @bci io/ballerina/types/definition/ListDefinition defineListTypeWrapped (Lio/ballerina/types/Env;Ljava/util/List;ILio/ballerina/types/SemType;Lio/ballerina/types/CellAtomicType$CellMutability;)Lio/ballerina/types/SemType; 28 <appendix> member <vmtarget> ; # io/ballerina/types/definition/ListDefinition$$Lambda+0x000000010028c198
instanceKlass java/util/AbstractList$RandomAccessSpliterator
instanceKlass io/ballerina/types/subtypedata/TableSubtype
instanceKlass  @bci org/wso2/ballerinalang/compiler/semantics/model/types/BTableType semTypeInner ()Lio/ballerina/types/SemType; 139 <appendix> argL0 ; # org/wso2/ballerinalang/compiler/semantics/model/types/BTableType$$Lambda+0x000000010028bd90
instanceKlass io/ballerina/types/definition/MappingDefinition
instanceKlass io/ballerina/types/definition/ListDefinition
instanceKlass io/ballerina/types/Definition
instanceKlass org/wso2/ballerinalang/compiler/semantics/model/types/BTupleMember
instanceKlass org/wso2/ballerinalang/compiler/semantics/model/symbols/Symbols
instanceKlass  @bci java/util/stream/Collectors toCollection (Ljava/util/function/Supplier;)Ljava/util/stream/Collector; 10 <appendix> argL0 ; # java/util/stream/Collectors$$Lambda+0x00000001001cf2a0
instanceKlass  @bci java/util/stream/Collectors toCollection (Ljava/util/function/Supplier;)Ljava/util/stream/Collector; 5 <appendix> argL0 ; # java/util/stream/Collectors$$Lambda+0x00000001001cf080
instanceKlass  @bci org/wso2/ballerinalang/compiler/semantics/model/types/BUnionType toFlatTypeSet (Ljava/util/LinkedHashSet;)Ljava/util/LinkedHashSet; 14 <appendix> argL0 ; # org/wso2/ballerinalang/compiler/semantics/model/types/BUnionType$$Lambda+0x000000010028acc0
instanceKlass  @bci org/wso2/ballerinalang/compiler/semantics/model/types/BUnionType toFlatTypeSet (Ljava/util/LinkedHashSet;)Ljava/util/LinkedHashSet; 4 <appendix> argL0 ; # org/wso2/ballerinalang/compiler/semantics/model/types/BUnionType$$Lambda+0x000000010028aa90
instanceKlass java/lang/Byte$ByteCache
instanceKlass org/wso2/ballerinalang/compiler/semantics/model/Scope$ScopeEntry
instanceKlass org/ballerinalang/model/ScopeEntry
instanceKlass org/wso2/ballerinalang/compiler/semantics/model/Scope
instanceKlass org/ballerinalang/model/Scope
instanceKlass org/wso2/ballerinalang/compiler/diagnostic/BLangDiagnosticLocation
instanceKlass org/wso2/ballerinalang/compiler/diagnostic/DiagnosticComparator
instanceKlass org/ballerinalang/model/tree/expressions/CollectContextInvocationNode
instanceKlass org/ballerinalang/model/TreeBuilder
instanceKlass org/wso2/ballerinalang/compiler/parser/BLangAnonymousModelHelper
instanceKlass org/ballerinalang/model/symbols/ConstantSymbol
instanceKlass io/ballerina/compiler/api/symbols/ServiceAttachPoint
instanceKlass io/ballerina/compiler/api/symbols/PathParameterSymbol
instanceKlass io/ballerina/compiler/api/symbols/resourcepath/util/PathSegment
instanceKlass io/ballerina/compiler/api/symbols/ParameterSymbol
instanceKlass io/ballerina/compiler/api/values/ConstantValue
instanceKlass io/ballerina/compiler/api/symbols/AnnotationSymbol
instanceKlass io/ballerina/compiler/api/symbols/FunctionSymbol
instanceKlass io/ballerina/compiler/api/symbols/Documentable
instanceKlass io/ballerina/compiler/api/symbols/Annotatable
instanceKlass io/ballerina/compiler/api/symbols/Deprecatable
instanceKlass io/ballerina/compiler/api/symbols/AnnotationAttachmentSymbol
instanceKlass io/ballerina/compiler/api/impl/SymbolFactory
instanceKlass io/ballerina/compiler/api/symbols/ObjectTypeSymbol
instanceKlass io/ballerina/compiler/api/symbols/Qualifiable
instanceKlass io/ballerina/compiler/api/symbols/XMLTypeSymbol
instanceKlass io/ballerina/compiler/api/symbols/IntTypeSymbol
instanceKlass io/ballerina/compiler/api/symbols/TypeSymbol
instanceKlass io/ballerina/compiler/api/impl/symbols/TypesFactory
instanceKlass org/wso2/ballerinalang/compiler/PackageCache
instanceKlass java/util/ResourceBundle$Control$2
instanceKlass sun/util/resources/Bundles
instanceKlass java/util/ResourceBundle$CacheKeyReference
instanceKlass java/util/ResourceBundle$CacheKey
instanceKlass  @bci java/util/ResourceBundle getLoader (Ljava/lang/Module;)Ljava/lang/ClassLoader; 6 <appendix> member <vmtarget> ; # java/util/ResourceBundle$$Lambda+0x00000001001cd490
instanceKlass java/util/ResourceBundle$Control
instanceKlass jdk/internal/foreign/MemorySessionImpl
instanceKlass java/lang/foreign/MemorySegment$Scope
instanceKlass  @bci java/util/ResourceBundle$ResourceBundleControlProviderHolder lambda$static$0 ()Ljava/util/List; 11 <appendix> argL0 ; # java/util/ResourceBundle$ResourceBundleControlProviderHolder$$Lambda+0x00000001001cc980
instanceKlass java/util/spi/ResourceBundleControlProvider
instanceKlass  @bci java/util/ResourceBundle$ResourceBundleControlProviderHolder <clinit> ()V 0 <appendix> argL0 ; # java/util/ResourceBundle$ResourceBundleControlProviderHolder$$Lambda+0x00000001001cc580
instanceKlass java/util/ResourceBundle$ResourceBundleControlProviderHolder
instanceKlass java/util/ResourceBundle$1
instanceKlass jdk/internal/access/JavaUtilResourceBundleAccess
instanceKlass java/util/ResourceBundle
instanceKlass io/ballerina/tools/diagnostics/DiagnosticProperty
instanceKlass io/ballerina/compiler/api/symbols/Symbol
instanceKlass org/wso2/ballerinalang/compiler/diagnostic/BLangDiagnosticLog
instanceKlass org/ballerinalang/util/diagnostic/DiagnosticLog
instanceKlass io/ballerina/types/Context
instanceKlass  @bci io/ballerina/types/PredefinedTypeEnv initializeEnv (Lio/ballerina/types/Env;)V 44 <appendix> member <vmtarget> ; # io/ballerina/types/PredefinedTypeEnv$$Lambda+0x0000000100283e18
instanceKlass  @bci io/ballerina/types/PredefinedTypeEnv initializeEnv (Lio/ballerina/types/Env;)V 29 <appendix> member <vmtarget> ; # io/ballerina/types/PredefinedTypeEnv$$Lambda+0x0000000100283bf0
instanceKlass io/ballerina/types/Env
instanceKlass java/math/MathContext
instanceKlass org/wso2/ballerinalang/compiler/semantics/analyzer/Types
instanceKlass io/ballerina/types/Common
instanceKlass io/ballerina/types/typeops/XmlOps
instanceKlass io/ballerina/types/typeops/StringOps
instanceKlass io/ballerina/types/typeops/CommonOps
instanceKlass io/ballerina/types/typeops/IntOps
instanceKlass io/ballerina/types/typeops/BooleanOps
instanceKlass io/ballerina/types/typeops/BasicTypeOpsPanicImpl
instanceKlass io/ballerina/types/BasicTypeOps
instanceKlass io/ballerina/types/CommonBasicTypeOps
instanceKlass io/ballerina/types/IsEmptyOp
instanceKlass io/ballerina/types/OpsTable
instanceKlass io/ballerina/types/SemTypes
instanceKlass io/ballerina/types/typeops/SubtypePair
instanceKlass io/ballerina/types/typeops/UnpackComplexSemType
instanceKlass io/ballerina/types/typeops/SubtypePairIterator
instanceKlass io/ballerina/types/typeops/SubtypePairs
instanceKlass io/ballerina/types/CellSemType
instanceKlass  @bci io/ballerina/types/FixedLengthArray hashCode ()I 1 <appendix> argL1 form vmentry <vmtarget> ; # java/lang/invoke/LambdaForm$MH+0x000000010027e000
instanceKlass  @bci io/ballerina/types/FixedLengthArray hashCode ()I 1 <appendix> argL1 form names 5 function resolvedHandle form vmentry <vmtarget> ; # java/lang/invoke/LambdaForm$DMH+0x000000010027dc00
# instanceKlass java/lang/invoke/LambdaForm$MH+0x000000010027d800
# instanceKlass java/lang/invoke/LambdaForm$MH+0x000000010027d400
# instanceKlass java/lang/invoke/LambdaForm$MH+0x000000010027d000
# instanceKlass java/lang/invoke/LambdaForm$MH+0x000000010027cc00
# instanceKlass java/lang/invoke/LambdaForm$MH+0x000000010027c800
instanceKlass  @bci io/ballerina/types/ListAtomicType hashCode ()I 1 <adapter> ; # java/lang/invoke/LambdaForm$MH+0x000000010027c400
instanceKlass  @bci io/ballerina/types/ListAtomicType hashCode ()I 1 <appendix> form vmentry <vmtarget> ; # java/lang/invoke/LambdaForm$MH+0x000000010027c000
# instanceKlass java/lang/invoke/LambdaForm$MH+0x000000010027bc00
# instanceKlass java/lang/invoke/LambdaForm$MH+0x000000010027b800
instanceKlass  @bci io/ballerina/types/ListAtomicType hashCode ()I 1 <appendix> form names 7 function resolvedHandle form vmentry <vmtarget> ; # java/lang/invoke/LambdaForm$DMH+0x000000010027b400
instanceKlass  @bci io/ballerina/types/ListAtomicType hashCode ()I 1 <appendix> argL2 argL2 form vmentry <vmtarget> ; # java/lang/invoke/LambdaForm$MH+0x000000010027b000
instanceKlass  @bci java/lang/runtime/ObjectMethods bootstrap (Ljava/lang/invoke/MethodHandles$Lookup;Ljava/lang/String;Ljava/lang/invoke/TypeDescriptor;Ljava/lang/Class;Ljava/lang/String;[Ljava/lang/invoke/MethodHandle;)Ljava/lang/Object; 37 <appendix> argL0 ; # java/lang/runtime/ObjectMethods$$Lambda+0x00000001001caea0
instanceKlass java/lang/invoke/DirectMethodHandle$1
# instanceKlass java/lang/invoke/LambdaForm$DMH+0x000000010027ac00
# instanceKlass java/lang/invoke/LambdaForm$DMH+0x000000010027a800
# instanceKlass java/lang/invoke/LambdaForm$DMH+0x000000010027a400
# instanceKlass java/lang/invoke/LambdaForm$DMH+0x000000010027a000
# instanceKlass java/lang/invoke/LambdaForm$DMH+0x0000000100279c00
# instanceKlass java/lang/invoke/LambdaForm$DMH+0x0000000100279800
# instanceKlass java/lang/invoke/LambdaForm$DMH+0x0000000100279400
# instanceKlass java/lang/invoke/LambdaForm$DMH+0x0000000100279000
# instanceKlass java/lang/invoke/LambdaForm$DMH+0x0000000100278c00
# instanceKlass java/lang/invoke/LambdaForm$DMH+0x0000000100278800
instanceKlass  @cpi okhttp3/CipherSuite 523 form vmentry <vmtarget> ; # java/lang/invoke/LambdaForm$DMH+0x0000000100278400
instanceKlass  @cpi io/ballerina/projects/internal/ResolutionEngine 710 form vmentry <vmtarget> ; # java/lang/invoke/LambdaForm$DMH+0x0000000100278000
# instanceKlass java/lang/invoke/LambdaForm$DMH+0x0000000100273c00
instanceKlass java/lang/runtime/ObjectMethods$1
# instanceKlass java/lang/invoke/LambdaForm$MH+0x0000000100273800
instanceKlass sun/invoke/util/ValueConversions$WrapperCache
# instanceKlass java/lang/invoke/LambdaForm$MH+0x0000000100273400
# instanceKlass java/lang/invoke/LambdaForm$MH+0x0000000100273000
# instanceKlass java/lang/invoke/LambdaForm$MH+0x0000000100272c00
# instanceKlass java/lang/invoke/LambdaForm$MH+0x0000000100272800
# instanceKlass java/lang/invoke/LambdaForm$MH+0x0000000100272400
# instanceKlass java/lang/invoke/LambdaForm$MH+0x0000000100272000
# instanceKlass java/lang/invoke/LambdaForm$DMH+0x0000000100271c00
# instanceKlass java/lang/invoke/LambdaForm$DMH+0x0000000100271800
instanceKlass java/lang/invoke/MethodHandleImpl$ArrayAccessor
# instanceKlass java/lang/invoke/LambdaForm$MH+0x0000000100271400
# instanceKlass java/lang/invoke/LambdaForm$MH+0x0000000100271000
# instanceKlass java/lang/invoke/LambdaForm$DMH+0x0000000100270c00
instanceKlass java/lang/invoke/MethodHandleImpl$Makers$2
instanceKlass java/lang/invoke/MethodHandleImpl$Makers$1
instanceKlass java/lang/invoke/MethodHandleImpl$Makers
instanceKlass  @bci java/lang/invoke/BootstrapMethodInvoker invoke (Ljava/lang/Class;Ljava/lang/invoke/MethodHandle;Ljava/lang/String;Ljava/lang/Object;Ljava/lang/Object;Ljava/lang/Class;)Ljava/lang/Object; 862 <adapter> ; # java/lang/invoke/LambdaForm$MH+0x0000000100270800
# instanceKlass java/lang/invoke/LambdaForm$DMH+0x0000000100270400
instanceKlass java/lang/runtime/ObjectMethods
instanceKlass io/ballerina/types/subtypedata/BddNode
instanceKlass io/ballerina/types/typeops/BddCommonOps
instanceKlass io/ballerina/types/RecAtom
instanceKlass io/ballerina/types/Core
instanceKlass io/ballerina/types/subtypedata/AllOrNothingSubtype
instanceKlass io/ballerina/types/subtypedata/BddAllOrNothing
instanceKlass io/ballerina/types/Bdd
instanceKlass io/ballerina/types/subtypedata/XmlSubtype
instanceKlass io/ballerina/types/EnumerableSubtype
instanceKlass io/ballerina/types/EnumerableCharString
instanceKlass io/ballerina/types/EnumerableString
instanceKlass io/ballerina/types/EnumerableType
instanceKlass io/ballerina/types/subtypedata/StringSubtype
instanceKlass  @bci io/ballerina/types/ComplexSemType createComplexSemType (ILjava/util/List;)Lio/ballerina/types/ComplexSemType; 73 <appendix> argL0 ; # io/ballerina/types/ComplexSemType$$Lambda+0x000000010026d960
instanceKlass io/ballerina/types/BasicSubtype
instanceKlass io/ballerina/types/subtypedata/Range
instanceKlass io/ballerina/types/subtypedata/IntSubtype
# instanceKlass java/lang/invoke/LambdaForm$MH+0x0000000100270000
instanceKlass io/ballerina/types/BasicTypeCode
instanceKlass io/ballerina/types/BasicTypeBitSet$BitSetCache
instanceKlass io/ballerina/types/BasicTypeBitSet
instanceKlass io/ballerina/types/AtomicType
instanceKlass io/ballerina/types/PredefinedTypeEnv
instanceKlass io/ballerina/types/ComplexSemType
instanceKlass io/ballerina/types/ProperSubtypeData
instanceKlass io/ballerina/types/SubtypeData
instanceKlass io/ballerina/types/Atom
instanceKlass io/ballerina/types/PredefinedType
instanceKlass  @bci org/ballerinalang/model/elements/PackageID createNameComps (Lorg/wso2/ballerinalang/compiler/util/Name;)Ljava/util/List; 33 <appendix> argL0 ; # org/ballerinalang/model/elements/PackageID$$Lambda+0x000000010026ad00
instanceKlass  @bci org/ballerinalang/model/elements/PackageID <init> (Lorg/wso2/ballerinalang/compiler/util/Name;Ljava/util/List;Lorg/wso2/ballerinalang/compiler/util/Name;)V 50 <appendix> argL0 ; # org/ballerinalang/model/elements/PackageID$$Lambda+0x000000010026aad0
instanceKlass org/ballerinalang/model/elements/PackageID
instanceKlass io/ballerina/types/SemType
instanceKlass org/ballerinalang/model/types/NoType
instanceKlass org/wso2/ballerinalang/compiler/semantics/model/SymbolTable
instanceKlass org/ballerinalang/model/types/IntersectionType
instanceKlass org/ballerinalang/model/symbols/AnnotationAttachmentSymbol
instanceKlass org/ballerinalang/model/types/RecordType
instanceKlass org/ballerinalang/model/types/ObjectType
instanceKlass org/ballerinalang/model/types/ArrayType
instanceKlass org/ballerinalang/model/types/UnionType
instanceKlass org/ballerinalang/model/types/ErrorType
instanceKlass org/ballerinalang/model/symbols/VariableSymbol
instanceKlass org/ballerinalang/model/symbols/InvokableSymbol
instanceKlass org/ballerinalang/model/symbols/Annotatable
instanceKlass org/ballerinalang/model/types/InvokableType
instanceKlass org/ballerinalang/model/types/StreamType
instanceKlass org/ballerinalang/model/types/ConstrainedType
instanceKlass org/ballerinalang/model/types/TableType
instanceKlass org/ballerinalang/model/types/TupleType
instanceKlass org/ballerinalang/model/types/SelectivelyImmutableReferenceType
instanceKlass org/wso2/ballerinalang/compiler/semantics/model/types/BType
instanceKlass org/ballerinalang/model/types/ValueType
instanceKlass org/ballerinalang/model/types/Type
instanceKlass org/ballerinalang/model/symbols/TypeSymbol
instanceKlass org/wso2/ballerinalang/compiler/semantics/model/symbols/BSymbol
instanceKlass org/ballerinalang/model/symbols/Symbol
instanceKlass org/ballerinalang/model/tree/expressions/GroupExpressionNode
instanceKlass org/ballerinalang/model/tree/expressions/IgnoreNode
instanceKlass org/ballerinalang/model/tree/expressions/InferredTypedescDefaultNode
instanceKlass org/ballerinalang/model/tree/expressions/IndexBasedAccessNode
instanceKlass org/ballerinalang/model/tree/statements/ConstantNode
instanceKlass org/ballerinalang/model/tree/expressions/CommitExpressionNode
instanceKlass org/ballerinalang/model/tree/expressions/CheckPanickedExpressionNode
instanceKlass org/ballerinalang/model/tree/expressions/AnnotAccessNode
instanceKlass org/ballerinalang/model/tree/expressions/ArrowFunctionNode
instanceKlass org/ballerinalang/model/tree/expressions/BinaryExpressionNode
instanceKlass org/ballerinalang/model/tree/expressions/CheckedExpressionNode
instanceKlass org/ballerinalang/model/tree/expressions/FieldBasedAccessNode
instanceKlass org/ballerinalang/model/tree/expressions/ErrorVariableReferenceNode
instanceKlass org/ballerinalang/model/tree/expressions/DynamicArgNode
instanceKlass org/ballerinalang/model/tree/expressions/ElvisExpressionNode
instanceKlass org/ballerinalang/model/tree/expressions/ErrorConstructorExpressionNode
instanceKlass org/ballerinalang/model/tree/expressions/RawTemplateLiteralNode
instanceKlass org/ballerinalang/model/tree/expressions/QueryExpressionNode
instanceKlass org/ballerinalang/model/tree/expressions/MatchGuard
instanceKlass org/ballerinalang/model/tree/expressions/NamedArgNode
instanceKlass org/ballerinalang/model/tree/statements/QueryActionNode
instanceKlass org/ballerinalang/model/tree/expressions/RecordVariableReferenceNode
instanceKlass org/ballerinalang/model/tree/expressions/RecordLiteralNode
instanceKlass org/ballerinalang/model/tree/expressions/RecordLiteralNode$RecordKeyValueFieldNode
instanceKlass org/ballerinalang/model/tree/expressions/RecordLiteralNode$RecordVarNameFieldNode
instanceKlass org/ballerinalang/model/tree/expressions/RecordLiteralNode$RecordSpreadOperatorFieldNode
instanceKlass org/ballerinalang/model/tree/expressions/RecordLiteralNode$RecordField
instanceKlass org/ballerinalang/model/tree/expressions/LetExpressionNode
instanceKlass org/ballerinalang/model/tree/expressions/LambdaFunctionNode
instanceKlass org/ballerinalang/model/tree/expressions/IsLikeExpressionNode
instanceKlass org/ballerinalang/model/tree/expressions/InvocationNode
instanceKlass org/ballerinalang/model/tree/expressions/IsAssignableNode
instanceKlass org/ballerinalang/model/tree/expressions/MarkDownDocumentationDeprecationAttributeNode
instanceKlass org/ballerinalang/model/tree/expressions/MarkdownDocumentationTextAttributeNode
instanceKlass org/ballerinalang/model/tree/expressions/MarkdownDocumentationParameterAttributeNode
instanceKlass org/ballerinalang/model/tree/expressions/MarkdownDocumentationReturnParameterAttributeNode
instanceKlass org/ballerinalang/model/tree/expressions/ListConstructorExprNode
instanceKlass org/ballerinalang/model/tree/expressions/LiteralNode
instanceKlass org/ballerinalang/model/tree/expressions/MarkDownDocumentationDeprecatedParametersAttributeNode
instanceKlass org/ballerinalang/model/tree/SimpleVariableNode
instanceKlass org/ballerinalang/model/tree/ServiceNode
instanceKlass org/ballerinalang/model/tree/RetrySpecNode
instanceKlass org/ballerinalang/model/tree/RecordVariableNode
instanceKlass org/ballerinalang/model/tree/RecordVariableNode$BLangRecordVariableKeyValueNode
instanceKlass org/ballerinalang/model/tree/TypeDefinition
instanceKlass org/ballerinalang/model/tree/TableKeySpecifierNode
instanceKlass org/ballerinalang/model/tree/TableKeyTypeConstraintNode
instanceKlass org/ballerinalang/model/tree/TupleVariableNode
instanceKlass org/ballerinalang/model/tree/ErrorVariableNode$ErrorDetailEntry
instanceKlass org/ballerinalang/model/tree/ErrorVariableNode
instanceKlass org/ballerinalang/model/tree/VariableNode
instanceKlass org/ballerinalang/model/tree/CompilationUnitNode
instanceKlass org/ballerinalang/model/tree/AnnotationNode
instanceKlass org/ballerinalang/model/tree/AnnotationAttachmentNode
instanceKlass org/ballerinalang/model/tree/BlockFunctionBodyNode
instanceKlass org/ballerinalang/model/tree/ClassDefinition
instanceKlass org/ballerinalang/model/tree/OrderedNode
instanceKlass org/ballerinalang/model/tree/ImportPackageNode
instanceKlass org/ballerinalang/model/tree/MarkdownDocumentationNode
instanceKlass org/ballerinalang/model/tree/MarkdownDocumentationReferenceAttributeNode
instanceKlass org/ballerinalang/model/tree/PackageNode
instanceKlass org/ballerinalang/model/tree/ExprFunctionBodyNode
instanceKlass org/ballerinalang/model/tree/ExternalFunctionBodyNode
instanceKlass org/ballerinalang/model/tree/FunctionBodyNode
instanceKlass org/ballerinalang/model/tree/FunctionNode
instanceKlass org/ballerinalang/model/tree/InvokableNode
instanceKlass org/ballerinalang/model/tree/DocumentableNode
instanceKlass org/ballerinalang/model/tree/IdentifierNode
instanceKlass org/ballerinalang/model/clauses/OnFailClauseNode
instanceKlass org/ballerinalang/model/clauses/OnConflictClauseNode
instanceKlass org/ballerinalang/model/clauses/OnClauseNode
instanceKlass org/ballerinalang/model/clauses/LetClauseNode
instanceKlass org/ballerinalang/model/clauses/LimitClauseNode
instanceKlass org/ballerinalang/model/clauses/MatchClauseNode
instanceKlass org/ballerinalang/model/clauses/WhereClauseNode
instanceKlass org/ballerinalang/model/clauses/CollectClauseNode
instanceKlass org/ballerinalang/model/clauses/SelectClauseNode
instanceKlass org/ballerinalang/model/clauses/OrderByClauseNode
instanceKlass org/ballerinalang/model/clauses/OrderKeyNode
instanceKlass org/ballerinalang/model/clauses/GroupByClauseNode
instanceKlass org/ballerinalang/model/clauses/GroupingKeyNode
instanceKlass org/ballerinalang/model/tree/bindingpattern/FieldBindingPatternNode
instanceKlass org/ballerinalang/model/tree/bindingpattern/ErrorMessageBindingPatternNode
instanceKlass org/ballerinalang/model/tree/bindingpattern/ErrorFieldBindingPatternsNode
instanceKlass org/ballerinalang/model/tree/XMLNSDeclarationNode
instanceKlass org/ballerinalang/model/tree/TopLevelNode
instanceKlass org/ballerinalang/model/tree/bindingpattern/CaptureBindingPatternNode
instanceKlass org/ballerinalang/model/tree/bindingpattern/ErrorBindingPatternNode
instanceKlass org/ballerinalang/model/tree/bindingpattern/ErrorCauseBindingPatternNode
instanceKlass org/ballerinalang/model/tree/bindingpattern/SimpleBindingPatternNode
instanceKlass org/ballerinalang/model/tree/bindingpattern/WildCardBindingPatternNode
instanceKlass org/ballerinalang/model/clauses/DoClauseNode
instanceKlass org/ballerinalang/model/clauses/InputClauseNode
instanceKlass org/ballerinalang/model/tree/bindingpattern/ListBindingPatternNode
instanceKlass org/ballerinalang/model/tree/bindingpattern/MappingBindingPatternNode
instanceKlass org/ballerinalang/model/tree/bindingpattern/NamedArgBindingPatternNode
instanceKlass org/ballerinalang/model/tree/bindingpattern/BindingPatternNode
instanceKlass org/ballerinalang/model/tree/bindingpattern/RestBindingPatternNode
instanceKlass org/ballerinalang/model/tree/statements/LockNode
instanceKlass org/ballerinalang/model/tree/statements/IfNode
instanceKlass org/ballerinalang/model/tree/statements/ExpressionStatementNode
instanceKlass org/ballerinalang/model/tree/statements/FailStatementNode
instanceKlass org/ballerinalang/model/tree/statements/ForeachNode
instanceKlass org/ballerinalang/model/tree/statements/ForkJoinNode
instanceKlass org/ballerinalang/model/tree/RetryTransactionNode
instanceKlass org/ballerinalang/model/tree/statements/RetryNode
instanceKlass org/ballerinalang/model/tree/statements/MatchStatementNode
instanceKlass org/ballerinalang/model/tree/statements/PanicNode
instanceKlass org/ballerinalang/model/tree/statements/RecordDestructureNode
instanceKlass org/ballerinalang/model/tree/matchpatterns/WildCardMatchPatternNode
instanceKlass org/ballerinalang/model/tree/matchpatterns/VarBindingPatternMatchPatternNode
instanceKlass org/ballerinalang/model/tree/matchpatterns/SimpleMatchPatternNode
instanceKlass org/ballerinalang/model/tree/matchpatterns/ListMatchPatternNode
instanceKlass org/ballerinalang/model/tree/matchpatterns/MappingMatchPatternNode
instanceKlass org/ballerinalang/model/tree/matchpatterns/NamedArgMatchPatternNode
instanceKlass org/ballerinalang/model/tree/matchpatterns/RestMatchPatternNode
instanceKlass org/ballerinalang/model/tree/statements/ContinueNode
instanceKlass org/ballerinalang/model/tree/statements/DoNode
instanceKlass org/ballerinalang/model/tree/statements/ErrorDestructureNode
instanceKlass org/ballerinalang/model/tree/statements/AssignmentNode
instanceKlass org/ballerinalang/model/tree/statements/BlockStatementNode
instanceKlass org/ballerinalang/model/tree/BlockNode
instanceKlass org/ballerinalang/model/tree/statements/BreakNode
instanceKlass org/ballerinalang/model/tree/statements/CompoundAssignmentNode
instanceKlass org/ballerinalang/model/tree/types/TupleTypeNode
instanceKlass org/ballerinalang/model/tree/types/TableTypeNode
instanceKlass org/ballerinalang/model/tree/types/StreamTypeNode
instanceKlass org/ballerinalang/model/tree/types/IntersectionTypeNode
instanceKlass org/ballerinalang/model/tree/types/ObjectTypeNode
instanceKlass org/ballerinalang/model/tree/types/RecordTypeNode
instanceKlass org/ballerinalang/model/tree/types/StructureTypeNode
instanceKlass org/ballerinalang/model/tree/types/UnionTypeNode
instanceKlass org/ballerinalang/model/tree/types/UserDefinedTypeNode
instanceKlass org/ballerinalang/model/tree/types/ValueTypeNode
instanceKlass org/ballerinalang/model/tree/statements/WhileNode
instanceKlass org/ballerinalang/model/tree/statements/TupleDestructureNode
instanceKlass org/ballerinalang/model/tree/statements/ReturnNode
instanceKlass org/ballerinalang/model/tree/statements/RollbackNode
instanceKlass org/ballerinalang/model/tree/statements/VariableDefinitionNode
instanceKlass org/ballerinalang/model/tree/statements/TransactionNode
instanceKlass org/ballerinalang/model/tree/types/ConstrainedTypeNode
instanceKlass org/ballerinalang/model/tree/types/ErrorTypeNode
instanceKlass org/ballerinalang/model/tree/types/FiniteTypeNode
instanceKlass org/ballerinalang/model/tree/types/FunctionTypeNode
instanceKlass org/ballerinalang/model/tree/statements/XMLNSDeclStatementNode
instanceKlass org/ballerinalang/model/tree/statements/StatementNode
instanceKlass org/ballerinalang/model/tree/types/ArrayTypeNode
instanceKlass org/ballerinalang/model/tree/types/BuiltInReferenceTypeNode
instanceKlass org/ballerinalang/model/tree/types/ReferenceTypeNode
instanceKlass org/ballerinalang/model/tree/types/TypeNode
instanceKlass org/ballerinalang/model/tree/expressions/ReDisjunctionNode
instanceKlass org/ballerinalang/model/tree/expressions/ReCapturingGroupsNode
instanceKlass org/ballerinalang/model/tree/expressions/ReAssertionNode
instanceKlass org/ballerinalang/model/tree/expressions/ReQuantifierNode
instanceKlass org/ballerinalang/model/tree/expressions/ReCharacterClassNode
instanceKlass org/ballerinalang/model/tree/expressions/ReCharSetNode
instanceKlass org/ballerinalang/model/tree/expressions/ReCharSetRangeNode
instanceKlass org/ballerinalang/model/tree/expressions/TupleVariableReferenceNode
instanceKlass org/ballerinalang/model/tree/expressions/TrapExpressionNode
instanceKlass org/ballerinalang/model/tree/expressions/TransactionalExpressionNode
instanceKlass org/ballerinalang/model/tree/expressions/ReFlagsOnOffNode
instanceKlass org/ballerinalang/model/tree/expressions/ReFlagExpressionNode
instanceKlass org/ballerinalang/model/tree/expressions/TableConstructorExprNode
instanceKlass org/ballerinalang/model/tree/expressions/TernaryExpressionNode
instanceKlass org/ballerinalang/model/tree/expressions/RecordVariableReferenceNode$BLangRecordVarRefKeyValueNode
instanceKlass org/ballerinalang/model/tree/NodeEntry
instanceKlass org/ballerinalang/model/tree/expressions/RestArgsNode
instanceKlass org/ballerinalang/model/tree/expressions/ServiceConstructorNode
instanceKlass org/ballerinalang/model/tree/expressions/RegExpTemplateLiteralNode
instanceKlass org/ballerinalang/model/tree/expressions/ReSequenceNode
instanceKlass org/ballerinalang/model/tree/expressions/ReTermNode
instanceKlass org/ballerinalang/model/tree/expressions/ReAtomQuantifierNode
instanceKlass org/ballerinalang/model/tree/expressions/ReAtomNode
instanceKlass org/ballerinalang/model/tree/expressions/ReAtomCharOrEscapeNode
instanceKlass org/ballerinalang/model/tree/expressions/SimpleVariableReferenceNode
instanceKlass org/ballerinalang/model/tree/expressions/StatementExpressionNode
instanceKlass org/ballerinalang/model/tree/expressions/StringTemplateLiteralNode
instanceKlass org/ballerinalang/model/tree/expressions/XMLQuotedStringNode
instanceKlass org/ballerinalang/model/tree/expressions/XMLQNameNode
instanceKlass org/ballerinalang/model/tree/expressions/XMLProcessingInstructionLiteralNode
instanceKlass org/ballerinalang/model/tree/expressions/XMLElementAccess
instanceKlass org/ballerinalang/model/tree/expressions/XMLElementFilter
instanceKlass org/ballerinalang/model/tree/expressions/XMLElementLiteralNode
instanceKlass org/ballerinalang/model/tree/expressions/XMLNavigationAccess
instanceKlass org/ballerinalang/model/tree/expressions/VariableReferenceNode
instanceKlass org/ballerinalang/model/tree/matchpatterns/ErrorFieldMatchPatternsNode
instanceKlass org/ballerinalang/model/tree/matchpatterns/ErrorMatchPatternNode
instanceKlass org/ballerinalang/model/tree/matchpatterns/ErrorMessageMatchPatternNode
instanceKlass org/ballerinalang/model/tree/matchpatterns/FieldMatchPatternNode
instanceKlass org/ballerinalang/model/tree/expressions/XMLTextLiteralNode
instanceKlass org/ballerinalang/model/tree/matchpatterns/ConstPatternNode
instanceKlass org/ballerinalang/model/tree/matchpatterns/MatchPatternNode
instanceKlass org/ballerinalang/model/tree/matchpatterns/ErrorCauseMatchPatternNode
instanceKlass org/ballerinalang/model/tree/expressions/WaitForAllExpressionNode
instanceKlass org/ballerinalang/model/tree/expressions/WaitExpressionNode
instanceKlass org/ballerinalang/model/tree/expressions/UnaryExpressionNode
instanceKlass org/ballerinalang/model/tree/expressions/TypeConversionNode
instanceKlass org/ballerinalang/model/tree/AnnotatableNode
instanceKlass org/ballerinalang/model/tree/expressions/TypedescExpressionNode
instanceKlass org/ballerinalang/model/tree/expressions/TypeInitNode
instanceKlass org/ballerinalang/model/tree/expressions/TypeTestExpressionNode
instanceKlass org/ballerinalang/model/tree/expressions/WorkerSendExpressionNode
instanceKlass org/ballerinalang/model/tree/expressions/XMLAttributeNode
instanceKlass org/ballerinalang/model/tree/expressions/XMLCommentLiteralNode
instanceKlass org/ballerinalang/model/tree/expressions/XMLLiteralNode
instanceKlass org/ballerinalang/model/tree/expressions/WaitForAllExpressionNode$WaitKeyValueNode
instanceKlass org/ballerinalang/model/tree/expressions/WorkerFlushExpressionNode
instanceKlass org/ballerinalang/model/tree/statements/WorkerReceiveNode
instanceKlass org/ballerinalang/model/tree/expressions/ExpressionNode
instanceKlass org/ballerinalang/model/tree/ActionNode
instanceKlass org/wso2/ballerinalang/compiler/tree/BLangNode
instanceKlass org/ballerinalang/model/tree/Node
instanceKlass org/wso2/ballerinalang/compiler/tree/BLangNodeTransformer
instanceKlass io/ballerina/projects/Bootstrap
instanceKlass org/wso2/ballerinalang/compiler/util/CompilerOptions
instanceKlass org/wso2/ballerinalang/compiler/util/CompilerContext
instanceKlass io/ballerina/projects/internal/environment/DefaultPackageResolver
instanceKlass  @bci io/ballerina/projects/environment/EnvironmentBuilder build ()Lio/ballerina/projects/environment/Environment; 99 <appendix> argL0 ; # io/ballerina/projects/environment/EnvironmentBuilder$$Lambda+0x0000000100216888
instanceKlass  @bci io/ballerina/projects/environment/EnvironmentBuilder build ()Lio/ballerina/projects/environment/Environment; 94 <appendix> argL0 ; # io/ballerina/projects/environment/EnvironmentBuilder$$Lambda+0x0000000100216658
instanceKlass io/ballerina/projects/internal/repositories/CustomPkgRepositoryContainer
instanceKlass okhttp3/MediaType
instanceKlass org/ballerinalang/central/client/LogFormatter
instanceKlass okhttp3/RequestBody
instanceKlass okhttp3/Interceptor
instanceKlass io/ballerina/projects/internal/repositories/RemotePackageRepository
instanceKlass io/ballerina/projects/internal/model/Repository
instanceKlass io/ballerina/projects/internal/model/Central
instanceKlass io/ballerina/projects/internal/model/Proxy
instanceKlass com/google/gson/internal/Primitives
instanceKlass com/google/gson/internal/bind/JsonTreeReader$2
instanceKlass com/google/gson/internal/LinkedTreeMap$LinkedTreeMapIterator
instanceKlass com/google/gson/internal/LinkedTreeMap$Node
instanceKlass com/google/gson/internal/LinkedTreeMap$1
instanceKlass com/google/gson/internal/bind/TypeAdapters$35
instanceKlass com/google/gson/internal/Streams
instanceKlass com/google/gson/internal/bind/TreeTypeAdapter$GsonContextImpl
instanceKlass com/google/gson/internal/JsonReaderInternalAccess
instanceKlass com/google/gson/internal/bind/ReflectiveTypeAdapterFactory$BoundField
instanceKlass com/google/gson/internal/bind/ReflectiveTypeAdapterFactory
instanceKlass com/google/gson/internal/bind/JsonAdapterAnnotationTypeAdapterFactory
instanceKlass com/google/gson/internal/bind/MapTypeAdapterFactory
instanceKlass com/google/gson/internal/bind/CollectionTypeAdapterFactory
instanceKlass com/google/gson/internal/bind/ArrayTypeAdapter$1
instanceKlass com/google/gson/internal/bind/DateTypeAdapter$1
instanceKlass java/util/concurrent/atomic/AtomicLongArray
instanceKlass com/google/gson/internal/bind/NumberTypeAdapter$1
instanceKlass com/google/gson/internal/bind/ObjectTypeAdapter$1
instanceKlass com/google/gson/internal/bind/TypeAdapters$29
instanceKlass com/google/gson/internal/bind/TypeAdapters$33
instanceKlass java/util/Calendar
instanceKlass com/google/gson/internal/bind/TypeAdapters$34
instanceKlass java/util/concurrent/atomic/AtomicIntegerArray
instanceKlass com/google/gson/internal/bind/TypeAdapters$32
instanceKlass com/google/gson/internal/bind/TypeAdapters$31
instanceKlass com/google/gson/internal/bind/TypeAdapters
instanceKlass com/google/gson/internal/ObjectConstructor
instanceKlass com/google/gson/internal/ConstructorConstructor
instanceKlass com/google/gson/internal/sql/SqlTimestampTypeAdapter$1
instanceKlass com/google/gson/internal/sql/SqlTimeTypeAdapter$1
instanceKlass com/google/gson/internal/sql/SqlDateTypeAdapter$1
instanceKlass java/text/Format
instanceKlass com/google/gson/internal/bind/DefaultDateTypeAdapter$DateType
instanceKlass com/google/gson/internal/sql/SqlTypesSupport
instanceKlass com/google/gson/internal/bind/TreeTypeAdapter$SingleTypeFactory
instanceKlass com/google/gson/JsonDeserializationContext
instanceKlass com/google/gson/JsonSerializationContext
instanceKlass java/lang/reflect/WildcardType
instanceKlass com/google/gson/internal/$Gson$Types
instanceKlass com/google/gson/reflect/TypeToken
instanceKlass com/google/gson/InstanceCreator
instanceKlass com/google/gson/internal/$Gson$Preconditions
instanceKlass com/google/gson/JsonSerializer
instanceKlass io/ballerina/toml/validator/schema/SchemaDeserializer
instanceKlass com/google/gson/JsonDeserializer
instanceKlass com/google/gson/stream/JsonReader
instanceKlass com/google/gson/stream/JsonWriter
instanceKlass com/google/gson/ToNumberStrategy
instanceKlass com/google/gson/Gson
instanceKlass com/google/gson/TypeAdapter
instanceKlass com/google/gson/internal/Excluder
instanceKlass com/google/gson/TypeAdapterFactory
instanceKlass com/google/gson/FieldNamingStrategy
instanceKlass com/google/gson/GsonBuilder
instanceKlass io/ballerina/toml/validator/schema/AbstractSchema
instanceKlass io/ballerina/projects/util/FileUtils
instanceKlass io/ballerina/toml/semantic/ast/TomlNodeVisitor
instanceKlass io/ballerina/toml/validator/TomlValidator
instanceKlass io/ballerina/projects/DiagnosticResult
instanceKlass io/ballerina/projects/internal/SettingsBuilder
instanceKlass io/ballerina/projects/internal/environment/BallerinaUserHome
instanceKlass io/ballerina/projects/internal/environment/EnvironmentPackageCache
instanceKlass io/ballerina/projects/internal/environment/WritablePackageCache
instanceKlass io/ballerina/projects/internal/repositories/AbstractPackageRepository
instanceKlass io/ballerina/projects/internal/environment/BallerinaDistribution
instanceKlass io/ballerina/projects/environment/Environment
instanceKlass io/ballerina/projects/environment/PackageResolver
instanceKlass io/ballerina/projects/environment/PackageRepository
instanceKlass io/ballerina/projects/environment/PackageCache
instanceKlass io/ballerina/projects/environment/EnvironmentBuilder
instanceKlass io/ballerina/projects/environment/ProjectEnvironment
instanceKlass io/ballerina/projects/CompilationCache
instanceKlass io/ballerina/projects/ProjectEnvironmentBuilder
instanceKlass io/ballerina/cli/utils/FileUtils
instanceKlass io/ballerina/projects/CompilationOptions$CompilationOptionsBuilder
instanceKlass io/ballerina/projects/CompilationOptions
instanceKlass io/ballerina/projects/BuildOptions$BuildOptionsBuilder
instanceKlass  @bci io/ballerina/cli/launcher/Main main ([Ljava/lang/String;)V 6 <appendix> argL0 ; # io/ballerina/cli/launcher/Main$$Lambda+0x00000001001b9df8
instanceKlass  @cpi io/ballerina/cli/launcher/Main 466 form vmentry <vmtarget> ; # java/lang/invoke/LambdaForm$DMH+0x00000001001bc400
instanceKlass picocli/CommandLine$ParseResult$GroupValidationResult
instanceKlass  @bci jdk/internal/reflect/MethodHandleBooleanFieldAccessorImpl setBoolean (Ljava/lang/Object;Z)V 41 <adapter> ; # java/lang/invoke/LambdaForm$MH+0x00000001001bc000
instanceKlass picocli/CommandLine$ParseResult$GroupMatch
instanceKlass picocli/CommandLine$ParseResult$GroupMatchContainer
instanceKlass picocli/CommandLine$ParseResult$Builder
instanceKlass picocli/CommandLine$ParseResult
instanceKlass io/ballerina/cli/launcher/Main$HomeCmd
instanceKlass io/ballerina/cli/launcher/Main$VersionCmd
instanceKlass java/util/Collections$UnmodifiableMap$UnmodifiableEntrySet$UnmodifiableEntry
instanceKlass io/ballerina/cli/launcher/Main$HelpCmd
instanceKlass org/ballerinalang/debugadapter/cmd/DebugAdapterStartCmd
instanceKlass org/ballerinalang/langserver/cmd/LangServerSpecCmd
instanceKlass org/ballerinalang/langserver/cmd/LangServerStartCmd
instanceKlass org/ballerinalang/semver/checker/cmd/SemverCmd
instanceKlass java/util/Collections$ReverseComparator2
instanceKlass java/util/Collections$ReverseComparator
instanceKlass picocli/CommandLine$Help$ShortestFirst
instanceKlass org/slf4j/spi/DefaultLoggingEventBuilder
instanceKlass org/slf4j/spi/CallerBoundaryAware
instanceKlass org/slf4j/helpers/SubstituteLogger
instanceKlass org/slf4j/spi/LoggingEventBuilder
instanceKlass org/slf4j/helpers/AbstractLogger
instanceKlass org/slf4j/spi/LocationAwareLogger
instanceKlass org/slf4j/jul/JDK14LoggerFactory
instanceKlass org/slf4j/jul/JULServiceProvider
instanceKlass org/slf4j/helpers/Util
instanceKlass org/slf4j/helpers/NOPMDCAdapter
instanceKlass org/slf4j/helpers/NOPLoggerFactory
instanceKlass org/slf4j/helpers/NOP_FallbackServiceProvider
instanceKlass org/slf4j/helpers/ThreadLocalMapOfStacks
instanceKlass org/slf4j/helpers/BasicMDCAdapter
instanceKlass org/slf4j/Marker
instanceKlass org/slf4j/helpers/BasicMarkerFactory
instanceKlass java/util/concurrent/LinkedBlockingQueue$Node
instanceKlass org/slf4j/Logger
instanceKlass org/slf4j/helpers/SubstituteLoggerFactory
instanceKlass org/slf4j/ILoggerFactory
instanceKlass org/slf4j/spi/MDCAdapter
instanceKlass org/slf4j/IMarkerFactory
instanceKlass org/slf4j/helpers/SubstituteServiceProvider
instanceKlass org/slf4j/event/LoggingEvent
instanceKlass org/slf4j/spi/SLF4JServiceProvider
instanceKlass org/slf4j/LoggerFactory
instanceKlass io/ballerina/protoc/protobuf/cmd/GrpcCmd
instanceKlass io/ballerina/persist/introspect/Introspector
instanceKlass io/ballerina/persist/models/Index
instanceKlass io/ballerina/persist/models/MigrationDataHolder
instanceKlass io/ballerina/persist/models/Entity
instanceKlass io/ballerina/persist/models/Module
instanceKlass io/ballerina/persist/configuration/PersistConfiguration
instanceKlass io/ballerina/projects/PackageDependency
instanceKlass io/ballerina/projects/Package
instanceKlass io/ballerina/persist/cmd/Pull
instanceKlass io/ballerina/persist/cmd/Add
instanceKlass io/ballerina/persist/cmd/Migrate
instanceKlass io/ballerina/persist/cmd/Push
instanceKlass io/ballerina/persist/cmd/Generate
instanceKlass io/ballerina/persist/cmd/Init
instanceKlass io/ballerina/persist/cmd/PersistCmd
instanceKlass io/ballerina/openapi/service/mapper/diagnostic/OpenAPIMapperDiagnostic
instanceKlass io/ballerina/openapi/cmd/BallerinaCodeGenerator
instanceKlass io/swagger/v3/oas/models/Operation
instanceKlass io/swagger/v3/oas/models/PathItem
instanceKlass io/swagger/v3/oas/models/OpenAPI
instanceKlass io/ballerina/openapi/core/generators/common/model/Filter
instanceKlass  @bci jdk/internal/reflect/MethodHandleObjectFieldAccessorImpl set (Ljava/lang/Object;Ljava/lang/Object;)V 41 <adapter> ; # java/lang/invoke/LambdaForm$MH+0x00000001001b0000
instanceKlass java/util/Collections$UnmodifiableMap$UnmodifiableEntrySet$1
instanceKlass io/ballerina/openapi/cmd/CmdOptions
instanceKlass io/ballerina/openapi/cmd/SubCmdBase
instanceKlass io/ballerina/openapi/cmd/Add
instanceKlass io/ballerina/openapi/cmd/BaseCmd
instanceKlass io/ballerina/openapi/cmd/OpenApiCmd
instanceKlass io/ballerina/graphql/cmd/pojo/Config
instanceKlass io/ballerina/graphql/generator/CodeGenerator
instanceKlass org/yaml/snakeyaml/constructor/BaseConstructor
instanceKlass io/ballerina/graphql/generator/GraphqlProject
instanceKlass io/ballerina/graphql/cmd/GraphqlCmd
instanceKlass org/ballerinalang/formatter/cli/FormatCmd
instanceKlass io/ballerina/cli/TaskExecutor
instanceKlass io/ballerina/cli/cmd/ProfileCommand
instanceKlass io/ballerina/projects/BalToolsManifest$Tool
instanceKlass io/ballerina/projects/SemanticVersion
instanceKlass org/wso2/ballerinalang/compiler/util/Name
instanceKlass org/ballerinalang/model/Name
instanceKlass org/wso2/ballerinalang/compiler/util/CompilerContext$Key
instanceKlass org/wso2/ballerinalang/compiler/util/Names
instanceKlass io/ballerina/cli/cmd/ToolCommand
instanceKlass io/ballerina/cli/cmd/DeprecateCommand
instanceKlass io/ballerina/cli/cmd/GraphCommand
# instanceKlass java/lang/invoke/LambdaForm$MH+0x00000001001a5800
instanceKlass io/ballerina/cli/cmd/PackCommand
instanceKlass  @bci jdk/internal/reflect/MethodHandleLongFieldAccessorImpl getLong (Ljava/lang/Object;)J 20 <adapter> ; # java/lang/invoke/LambdaForm$MH+0x00000001001a5400
# instanceKlass java/lang/invoke/LambdaForm$MH+0x00000001001a5000
# instanceKlass java/lang/invoke/LambdaForm$BMH+0x00000001001a4c00
# instanceKlass java/lang/invoke/LambdaForm$DMH+0x00000001001a4800
# instanceKlass java/lang/invoke/LambdaForm$MH+0x00000001001a4400
# instanceKlass java/lang/invoke/LambdaForm$BMH+0x00000001001a4000
instanceKlass io/ballerina/cli/cmd/ShellCommand
instanceKlass io/ballerina/cli/cmd/CleanCommand
instanceKlass io/ballerina/cli/cmd/AddCommand
instanceKlass io/ballerina/cli/cmd/SearchCommand
instanceKlass io/ballerina/projects/DependencyManifest$Package
instanceKlass org/ballerinalang/maven/bala/client/MavenResolverClient
instanceKlass io/ballerina/projects/PackageOrg
instanceKlass io/ballerina/projects/PackageName
instanceKlass org/ballerinalang/central/client/CentralAPIClient
instanceKlass io/ballerina/projects/CompilerBackend$TargetPlatform
instanceKlass com/google/gson/JsonElement
instanceKlass io/ballerina/cli/cmd/PushCommand
instanceKlass io/ballerina/projects/Settings
instanceKlass io/ballerina/cli/cmd/PullCommand
instanceKlass io/ballerina/cli/cmd/NewCommand
instanceKlass jdk/nio/zipfs/ZipFileSystem$END
instanceKlass jdk/nio/zipfs/ZipConstants
instanceKlass java/nio/channels/spi/AbstractInterruptibleChannel$1
instanceKlass sun/nio/ch/Interruptible
instanceKlass sun/nio/fs/WindowsChannelFactory$2
instanceKlass java/nio/file/attribute/PosixFileAttributeView
instanceKlass jdk/nio/zipfs/ZipFileAttributeView
instanceKlass jdk/nio/zipfs/ZipPath
instanceKlass jdk/nio/zipfs/ZipCoder
instanceKlass sun/nio/fs/WindowsSecurity
instanceKlass sun/nio/fs/AbstractAclFileAttributeView
instanceKlass java/nio/file/attribute/AclFileAttributeView
instanceKlass java/nio/file/attribute/FileOwnerAttributeView
instanceKlass  @bci jdk/nio/zipfs/ZipFileSystem <init> (Ljdk/nio/zipfs/ZipFileSystemProvider;Ljava/nio/file/Path;Ljava/util/Map;)V 431 <appendix> member <vmtarget> ; # jdk/nio/zipfs/ZipFileSystem$$Lambda+0x000000010019b7f8
instanceKlass sun/nio/fs/WindowsFileSystemProvider$1
instanceKlass java/nio/file/attribute/PosixFilePermissions
instanceKlass  @bci jdk/nio/zipfs/ZipFileSystem <clinit> ()V 0 <appendix> argL0 ; # jdk/nio/zipfs/ZipFileSystem$$Lambda+0x000000010019b5e8
instanceKlass java/nio/file/attribute/PosixFileAttributes
instanceKlass jdk/nio/zipfs/ZipFileAttributes
instanceKlass jdk/nio/zipfs/ZipFileSystem$IndexNode
instanceKlass sun/nio/fs/WindowsLinkSupport
instanceKlass sun/nio/fs/WindowsUriSupport
instanceKlass java/util/AbstractMap$SimpleEntry
instanceKlass jdk/internal/jimage/ImageBufferCache$2
instanceKlass jdk/internal/jimage/ImageBufferCache
instanceKlass  @bci sun/net/www/protocol/jrt/JavaRuntimeURLConnection <clinit> ()V 0 <appendix> argL0 ; # sun/net/www/protocol/jrt/JavaRuntimeURLConnection$$Lambda+0x00000001001c0380
instanceKlass java/nio/channels/AsynchronousFileChannel
instanceKlass java/nio/channels/AsynchronousChannel
instanceKlass java/nio/file/FileStore
instanceKlass java/nio/file/spi/FileSystemProvider$1
instanceKlass io/ballerina/projects/CompilationCacheFactory
instanceKlass java/nio/file/FileVisitor
instanceKlass io/ballerina/cli/cmd/CommandUtil
instanceKlass io/ballerina/cli/cmd/InitCommand
instanceKlass io/ballerina/cli/cmd/TestCommand
instanceKlass io/ballerina/cli/task/RunExecutableTask
instanceKlass sun/nio/fs/WindowsFileSystem$2
instanceKlass java/nio/file/PathMatcher
instanceKlass  @bci java/util/regex/Pattern DOT ()Ljava/util/regex/Pattern$CharPredicate; 0 <appendix> argL0 ; # java/util/regex/Pattern$$Lambda+0x000000010017d878
instanceKlass sun/nio/fs/Globs
instanceKlass io/ballerina/cli/cmd/RunCommand
# instanceKlass java/lang/invoke/LambdaForm$MH+0x0000000100198800
# instanceKlass java/lang/invoke/LambdaForm$MH+0x0000000100198400
instanceKlass io/ballerina/cli/cmd/DocCommand
instanceKlass io/ballerina/projects/BuildOptions
instanceKlass io/ballerina/cli/task/Task
instanceKlass io/ballerina/projects/Project
instanceKlass io/ballerina/cli/cmd/BuildCommand
instanceKlass org/ballerinalang/bindgen/utils/BindgenUtils
instanceKlass org/ballerinalang/bindgen/command/BindgenCommand
instanceKlass picocli/CommandLine$Model$Messages
instanceKlass io/ballerina/asyncapi/cmd/websockets/AsyncApiToBallerinaGenerator
instanceKlass io/ballerina/asyncapi/codegenerator/application/Application
instanceKlass io/ballerina/asyncapi/cmd/AsyncApiCmd
instanceKlass sun/net/www/MessageHeader
instanceKlass sun/net/www/protocol/jar/JarFileFactory
instanceKlass sun/net/www/protocol/jar/URLJarFile$URLJarFileCloseController
instanceKlass java/net/URLConnection
instanceKlass  @bci java/util/stream/MatchOps makeRef (Ljava/util/function/Predicate;Ljava/util/stream/MatchOps$MatchKind;)Ljava/util/stream/TerminalOp; 20 <appendix> member <vmtarget> ; # java/util/stream/MatchOps$$Lambda+0x000000010017ae68
instanceKlass java/util/stream/MatchOps$BooleanTerminalSink
instanceKlass java/util/stream/MatchOps$MatchOp
instanceKlass java/util/stream/MatchOps
instanceKlass  @bci io/ballerina/cli/launcher/util/BalToolsUtil isToolCommand (Ljava/lang/String;)Z 53 <appendix> member <vmtarget> ; # io/ballerina/cli/launcher/util/BalToolsUtil$$Lambda+0x0000000100194b08
instanceKlass  @bci io/ballerina/cli/launcher/util/BalToolsUtil isToolCommand (Ljava/lang/String;)Z 37 <appendix> argL0 ; # io/ballerina/cli/launcher/util/BalToolsUtil$$Lambda+0x00000001001948d8
instanceKlass  @cpi org/apache/commons/text/translate/EntityArrays 578 form vmentry <vmtarget> ; # java/lang/invoke/LambdaForm$DMH+0x0000000100198000
instanceKlass io/ballerina/projects/BalToolsManifest
instanceKlass io/ballerina/toml/api/Toml
instanceKlass io/ballerina/toml/syntax/tree/NodeList$NodeListIterator
instanceKlass  @bci io/ballerina/toml/syntax/tree/NonTerminalNode diagnostics ()Ljava/lang/Iterable; 10 <appendix> argL0 ; # io/ballerina/toml/syntax/tree/NonTerminalNode$$Lambda+0x0000000100193ad8
instanceKlass io/ballerina/toml/semantic/diagnostics/DiagnosticComparator
instanceKlass io/ballerina/toml/syntax/tree/NodeList
instanceKlass io/ballerina/toml/syntax/tree/Minutiae
instanceKlass io/ballerina/toml/internal/syntax/NodeListUtils
instanceKlass io/ballerina/toml/syntax/tree/MinutiaeList
instanceKlass io/ballerina/toml/syntax/tree/AbstractNodeFactory
instanceKlass io/ballerina/tools/text/LineRange
instanceKlass io/ballerina/tools/text/LinePosition
instanceKlass io/ballerina/tools/text/TextLine
instanceKlass io/ballerina/tools/text/LineMap
instanceKlass io/ballerina/tools/text/TextRange
instanceKlass io/ballerina/toml/semantic/diagnostics/TomlNodeLocation
instanceKlass io/ballerina/tools/diagnostics/Location
instanceKlass io/ballerina/toml/semantic/diagnostics/DiagnosticLog
instanceKlass io/ballerina/toml/semantic/ast/TomlNode
instanceKlass io/ballerina/toml/syntax/tree/NodeTransformer
instanceKlass io/ballerina/tools/diagnostics/Diagnostic
instanceKlass io/ballerina/toml/internal/syntax/SyntaxUtils
instanceKlass io/ballerina/toml/internal/parser/tree/STAbstractNodeFactory
instanceKlass io/ballerina/toml/internal/parser/TomlLexer$1
instanceKlass io/ballerina/toml/internal/parser/AbstractParserErrorHandler
instanceKlass io/ballerina/toml/internal/parser/AbstractParser
instanceKlass io/ballerina/toml/internal/parser/TokenReader$TokenBuffer
instanceKlass io/ballerina/tools/text/CharReader
instanceKlass io/ballerina/tools/diagnostics/DiagnosticCode
instanceKlass io/ballerina/toml/internal/parser/tree/STNode
instanceKlass io/ballerina/toml/internal/parser/AbstractTokenReader
instanceKlass io/ballerina/toml/internal/parser/AbstractLexer
instanceKlass io/ballerina/toml/internal/parser/ParserFactory
instanceKlass io/ballerina/toml/syntax/tree/Node
instanceKlass io/ballerina/toml/syntax/tree/SyntaxTree
instanceKlass io/ballerina/tools/text/TextDocument
instanceKlass io/ballerina/tools/text/TextDocuments
instanceKlass io/ballerina/projects/internal/BalToolsManifestBuilder
instanceKlass io/ballerina/projects/TomlDocumentContext
instanceKlass io/ballerina/projects/TomlDocument
instanceKlass io/ballerina/projects/BalToolsToml
instanceKlass org/wso2/ballerinalang/util/Lists
instanceKlass sun/nio/fs/WindowsPath$1
instanceKlass java/lang/ProcessEnvironment$CheckedEntry
instanceKlass java/lang/ProcessEnvironment$CheckedEntrySet$1
instanceKlass java/lang/ProcessEnvironment$EntryComparator
instanceKlass java/lang/ProcessEnvironment$NameComparator
instanceKlass org/wso2/ballerinalang/util/RepoUtils
instanceKlass  @bci java/util/regex/Pattern negate (Ljava/util/regex/Pattern$CharPredicate;)Ljava/util/regex/Pattern$CharPredicate; 1 <appendix> member <vmtarget> ; # java/util/regex/Pattern$$Lambda+0x00000001001776e0
instanceKlass org/apache/commons/compress/archivers/EntryStreamOffsets
instanceKlass org/apache/commons/compress/archivers/ArchiveEntry
instanceKlass io/ballerina/projects/util/ProjectUtils
instanceKlass io/ballerina/cli/launcher/util/BalToolsUtil
instanceKlass picocli/CommandLine$PositionalParametersSorter
# instanceKlass java/lang/invoke/LambdaForm$MH+0x0000000100181800
instanceKlass  @bci io/ballerina/types/ListAtomicType hashCode ()I 1 <appendix> argL1 argL1 form vmentry <vmtarget> ; # java/lang/invoke/LambdaForm$MH+0x0000000100181400
instanceKlass  @bci jdk/internal/reflect/MethodHandleBooleanFieldAccessorImpl getBoolean (Ljava/lang/Object;)Z 20 <adapter> ; # java/lang/invoke/LambdaForm$MH+0x0000000100181000
# instanceKlass java/lang/invoke/LambdaForm$MH+0x0000000100180c00
# instanceKlass java/lang/invoke/LambdaForm$BMH+0x0000000100180800
# instanceKlass java/lang/invoke/LambdaForm$DMH+0x0000000100180400
instanceKlass  @bci io/ballerina/types/ListAtomicType hashCode ()I 1 <appendix> argL1 form vmentry <vmtarget> ; # java/lang/invoke/LambdaForm$MH+0x0000000100180000
instanceKlass picocli/CommandLine$Model$ObjectBinding
instanceKlass picocli/CommandLine$Model$ArgSpec$Builder
instanceKlass picocli/CommandLine$Model$FieldBinding
instanceKlass picocli/CommandLine$Model$RuntimeTypeInfo
instanceKlass picocli/CommandLine$Model$ITypeInfo
instanceKlass picocli/CommandLine$Range
instanceKlass picocli/CommandLine$NoCompletionCandidates
instanceKlass picocli/CommandLine$NullParameterConsumer
instanceKlass picocli/CommandLine$IParameterConsumer
instanceKlass picocli/CommandLine$3
instanceKlass picocli/CommandLine$Model
instanceKlass picocli/CommandLine$NoDefaultProvider
instanceKlass picocli/CommandLine$IDefaultValueProvider
instanceKlass picocli/CommandLine$NoVersionProvider
instanceKlass picocli/CommandLine$IVersionProvider
instanceKlass  @bci sun/reflect/annotation/AnnotationParser parseClassArray (ILjava/nio/ByteBuffer;Ljdk/internal/reflect/ConstantPool;Ljava/lang/Class;)Ljava/lang/Object; 10 <appendix> member <vmtarget> ; # sun/reflect/annotation/AnnotationParser$$Lambda+0x0000000100176320
instanceKlass jdk/internal/vm/annotation/IntrinsicCandidate
instanceKlass picocli/CommandLine$ParentCommand
instanceKlass picocli/CommandLine$Spec
instanceKlass picocli/CommandLine$Mixin
instanceKlass picocli/CommandLine$Unmatched
instanceKlass picocli/CommandLine$ArgGroup
instanceKlass picocli/CommandLine$Parameters
instanceKlass picocli/CommandLine$Option
instanceKlass picocli/CommandLine$Model$MethodBinding
instanceKlass picocli/CommandLine$Model$PicocliInvocationHandler
instanceKlass picocli/CommandLine$Model$TypedMember
instanceKlass picocli/CommandLine$Command
instanceKlass picocli/CommandLine$Model$ObjectScope
instanceKlass  @bci java/util/regex/CharPredicates ASCII_WORD ()Ljava/util/regex/Pattern$BmpCharPredicate; 0 <appendix> argL0 ; # java/util/regex/CharPredicates$$Lambda+0x0000000100174f68
instanceKlass picocli/CommandLine$RegexTransformer$Builder
instanceKlass picocli/CommandLine$RegexTransformer
instanceKlass picocli/CommandLine$Model$UsageMessageSpec$17
instanceKlass picocli/CommandLine$Model$UsageMessageSpec$16
instanceKlass picocli/CommandLine$Model$UsageMessageSpec$15
instanceKlass picocli/CommandLine$Model$UsageMessageSpec$14
instanceKlass picocli/CommandLine$Model$UsageMessageSpec$13
instanceKlass picocli/CommandLine$Model$UsageMessageSpec$12
instanceKlass picocli/CommandLine$Model$UsageMessageSpec$11
instanceKlass picocli/CommandLine$Model$UsageMessageSpec$10
instanceKlass picocli/CommandLine$Model$UsageMessageSpec$9
instanceKlass picocli/CommandLine$Model$UsageMessageSpec$8
instanceKlass picocli/CommandLine$Model$UsageMessageSpec$7
instanceKlass picocli/CommandLine$Model$UsageMessageSpec$6
instanceKlass picocli/CommandLine$Model$UsageMessageSpec$5
instanceKlass picocli/CommandLine$Model$UsageMessageSpec$4
instanceKlass picocli/CommandLine$Model$UsageMessageSpec$3
instanceKlass picocli/CommandLine$Model$UsageMessageSpec$2
instanceKlass picocli/CommandLine$IHelpSectionRenderer
instanceKlass picocli/CommandLine$IHelpFactory
instanceKlass picocli/CommandLine$Model$UsageMessageSpec
instanceKlass picocli/CommandLine$Model$Interpolator$4
instanceKlass picocli/CommandLine$Model$Interpolator$3
instanceKlass picocli/CommandLine$Model$Interpolator$2
instanceKlass picocli/CommandLine$Model$Interpolator$1
instanceKlass picocli/CommandLine$Model$Interpolator$ILookup
instanceKlass picocli/CommandLine$Model$Interpolator
instanceKlass picocli/CommandLine$Model$ParserSpec
instanceKlass picocli/CommandLine$Model$IScope
instanceKlass picocli/CommandLine$Model$ISetter
instanceKlass picocli/CommandLine$Model$IGetter
instanceKlass picocli/CommandLine$Model$IAnnotatedElement
instanceKlass picocli/CommandLine$Model$CommandReflection
instanceKlass picocli/CommandLine$INegatableOptionTransformer
instanceKlass picocli/CommandLine$Model$CommandSpec
instanceKlass java/time/zone/ZoneRules
instanceKlass java/time/YearMonth
instanceKlass java/time/Year
instanceKlass  @bci java/util/regex/Pattern CIRange (II)Ljava/util/regex/Pattern$CharPredicate; 2 <appendix> member <vmtarget> ; # java/util/regex/Pattern$$Lambda+0x0000000100173c78
instanceKlass  @bci java/util/regex/Pattern SingleI (II)Ljava/util/regex/Pattern$BmpCharPredicate; 2 <appendix> member <vmtarget> ; # java/util/regex/Pattern$$Lambda+0x00000001001739f8
instanceKlass  @bci java/time/ZoneOffset ofTotalSeconds (I)Ljava/time/ZoneOffset; 37 <appendix> argL0 ; # java/time/ZoneOffset$$Lambda+0x00000001001737c8
instanceKlass  @bci java/time/format/DateTimeFormatter <clinit> ()V 1075 <appendix> argL0 ; # java/time/format/DateTimeFormatter$$Lambda+0x00000001001735b8
instanceKlass  @bci java/time/format/DateTimeFormatter <clinit> ()V 1067 <appendix> argL0 ; # java/time/format/DateTimeFormatter$$Lambda+0x00000001001733a8
instanceKlass java/time/format/DateTimeFormatterBuilder$TextPrinterParser
instanceKlass java/time/format/DateTimeTextProvider$1
instanceKlass java/time/format/DateTimeTextProvider
instanceKlass java/time/format/DateTimeTextProvider$LocaleStore
instanceKlass java/time/format/DateTimeFormatterBuilder$InstantPrinterParser
instanceKlass java/time/format/DateTimeFormatterBuilder$ZoneIdPrinterParser
instanceKlass java/time/format/DateTimeFormatterBuilder$OffsetIdPrinterParser
instanceKlass java/time/format/DecimalStyle
instanceKlass java/time/format/DateTimeFormatterBuilder$CompositePrinterParser
instanceKlass java/time/format/DateTimeFormatterBuilder$CharLiteralPrinterParser
instanceKlass java/time/format/DateTimeFormatterBuilder$NumberPrinterParser
instanceKlass java/time/format/DateTimeFormatterBuilder$StringLiteralPrinterParser
instanceKlass java/time/format/DateTimeFormatterBuilder$DateTimePrinterParser
instanceKlass java/time/temporal/JulianFields
instanceKlass java/time/temporal/IsoFields
instanceKlass  @bci java/time/format/DateTimeFormatterBuilder <clinit> ()V 0 <appendix> argL0 ; # java/time/format/DateTimeFormatterBuilder$$Lambda+0x000000010016dec0
instanceKlass java/time/format/DateTimeFormatterBuilder
instanceKlass java/time/MonthDay
instanceKlass java/time/Period
instanceKlass java/time/chrono/ChronoPeriod
instanceKlass java/time/OffsetTime
instanceKlass java/time/chrono/AbstractChronology
instanceKlass java/time/chrono/Chronology
instanceKlass java/time/chrono/Era
instanceKlass java/time/LocalTime
instanceKlass java/time/format/DateTimeFormatter
instanceKlass java/time/LocalDate
instanceKlass java/time/chrono/ChronoLocalDate
instanceKlass java/time/OffsetDateTime
instanceKlass java/time/ZonedDateTime
instanceKlass java/time/chrono/ChronoZonedDateTime
instanceKlass java/time/ZoneId
instanceKlass java/time/Clock
instanceKlass java/time/InstantSource
instanceKlass java/time/temporal/ValueRange
instanceKlass java/time/temporal/TemporalQuery
instanceKlass java/time/temporal/TemporalField
instanceKlass java/time/temporal/TemporalUnit
instanceKlass java/time/Duration
instanceKlass java/time/temporal/TemporalAmount
instanceKlass java/time/Instant
instanceKlass java/time/LocalDateTime
instanceKlass java/time/chrono/ChronoLocalDateTime
instanceKlass java/time/temporal/TemporalAdjuster
instanceKlass java/time/temporal/Temporal
instanceKlass java/time/temporal/TemporalAccessor
instanceKlass picocli/CommandLine$BuiltIn$ReflectionConverter
instanceKlass java/sql/DriverAction
instanceKlass java/sql/Driver
instanceKlass java/sql/DriverManager
instanceKlass java/sql/Connection
instanceKlass java/sql/Wrapper
instanceKlass picocli/CommandLine$BuiltIn$ISO8601TimeConverter
instanceKlass jdk/internal/module/ModulePatcher$PatchedModuleReader
instanceKlass picocli/CommandLine$BuiltIn
instanceKlass picocli/CommandLine$BuiltIn$NetworkInterfaceConverter
instanceKlass picocli/CommandLine$BuiltIn$ClassConverter
instanceKlass picocli/CommandLine$BuiltIn$ByteOrderConverter
instanceKlass picocli/CommandLine$BuiltIn$TimeZoneConverter
instanceKlass java/util/TimeZone
instanceKlass picocli/CommandLine$BuiltIn$CurrencyConverter
instanceKlass java/util/Currency
instanceKlass picocli/CommandLine$BuiltIn$UUIDConverter
instanceKlass java/util/UUID
instanceKlass picocli/CommandLine$BuiltIn$PatternConverter
instanceKlass picocli/CommandLine$BuiltIn$InetAddressConverter
instanceKlass picocli/CommandLine$BuiltIn$CharsetConverter
instanceKlass picocli/CommandLine$BuiltIn$BigIntegerConverter
instanceKlass picocli/CommandLine$BuiltIn$BigDecimalConverter
instanceKlass picocli/CommandLine$BuiltIn$ISO8601DateConverter
instanceKlass picocli/CommandLine$BuiltIn$URLConverter
instanceKlass picocli/CommandLine$BuiltIn$URIConverter
instanceKlass picocli/CommandLine$BuiltIn$FileConverter
instanceKlass picocli/CommandLine$BuiltIn$DoubleConverter
instanceKlass picocli/CommandLine$BuiltIn$FloatConverter
instanceKlass picocli/CommandLine$BuiltIn$LongConverter
instanceKlass picocli/CommandLine$BuiltIn$IntegerConverter
instanceKlass picocli/CommandLine$BuiltIn$ShortConverter
instanceKlass picocli/CommandLine$BuiltIn$CharacterConverter
instanceKlass picocli/CommandLine$BuiltIn$BooleanConverter
instanceKlass picocli/CommandLine$BuiltIn$ByteConverter
instanceKlass picocli/CommandLine$BuiltIn$CharSequenceConverter
instanceKlass picocli/CommandLine$BuiltIn$CharArrayConverter
instanceKlass picocli/CommandLine$BuiltIn$StringBuilderConverter
instanceKlass picocli/CommandLine$BuiltIn$StringConverter
instanceKlass picocli/CommandLine$ITypeConverter
instanceKlass java/io/StreamTokenizer
instanceKlass picocli/CommandLine$Interpreter
instanceKlass picocli/CommandLine$2
instanceKlass picocli/CommandLine$1
instanceKlass picocli/CommandLine$AbstractHandler
instanceKlass picocli/CommandLine$IParseResultHandler
instanceKlass picocli/CommandLine$Help$ColorScheme
instanceKlass picocli/CommandLine$Help$Ansi$IStyle
instanceKlass picocli/CommandLine$Assert
instanceKlass picocli/CommandLine$Help$ColorScheme$Builder
instanceKlass picocli/CommandLine$Model$IOrdered
instanceKlass picocli/CommandLine$Help$IParamLabelRenderer
instanceKlass picocli/CommandLine$Model$ArgSpec
instanceKlass picocli/CommandLine$Help$IParameterRenderer
instanceKlass picocli/CommandLine$Help$IOptionRenderer
instanceKlass picocli/CommandLine$Help
instanceKlass picocli/CommandLine$Help$Ansi$Text
instanceKlass picocli/CommandLine$Tracer
instanceKlass picocli/CommandLine$DefaultFactory
instanceKlass picocli/CommandLine$IExecutionExceptionHandler
instanceKlass picocli/CommandLine$IParameterExceptionHandler
instanceKlass picocli/CommandLine$IExecutionStrategy
instanceKlass picocli/CommandLine$IParseResultHandler2
instanceKlass picocli/CommandLine$IFactory
instanceKlass picocli/CommandLine$IExceptionHandler
instanceKlass picocli/CommandLine$IExceptionHandler2
instanceKlass picocli/CommandLine
instanceKlass io/ballerina/cli/launcher/Main$DefaultCmd
instanceKlass io/ballerina/cli/BLauncherCmd
instanceKlass jdk/internal/misc/MainMethodFinder
instanceKlass io/ballerina/cli/launcher/Main
instanceKlass java/security/SecureClassLoader$DebugHolder
instanceKlass java/security/SecureClassLoader$1
instanceKlass java/util/zip/Checksum$1
instanceKlass java/util/zip/CRC32
instanceKlass java/util/zip/Checksum
instanceKlass sun/nio/ByteBuffered
instanceKlass java/lang/Package$VersionInfo
instanceKlass java/lang/NamedPackage
instanceKlass jdk/internal/loader/Resource
instanceKlass sun/nio/cs/MS1252$Holder
instanceKlass sun/nio/cs/ArrayDecoder
instanceKlass sun/launcher/LauncherHelper
instanceKlass sun/management/counter/Units
instanceKlass jdk/internal/agent/ConnectorAddressLink
# instanceKlass java/lang/invoke/LambdaForm$MH+0x0000000100144400
# instanceKlass java/lang/invoke/LambdaForm$MH+0x0000000100144000
# instanceKlass java/lang/invoke/LambdaForm$MH+0x0000000100143c00
instanceKlass  @cpi io/ballerina/projects/internal/DependencyManifestBuilder 580 form vmentry <vmtarget> ; # java/lang/invoke/LambdaForm$DMH+0x0000000100143800
instanceKlass java/io/SerialCallbackContext
instanceKlass java/io/ObjectStreamClass$ClassDataSlot
instanceKlass java/io/ObjectStreamClass$FieldReflector
instanceKlass java/io/ObjectStreamClass$FieldReflectorKey
instanceKlass java/io/ObjectInput
instanceKlass jdk/internal/reflect/ClassDefiner$1
instanceKlass jdk/internal/reflect/ClassDefiner
instanceKlass jdk/internal/reflect/MethodAccessorGenerator$1
instanceKlass jdk/internal/reflect/Label$PatchInfo
instanceKlass jdk/internal/reflect/Label
instanceKlass jdk/internal/reflect/UTF8
instanceKlass jdk/internal/reflect/ClassFileAssembler
instanceKlass jdk/internal/reflect/ByteVectorImpl
instanceKlass jdk/internal/reflect/ByteVector
instanceKlass jdk/internal/reflect/ByteVectorFactory
instanceKlass jdk/internal/reflect/AccessorGenerator
instanceKlass jdk/internal/reflect/ClassFileConstants
instanceKlass  @bci jdk/internal/reflect/MethodHandleLongFieldAccessorImpl getLong (Ljava/lang/Object;)J 11 <adapter> ; # java/lang/invoke/LambdaForm$MH+0x0000000100142800
# instanceKlass java/lang/invoke/LambdaForm$DMH+0x0000000100142400
instanceKlass java/io/ObjectStreamClass$2
instanceKlass java/io/ClassCache
instanceKlass java/io/ObjectStreamClass$Caches
instanceKlass java/io/ObjectStreamClass
instanceKlass java/io/ObjectOutputStream$ReplaceTable
instanceKlass java/io/ObjectOutputStream$HandleTable
instanceKlass java/io/ObjectStreamConstants
instanceKlass java/io/ObjectOutput
instanceKlass jdk/internal/util/ByteArray
instanceKlass java/net/Socket
instanceKlass sun/rmi/server/UnicastServerRef$HashToMethod_Maps$1
instanceKlass sun/rmi/server/WeakClassHashMap$ValueCell
instanceKlass sun/rmi/transport/tcp/TCPTransport$AcceptLoop
instanceKlass sun/rmi/runtime/NewThreadAction$2
instanceKlass sun/rmi/runtime/NewThreadAction$1
instanceKlass sun/rmi/runtime/NewThreadAction
instanceKlass java/util/LinkedList$ListItr
instanceKlass sun/net/NetHooks
instanceKlass  @bci sun/nio/ch/NioSocketImpl closerFor (Ljava/io/FileDescriptor;Z)Ljava/lang/Runnable; 5 <appendix> member <vmtarget> ; # sun/nio/ch/NioSocketImpl$$Lambda+0x00000001001374b8
instanceKlass jdk/net/ExtendedSocketOptions$2
instanceKlass jdk/net/ExtendedSocketOptions$PlatformSocketOptions
instanceKlass jdk/net/ExtendedSocketOptions$ExtSocketOption
instanceKlass java/net/SocketOption
instanceKlass jdk/net/ExtendedSocketOptions
instanceKlass sun/net/ext/ExtendedSocketOptions
instanceKlass sun/nio/ch/Net$1
instanceKlass java/net/ProtocolFamily
instanceKlass sun/nio/ch/Net
instanceKlass java/net/InetSocketAddress$InetSocketAddressHolder
instanceKlass java/net/SocketAddress
instanceKlass sun/net/PlatformSocketImpl
instanceKlass java/net/SocketImpl
instanceKlass java/net/SocketOptions
instanceKlass java/net/ServerSocket
instanceKlass sun/rmi/transport/ObjectEndpoint
instanceKlass sun/rmi/transport/DGCImpl$2$1
instanceKlass  @bci java/net/SocketPermissionCollection add (Ljava/security/Permission;)V 69 <appendix> member <vmtarget> ; # java/net/SocketPermissionCollection$$Lambda+0x00000001001332b0
instanceKlass sun/rmi/transport/DGCImpl_Skel
instanceKlass java/rmi/server/Skeleton
instanceKlass java/rmi/server/Operation
instanceKlass  @bci sun/rmi/transport/DGCImpl$2 run ()Ljava/lang/Void; 50 <appendix> argL0 ; # sun/rmi/transport/DGCImpl$2$$Lambda+0x0000000100132450
instanceKlass java/io/ObjectInputFilter$FilterInfo
instanceKlass sun/rmi/transport/DGCImpl$2
instanceKlass  @bci sun/rmi/transport/DGCImpl <clinit> ()V 89 <appendix> argL0 ; # sun/rmi/transport/DGCImpl$$Lambda+0x0000000100131e30
instanceKlass java/util/concurrent/RunnableScheduledFuture
instanceKlass java/util/concurrent/ScheduledFuture
instanceKlass java/util/concurrent/Delayed
instanceKlass java/util/concurrent/RunnableFuture
instanceKlass java/util/concurrent/Future
instanceKlass sun/rmi/runtime/RuntimeUtil$1
instanceKlass java/util/concurrent/ScheduledExecutorService
instanceKlass  @bci sun/rmi/runtime/RuntimeUtil <clinit> ()V 10 <appendix> argL0 ; # sun/rmi/runtime/RuntimeUtil$$Lambda+0x000000010012fa20
instanceKlass sun/rmi/runtime/RuntimeUtil
instanceKlass sun/rmi/runtime/RuntimeUtil$GetInstanceAction
instanceKlass  @bci sun/rmi/transport/DGCImpl <clinit> ()V 43 <appendix> argL0 ; # sun/rmi/transport/DGCImpl$$Lambda+0x000000010012f3f0
instanceKlass  @bci sun/rmi/transport/DGCImpl <clinit> ()V 26 <appendix> argL0 ; # sun/rmi/transport/DGCImpl$$Lambda+0x000000010012f1e0
instanceKlass  @bci sun/rmi/transport/DGCImpl <clinit> ()V 6 <appendix> argL0 ; # sun/rmi/transport/DGCImpl$$Lambda+0x000000010012efd0
instanceKlass sun/rmi/transport/DGCImpl
instanceKlass java/rmi/dgc/DGC
instanceKlass  @bci sun/rmi/transport/ObjectTable <clinit> ()V 0 <appendix> argL0 ; # sun/rmi/transport/ObjectTable$$Lambda+0x000000010012e9b0
instanceKlass sun/rmi/transport/ObjectTable
instanceKlass sun/rmi/transport/Target
instanceKlass javax/management/remote/rmi/RMIConnection
instanceKlass java/rmi/server/RemoteObject
instanceKlass java/util/LinkedList$Node
instanceKlass  @bci sun/rmi/transport/tcp/TCPTransport <clinit> ()V 142 <appendix> argL0 ; # sun/rmi/transport/tcp/TCPTransport$$Lambda+0x000000010012bab8
instanceKlass java/rmi/server/RMISocketFactory
instanceKlass java/rmi/server/RMIClientSocketFactory
instanceKlass jdk/internal/vm/ThreadContainers
instanceKlass jdk/internal/vm/StackableScope
instanceKlass sun/rmi/transport/tcp/TCPTransport$1
instanceKlass java/util/concurrent/LinkedTransferQueue$DualNode
instanceKlass java/util/concurrent/TransferQueue
instanceKlass java/util/concurrent/BlockingQueue
instanceKlass java/util/concurrent/ThreadPoolExecutor$AbortPolicy
instanceKlass java/util/concurrent/RejectedExecutionHandler
instanceKlass java/util/concurrent/AbstractExecutorService
instanceKlass java/util/concurrent/ExecutorService
instanceKlass  @bci sun/rmi/transport/tcp/TCPTransport <clinit> ()V 59 <appendix> argL0 ; # sun/rmi/transport/tcp/TCPTransport$$Lambda+0x0000000100127318
instanceKlass  @bci sun/rmi/transport/tcp/TCPTransport <clinit> ()V 42 <appendix> argL0 ; # sun/rmi/transport/tcp/TCPTransport$$Lambda+0x0000000100127108
instanceKlass  @bci sun/rmi/transport/tcp/TCPTransport <clinit> ()V 22 <appendix> argL0 ; # sun/rmi/transport/tcp/TCPTransport$$Lambda+0x0000000100126ef8
instanceKlass java/security/PermissionCollection
instanceKlass  @bci sun/rmi/transport/Transport getLogLevel ()Ljava/lang/String; 0 <appendix> argL0 ; # sun/rmi/transport/Transport$$Lambda+0x0000000100126428
instanceKlass sun/rmi/transport/Transport
instanceKlass  @bci sun/rmi/transport/tcp/TCPEndpoint getBoolean (Ljava/lang/String;)Z 1 <appendix> member <vmtarget> ; # sun/rmi/transport/tcp/TCPEndpoint$$Lambda+0x0000000100125da0
instanceKlass java/net/InetAddress$CachedLocalHost
instanceKlass  @bci sun/rmi/transport/tcp/TCPEndpoint getHostnameProperty ()Ljava/lang/String; 0 <appendix> argL0 ; # sun/rmi/transport/tcp/TCPEndpoint$$Lambda+0x0000000100125988
instanceKlass sun/rmi/transport/tcp/TCPEndpoint
instanceKlass sun/rmi/transport/Endpoint
instanceKlass  @bci java/rmi/server/ObjID useRandomIDs ()Z 0 <appendix> argL0 ; # java/rmi/server/ObjID$$Lambda+0x00000001001252f0
instanceKlass sun/security/provider/AbstractDrbg$NonceProvider
instanceKlass  @bci sun/security/provider/AbstractDrbg$SeederHolder <clinit> ()V 42 <appendix> member <vmtarget> ; # sun/security/provider/AbstractDrbg$SeederHolder$$Lambda+0x0000000100124808
instanceKlass  @cpi sun/security/provider/AbstractDrbg$SeederHolder 91 form vmentry <vmtarget> ; # java/lang/invoke/LambdaForm$DMH+0x0000000100142000
# instanceKlass java/lang/invoke/LambdaForm$DMH+0x0000000100141c00
instanceKlass java/net/NetworkInterface$1
instanceKlass java/net/DefaultInterface
instanceKlass java/net/InterfaceAddress
instanceKlass java/net/NetworkInterface
instanceKlass sun/security/provider/ByteArrayAccess$BE
instanceKlass sun/security/provider/ByteArrayAccess
instanceKlass sun/security/provider/SeedGenerator$1
instanceKlass sun/security/util/MessageDigestSpi2
instanceKlass sun/security/jca/GetInstance$Instance
instanceKlass sun/security/jca/GetInstance
instanceKlass java/security/MessageDigestSpi
instanceKlass sun/security/provider/SeedGenerator
instanceKlass sun/security/provider/AbstractDrbg$SeederHolder
instanceKlass java/security/DrbgParameters$NextBytes
instanceKlass  @bci sun/security/provider/AbstractDrbg <clinit> ()V 12 <appendix> argL0 ; # sun/security/provider/AbstractDrbg$$Lambda+0x0000000100120d48
instanceKlass  @cpi sun/security/provider/AbstractDrbg 383 form vmentry <vmtarget> ; # java/lang/invoke/LambdaForm$DMH+0x0000000100141800
# instanceKlass java/lang/invoke/LambdaForm$DMH+0x0000000100141400
instanceKlass sun/security/provider/EntropySource
instanceKlass sun/security/provider/AbstractDrbg
instanceKlass java/security/DrbgParameters$Instantiation
instanceKlass java/security/DrbgParameters
instanceKlass sun/security/provider/MoreDrbgParameters
instanceKlass  @bci sun/security/provider/DRBG <init> (Ljava/security/SecureRandomParameters;)V 26 <appendix> argL0 ; # sun/security/provider/DRBG$$Lambda+0x000000010011f888
instanceKlass java/security/SecureRandomSpi
instanceKlass sun/security/util/SecurityProviderConstants
instanceKlass java/security/Provider$UString
instanceKlass java/security/Provider$Service
instanceKlass sun/security/provider/NativePRNG$NonBlocking
instanceKlass sun/security/provider/NativePRNG$Blocking
instanceKlass sun/security/provider/NativePRNG
instanceKlass sun/security/provider/SunEntries$1
instanceKlass sun/security/provider/SunEntries
instanceKlass java/util/AbstractList$Itr
instanceKlass sun/security/jca/ProviderList$2
instanceKlass jdk/internal/math/FloatingDecimal$ASCIIToBinaryBuffer
instanceKlass jdk/internal/math/FloatingDecimal$PreparedASCIIToBinaryBuffer
instanceKlass jdk/internal/math/FloatingDecimal$ASCIIToBinaryConverter
instanceKlass jdk/internal/math/FloatingDecimal$BinaryToASCIIBuffer
instanceKlass jdk/internal/math/FloatingDecimal$ExceptionalBinaryToASCIIBuffer
instanceKlass jdk/internal/math/FloatingDecimal$BinaryToASCIIConverter
instanceKlass jdk/internal/math/FloatingDecimal
instanceKlass javax/security/auth/login/Configuration$Parameters
instanceKlass java/security/Policy$Parameters
instanceKlass java/security/cert/CertStoreParameters
instanceKlass java/security/SecureRandomParameters
instanceKlass java/security/Provider$EngineDescription
instanceKlass java/security/Provider$ServiceKey
instanceKlass sun/security/jca/ProviderConfig
instanceKlass sun/security/jca/ProviderList
instanceKlass sun/security/jca/Providers
instanceKlass java/rmi/server/UID
instanceKlass java/rmi/server/ObjID
instanceKlass sun/rmi/transport/LiveRef
instanceKlass sun/rmi/server/WeakClassHashMap
instanceKlass  @bci sun/rmi/server/UnicastServerRef <clinit> ()V 49 <appendix> argL0 ; # sun/rmi/server/UnicastServerRef$$Lambda+0x0000000100116478
instanceKlass  @bci sun/rmi/server/UnicastServerRef <clinit> ()V 32 <appendix> argL0 ; # sun/rmi/server/UnicastServerRef$$Lambda+0x0000000100116268
instanceKlass  @bci sun/rmi/server/UnicastServerRef <clinit> ()V 0 <appendix> argL0 ; # sun/rmi/server/UnicastServerRef$$Lambda+0x0000000100116058
instanceKlass  @bci sun/rmi/server/UnicastRef <clinit> ()V 21 <appendix> argL0 ; # sun/rmi/server/UnicastRef$$Lambda+0x0000000100115e48
instanceKlass  @bci sun/rmi/server/Util <clinit> ()V 32 <appendix> argL0 ; # sun/rmi/server/Util$$Lambda+0x0000000100115c38
instanceKlass java/util/logging/StreamHandler$1
instanceKlass java/util/logging/Handler$1
instanceKlass java/util/logging/ErrorManager
instanceKlass jdk/internal/logger/SimpleConsoleLogger$Formatting
instanceKlass  @bci java/util/logging/SimpleFormatter <init> ()V 5 <appendix> argL0 ; # java/util/logging/SimpleFormatter$$Lambda+0x00000001001151c0
instanceKlass java/util/logging/Formatter
instanceKlass sun/rmi/runtime/Log$LoggerLog$1
instanceKlass java/util/logging/Logger$SystemLoggerHelper$1
instanceKlass java/util/logging/Logger$SystemLoggerHelper
instanceKlass sun/rmi/runtime/Log$LoggerLogFactory
instanceKlass sun/rmi/runtime/Log$LogFactory
instanceKlass  @bci sun/rmi/runtime/Log <clinit> ()V 22 <appendix> argL0 ; # sun/rmi/runtime/Log$$Lambda+0x00000001001139c8
instanceKlass sun/rmi/runtime/Log
instanceKlass  @bci sun/rmi/server/Util <clinit> ()V 0 <appendix> argL0 ; # sun/rmi/server/Util$$Lambda+0x0000000100112dc0
instanceKlass sun/rmi/server/Util
instanceKlass sun/rmi/server/UnicastRef
instanceKlass sun/rmi/server/Dispatcher
instanceKlass java/rmi/server/ServerRef
instanceKlass java/rmi/server/RemoteRef
instanceKlass java/io/Externalizable
instanceKlass  @bci java/io/ObjectInputFilter$Config$Global <init> (Ljava/lang/String;Z)V 444 <appendix> member <vmtarget> ; # java/io/ObjectInputFilter$Config$Global$$Lambda+0x0000000100111858
instanceKlass  @bci java/io/ObjectInputFilter$Config$Global <init> (Ljava/lang/String;Z)V 534 <appendix> member <vmtarget> ; # java/io/ObjectInputFilter$Config$Global$$Lambda+0x0000000100111620
instanceKlass java/io/ObjectInputFilter$Config$Global
instanceKlass  @bci java/io/ObjectInputFilter$Config <clinit> ()V 368 <appendix> argL0 ; # java/io/ObjectInputFilter$Config$$Lambda+0x00000001001109c8
instanceKlass jdk/internal/access/JavaObjectInputFilterAccess
instanceKlass java/io/ObjectInputFilter$Config$BuiltinFilterFactory
instanceKlass  @bci java/io/ObjectInputFilter$Config <clinit> ()V 80 <appendix> argL0 ; # java/io/ObjectInputFilter$Config$$Lambda+0x0000000100110390
instanceKlass  @bci java/io/ObjectInputFilter$Config <clinit> ()V 56 <appendix> argL0 ; # java/io/ObjectInputFilter$Config$$Lambda+0x0000000100110180
instanceKlass java/util/concurrent/atomic/AtomicBoolean
instanceKlass java/io/ObjectInputFilter
instanceKlass java/io/ObjectInputFilter$Config
instanceKlass javax/management/remote/rmi/RMIServerImpl
instanceKlass javax/management/remote/rmi/RMIServer
instanceKlass java/rmi/Remote
instanceKlass com/sun/jmx/remote/protocol/rmi/ServerProvider
instanceKlass javax/management/remote/JMXConnectorFactory$ProviderFinder
instanceKlass java/util/ServiceLoader$ProviderSpliterator
instanceKlass javax/management/remote/JMXConnectorProvider
instanceKlass  @bci javax/management/remote/JMXConnectorServerFactory getConnectorServerAsService (Ljava/lang/ClassLoader;Ljavax/management/remote/JMXServiceURL;Ljava/util/Map;Ljavax/management/MBeanServer;Ljava/util/function/Predicate;)Ljavax/management/remote/JMXConnectorServer; 3 <appendix> member <vmtarget> ; # javax/management/remote/JMXConnectorServerFactory$$Lambda+0x000000010010e358
instanceKlass javax/management/remote/JMXAddressable
instanceKlass javax/management/remote/JMXConnectorServerMBean
instanceKlass javax/management/remote/JMXConnectorFactory$ConnectorFactory
instanceKlass  @bci java/util/function/Predicate negate ()Ljava/util/function/Predicate; 1 <appendix> member <vmtarget> ; # java/util/function/Predicate$$Lambda+0x000000010010d7b8
instanceKlass  @cpi java/util/function/Predicate 75 form vmentry <vmtarget> ; # java/lang/invoke/LambdaForm$DMH+0x0000000100141000
instanceKlass  @bci javax/management/remote/JMXConnectorServerFactory newJMXConnectorServer (Ljavax/management/remote/JMXServiceURL;Ljava/util/Map;Ljavax/management/MBeanServer;)Ljavax/management/remote/JMXConnectorServer; 75 <appendix> argL0 ; # javax/management/remote/JMXConnectorServerFactory$$Lambda+0x000000010010d578
instanceKlass javax/management/remote/JMXConnectorFactory$1
instanceKlass javax/management/remote/JMXConnectorFactory
instanceKlass javax/management/remote/JMXConnectorServerProvider
instanceKlass com/sun/jmx/remote/util/EnvHelp
instanceKlass javax/management/remote/JMXConnectorServerFactory
instanceKlass sun/management/jmxremote/LocalRMIServerSocketFactory
instanceKlass java/rmi/server/RMIServerSocketFactory
instanceKlass java/util/StringTokenizer
instanceKlass java/util/BitSet
instanceKlass javax/management/remote/JMXServiceURL
instanceKlass  @bci java/util/stream/Collectors joining (Ljava/lang/CharSequence;Ljava/lang/CharSequence;Ljava/lang/CharSequence;)Ljava/util/stream/Collector; 22 <appendix> argL0 ; # java/util/stream/Collectors$$Lambda+0x000000010010bdf8
instanceKlass  @bci java/util/stream/Collectors joining (Ljava/lang/CharSequence;Ljava/lang/CharSequence;Ljava/lang/CharSequence;)Ljava/util/stream/Collector; 17 <appendix> argL0 ; # java/util/stream/Collectors$$Lambda+0x000000010010bbc0
instanceKlass  @bci java/util/stream/Collectors joining (Ljava/lang/CharSequence;Ljava/lang/CharSequence;Ljava/lang/CharSequence;)Ljava/util/stream/Collector; 12 <appendix> argL0 ; # java/util/stream/Collectors$$Lambda+0x000000010010b9a0
instanceKlass  @bci java/util/stream/Collectors joining (Ljava/lang/CharSequence;Ljava/lang/CharSequence;Ljava/lang/CharSequence;)Ljava/util/stream/Collector; 7 <appendix> member <vmtarget> ; # java/util/stream/Collectors$$Lambda+0x000000010010b788
instanceKlass  @bci java/lang/Class methodToString (Ljava/lang/String;[Ljava/lang/Class;)Ljava/lang/String; 42 <appendix> argL0 ; # java/lang/Class$$Lambda+0x000000010010b558
instanceKlass jdk/management/jfr/FlightRecorderMXBeanImpl$MXBeanListener
instanceKlass jdk/jfr/FlightRecorderListener
instanceKlass jdk/jfr/FlightRecorder
instanceKlass jdk/jfr/Recording
instanceKlass javax/management/NotificationFilter
instanceKlass javax/management/NotificationListener
instanceKlass java/util/EventListener
instanceKlass javax/management/StandardMBean$MBeanInfoSafeAction
instanceKlass jdk/jfr/internal/management/StreamManager
instanceKlass jdk/management/jfr/EventTypeInfo
instanceKlass jdk/management/jfr/ConfigurationInfo
instanceKlass jdk/management/jfr/RecordingInfo
instanceKlass sun/reflect/generics/tree/VoidDescriptor
instanceKlass sun/reflect/generics/tree/LongSignature
instanceKlass jdk/management/jfr/SettingDescriptorInfo$1
instanceKlass jdk/management/jfr/SettingDescriptorInfo
instanceKlass  @bci java/lang/management/DefaultPlatformMBeanProvider$10 nameToMBeanMap ()Ljava/util/Map; 36 <appendix> member <vmtarget> ; # java/lang/management/DefaultPlatformMBeanProvider$10$$Lambda+0x0000000100108218
instanceKlass  @cpi org/wso2/ballerinalang/util/LambdaExceptionUtils 52 form vmentry <vmtarget> ; # java/lang/invoke/LambdaForm$DMH+0x0000000100140c00
instanceKlass sun/management/ManagementFactoryHelper$1
instanceKlass  @bci java/util/stream/Collectors toList ()Ljava/util/stream/Collector; 14 <appendix> argL0 ; # java/util/stream/Collectors$$Lambda+0x0000000100107d70
instanceKlass  @bci java/util/stream/Collectors toList ()Ljava/util/stream/Collector; 9 <appendix> argL0 ; # java/util/stream/Collectors$$Lambda+0x0000000100107b50
instanceKlass  @bci java/util/stream/Collectors toList ()Ljava/util/stream/Collector; 4 <appendix> argL0 ; # java/util/stream/Collectors$$Lambda+0x0000000100107940
instanceKlass  @bci sun/management/ManagementFactoryHelper getBufferPoolMXBeans ()Ljava/util/List; 25 <appendix> argL0 ; # sun/management/ManagementFactoryHelper$$Lambda+0x0000000100107710
instanceKlass java/lang/management/BufferPoolMXBean
instanceKlass sun/nio/ch/FileChannelImpl$3
instanceKlass sun/nio/ch/FileChannelImpl$2
instanceKlass jdk/internal/misc/VM$BufferPoolsHolder
instanceKlass com/sun/management/VMOption
instanceKlass com/sun/management/internal/HotSpotDiagnostic
instanceKlass com/sun/management/HotSpotDiagnosticMXBean
instanceKlass com/sun/management/GcInfo
instanceKlass javax/management/openmbean/CompositeDataView
# instanceKlass java/lang/invoke/LambdaForm$MH+0x0000000100140800
instanceKlass  @bci jdk/jfr/internal/dcmd/DCmdCheck printHelp ()[Ljava/lang/String; 6 <appendix> argL0 ; # jdk/jfr/internal/dcmd/DCmdCheck$$Lambda+0x0000000100105cb8
instanceKlass  @bci jdk/jfr/internal/dcmd/DCmdDump printHelp ()[Ljava/lang/String; 27 <appendix> argL0 ; # jdk/jfr/internal/dcmd/DCmdDump$$Lambda+0x0000000100105aa8
instanceKlass  @bci jdk/jfr/internal/dcmd/DCmdStart printHelp ()[Ljava/lang/String; 26 <appendix> argL0 ; # jdk/jfr/internal/dcmd/DCmdStart$$Lambda+0x0000000100105898
instanceKlass java/util/regex/ASCII
instanceKlass java/util/regex/IntHashSet
instanceKlass java/util/regex/Matcher
instanceKlass java/util/regex/MatchResult
instanceKlass  @bci java/util/regex/CharPredicates ASCII_SPACE ()Ljava/util/regex/Pattern$BmpCharPredicate; 0 <appendix> argL0 ; # java/util/regex/CharPredicates$$Lambda+0x0000000100104bc0
instanceKlass  @bci jdk/jfr/internal/jfc/model/JFCModel add (Ljdk/jfr/internal/jfc/model/ControlElement;)V 10 <appendix> argL0 ; # jdk/jfr/internal/jfc/model/JFCModel$$Lambda+0x0000000100104990
instanceKlass  @bci jdk/jfr/internal/jfc/model/JFCModel <init> (Ljdk/jfr/internal/jfc/model/XmlConfiguration;)V 25 <appendix> argL0 ; # jdk/jfr/internal/jfc/model/JFCModel$$Lambda+0x0000000100104770
instanceKlass jdk/jfr/internal/jfc/model/ControlElement
# instanceKlass java/lang/invoke/LambdaForm$DMH+0x0000000100140400
# instanceKlass java/lang/invoke/LambdaForm$DMH+0x0000000100140000
instanceKlass java/lang/invoke/MethodHandle$1
instanceKlass jdk/jfr/internal/jfc/model/SettingsLog
instanceKlass jdk/internal/misc/PreviewFeatures
instanceKlass jdk/jfr/internal/jfc/model/Utilities
instanceKlass jdk/jfr/internal/jfc/model/XmlElement
instanceKlass jdk/internal/util/xml/impl/Input
instanceKlass jdk/internal/org/xml/sax/InputSource
instanceKlass jdk/internal/org/xml/sax/helpers/DefaultHandler
instanceKlass jdk/internal/org/xml/sax/ErrorHandler
instanceKlass jdk/internal/org/xml/sax/ContentHandler
instanceKlass jdk/internal/org/xml/sax/DTDHandler
instanceKlass jdk/internal/org/xml/sax/EntityResolver
instanceKlass jdk/internal/util/xml/impl/Pair
instanceKlass jdk/internal/util/xml/impl/Attrs
instanceKlass jdk/internal/org/xml/sax/Attributes
instanceKlass jdk/internal/util/xml/impl/Parser
instanceKlass jdk/internal/org/xml/sax/Locator
instanceKlass jdk/internal/org/xml/sax/XMLReader
instanceKlass jdk/internal/util/xml/SAXParser
instanceKlass jdk/jfr/internal/jfc/model/Parser
instanceKlass java/io/Reader
instanceKlass sun/nio/ch/IOStatus
instanceKlass sun/nio/ch/Util$BufferCache
instanceKlass sun/nio/ch/Util
instanceKlass sun/nio/ch/NativeThread
instanceKlass java/nio/channels/NetworkChannel
instanceKlass sun/nio/ch/SelChImpl
instanceKlass sun/nio/ch/Streams
instanceKlass java/nio/channels/Channels
instanceKlass sun/nio/ch/FileChannelImpl$Closer
instanceKlass sun/nio/ch/NativeThreadSet
instanceKlass sun/nio/ch/IOUtil
instanceKlass sun/nio/ch/NativeDispatcher
instanceKlass java/nio/channels/spi/AbstractInterruptibleChannel
instanceKlass java/nio/channels/InterruptibleChannel
instanceKlass java/nio/channels/ScatteringByteChannel
instanceKlass java/nio/channels/GatheringByteChannel
instanceKlass java/nio/channels/SeekableByteChannel
instanceKlass java/nio/channels/ByteChannel
instanceKlass java/nio/channels/WritableByteChannel
instanceKlass java/nio/channels/ReadableByteChannel
instanceKlass java/nio/channels/Channel
instanceKlass sun/nio/fs/WindowsChannelFactory$Flags
instanceKlass sun/nio/fs/WindowsChannelFactory$1
instanceKlass sun/nio/fs/WindowsChannelFactory
instanceKlass sun/nio/fs/WindowsSecurityDescriptor
instanceKlass java/nio/file/attribute/FileAttribute
instanceKlass  @bci jdk/jfr/internal/SecuritySupport newFileInputStream (Ljdk/jfr/internal/SecuritySupport$SafePath;)Ljava/io/InputStream; 1 <appendix> member <vmtarget> ; # jdk/jfr/internal/SecuritySupport$$Lambda+0x00000001000dfae0
instanceKlass  @bci jdk/jfr/internal/SecuritySupport getFileSize (Ljdk/jfr/internal/SecuritySupport$SafePath;)J 1 <appendix> member <vmtarget> ; # jdk/jfr/internal/SecuritySupport$$Lambda+0x00000001000df8c8
instanceKlass jdk/jfr/internal/jfc/JFC$KnownConfiguration
instanceKlass jdk/jfr/internal/jfc/model/JFCModel
instanceKlass  @bci jdk/jfr/internal/dcmd/DCmdStart jfcOptions ()Ljava/lang/String; 45 <appendix> argL0 ; # jdk/jfr/internal/dcmd/DCmdStart$$Lambda+0x00000001000df2a8
instanceKlass jdk/jfr/internal/jfc/JFC
instanceKlass  @bci jdk/jfr/internal/SecuritySupport isDirectory (Ljdk/jfr/internal/SecuritySupport$SafePath;)Z 1 <appendix> member <vmtarget> ; # jdk/jfr/internal/SecuritySupport$$Lambda+0x00000001000dee98
instanceKlass sun/nio/fs/BasicFileAttributesHolder
instanceKlass sun/nio/fs/WindowsDirectoryStream$WindowsDirectoryIterator
instanceKlass sun/nio/fs/WindowsDirectoryStream
instanceKlass java/nio/file/Files$AcceptAllFilter
instanceKlass java/nio/file/DirectoryStream$Filter
instanceKlass jdk/jfr/internal/SecuritySupport$1
instanceKlass  @bci jdk/jfr/internal/SecuritySupport getPredefinedJFCFiles ()Ljava/util/List; 8 <appendix> argL0 ; # jdk/jfr/internal/SecuritySupport$$Lambda+0x00000001000dda58
instanceKlass java/nio/file/DirectoryStream
instanceKlass jdk/jfr/internal/consumer/FileAccess
instanceKlass jdk/jfr/internal/SecuritySupport$4
instanceKlass  @bci jdk/jfr/internal/SecuritySupport getPathInProperty (Ljava/lang/String;Ljava/lang/String;)Ljdk/jfr/internal/SecuritySupport$SafePath; 2 <appendix> member <vmtarget> ; # jdk/jfr/internal/SecuritySupport$$Lambda+0x00000001000dcb40
instanceKlass  @cpi okhttp3/Authenticator 29 form vmentry <vmtarget> ; # java/lang/invoke/LambdaForm$DMH+0x00000001000c8400
instanceKlass jdk/jfr/internal/SecuritySupport$SafePath
instanceKlass jdk/jfr/internal/SecuritySupport$CallableWithoutCheckException
instanceKlass jdk/internal/event/Event
instanceKlass jdk/jfr/internal/SecuritySupport
instanceKlass  @bci jdk/jfr/internal/dcmd/DCmdStop printHelp ()[Ljava/lang/String; 19 <appendix> argL0 ; # jdk/jfr/internal/dcmd/DCmdStop$$Lambda+0x00000001000dba90
instanceKlass java/util/Formattable
instanceKlass java/util/Formatter$Flags
instanceKlass java/util/Formatter$FormatSpecifier
instanceKlass java/util/Formatter$Conversion
instanceKlass java/util/Formatter$FixedString
instanceKlass java/util/Formatter$FormatString
instanceKlass sun/util/locale/LocaleObjectCache
instanceKlass sun/util/locale/BaseLocale$Key
instanceKlass java/util/regex/Pattern$TreeInfo
instanceKlass  @bci java/util/regex/Pattern union (Ljava/util/regex/Pattern$CharPredicate;Ljava/util/regex/Pattern$CharPredicate;Z)Ljava/util/regex/Pattern$CharPredicate; 6 <appendix> member <vmtarget> ; # java/util/regex/Pattern$$Lambda+0x00000001000d9080
instanceKlass  @bci java/util/regex/Pattern Range (II)Ljava/util/regex/Pattern$CharPredicate; 23 <appendix> member <vmtarget> ; # java/util/regex/Pattern$$Lambda+0x00000001000d8e00
instanceKlass java/util/regex/Pattern$BitClass
instanceKlass  @bci java/util/regex/CharPredicates ASCII_DIGIT ()Ljava/util/regex/Pattern$BmpCharPredicate; 0 <appendix> argL0 ; # java/util/regex/CharPredicates$$Lambda+0x00000001000d7a50
instanceKlass java/util/regex/CharPredicates
instanceKlass  @bci java/util/regex/Pattern Single (I)Ljava/util/regex/Pattern$BmpCharPredicate; 1 <appendix> member <vmtarget> ; # java/util/regex/Pattern$$Lambda+0x00000001000d6f80
instanceKlass java/util/regex/Pattern$BmpCharPredicate
instanceKlass java/util/regex/Pattern$CharPredicate
instanceKlass java/util/regex/Pattern$Node
instanceKlass java/util/regex/Pattern
instanceKlass java/util/Formatter
instanceKlass  @bci jdk/jfr/internal/dcmd/DCmdView printHelp ()[Ljava/lang/String; 111 <appendix> argL0 ; # jdk/jfr/internal/dcmd/DCmdView$$Lambda+0x00000001000d5b38
instanceKlass jdk/jfr/internal/util/Columnizer$Column
instanceKlass jdk/jfr/internal/util/Tokenizer
instanceKlass  @bci jdk/internal/module/SystemModuleFinders$SystemModuleReader open (Ljava/lang/String;)Ljava/util/Optional; 6 <appendix> member <vmtarget> ; # jdk/internal/module/SystemModuleFinders$SystemModuleReader$$Lambda+0x00000001000d52e8
instanceKlass jdk/jfr/internal/query/ViewFile
instanceKlass jdk/jfr/internal/util/Columnizer
instanceKlass jdk/jfr/internal/query/ViewPrinter
instanceKlass java/util/stream/AbstractSpinedBuffer
instanceKlass  @bci java/util/stream/ReferencePipeline toArray ()[Ljava/lang/Object; 1 <appendix> argL0 ; # java/util/stream/ReferencePipeline$$Lambda+0x00000001000d4248
instanceKlass java/util/ImmutableCollections$Access$1
instanceKlass jdk/internal/access/JavaUtilCollectionAccess
instanceKlass java/util/ImmutableCollections$Access
instanceKlass java/lang/StringLatin1$LinesSpliterator
instanceKlass java/util/Arrays$ArrayItr
instanceKlass com/sun/management/internal/DiagnosticCommandImpl$Wrapper
instanceKlass jdk/jfr/internal/util/Output$LinePrinter
instanceKlass jdk/jfr/internal/util/Output
instanceKlass jdk/jfr/internal/dcmd/AbstractDCmd
instanceKlass com/sun/management/internal/DiagnosticCommandArgumentInfo
instanceKlass com/sun/management/internal/DiagnosticCommandInfo
instanceKlass com/sun/management/internal/DiagnosticCommandImpl$OperationInfoComparator
instanceKlass sun/management/ClassLoadingImpl
instanceKlass java/lang/management/ClassLoadingMXBean
instanceKlass javax/management/MBeanInfo$ArrayGettersSafeAction
instanceKlass javax/management/openmbean/OpenMBeanOperationInfo
instanceKlass java/util/logging/LogManager$4
instanceKlass jdk/internal/logger/BootstrapLogger$BootstrapExecutors
instanceKlass sun/security/util/SecurityConstants
instanceKlass jdk/internal/logger/LoggerFinderLoader
instanceKlass  @bci java/lang/System$LoggerFinder accessProvider ()Ljava/lang/System$LoggerFinder; 8 <appendix> argL0 ; # java/lang/System$LoggerFinder$$Lambda+0x00000001000fe908
instanceKlass java/util/stream/Streams
instanceKlass java/util/stream/Streams$AbstractStreamBuilderImpl
instanceKlass java/util/stream/Stream$Builder
instanceKlass  @bci java/util/logging/Level$KnownLevel findByName (Ljava/lang/String;Ljava/util/function/Function;)Ljava/util/Optional; 29 <appendix> argL0 ; # java/util/logging/Level$KnownLevel$$Lambda+0x00000001000fda18
instanceKlass  @bci java/util/logging/Level findLevel (Ljava/lang/String;)Ljava/util/logging/Level; 13 <appendix> argL0 ; # java/util/logging/Level$$Lambda+0x00000001000fd7e8
instanceKlass java/util/Hashtable$Enumerator
instanceKlass java/util/Collections$3
instanceKlass java/util/logging/LogManager$LoggerContext$1
instanceKlass java/util/logging/LogManager$VisitedLoggers
instanceKlass java/util/logging/Logger$ConfigurationData
instanceKlass java/util/logging/Logger$LoggerBundle
instanceKlass java/util/logging/Handler
instanceKlass java/util/logging/LogManager$2
instanceKlass java/util/logging/Logging
instanceKlass java/util/logging/LogManager$LoggingProviderAccess
instanceKlass java/lang/Shutdown$Lock
instanceKlass java/lang/Shutdown
instanceKlass java/lang/ApplicationShutdownHooks$1
instanceKlass java/lang/ApplicationShutdownHooks
instanceKlass java/util/Collections$SynchronizedMap
instanceKlass java/util/logging/LogManager$LogNode
instanceKlass java/util/logging/LogManager$LoggerContext
instanceKlass java/util/logging/LogManager$1
instanceKlass  @bci java/util/logging/Level$KnownLevel add (Ljava/util/logging/Level;)V 49 <appendix> argL0 ; # java/util/logging/Level$KnownLevel$$Lambda+0x00000001000f97d0
instanceKlass  @bci java/util/logging/Level$KnownLevel add (Ljava/util/logging/Level;)V 19 <appendix> argL0 ; # java/util/logging/Level$KnownLevel$$Lambda+0x00000001000f95a0
instanceKlass java/util/logging/Level
instanceKlass java/util/logging/LoggingMXBean
instanceKlass java/util/logging/Logger
instanceKlass sun/management/ManagementFactoryHelper$PlatformLoggingImpl
instanceKlass java/lang/management/PlatformLoggingMXBean
instanceKlass sun/management/CompilationImpl
instanceKlass java/lang/management/CompilationMXBean
instanceKlass sun/management/VMManagementImpl$1
instanceKlass java/lang/management/MemoryUsage
instanceKlass sun/management/Sensor
instanceKlass sun/management/MemoryPoolImpl
instanceKlass java/lang/management/MemoryPoolMXBean
instanceKlass  @bci io/ballerina/projects/PackageDescriptor toString ()Ljava/lang/String; 14 <appendix> form vmentry <vmtarget> ; # java/lang/invoke/LambdaForm$MH+0x00000001000c8000
instanceKlass java/lang/invoke/LambdaFormEditor$1
# instanceKlass java/lang/invoke/LambdaForm$MH+0x00000001000c7c00
instanceKlass  @bci io/ballerina/projects/PackageDescriptor toString ()Ljava/lang/String; 14 <appendix> argL3 form vmentry <vmtarget> ; # java/lang/invoke/LambdaForm$MH+0x00000001000c7800
instanceKlass  @bci org/wso2/ballerinalang/compiler/util/CompilerUtils getPackageIDStringWithMajorVersion (Lorg/ballerinalang/model/elements/PackageID;)Ljava/lang/String; 114 <appendix> argL3 argL2 form vmentry <vmtarget> ; # java/lang/invoke/LambdaForm$MH+0x00000001000c7400
# instanceKlass java/lang/invoke/LambdaForm$MH+0x00000001000c7000
# instanceKlass java/lang/invoke/LambdaForm$MH+0x00000001000c6c00
# instanceKlass java/lang/invoke/LambdaForm$MH+0x00000001000c6800
instanceKlass  @bci org/wso2/ballerinalang/compiler/desugar/Code2CloudDesugar <init> (Lorg/wso2/ballerinalang/compiler/util/CompilerContext;)V 89 <appendix> argL1 argL0 form vmentry <vmtarget> ; # java/lang/invoke/LambdaForm$MH+0x00000001000c6400
# instanceKlass java/lang/invoke/LambdaForm$MH+0x00000001000c6000
# instanceKlass java/lang/invoke/LambdaForm$MH+0x00000001000c5c00
# instanceKlass java/lang/invoke/LambdaForm$MH+0x00000001000c5800
# instanceKlass java/lang/invoke/LambdaForm$MH+0x00000001000c5400
instanceKlass sun/management/Util
instanceKlass  @bci java/util/stream/Collectors uniqKeysMapMerger ()Ljava/util/function/BinaryOperator; 0 <appendix> argL0 ; # java/util/stream/Collectors$$Lambda+0x00000001000f58c8
instanceKlass  @bci java/util/stream/Collectors uniqKeysMapAccumulator (Ljava/util/function/Function;Ljava/util/function/Function;)Ljava/util/function/BiConsumer; 2 <appendix> member <vmtarget> ; # java/util/stream/Collectors$$Lambda+0x00000001000f56a0
instanceKlass  @bci java/util/stream/Collectors toMap (Ljava/util/function/Function;Ljava/util/function/Function;)Ljava/util/stream/Collector; 4 <appendix> argL0 ; # java/util/stream/Collectors$$Lambda+0x00000001000f5490
instanceKlass  @bci java/util/function/Function identity ()Ljava/util/function/Function; 0 <appendix> argL0 ; # java/util/function/Function$$Lambda+0x00000001000f5260
instanceKlass  @bci java/lang/management/DefaultPlatformMBeanProvider$5 nameToMBeanMap ()Ljava/util/Map; 21 <appendix> argL0 ; # java/lang/management/DefaultPlatformMBeanProvider$5$$Lambda+0x00000001000f5030
instanceKlass  @bci java/lang/management/DefaultPlatformMBeanProvider$5 nameToMBeanMap ()Ljava/util/Map; 11 <appendix> member <vmtarget> ; # java/lang/management/DefaultPlatformMBeanProvider$5$$Lambda+0x00000001000f4de8
instanceKlass  @cpi okhttp3/internal/Util 634 form vmentry <vmtarget> ; # java/lang/invoke/LambdaForm$DMH+0x00000001000c5000
instanceKlass java/util/ArrayList$ArrayListSpliterator
instanceKlass com/sun/management/GarbageCollectorMXBean
instanceKlass java/lang/management/GarbageCollectorMXBean
instanceKlass java/lang/management/MemoryManagerMXBean
instanceKlass java/lang/management/MemoryMXBean
instanceKlass javax/management/DescriptorKey
instanceKlass java/lang/annotation/Target
# instanceKlass java/lang/invoke/LambdaForm$MH+0x00000001000c4c00
instanceKlass java/lang/reflect/Proxy$ProxyBuilder$1
instanceKlass jdk/internal/org/objectweb/asm/Edge
instanceKlass  @bci java/lang/reflect/ProxyGenerator addProxyMethod (Ljava/lang/reflect/Method;Ljava/lang/Class;)V 23 <appendix> argL0 ; # java/lang/reflect/ProxyGenerator$$Lambda+0x00000001000f20d0
instanceKlass  @bci java/lang/reflect/ProxyGenerator addProxyMethod (Ljava/lang/reflect/ProxyGenerator$ProxyMethod;)V 10 <appendix> argL0 ; # java/lang/reflect/ProxyGenerator$$Lambda+0x00000001000f1ea0
instanceKlass java/util/StringJoiner
instanceKlass java/lang/reflect/ProxyGenerator$ProxyMethod
instanceKlass  @bci java/lang/reflect/Proxy getLoader (Ljava/lang/Module;)Ljava/lang/ClassLoader; 6 <appendix> member <vmtarget> ; # java/lang/reflect/Proxy$$Lambda+0x00000001000f1578
instanceKlass  @bci java/lang/WeakPairMap computeIfAbsent (Ljava/lang/Object;Ljava/lang/Object;Ljava/util/function/BiFunction;)Ljava/lang/Object; 18 <appendix> member <vmtarget> ; # java/lang/WeakPairMap$$Lambda+0x00000001000f1140
instanceKlass  @bci java/lang/Module implAddExportsOrOpens (Ljava/lang/String;Ljava/lang/Module;ZZ)V 145 <appendix> argL0 ; # java/lang/Module$$Lambda+0x00000001000f0f20
instanceKlass  @bci java/lang/module/ModuleDescriptor$Builder packages (Ljava/util/Set;)Ljava/lang/module/ModuleDescriptor$Builder; 17 <appendix> argL0 ; # java/lang/module/ModuleDescriptor$Builder$$Lambda+0x00000001000f0608
instanceKlass jdk/internal/module/Checks
instanceKlass java/lang/module/ModuleDescriptor$Builder
instanceKlass  @bci java/lang/reflect/Proxy$ProxyBuilder getDynamicModule (Ljava/lang/ClassLoader;)Ljava/lang/Module; 4 <appendix> argL0 ; # java/lang/reflect/Proxy$ProxyBuilder$$Lambda+0x00000001000efff0
instanceKlass java/lang/reflect/Proxy$ProxyBuilder
instanceKlass  @bci java/lang/reflect/Proxy getProxyConstructor (Ljava/lang/Class;Ljava/lang/ClassLoader;[Ljava/lang/Class;)Ljava/lang/reflect/Constructor; 35 <appendix> argL0 ; # java/lang/reflect/Proxy$$Lambda+0x00000001000efbd0
instanceKlass java/lang/reflect/Proxy
instanceKlass sun/reflect/annotation/AnnotationInvocationHandler
instanceKlass java/lang/reflect/InvocationHandler
instanceKlass sun/reflect/annotation/AnnotationParser$1
instanceKlass java/lang/annotation/Documented
instanceKlass java/lang/annotation/Inherited
instanceKlass java/lang/annotation/Retention
instanceKlass sun/reflect/annotation/ExceptionProxy
instanceKlass sun/reflect/annotation/AnnotationType$1
instanceKlass sun/reflect/annotation/AnnotationType
instanceKlass java/lang/Deprecated
instanceKlass sun/management/BaseOperatingSystemImpl
instanceKlass com/sun/management/OperatingSystemMXBean
instanceKlass java/lang/management/OperatingSystemMXBean
instanceKlass com/sun/jmx/mbeanserver/PerInterface$MethodAndSig
instanceKlass  @bci sun/rmi/transport/tcp/TCPTransport listen ()V 90 <appendix> form vmentry <vmtarget> ; # java/lang/invoke/LambdaForm$MH+0x00000001000c4800
instanceKlass  @bci sun/rmi/transport/tcp/TCPTransport listen ()V 90 <appendix> argL3 form vmentry <vmtarget> ; # java/lang/invoke/LambdaForm$MH+0x00000001000c4400
# instanceKlass java/lang/invoke/LambdaForm$MH+0x00000001000c4000
# instanceKlass java/lang/invoke/LambdaForm$MH+0x00000001000c3c00
instanceKlass  @bci io/ballerina/cli/task/CompileTask printWarningForHigherDistribution (Lio/ballerina/projects/Project;)V 53 <appendix> argL1 argL1 form vmentry <vmtarget> ; # java/lang/invoke/LambdaForm$MH+0x00000001000c3800
# instanceKlass java/lang/invoke/LambdaForm$MH+0x00000001000c3400
instanceKlass java/lang/management/LockInfo
instanceKlass java/lang/management/ThreadInfo
instanceKlass sun/management/ThreadImpl
instanceKlass com/sun/management/ThreadMXBean
instanceKlass java/lang/management/ThreadMXBean
instanceKlass com/sun/jmx/mbeanserver/WeakIdentityHashMap
instanceKlass com/sun/jmx/mbeanserver/MXBeanLookup
instanceKlass com/sun/jmx/mbeanserver/PerInterface$InitMaps
instanceKlass com/sun/jmx/mbeanserver/PerInterface
instanceKlass  @bci sun/security/ec/ParametersMap get (Ljava/util/function/Function;Ljava/security/spec/AlgorithmParameterSpec;)Ljava/lang/Object; 29 <appendix> form vmentry <vmtarget> ; # java/lang/invoke/LambdaForm$MH+0x00000001000c3000
instanceKlass javax/management/openmbean/OpenMBeanAttributeInfo
instanceKlass javax/management/openmbean/OpenMBeanParameterInfo
instanceKlass com/sun/jmx/mbeanserver/MBeanIntrospector$MBeanInfoMaker
instanceKlass com/sun/jmx/mbeanserver/MBeanAnalyzer$MBeanVisitor
instanceKlass  @bci sun/rmi/server/Util getTypeDescriptor (Ljava/lang/Class;)Ljava/lang/String; 153 <appendix> form vmentry <vmtarget> ; # java/lang/invoke/LambdaForm$MH+0x00000001000c2c00
# instanceKlass java/lang/invoke/LambdaForm$MH+0x00000001000c2800
instanceKlass  @bci sun/rmi/server/Util getTypeDescriptor (Ljava/lang/Class;)Ljava/lang/String; 153 <appendix> argL3 form vmentry <vmtarget> ; # java/lang/invoke/LambdaForm$MH+0x00000001000c2400
instanceKlass java/lang/invoke/MethodHandles$1
instanceKlass java/lang/Long$LongCache
# instanceKlass java/lang/invoke/LambdaForm$MH+0x00000001000c2000
instanceKlass  @bci io/ballerina/projects/internal/ManifestBuilder getPackageDescriptor (Lio/ballerina/toml/semantic/ast/TomlTableNode;)Lio/ballerina/projects/PackageDescriptor; 25 <appendix> argL2 form vmentry <vmtarget> ; # java/lang/invoke/LambdaForm$MH+0x00000001000c1c00
# instanceKlass java/lang/invoke/LambdaForm$MH+0x00000001000c1800
instanceKlass  @bci org/wso2/ballerinalang/compiler/desugar/Code2CloudDesugar <init> (Lorg/wso2/ballerinalang/compiler/util/CompilerContext;)V 89 <appendix> argL1 argL0 argL0 form vmentry <vmtarget> ; # java/lang/invoke/LambdaForm$MH+0x00000001000c1400
# instanceKlass java/lang/invoke/LambdaForm$MH+0x00000001000c1000
instanceKlass java/lang/reflect/GenericArrayType
instanceKlass sun/reflect/generics/reflectiveObjects/LazyReflectiveObjectGenerator
instanceKlass sun/reflect/generics/tree/TypeVariableSignature
instanceKlass sun/reflect/generics/tree/ClassSignature
instanceKlass sun/reflect/generics/reflectiveObjects/ParameterizedTypeImpl
instanceKlass java/lang/reflect/ParameterizedType
instanceKlass sun/reflect/generics/visitor/Reifier
instanceKlass sun/reflect/generics/visitor/TypeTreeVisitor
instanceKlass sun/reflect/generics/tree/MethodTypeSignature
instanceKlass sun/reflect/generics/tree/Signature
instanceKlass sun/reflect/generics/tree/ClassTypeSignature
instanceKlass sun/reflect/generics/tree/SimpleClassTypeSignature
instanceKlass sun/reflect/generics/tree/FieldTypeSignature
instanceKlass sun/reflect/generics/tree/TypeArgument
instanceKlass sun/reflect/generics/tree/BaseType
instanceKlass sun/reflect/generics/tree/TypeSignature
instanceKlass sun/reflect/generics/tree/ReturnType
instanceKlass sun/reflect/generics/tree/FormalTypeParameter
instanceKlass sun/reflect/generics/tree/TypeTree
instanceKlass sun/reflect/generics/tree/Tree
instanceKlass sun/reflect/generics/parser/SignatureParser
instanceKlass java/lang/reflect/TypeVariable
instanceKlass sun/reflect/generics/repository/AbstractRepository
instanceKlass sun/reflect/generics/factory/CoreReflectionFactory
instanceKlass sun/reflect/generics/factory/GenericsFactory
instanceKlass sun/reflect/generics/scope/AbstractScope
instanceKlass sun/reflect/generics/scope/Scope
instanceKlass com/sun/jmx/mbeanserver/MBeanAnalyzer$AttrMethods
# instanceKlass java/lang/invoke/LambdaForm$MH+0x00000001000c0c00
instanceKlass com/sun/jmx/mbeanserver/MXBeanMapping
instanceKlass javax/management/openmbean/TabularData
instanceKlass javax/management/openmbean/CompositeData
instanceKlass javax/management/openmbean/OpenType
instanceKlass com/sun/jmx/mbeanserver/MXBeanMappingFactory
instanceKlass com/sun/jmx/mbeanserver/ConvertingMethod
instanceKlass java/util/TimSort
instanceKlass com/sun/jmx/mbeanserver/MBeanAnalyzer$MethodOrder
instanceKlass java/util/LinkedHashMap$LinkedHashIterator
instanceKlass java/lang/PublicMethods
instanceKlass com/sun/jmx/mbeanserver/MBeanAnalyzer
instanceKlass com/sun/jmx/mbeanserver/MBeanIntrospector
instanceKlass sun/reflect/misc/ReflectUtil
instanceKlass java/lang/Class$AnnotationData
instanceKlass javax/management/MXBean
instanceKlass com/sun/jmx/mbeanserver/MBeanSupport
instanceKlass com/sun/jmx/mbeanserver/DescriptorCache
instanceKlass javax/management/JMX
instanceKlass javax/management/StandardMBean
instanceKlass  @bci java/lang/management/ManagementFactory addMXBean (Ljavax/management/MBeanServer;Ljava/lang/String;Ljava/lang/Object;)V 8 <appendix> member <vmtarget> ; # java/lang/management/ManagementFactory$$Lambda+0x00000001000b9a90
instanceKlass java/util/Collections$2
instanceKlass java/util/AbstractMap$SimpleImmutableEntry
instanceKlass sun/management/RuntimeImpl
instanceKlass java/lang/management/RuntimeMXBean
instanceKlass java/util/stream/ForEachOps$ForEachOp
instanceKlass java/util/stream/ForEachOps
instanceKlass  @bci java/lang/management/ManagementFactory getPlatformMBeanServer ()Ljavax/management/MBeanServer; 63 <appendix> argL0 ; # java/lang/management/ManagementFactory$$Lambda+0x00000001000b7f88
instanceKlass  @cpi io/ballerina/projects/DependencyGraph 271 form vmentry <vmtarget> ; # java/lang/invoke/LambdaForm$DMH+0x00000001000c0800
instanceKlass  @bci java/lang/management/ManagementFactory getPlatformMBeanServer ()Ljavax/management/MBeanServer; 53 <appendix> argL0 ; # java/lang/management/ManagementFactory$$Lambda+0x00000001000b7870
instanceKlass  @bci java/lang/management/ManagementFactory getPlatformMBeanServer ()Ljavax/management/MBeanServer; 43 <appendix> argL0 ; # java/lang/management/ManagementFactory$$Lambda+0x00000001000b7630
instanceKlass  @cpi java/lang/management/ManagementFactory 556 form vmentry <vmtarget> ; # java/lang/invoke/LambdaForm$DMH+0x00000001000c0400
instanceKlass java/util/HashMap$HashMapSpliterator
instanceKlass java/util/Collections$1
instanceKlass jdk/management/jfr/internal/FlightRecorderMXBeanProvider$SingleMBeanComponent
instanceKlass jdk/management/jfr/FlightRecorderMXBean
instanceKlass java/lang/management/PlatformManagedObject
instanceKlass java/lang/management/DefaultPlatformMBeanProvider$11
instanceKlass java/lang/management/DefaultPlatformMBeanProvider$10
instanceKlass java/lang/management/DefaultPlatformMBeanProvider$9
instanceKlass java/util/logging/LogManager
instanceKlass sun/management/ManagementFactoryHelper$LoggingMXBeanAccess$1
instanceKlass sun/management/ManagementFactoryHelper$LoggingMXBeanAccess
instanceKlass java/lang/management/DefaultPlatformMBeanProvider$8
instanceKlass java/lang/management/DefaultPlatformMBeanProvider$7
instanceKlass java/lang/management/DefaultPlatformMBeanProvider$6
instanceKlass java/lang/management/DefaultPlatformMBeanProvider$5
instanceKlass java/lang/management/DefaultPlatformMBeanProvider$4
instanceKlass java/lang/management/DefaultPlatformMBeanProvider$3
instanceKlass java/lang/management/DefaultPlatformMBeanProvider$2
instanceKlass java/lang/management/DefaultPlatformMBeanProvider$1
instanceKlass java/util/concurrent/Callable
instanceKlass com/sun/management/internal/PlatformMBeanProviderImpl$5
instanceKlass sun/management/VMManagementImpl
instanceKlass sun/management/VMManagement
instanceKlass sun/management/ManagementFactoryHelper
instanceKlass sun/management/NotificationEmitterSupport
instanceKlass com/sun/management/DiagnosticCommandMBean
instanceKlass com/sun/management/internal/PlatformMBeanProviderImpl$4
instanceKlass com/sun/management/internal/PlatformMBeanProviderImpl$3
instanceKlass com/sun/management/internal/PlatformMBeanProviderImpl$2
instanceKlass com/sun/management/internal/PlatformMBeanProviderImpl$1
instanceKlass sun/management/spi/PlatformMBeanProvider$PlatformComponent
instanceKlass  @bci com/sun/management/internal/PlatformMBeanProviderImpl <clinit> ()V 8 <appendix> argL0 ; # com/sun/management/internal/PlatformMBeanProviderImpl$$Lambda+0x00000001000b0520
instanceKlass sun/management/spi/PlatformMBeanProvider
instanceKlass sun/security/util/SecurityProperties
instanceKlass sun/security/util/FilePermCompat
instanceKlass java/io/FilePermission$1
instanceKlass jdk/internal/access/JavaIOFilePermissionAccess
instanceKlass java/lang/management/ManagementFactory$PlatformMBeanFinder$1
instanceKlass java/lang/management/ManagementFactory$PlatformMBeanFinder
instanceKlass com/sun/jmx/mbeanserver/JmxMBeanServer$3
instanceKlass javax/management/ObjectInstance
instanceKlass sun/util/calendar/CalendarSystem$GregorianHolder
instanceKlass sun/util/calendar/CalendarSystem
instanceKlass java/util/Date
instanceKlass java/util/EventObject
instanceKlass com/sun/jmx/mbeanserver/NamedObject
instanceKlass com/sun/jmx/interceptor/DefaultMBeanServerInterceptor$ResourceContext$1
instanceKlass com/sun/jmx/interceptor/DefaultMBeanServerInterceptor$ResourceContext
instanceKlass com/sun/jmx/mbeanserver/Repository$RegistrationContext
instanceKlass com/sun/jmx/mbeanserver/DynamicMBean2
instanceKlass sun/util/logging/PlatformLogger
instanceKlass sun/util/logging/PlatformLogger$ConfigurableBridge$LoggerConfiguration
instanceKlass jdk/internal/logger/BootstrapLogger$RedirectedLoggers
instanceKlass com/sun/jmx/defaults/JmxProperties
instanceKlass com/sun/jmx/mbeanserver/Introspector
instanceKlass com/sun/jmx/mbeanserver/JmxMBeanServer$2
instanceKlass com/sun/jmx/interceptor/DefaultMBeanServerInterceptor
instanceKlass com/sun/jmx/interceptor/MBeanServerInterceptor
instanceKlass java/util/concurrent/locks/ReentrantReadWriteLock$WriteLock
instanceKlass java/util/concurrent/locks/ReentrantReadWriteLock$ReadLock
instanceKlass java/util/concurrent/locks/ReentrantReadWriteLock
instanceKlass java/util/concurrent/locks/ReadWriteLock
instanceKlass com/sun/jmx/mbeanserver/Repository
instanceKlass com/sun/jmx/mbeanserver/JmxMBeanServer$1
instanceKlass com/sun/jmx/mbeanserver/SecureClassLoaderRepository
instanceKlass com/sun/jmx/mbeanserver/MBeanInstantiator
instanceKlass com/sun/jmx/mbeanserver/ClassLoaderRepositorySupport$LoaderEntry
instanceKlass com/sun/jmx/mbeanserver/ClassLoaderRepositorySupport
instanceKlass com/sun/jmx/mbeanserver/ModifiableClassLoaderRepository
instanceKlass javax/management/loading/ClassLoaderRepository
instanceKlass javax/management/ImmutableDescriptor
instanceKlass javax/management/Descriptor
instanceKlass com/sun/jmx/remote/util/ClassLogger
instanceKlass javax/management/NotificationBroadcasterSupport$1
instanceKlass java/util/concurrent/Executor
instanceKlass javax/management/NotificationBroadcasterSupport
instanceKlass java/util/ComparableTimSort
instanceKlass java/util/Arrays$LegacyMergeSort
instanceKlass javax/management/ObjectName$Property
instanceKlass javax/management/ObjectName
instanceKlass javax/management/QueryExp
instanceKlass com/sun/jmx/mbeanserver/Util
instanceKlass javax/management/MBeanInfo
instanceKlass javax/management/MBeanFeatureInfo
instanceKlass javax/management/DescriptorRead
instanceKlass javax/management/MBeanServerDelegate
instanceKlass javax/management/NotificationEmitter
instanceKlass javax/management/NotificationBroadcaster
instanceKlass javax/management/MBeanServerDelegateMBean
instanceKlass javax/management/MBeanRegistration
instanceKlass javax/management/DynamicMBean
instanceKlass com/sun/jmx/mbeanserver/JmxMBeanServer
instanceKlass com/sun/jmx/mbeanserver/SunJmxMBeanServer
instanceKlass javax/management/MBeanServer
instanceKlass javax/management/MBeanServerConnection
instanceKlass javax/management/MBeanServerBuilder
instanceKlass com/sun/jmx/mbeanserver/GetPropertyAction
instanceKlass javax/management/MBeanServerFactory
instanceKlass  @bci java/lang/management/ManagementFactory loadNativeLib ()V 0 <appendix> argL0 ; # java/lang/management/ManagementFactory$$Lambda+0x00000001000a1950
instanceKlass java/lang/management/ManagementFactory
instanceKlass java/util/concurrent/atomic/Striped64$1
instanceKlass jdk/internal/util/random/RandomSupport
instanceKlass java/util/Random
instanceKlass java/util/random/RandomGenerator
instanceKlass java/lang/invoke/VarHandle$AccessDescriptor
instanceKlass java/net/InetAddress$CachedLookup
instanceKlass java/security/Security$1
instanceKlass jdk/internal/access/JavaSecurityPropertiesAccess
instanceKlass  @bci java/security/Security <clinit> ()V 9 <appendix> argL0 ; # java/security/Security$$Lambda+0x000000010009f2b8
instanceKlass java/security/Security
instanceKlass sun/net/InetAddressCachePolicy$1
instanceKlass sun/net/InetAddressCachePolicy
instanceKlass java/util/stream/Nodes$ArrayNode
instanceKlass java/util/stream/Node$Builder
instanceKlass java/util/stream/Node$OfDouble
instanceKlass java/util/stream/Node$OfLong
instanceKlass java/util/stream/Node$OfInt
instanceKlass java/util/stream/Node$OfPrimitive
instanceKlass java/util/stream/Nodes$EmptyNode
instanceKlass java/util/stream/Node
instanceKlass java/util/stream/Nodes
instanceKlass  @bci java/net/InetAddress getAddressesFromNameService (Ljava/lang/String;)[Ljava/net/InetAddress; 94 <appendix> argL0 ; # java/net/InetAddress$$Lambda+0x000000010009c630
instanceKlass java/util/function/IntFunction
instanceKlass java/net/Inet6Address$Inet6AddressHolder
instanceKlass  @bci java/net/InetAddress loadResolver ()Ljava/net/spi/InetAddressResolver; 8 <appendix> argL0 ; # java/net/InetAddress$$Lambda+0x000000010009b890
instanceKlass java/net/spi/InetAddressResolverProvider
instanceKlass java/net/InetAddress$NameServiceAddresses
instanceKlass java/net/InetAddress$Addresses
instanceKlass java/util/concurrent/ConcurrentSkipListMap$Iter
instanceKlass java/net/InetAddress$PlatformResolver
instanceKlass java/net/spi/InetAddressResolver
instanceKlass java/net/spi/InetAddressResolver$LookupPolicy
instanceKlass java/net/Inet4AddressImpl
instanceKlass java/net/Inet6AddressImpl
instanceKlass java/net/InetAddressImpl
instanceKlass java/util/concurrent/ConcurrentSkipListMap$Node
instanceKlass java/lang/invoke/VarForm
instanceKlass java/lang/invoke/VarHandleGuards
instanceKlass java/lang/ClassValue$Version
instanceKlass java/lang/ClassValue$Identity
instanceKlass java/lang/ClassValue
instanceKlass java/lang/invoke/VarHandles
instanceKlass java/util/concurrent/ConcurrentSkipListMap$Index
instanceKlass java/util/concurrent/ConcurrentNavigableMap
instanceKlass java/net/InetAddress$InetAddressHolder
instanceKlass java/net/InetAddress$1
instanceKlass jdk/internal/access/JavaNetInetAddressAccess
instanceKlass java/net/InetAddress
instanceKlass  @bci io/ballerina/projects/internal/BalaFiles getModuleDescriptorFromDependencyEntry (Lio/ballerina/projects/internal/bala/ModuleDependency;)Lio/ballerina/projects/ModuleDescriptor; 61 <appendix> form vmentry <vmtarget> ; # java/lang/invoke/LambdaForm$MH+0x00000001000c0000
instanceKlass sun/management/jmxremote/ConnectorBootstrap$PermanentExporter
instanceKlass com/sun/jmx/remote/internal/rmi/RMIExporter
instanceKlass jdk/internal/logger/LazyLoggers$LazyLoggerAccessor
instanceKlass jdk/internal/logger/LazyLoggers$LoggerAccessor
instanceKlass jdk/internal/logger/AbstractLoggerWrapper
instanceKlass java/util/ServiceLoader$ProviderImpl
instanceKlass java/util/ServiceLoader$Provider
instanceKlass java/util/ServiceLoader$1
instanceKlass sun/util/logging/internal/LoggingProviderImpl$LogManagerAccess
instanceKlass java/util/concurrent/CopyOnWriteArrayList$COWIterator
instanceKlass java/util/jar/Attributes$Name
instanceKlass java/util/jar/Attributes
instanceKlass java/util/TreeMap$PrivateEntryIterator
instanceKlass java/util/TreeMap$Entry
instanceKlass java/util/NavigableMap
instanceKlass java/util/SortedMap
instanceKlass java/util/NavigableSet
instanceKlass java/util/SortedSet
instanceKlass sun/security/action/GetIntegerAction
instanceKlass sun/security/util/Debug
instanceKlass sun/security/util/SignatureFileVerifier
instanceKlass java/util/zip/ZipFile$InflaterCleanupAction
instanceKlass java/util/zip/Inflater$InflaterZStreamRef
instanceKlass java/util/zip/Inflater
instanceKlass java/util/zip/ZipEntry
instanceKlass java/util/zip/ZipFile$2
instanceKlass jdk/internal/perf/PerfCounter$CoreCounters
instanceKlass jdk/internal/perf/Perf
instanceKlass jdk/internal/perf/Perf$GetPerfAction
instanceKlass jdk/internal/perf/PerfCounter
instanceKlass sun/util/locale/LocaleUtils
instanceKlass sun/util/locale/BaseLocale
instanceKlass java/util/Locale
instanceKlass java/nio/file/attribute/FileTime
instanceKlass java/util/zip/ZipUtils
instanceKlass java/util/zip/ZipFile$Source$End
instanceKlass java/io/RandomAccessFile$2
instanceKlass jdk/internal/access/JavaIORandomAccessFileAccess
instanceKlass java/io/RandomAccessFile
instanceKlass java/io/DataInput
instanceKlass java/io/DataOutput
instanceKlass sun/nio/fs/WindowsNativeDispatcher$CompletionStatus
instanceKlass sun/nio/fs/WindowsNativeDispatcher$AclInformation
instanceKlass sun/nio/fs/WindowsNativeDispatcher$Account
instanceKlass sun/nio/fs/WindowsNativeDispatcher$DiskFreeSpace
instanceKlass sun/nio/fs/WindowsNativeDispatcher$VolumeInformation
instanceKlass sun/nio/fs/WindowsNativeDispatcher$FirstStream
instanceKlass sun/nio/fs/WindowsNativeDispatcher$FirstFile
instanceKlass sun/nio/fs/WindowsNativeDispatcher
instanceKlass sun/nio/fs/NativeBuffer$Deallocator
instanceKlass sun/nio/fs/NativeBuffer
instanceKlass java/lang/ThreadLocal$ThreadLocalMap
instanceKlass java/lang/ThreadLocal
instanceKlass sun/nio/fs/NativeBuffers
instanceKlass sun/nio/fs/WindowsFileAttributes
instanceKlass java/nio/file/attribute/DosFileAttributes
instanceKlass sun/nio/fs/AbstractBasicFileAttributeView
instanceKlass sun/nio/fs/DynamicFileAttributeView
instanceKlass sun/nio/fs/WindowsFileAttributeViews
instanceKlass sun/nio/fs/Util
instanceKlass java/nio/file/attribute/BasicFileAttributeView
instanceKlass java/nio/file/attribute/FileAttributeView
instanceKlass java/nio/file/attribute/AttributeView
instanceKlass java/nio/file/Files
instanceKlass java/nio/file/CopyOption
instanceKlass java/nio/file/attribute/BasicFileAttributes
instanceKlass java/util/zip/ZipFile$Source$Key
instanceKlass java/util/zip/ZipFile$Source
instanceKlass java/util/zip/ZipCoder
instanceKlass java/util/zip/ZipFile$CleanableResource
instanceKlass java/lang/Runtime$Version
instanceKlass java/util/jar/JavaUtilJarAccessImpl
instanceKlass jdk/internal/access/JavaUtilJarAccess
instanceKlass java/nio/charset/CoderResult
instanceKlass java/lang/StringCoding
instanceKlass java/nio/charset/CharsetDecoder
instanceKlass java/lang/Readable
instanceKlass jdk/internal/loader/FileURLMapper
instanceKlass jdk/internal/loader/URLClassPath$JarLoader$1
instanceKlass java/util/zip/ZipFile$1
instanceKlass jdk/internal/access/JavaUtilZipFileAccess
instanceKlass java/util/zip/ZipFile
instanceKlass java/util/zip/ZipConstants
instanceKlass jdk/internal/loader/URLClassPath$Loader
instanceKlass jdk/internal/loader/URLClassPath$3
instanceKlass sun/net/util/URLUtil
instanceKlass jdk/internal/loader/URLClassPath$1
instanceKlass java/lang/CompoundEnumeration
instanceKlass jdk/internal/loader/BuiltinClassLoader$1
instanceKlass java/util/Collections$EmptyEnumeration
instanceKlass java/util/Collections$EmptyIterator
instanceKlass jdk/internal/jimage/ImageLocation
instanceKlass jdk/internal/jimage/decompressor/Decompressor
instanceKlass jdk/internal/jimage/ImageStringsReader
instanceKlass jdk/internal/jimage/ImageStrings
instanceKlass jdk/internal/jimage/ImageHeader
instanceKlass java/nio/Bits$1
instanceKlass jdk/internal/misc/VM$BufferPool
instanceKlass java/nio/Bits
instanceKlass sun/nio/ch/DirectBuffer
instanceKlass jdk/internal/loader/NativeLibraries$3
instanceKlass jdk/internal/loader/NativeLibrary
instanceKlass java/util/ArrayDeque$DeqIterator
instanceKlass jdk/internal/loader/NativeLibraries$NativeLibraryContext$1
instanceKlass jdk/internal/loader/NativeLibraries$NativeLibraryContext
instanceKlass jdk/internal/loader/NativeLibraries$2
instanceKlass jdk/internal/loader/NativeLibraries$1
instanceKlass jdk/internal/loader/NativeLibraries$LibraryPaths
instanceKlass jdk/internal/jimage/NativeImageBuffer$1
instanceKlass jdk/internal/jimage/NativeImageBuffer
instanceKlass jdk/internal/jimage/BasicImageReader$1
instanceKlass jdk/internal/jimage/BasicImageReader
instanceKlass jdk/internal/jimage/ImageReader
instanceKlass jdk/internal/jimage/ImageReaderFactory$1
instanceKlass sun/nio/fs/WindowsPath
instanceKlass java/net/URI$Parser
instanceKlass sun/nio/fs/WindowsPathParser$Result
instanceKlass sun/nio/fs/WindowsPathParser
instanceKlass java/nio/file/FileSystem
instanceKlass java/nio/file/OpenOption
instanceKlass java/nio/file/spi/FileSystemProvider
instanceKlass sun/nio/fs/DefaultFileSystemProvider
instanceKlass java/nio/file/FileSystems$DefaultFileSystemHolder$1
instanceKlass java/nio/file/FileSystems$DefaultFileSystemHolder
instanceKlass java/nio/file/FileSystems
instanceKlass java/nio/file/Paths
instanceKlass jdk/internal/jimage/ImageReaderFactory
instanceKlass jdk/internal/module/SystemModuleFinders$SystemImage
instanceKlass jdk/internal/module/SystemModuleFinders$SystemModuleReader
instanceKlass java/lang/module/ModuleReader
instanceKlass jdk/internal/loader/BuiltinClassLoader$5
instanceKlass jdk/internal/loader/BuiltinClassLoader$2
instanceKlass java/security/PrivilegedExceptionAction
instanceKlass jdk/internal/module/Resources
instanceKlass java/util/Enumeration
instanceKlass java/util/ServiceLoader$3
instanceKlass java/util/ServiceLoader$2
instanceKlass java/util/ServiceLoader$LazyClassPathLookupIterator
instanceKlass java/util/Spliterators$1Adapter
instanceKlass java/util/Spliterators$ArraySpliterator
instanceKlass java/util/ServiceLoader$ModuleServicesLookupIterator
instanceKlass java/util/ServiceLoader
instanceKlass jdk/internal/logger/BootstrapLogger$DetectBackend$1
instanceKlass jdk/internal/logger/BootstrapLogger$DetectBackend
instanceKlass jdk/internal/logger/BootstrapLogger
instanceKlass sun/util/logging/PlatformLogger$ConfigurableBridge
instanceKlass sun/util/logging/PlatformLogger$Bridge
instanceKlass java/lang/System$Logger
instanceKlass jdk/internal/logger/DefaultLoggerFinder$1
instanceKlass java/lang/System$LoggerFinder
instanceKlass jdk/internal/logger/LazyLoggers$LazyLoggerFactories
instanceKlass jdk/internal/logger/LazyLoggers$1
instanceKlass java/security/Permission
instanceKlass java/security/Guard
instanceKlass jdk/internal/logger/LazyLoggers
instanceKlass sun/management/jmxremote/ConnectorBootstrap
instanceKlass jdk/internal/vm/VMSupport
instanceKlass java/util/concurrent/ConcurrentHashMap$MapEntry
instanceKlass java/util/concurrent/ConcurrentHashMap$Traverser
instanceKlass java/util/Collections$SynchronizedCollection
instanceKlass java/util/Properties$EntrySet
instanceKlass java/io/FileInputStream$1
instanceKlass java/util/Properties$LineReader
instanceKlass jdk/internal/agent/Agent
instanceKlass java/lang/invoke/StringConcatFactory
instanceKlass jdk/internal/module/ModuleBootstrap$SafeModuleFinder
instanceKlass java/lang/ModuleLayer$Controller
instanceKlass java/util/concurrent/CopyOnWriteArrayList
instanceKlass jdk/internal/module/ServicesCatalog$ServiceProvider
instanceKlass jdk/internal/loader/AbstractClassLoaderValue$Memoizer
instanceKlass jdk/internal/module/ModuleLoaderMap$Modules
instanceKlass jdk/internal/module/ModuleLoaderMap$Mapper
instanceKlass jdk/internal/module/ModuleLoaderMap
instanceKlass java/lang/module/ResolvedModule
instanceKlass java/util/Collections$UnmodifiableCollection$1
instanceKlass java/util/SequencedMap
instanceKlass java/util/SequencedSet
instanceKlass java/lang/ModuleLayer
instanceKlass java/util/ImmutableCollections$ListItr
instanceKlass java/util/ListIterator
instanceKlass java/lang/module/ModuleFinder$1
instanceKlass java/nio/file/Path
instanceKlass java/nio/file/Watchable
instanceKlass java/lang/module/Resolver
instanceKlass java/lang/module/Configuration
instanceKlass  @bci java/util/stream/FindOps$FindSink$OfRef <clinit> ()V 43 <appendix> argL0 ; # java/util/stream/FindOps$FindSink$OfRef$$Lambda+0x0000000100019c28
instanceKlass  @bci java/util/stream/FindOps$FindSink$OfRef <clinit> ()V 38 <appendix> argL0 ; # java/util/stream/FindOps$FindSink$OfRef$$Lambda+0x00000001000199e8
instanceKlass  @bci java/util/stream/FindOps$FindSink$OfRef <clinit> ()V 16 <appendix> argL0 ; # java/util/stream/FindOps$FindSink$OfRef$$Lambda+0x00000001000197d8
instanceKlass  @bci java/util/stream/FindOps$FindSink$OfRef <clinit> ()V 11 <appendix> argL0 ; # java/util/stream/FindOps$FindSink$OfRef$$Lambda+0x0000000100019598
instanceKlass java/util/stream/FindOps$FindOp
instanceKlass java/util/stream/FindOps$FindSink
instanceKlass java/util/stream/FindOps
instanceKlass  @bci jdk/internal/module/DefaultRoots exportsAPI (Ljava/lang/module/ModuleDescriptor;)Z 9 <appendix> argL0 ; # jdk/internal/module/DefaultRoots$$Lambda+0x0000000100018960
instanceKlass java/util/stream/Sink$ChainedReference
instanceKlass java/util/stream/ReduceOps$Box
instanceKlass java/util/stream/ReduceOps$AccumulatingSink
instanceKlass java/util/stream/TerminalSink
instanceKlass java/util/stream/Sink
instanceKlass java/util/function/Consumer
instanceKlass java/util/stream/ReduceOps$ReduceOp
instanceKlass java/util/stream/TerminalOp
instanceKlass java/util/stream/ReduceOps
instanceKlass  @bci java/util/stream/Collectors castingIdentity ()Ljava/util/function/Function; 0 <appendix> argL0 ; # java/util/stream/Collectors$$Lambda+0x00000001000169b0
instanceKlass  @bci java/util/stream/Collectors toSet ()Ljava/util/stream/Collector; 14 <appendix> argL0 ; # java/util/stream/Collectors$$Lambda+0x0000000100016778
instanceKlass java/util/function/BinaryOperator
instanceKlass  @bci java/util/stream/Collectors toSet ()Ljava/util/stream/Collector; 9 <appendix> argL0 ; # java/util/stream/Collectors$$Lambda+0x0000000100016368
instanceKlass java/util/function/BiConsumer
instanceKlass  @bci java/util/stream/Collectors toSet ()Ljava/util/stream/Collector; 4 <appendix> argL0 ; # java/util/stream/Collectors$$Lambda+0x0000000100015bd8
instanceKlass java/util/stream/Collector
instanceKlass java/util/Collections$UnmodifiableCollection
instanceKlass java/util/stream/Collectors
instanceKlass  @bci jdk/internal/module/DefaultRoots compute (Ljava/lang/module/ModuleFinder;Ljava/lang/module/ModuleFinder;)Ljava/util/Set; 42 <appendix> argL0 ; # jdk/internal/module/DefaultRoots$$Lambda+0x0000000100013fa8
instanceKlass  @bci jdk/internal/module/DefaultRoots compute (Ljava/lang/module/ModuleFinder;Ljava/lang/module/ModuleFinder;)Ljava/util/Set; 32 <appendix> member <vmtarget> ; # jdk/internal/module/DefaultRoots$$Lambda+0x0000000100013d60
instanceKlass java/util/concurrent/ForkJoinPool$ManagedBlocker
instanceKlass  @bci jdk/internal/module/DefaultRoots compute (Ljava/lang/module/ModuleFinder;Ljava/lang/module/ModuleFinder;)Ljava/util/Set; 21 <appendix> argL0 ; # jdk/internal/module/DefaultRoots$$Lambda+0x0000000100013238
instanceKlass java/util/concurrent/locks/AbstractQueuedSynchronizer$Node
instanceKlass java/lang/ref/Cleaner$Cleanable
instanceKlass jdk/internal/ref/CleanerImpl
instanceKlass java/lang/ref/Cleaner$1
instanceKlass java/lang/ref/Cleaner
instanceKlass jdk/internal/ref/CleanerFactory$1
instanceKlass java/util/concurrent/ThreadFactory
instanceKlass jdk/internal/ref/CleanerFactory
instanceKlass  @bci javax/crypto/spec/SecretKeySpec <clinit> ()V 0 <appendix> form vmentry <vmtarget> ; # java/lang/invoke/LambdaForm$MH+0x0000000100000800
instanceKlass  @bci jdk/internal/module/DefaultRoots compute (Ljava/lang/module/ModuleFinder;Ljava/lang/module/ModuleFinder;)Ljava/util/Set; 11 <appendix> argL0 ; # jdk/internal/module/DefaultRoots$$Lambda+0x000000010003f778
instanceKlass java/lang/invoke/LambdaProxyClassArchive
instanceKlass java/lang/invoke/InfoFromMemberName
instanceKlass java/lang/invoke/MethodHandleInfo
instanceKlass jdk/internal/org/objectweb/asm/ConstantDynamic
instanceKlass jdk/internal/org/objectweb/asm/Handle
instanceKlass sun/security/action/GetBooleanAction
instanceKlass java/lang/invoke/AbstractValidatingLambdaMetafactory
instanceKlass java/lang/invoke/BootstrapMethodInvoker
instanceKlass java/util/function/Predicate
instanceKlass java/lang/WeakPairMap$Pair$Lookup
instanceKlass java/lang/WeakPairMap$Pair
instanceKlass java/lang/WeakPairMap
instanceKlass java/lang/Module$ReflectionData
instanceKlass java/lang/invoke/LambdaMetafactory
# instanceKlass java/lang/invoke/LambdaForm$MH+0x0000000100000400
instanceKlass java/lang/invoke/MethodHandles$Lookup$ClassDefiner
instanceKlass java/lang/invoke/MethodHandles$Lookup$ClassFile
instanceKlass jdk/internal/org/objectweb/asm/Handler
instanceKlass jdk/internal/org/objectweb/asm/Attribute
instanceKlass jdk/internal/org/objectweb/asm/FieldVisitor
instanceKlass java/util/ArrayList$Itr
instanceKlass sun/invoke/empty/Empty
instanceKlass sun/invoke/util/VerifyType
instanceKlass java/lang/invoke/InvokerBytecodeGenerator$ClassData
instanceKlass jdk/internal/org/objectweb/asm/AnnotationVisitor
instanceKlass jdk/internal/org/objectweb/asm/Frame
instanceKlass jdk/internal/org/objectweb/asm/Label
instanceKlass jdk/internal/org/objectweb/asm/Type
instanceKlass jdk/internal/org/objectweb/asm/MethodVisitor
instanceKlass sun/invoke/util/BytecodeDescriptor
instanceKlass jdk/internal/org/objectweb/asm/ByteVector
instanceKlass jdk/internal/org/objectweb/asm/Symbol
instanceKlass jdk/internal/org/objectweb/asm/SymbolTable
instanceKlass jdk/internal/org/objectweb/asm/ClassVisitor
instanceKlass java/lang/invoke/LambdaFormBuffer
instanceKlass java/lang/invoke/LambdaFormEditor$TransformKey
instanceKlass java/lang/invoke/LambdaFormEditor
instanceKlass java/lang/invoke/Invokers$Holder
instanceKlass java/lang/invoke/DelegatingMethodHandle$Holder
instanceKlass java/lang/invoke/DirectMethodHandle$2
instanceKlass java/lang/invoke/ClassSpecializer$Factory
instanceKlass java/lang/invoke/ClassSpecializer$SpeciesData
instanceKlass java/lang/invoke/ClassSpecializer$1
instanceKlass java/lang/invoke/ClassSpecializer
instanceKlass java/lang/invoke/InvokerBytecodeGenerator$1
instanceKlass java/lang/invoke/InvokerBytecodeGenerator
instanceKlass java/lang/invoke/LambdaForm$Holder
instanceKlass java/lang/invoke/LambdaForm$Name
instanceKlass java/lang/reflect/Array
instanceKlass java/lang/invoke/Invokers
instanceKlass sun/invoke/util/ValueConversions
instanceKlass java/lang/invoke/DirectMethodHandle$Holder
instanceKlass java/lang/Void
instanceKlass sun/invoke/util/Wrapper$Format
instanceKlass java/lang/invoke/MethodHandleImpl$1
instanceKlass jdk/internal/access/JavaLangInvokeAccess
instanceKlass java/lang/invoke/LambdaForm$NamedFunction
instanceKlass java/lang/invoke/MethodHandleImpl
instanceKlass jdk/internal/reflect/MethodHandleAccessorFactory$LazyStaticHolder
instanceKlass java/lang/invoke/MethodTypeForm
instanceKlass jdk/internal/util/StrongReferenceKey
instanceKlass jdk/internal/util/ReferenceKey
instanceKlass jdk/internal/util/ReferencedKeyMap
instanceKlass java/lang/invoke/MethodType$1
instanceKlass sun/reflect/annotation/AnnotationParser
instanceKlass java/lang/Class$3
instanceKlass java/lang/PublicMethods$Key
instanceKlass java/lang/PublicMethods$MethodList
instanceKlass java/util/EnumMap$1
instanceKlass java/util/stream/StreamOpFlag$MaskBuilder
instanceKlass java/util/stream/PipelineHelper
instanceKlass java/util/stream/Stream
instanceKlass java/util/stream/BaseStream
instanceKlass java/util/stream/StreamSupport
instanceKlass java/util/Spliterators$IteratorSpliterator
instanceKlass java/util/Spliterator$OfDouble
instanceKlass java/util/Spliterator$OfLong
instanceKlass java/util/Spliterator$OfInt
instanceKlass java/util/Spliterator$OfPrimitive
instanceKlass java/util/Spliterators$EmptySpliterator
instanceKlass java/util/Spliterator
instanceKlass java/util/Spliterators
instanceKlass jdk/internal/module/DefaultRoots
instanceKlass jdk/internal/loader/BuiltinClassLoader$LoadedModule
instanceKlass jdk/internal/loader/AbstractClassLoaderValue
instanceKlass jdk/internal/module/ServicesCatalog
instanceKlass java/util/Deque
instanceKlass java/util/Queue
instanceKlass sun/net/util/IPAddressUtil$MASKS
instanceKlass sun/net/util/IPAddressUtil
instanceKlass java/net/URLStreamHandler
instanceKlass sun/net/www/ParseUtil
instanceKlass java/net/URL$3
instanceKlass jdk/internal/access/JavaNetURLAccess
instanceKlass java/net/URL$DefaultFactory
instanceKlass java/net/URLStreamHandlerFactory
instanceKlass jdk/internal/loader/URLClassPath
instanceKlass java/security/Principal
instanceKlass java/security/ProtectionDomain$Key
instanceKlass java/security/ProtectionDomain$JavaSecurityAccessImpl
instanceKlass jdk/internal/access/JavaSecurityAccess
instanceKlass java/lang/ClassLoader$ParallelLoaders
instanceKlass java/security/cert/Certificate
instanceKlass jdk/internal/loader/ArchivedClassLoaders
instanceKlass java/util/concurrent/ConcurrentHashMap$CollectionView
instanceKlass jdk/internal/loader/ClassLoaderHelper
instanceKlass jdk/internal/loader/NativeLibraries
instanceKlass java/lang/Module$EnableNativeAccess
instanceKlass jdk/internal/loader/BootLoader
instanceKlass java/util/Optional
instanceKlass jdk/internal/module/SystemModuleFinders$SystemModuleFinder
instanceKlass java/lang/module/ModuleFinder
instanceKlass jdk/internal/module/SystemModuleFinders$3
instanceKlass jdk/internal/module/ModuleHashes$HashSupplier
instanceKlass jdk/internal/module/SystemModuleFinders$2
instanceKlass java/util/function/Supplier
instanceKlass java/lang/module/ModuleReference
instanceKlass jdk/internal/module/ModuleResolution
instanceKlass java/util/Collections$UnmodifiableMap
instanceKlass jdk/internal/module/ModuleHashes$Builder
instanceKlass jdk/internal/module/ModuleHashes
instanceKlass jdk/internal/module/ModuleTarget
instanceKlass java/util/ImmutableCollections$Set12$1
instanceKlass java/lang/reflect/AccessFlag$18
instanceKlass java/lang/reflect/AccessFlag$17
instanceKlass java/lang/reflect/AccessFlag$16
instanceKlass java/lang/reflect/AccessFlag$15
instanceKlass java/lang/reflect/AccessFlag$14
instanceKlass java/lang/reflect/AccessFlag$13
instanceKlass java/lang/reflect/AccessFlag$12
instanceKlass java/lang/reflect/AccessFlag$11
instanceKlass java/lang/reflect/AccessFlag$10
instanceKlass java/lang/reflect/AccessFlag$9
instanceKlass java/lang/reflect/AccessFlag$8
instanceKlass java/lang/reflect/AccessFlag$7
instanceKlass java/lang/reflect/AccessFlag$6
instanceKlass java/lang/reflect/AccessFlag$5
instanceKlass java/lang/reflect/AccessFlag$4
instanceKlass java/lang/reflect/AccessFlag$3
instanceKlass java/lang/reflect/AccessFlag$2
instanceKlass java/lang/reflect/AccessFlag$1
instanceKlass java/lang/module/ModuleDescriptor$Version
instanceKlass java/lang/module/ModuleDescriptor$Provides
instanceKlass java/lang/module/ModuleDescriptor$Opens
instanceKlass java/util/ImmutableCollections$SetN$SetNIterator
instanceKlass java/lang/module/ModuleDescriptor$Exports
instanceKlass java/lang/module/ModuleDescriptor$Requires
instanceKlass jdk/internal/module/Builder
instanceKlass jdk/internal/module/SystemModules$all
instanceKlass jdk/internal/module/SystemModules
instanceKlass jdk/internal/module/SystemModulesMap
instanceKlass java/net/URI$1
instanceKlass jdk/internal/access/JavaNetUriAccess
instanceKlass java/net/URI
instanceKlass jdk/internal/module/SystemModuleFinders
instanceKlass jdk/internal/module/ArchivedModuleGraph
instanceKlass jdk/internal/module/ArchivedBootLayer
instanceKlass jdk/internal/module/ModuleBootstrap$Counters
instanceKlass jdk/internal/module/ModulePatcher
instanceKlass java/io/FileSystem
instanceKlass java/io/DefaultFileSystem
instanceKlass java/io/File
instanceKlass java/lang/module/ModuleDescriptor$1
instanceKlass jdk/internal/access/JavaLangModuleAccess
instanceKlass sun/invoke/util/VerifyAccess
instanceKlass java/util/KeyValueHolder
instanceKlass java/util/ImmutableCollections$MapN$MapNIterator
instanceKlass java/lang/StrictMath
instanceKlass java/lang/invoke/MethodHandles$Lookup
instanceKlass java/lang/invoke/MemberName$Factory
instanceKlass java/lang/invoke/MethodHandles
instanceKlass java/lang/module/ModuleDescriptor
instanceKlass jdk/internal/module/ModuleBootstrap
instanceKlass java/lang/Character$CharacterCache
instanceKlass java/util/HexFormat
instanceKlass jdk/internal/util/ClassFileDumper
instanceKlass sun/security/action/GetPropertyAction
instanceKlass java/lang/invoke/MethodHandleStatics
instanceKlass java/util/concurrent/locks/AbstractQueuedSynchronizer$ConditionObject
instanceKlass java/util/concurrent/locks/Condition
instanceKlass java/util/Collections
instanceKlass jdk/internal/misc/Blocker
instanceKlass java/lang/Thread$ThreadIdentifiers
instanceKlass sun/io/Win32ErrorMode
instanceKlass jdk/internal/misc/OSEnvironment
instanceKlass java/lang/Integer$IntegerCache
instanceKlass jdk/internal/misc/Signal$NativeHandler
instanceKlass java/util/Hashtable$Entry
instanceKlass jdk/internal/misc/Signal
instanceKlass java/lang/Terminator$1
instanceKlass jdk/internal/misc/Signal$Handler
instanceKlass java/lang/Terminator
instanceKlass java/nio/ByteOrder
instanceKlass java/nio/Buffer$2
instanceKlass jdk/internal/access/JavaNioAccess
instanceKlass java/nio/Buffer$1
instanceKlass jdk/internal/misc/ScopedMemoryAccess
instanceKlass java/nio/charset/CodingErrorAction
instanceKlass sun/nio/cs/SingleByte
instanceKlass java/lang/StringUTF16
instanceKlass sun/nio/cs/IBM437$Holder
instanceKlass java/nio/charset/CharsetEncoder
instanceKlass sun/nio/cs/ArrayEncoder
instanceKlass java/io/Writer
instanceKlass java/io/PrintStream$1
instanceKlass jdk/internal/access/JavaIOPrintStreamAccess
instanceKlass jdk/internal/misc/InternalLock
instanceKlass java/io/OutputStream
instanceKlass java/io/Flushable
instanceKlass java/io/FileDescriptor$1
instanceKlass jdk/internal/access/JavaIOFileDescriptorAccess
instanceKlass java/io/FileDescriptor
instanceKlass jdk/internal/util/StaticProperty
instanceKlass jdk/internal/reflect/MethodHandleAccessorFactory
instanceKlass java/lang/reflect/Modifier
instanceKlass java/lang/Class$1
instanceKlass java/lang/Class$Atomic
instanceKlass java/lang/Class$ReflectionData
instanceKlass java/nio/charset/StandardCharsets
instanceKlass sun/nio/cs/HistoricallyNamedCharset
instanceKlass java/nio/charset/spi/CharsetProvider
instanceKlass java/nio/charset/Charset
instanceKlass java/util/HashMap$HashIterator
instanceKlass java/util/concurrent/locks/LockSupport
instanceKlass java/util/concurrent/ConcurrentHashMap$Node
instanceKlass java/util/concurrent/ConcurrentHashMap$CounterCell
instanceKlass java/util/concurrent/locks/ReentrantLock
instanceKlass java/util/concurrent/locks/Lock
instanceKlass java/lang/CharacterData
instanceKlass java/util/Arrays
instanceKlass jdk/internal/util/Preconditions$3
instanceKlass jdk/internal/util/Preconditions$2
instanceKlass jdk/internal/util/Preconditions$4
instanceKlass java/util/function/BiFunction
instanceKlass jdk/internal/util/Preconditions$1
instanceKlass java/util/function/Function
instanceKlass jdk/internal/util/Preconditions
instanceKlass java/lang/Runtime
instanceKlass java/lang/VersionProps
instanceKlass java/lang/StringConcatHelper
instanceKlass java/util/HashMap$Node
instanceKlass java/util/Map$Entry
instanceKlass jdk/internal/util/ArraysSupport
instanceKlass jdk/internal/util/SystemProps$Raw
instanceKlass jdk/internal/util/SystemProps
instanceKlass java/lang/System$2
instanceKlass jdk/internal/access/JavaLangAccess
instanceKlass java/lang/ref/NativeReferenceQueue$Lock
instanceKlass java/lang/ref/ReferenceQueue
instanceKlass java/lang/ref/Reference$1
instanceKlass jdk/internal/access/JavaLangRefAccess
instanceKlass jdk/internal/reflect/ReflectionFactory
instanceKlass java/lang/Math
instanceKlass java/lang/StringLatin1
instanceKlass jdk/internal/reflect/Reflection
instanceKlass jdk/internal/reflect/ReflectionFactory$GetReflectionFactoryAction
instanceKlass java/security/PrivilegedAction
instanceKlass jdk/internal/access/SharedSecrets
instanceKlass java/lang/reflect/ReflectAccess
instanceKlass jdk/internal/access/JavaLangReflectAccess
instanceKlass java/util/ImmutableCollections
instanceKlass java/util/Objects
instanceKlass java/util/Set
instanceKlass jdk/internal/misc/CDS
instanceKlass java/lang/Module$ArchivedData
instanceKlass jdk/internal/misc/VM
instanceKlass java/lang/String$CaseInsensitiveComparator
instanceKlass java/util/Comparator
instanceKlass java/io/ObjectStreamField
instanceKlass jdk/internal/vm/FillerObject
instanceKlass jdk/internal/vm/vector/VectorSupport$VectorPayload
instanceKlass jdk/internal/vm/vector/VectorSupport
instanceKlass java/lang/reflect/RecordComponent
instanceKlass java/util/Iterator
instanceKlass java/lang/Number
instanceKlass java/lang/Character
instanceKlass java/lang/Boolean
instanceKlass java/util/concurrent/locks/AbstractOwnableSynchronizer
instanceKlass java/lang/LiveStackFrame
instanceKlass java/lang/StackFrameInfo
instanceKlass java/lang/StackWalker$StackFrame
instanceKlass java/lang/StackStreamFactory$AbstractStackWalker
instanceKlass java/lang/StackWalker
instanceKlass java/nio/Buffer
instanceKlass java/lang/StackTraceElement
instanceKlass java/util/AbstractCollection
instanceKlass java/util/RandomAccess
instanceKlass java/util/List
instanceKlass java/util/SequencedCollection
instanceKlass java/util/Collection
instanceKlass java/lang/Iterable
instanceKlass java/util/AbstractMap
instanceKlass java/util/concurrent/ConcurrentMap
instanceKlass java/security/CodeSource
instanceKlass jdk/internal/loader/ClassLoaders
instanceKlass java/util/jar/Manifest
instanceKlass java/lang/Enum
instanceKlass java/net/URL
instanceKlass java/io/InputStream
instanceKlass java/io/Closeable
instanceKlass java/lang/AutoCloseable
instanceKlass jdk/internal/module/Modules
instanceKlass jdk/internal/misc/Unsafe
instanceKlass jdk/internal/misc/UnsafeConstants
instanceKlass java/lang/AbstractStringBuilder
instanceKlass java/lang/Appendable
instanceKlass java/lang/AssertionStatusDirectives
instanceKlass java/lang/invoke/MethodHandleNatives$CallSiteContext
instanceKlass jdk/internal/foreign/abi/ABIDescriptor
instanceKlass jdk/internal/foreign/abi/NativeEntryPoint
instanceKlass java/lang/invoke/CallSite
instanceKlass java/lang/invoke/MethodType
instanceKlass java/lang/invoke/TypeDescriptor$OfMethod
instanceKlass java/lang/invoke/LambdaForm
instanceKlass java/lang/invoke/MethodHandleNatives
instanceKlass java/lang/invoke/ResolvedMethodName
instanceKlass java/lang/invoke/MemberName
instanceKlass java/lang/invoke/VarHandle
instanceKlass java/lang/invoke/MethodHandle
instanceKlass jdk/internal/reflect/CallerSensitive
instanceKlass java/lang/annotation/Annotation
instanceKlass jdk/internal/reflect/FieldAccessor
instanceKlass jdk/internal/reflect/ConstantPool
instanceKlass jdk/internal/reflect/ConstructorAccessor
instanceKlass jdk/internal/reflect/MethodAccessor
instanceKlass jdk/internal/reflect/MagicAccessorImpl
instanceKlass jdk/internal/vm/StackChunk
instanceKlass jdk/internal/vm/Continuation
instanceKlass jdk/internal/vm/ContinuationScope
instanceKlass java/lang/reflect/Parameter
instanceKlass java/lang/reflect/Member
instanceKlass java/lang/reflect/AccessibleObject
instanceKlass java/lang/Module
instanceKlass java/util/Dictionary
instanceKlass java/util/Map
instanceKlass java/lang/ThreadGroup
instanceKlass java/lang/Thread$UncaughtExceptionHandler
instanceKlass java/lang/Thread$Constants
instanceKlass java/lang/Thread$FieldHolder
instanceKlass java/lang/Thread
instanceKlass java/lang/Runnable
instanceKlass java/lang/ref/Reference
instanceKlass java/lang/Record
instanceKlass java/security/AccessController
instanceKlass java/security/AccessControlContext
instanceKlass java/security/ProtectionDomain
instanceKlass java/lang/SecurityManager
instanceKlass java/lang/Throwable
instanceKlass java/lang/System
instanceKlass java/lang/ClassLoader
instanceKlass java/lang/Cloneable
instanceKlass java/lang/Class
instanceKlass java/lang/invoke/TypeDescriptor$OfField
instanceKlass java/lang/invoke/TypeDescriptor
instanceKlass java/lang/reflect/Type
instanceKlass java/lang/reflect/GenericDeclaration
instanceKlass java/lang/reflect/AnnotatedElement
instanceKlass java/lang/String
instanceKlass java/lang/constant/ConstantDesc
instanceKlass java/lang/constant/Constable
instanceKlass java/lang/CharSequence
instanceKlass java/lang/Comparable
instanceKlass java/io/Serializable
ciInstanceKlass java/lang/Object 1 1 124 100 1 10 12 1 1 10 7 12 1 1 1 10 100 12 1 1 1 10 12 1 1 8 1 10 12 1 1 10 100 12 1 1 1 10 12 1 10 12 1 1 10 7 12 1 1 1 10 12 1 10 12 1 7 1 10 100 12 1 1 1 10 12 1 1 10 12 1 100 1 8 1 10 12 1 3 8 1 100 1 5 0 1 1 1 1 1 1 1 1 1 1 1 1 1 1 1 1 7 1 1 1 1 1 1 1 1 1 1 7 1 1 1 1 1 1 1 1 1 1 3 1 1
ciInstanceKlass java/io/Serializable 1 0 7 100 1 100 1 1 1
ciInstanceKlass java/lang/Comparable 1 0 12 100 1 100 1 1 1 1 1 1 1 1
ciInstanceKlass java/lang/CharSequence 1 1 131 11 7 12 1 1 1 18 12 1 1 100 1 10 100 12 1 1 1 18 10 100 12 1 1 1 11 12 1 1 11 100 1 11 12 1 1 10 100 12 1 1 1 11 12 1 1 100 1 10 12 1 1 10 100 12 1 1 1 100 1 10 10 12 1 1 100 1 1 1 1 1 1 1 1 1 1 1 1 1 1 1 1 1 1 1 1 1 1 1 1 1 1 1 1 1 1 1 1 1 16 1 15 11 12 16 15 11 12 15 10 100 12 1 1 1 1 1 100 1 100 1 1 100 1 1 100 1 100 1 1
ciInstanceKlass java/lang/constant/Constable 1 0 11 100 1 100 1 1 1 1 1 1 1
ciInstanceKlass java/lang/constant/ConstantDesc 1 0 37 100 1 100 1 1 1 1 100 1 1 1 1 100 1 100 1 100 1 100 1 100 1 100 1 100 1 100 1 100 1 1 100 1 100 1 1
ciInstanceKlass java/lang/String 1 1 1443 10 7 12 1 1 1 8 1 9 7 12 1 1 1 9 12 1 1 9 12 1 1 9 12 1 1 10 12 1 10 12 1 1 10 12 1 1 9 12 1 10 7 12 1 1 1 10 7 1 10 7 12 1 1 1 10 12 1 1 10 12 1 1 10 12 1 10 12 1 1 10 12 1 10 7 12 1 1 1 7 1 9 7 12 1 1 1 10 7 12 1 1 1 10 7 12 1 1 1 10 12 1 1 10 12 1 1 10 12 1 1 10 12 1 1 9 7 12 1 1 10 12 9 100 12 1 1 10 12 1 1 3 10 12 1 1 7 1 11 12 1 1 11 12 1 11 12 1 1 10 7 12 1 1 1 10 12 1 1 9 100 12 1 1 1 10 12 1 1 10 12 1 11 12 1 1 10 12 1 1 10 12 10 12 1 1 10 100 12 1 1 1 10 12 1 1 10 12 1 1 100 1 100 1 10 12 1 10 12 1 10 12 1 1 100 1 10 12 1 1 100 1 10 12 1 1 10 12 1 1 10 12 1 10 10 12 1 100 1 100 1 100 1 10 12 1 10 12 1 1 10 12 1 1 10 12 1 10 12 1 1 10 12 1 1 10 100 12 1 1 100 1 11 10 7 12 1 1 11 12 1 11 12 1 10 12 1 1 10 12 1 10 12 10 12 1 1 10 10 7 12 1 1 1 10 7 12 1 1 10 12 1 1 10 7 12 1 1 10 12 1 10 12 1 1 10 12 1 1 10 12 1 10 12 1 10 12 1 1 100 1 10 12 1 1 10 12 10 12 1 10 12 1 1 10 12 1 1 10 7 12 1 1 1 10 12 1 10 12 1 1 10 12 1 10 12 1 3 3 10 12 1 1 10 12 1 10 12 1 1 10 12 1 1 10 12 1 1 10 12 1 10 12 1 1 10 12 1 1 10 12 1 10 12 1 10 12 1 10 12 1 1 10 12 1 10 12 1 10 12 1 10 12 1 10 12 1 10 12 1 10 100 1 10 8 1 10 12 1 1 10 12 1 8 1 10 12 1 1 10 12 10 12 1 8 1 10 10 12 1 1 10 12 1 1 10 12 1 1 10 100 1 10 10 12 1 10 12 1 10 12 1 10 10 12 1 10 12 1 10 12 1 10 12 1 10 12 1 10 12 1 10 12 1 1 10 12 1 1 10 12 1 1 10 10 12 1 1 10 10 12 1 100 1 10 10 12 1 1 10 12 1 1 10 7 1 10 12 1 10 12 1 10 7 12 1 1 1 10 12 1 10 12 1 1 10 12 1 11 7 1 11 12 10 12 1 10 12 1 1 10 12 1 1 10 10 12 1 10 12 1 9 12 1 1 11 7 12 1 1 1 10 12 10 10 12 1 10 12 1 1 10 10 12 1 10 12 1 10 12 1 1 10 12 1 1 10 10 12 1 1 10 12 1 10 10 12 1 10 12 10 10 12 10 10 12 1 10 12 1 10 10 12 10 7 12 1 1 1 10 12 10 10 12 10 12 1 10 12 10 12 10 10 12 1 10 12 1 1 10 12 1 1 10 10 12 1 10 7 12 1 1 1 10 12 1 1 10 10 7 12 1 1 1 11 10 12 1 10 12 1 1 10 12 1 1 10 7 12 1 1 1 10 12 1 10 12 1 10 12 1 10 12 1 10 12 1 10 12 1 100 1 100 1 8 1 10 10 10 12 1 10 12 1 1 8 1 10 12 1 3 3 10 12 1 10 12 1 1 10 12 7 1 10 10 12 1 1 10 12 1 10 12 1 10 12 1 1 10 12 1 1 11 7 12 1 1 1 7 1 10 12 1 10 12 1 1 8 1 10 12 1 1 10 12 1 11 7 12 1 1 1 11 7 12 1 1 11 12 1 10 12 1 10 12 1 1 10 10 7 12 1 1 1 10 12 1 10 12 1 10 10 12 10 12 1 1 10 10 12 1 10 10 12 1 10 10 12 1 10 10 12 1 10 12 1 1 10 10 12 1 8 1 10 12 1 1 18 12 1 1 11 100 12 1 1 1 7 1 3 18 12 1 18 12 1 8 1 10 100 12 1 1 1 11 12 1 1 10 12 10 10 12 1 10 11 12 1 1 10 12 1 1 11 12 1 18 3 11 10 12 1 11 11 10 12 1 10 12 1 1 8 1 10 12 1 10 12 1 10 12 1 1 10 10 12 1 11 100 12 1 100 1 100 1 10 12 100 1 10 10 100 12 1 1 1 100 1 10 7 1 10 10 12 1 10 10 12 1 8 1 10 10 12 1 8 1 8 1 10 12 1 10 12 1 10 10 12 10 100 12 1 1 10 100 12 1 1 10 100 12 1 1 8 1 10 12 1 10 12 1 10 9 12 1 10 12 9 7 12 1 1 1 10 12 1 10 12 1 10 12 1 10 12 1 10 12 1 8 1 10 100 12 1 1 1 10 12 10 12 1 1 10 12 10 10 12 10 12 7 1 9 12 1 1 7 1 10 100 1 100 1 100 1 100 1 1 1 1 1 1 5 0 1 1 1 1 1 3 1 3 1 1 1 1 1 1 1 1 1 1 1 1 1 1 1 100 1 1 1 1 1 1 1 1 1 1 1 1 1 1 1 1 1 1 1 1 1 1 1 1 1 1 1 1 1 1 1 100 1 1 1 1 1 1 1 1 1 1 100 1 1 1 1 1 1 1 1 1 1 1 1 1 1 1 1 1 1 1 1 1 1 1 1 1 1 1 1 1 1 1 1 1 1 1 1 1 1 1 1 1 1 1 1 1 1 1 1 1 1 1 1 1 1 1 1 1 1 1 1 1 1 1 1 1 1 1 1 1 1 1 1 1 1 1 1 1 1 1 1 1 1 1 1 1 1 1 1 1 1 1 1 1 1 1 1 1 1 1 1 1 1 1 1 1 1 1 1 1 1 1 1 1 1 1 1 1 1 1 1 1 1 1 1 1 1 1 1 1 1 1 1 1 1 1 1 1 1 1 1 1 1 1 1 1 1 1 1 1 1 1 1 1 1 1 1 1 1 1 1 1 1 1 1 1 1 1 1 1 1 1 1 1 1 1 100 1 1 1 1 1 1 1 1 1 1 1 1 1 1 1 1 1 1 1 1 1 1 1 100 1 1 1 1 1 1 1 1 1 1 1 1 1 1 1 100 1 1 1 1 1 1 1 1 1 1 1 1 1 1 1 16 15 10 12 16 15 10 12 15 10 12 15 10 12 15 10 100 12 1 1 1 1 1 1 1 100 1 100 1 1 1
staticfield java/lang/String COMPACT_STRINGS Z 1
staticfield java/lang/String serialPersistentFields [Ljava/io/ObjectStreamField; 0 [Ljava/io/ObjectStreamField;
staticfield java/lang/String CASE_INSENSITIVE_ORDER Ljava/util/Comparator; java/lang/String$CaseInsensitiveComparator
ciInstanceKlass java/lang/reflect/AnnotatedElement 1 1 164 11 7 12 1 1 1 11 12 1 1 100 1 10 100 12 1 1 1 10 12 1 1 10 12 1 1 10 12 1 10 100 12 1 1 1 11 12 1 1 11 100 12 1 1 10 100 12 1 1 1 10 12 1 10 100 12 1 1 1 18 12 1 1 11 100 12 1 1 18 12 1 18 12 1 1 10 100 12 1 1 1 11 100 12 1 1 1 100 1 10 100 12 1 1 1 1 1 1 1 1 1 1 1 1 1 1 1 1 1 1 1 1 1 1 1 1 1 100 1 1 1 1 1 1 1 1 1 1 1 16 15 16 1 16 1 15 11 12 16 16 1 15 10 100 12 1 1 1 16 1 15 10 100 12 1 1 1 1 100 1 100 1 1
ciInstanceKlass java/lang/reflect/GenericDeclaration 1 0 30 100 1 100 1 100 1 1 1 1 1 1 1 1 100 1 8 1 1 12 10 1 1 1 8 1 1 1 8 1
ciInstanceKlass java/lang/reflect/Type 1 1 17 11 7 12 1 1 1 100 1 1 1 1 1 1 1 1 1
ciInstanceKlass java/lang/invoke/TypeDescriptor 1 0 17 100 1 100 1 1 1 1 1 1 100 1 100 1 1 1 1
ciInstanceKlass java/lang/invoke/TypeDescriptor$OfField 1 0 21 100 1 100 1 100 1 1 1 1 1 1 1 1 1 1 1 1 1 1 1
ciInstanceKlass java/lang/Class 1 1 1698 10 7 12 1 1 1 9 7 12 1 1 1 9 12 1 1 10 12 1 1 8 1 10 12 1 8 1 8 1 10 12 1 1 10 7 12 1 1 1 10 12 1 7 1 10 10 12 1 10 12 1 1 10 12 1 1 10 12 1 1 10 7 12 1 1 10 12 1 10 12 1 10 12 1 8 1 10 12 1 8 1 10 12 1 8 1 8 1 10 12 1 1 10 7 12 1 1 1 18 12 1 1 11 7 12 1 1 1 8 1 8 1 8 1 10 7 12 1 1 1 11 12 1 1 8 1 10 12 1 10 11 100 12 1 1 1 11 100 12 1 1 1 11 8 1 18 8 1 10 12 1 10 7 12 1 1 10 12 1 1 10 7 12 1 1 1 10 12 1 1 10 12 1 1 10 7 12 1 1 1 10 12 9 7 12 1 1 1 10 100 12 1 1 1 10 12 1 10 7 12 1 1 1 10 12 1 1 18 12 1 1 10 7 12 1 1 1 10 7 12 1 10 12 1 1 10 7 1 100 1 10 12 1 1 9 12 1 1 7 1 8 1 10 12 1 10 12 1 1 10 12 1 1 10 7 12 1 1 1 7 1 10 12 1 7 1 7 1 10 10 12 1 1 10 12 1 1 100 1 10 100 12 1 1 1 10 12 1 1 10 12 1 1 9 12 1 1 10 12 1 10 12 1 1 9 12 1 1 9 12 1 1 10 12 1 1 10 7 1 10 12 1 10 12 1 10 12 1 1 10 9 12 1 10 12 1 8 1 10 12 1 1 10 12 1 1 10 12 1 10 12 1 1 10 12 1 1 10 12 1 1 9 7 12 1 1 1 10 7 12 1 1 10 12 10 12 1 10 12 1 10 12 1 10 12 1 9 100 12 1 1 1 9 12 1 10 12 1 10 100 12 1 1 1 10 12 1 1 10 100 12 1 1 10 12 1 10 12 1 1 10 100 12 1 1 1 10 12 1 10 12 1 1 10 12 1 10 12 1 10 12 1 1 10 7 1 10 10 10 12 1 1 10 12 1 1 10 12 10 10 12 1 1 100 1 8 1 10 10 12 1 1 10 12 1 100 1 11 12 1 10 100 12 1 1 10 12 1 10 12 1 10 100 12 1 1 10 10 12 1 1 8 1 10 12 1 10 12 1 1 8 1 10 12 1 9 12 1 10 12 1 10 12 1 10 12 1 10 12 100 1 9 12 1 10 12 1 9 12 1 10 12 1 10 12 1 10 12 1 10 10 12 1 10 12 1 10 7 12 1 1 10 12 1 10 12 1 10 12 1 1 10 12 1 10 12 1 10 12 1 100 1 10 12 1 10 12 1 1 10 12 1 1 10 12 1 1 10 12 1 1 10 12 1 1 10 12 1 1 7 1 10 10 12 1 1 10 12 1 1 10 12 1 1 10 10 12 1 10 12 1 1 10 12 1 1 10 12 1 1 10 12 1 1 7 1 10 10 12 11 100 12 1 1 10 12 1 10 12 1 10 7 12 1 1 1 10 12 1 1 10 10 12 1 1 100 1 10 10 12 1 1 10 100 12 1 1 1 100 1 7 1 10 12 1 1 10 12 1 10 10 12 1 1 10 12 1 10 12 1 10 12 1 10 100 12 1 1 1 11 7 12 1 1 10 12 1 10 12 1 9 12 1 10 12 1 1 10 12 1 9 12 1 1 7 1 10 9 12 1 1 10 12 7 1 10 12 1 9 12 1 10 100 12 1 1 1 10 12 1 10 12 1 10 100 12 1 1 1 10 12 1 10 12 10 12 1 1 100 1 10 8 1 10 12 1 11 11 12 1 1 11 7 12 1 1 11 12 1 8 1 10 12 1 10 12 1 1 9 12 1 9 12 1 1 10 7 12 1 1 9 12 1 10 12 1 1 10 10 12 1 10 7 12 1 1 1 10 7 12 1 1 10 7 12 1 1 9 12 1 1 10 12 1 9 12 1 10 12 1 10 12 1 1 9 12 1 1 9 12 1 10 12 1 10 12 1 1 9 12 1 100 1 10 10 12 1 1 7 1 10 12 1 1 100 11 100 1 9 12 1 1 9 12 1 100 1 10 12 1 9 12 1 1 9 12 1 10 12 1 10 12 1 1 9 12 1 7 1 10 10 12 1 1 10 10 12 1 10 12 10 10 12 1 9 12 1 10 12 1 1 10 7 12 1 1 1 10 12 1 1 10 12 1 8 10 7 8 1 18 8 1 8 1 10 12 1 9 12 1 9 12 1 1 10 12 1 7 1 7 1 10 12 1 9 12 1 1 7 1 10 10 12 1 10 7 1 9 12 1 8 1 10 12 1 7 1 10 12 1 10 12 1 1 100 1 100 1 9 12 1 100 1 8 1 10 10 7 12 1 1 1 10 12 11 7 12 1 1 1 10 12 1 10 12 1 1 10 8 1 8 1 10 12 1 1 9 7 12 1 1 11 12 7 1 11 7 12 1 1 9 12 1 10 100 12 1 1 1 10 7 12 1 1 10 12 1 1 9 12 1 9 10 12 1 1 10 12 1 1 10 12 1 1 10 12 1 1 10 12 1 1 11 12 1 100 1 11 12 1 10 100 12 1 1 1 10 12 1 11 12 1 10 100 12 1 1 1 10 12 1 10 100 12 1 1 1 11 12 1 11 12 1 1 10 12 1 10 12 1 1 9 12 1 1 9 100 12 1 1 10 12 1 10 100 12 1 1 1 10 12 1 1 10 12 1 10 12 1 10 12 1 10 7 12 1 1 1 10 12 1 8 1 10 12 1 10 12 1 10 12 1 100 1 10 12 10 100 12 1 1 1 11 100 12 1 1 1 10 12 1 1 10 12 1 18 12 1 1 11 12 1 1 18 11 12 1 18 12 1 11 12 1 10 12 1 1 10 12 1 10 12 1 10 12 1 10 12 1 10 12 10 12 1 8 1 10 12 1 7 1 9 12 1 1 100 1 100 1 100 1 100 1 1 1 3 1 3 1 3 1 1 1 1 1 1 1 5 0 1 1 1 1 1 1 1 1 1 1 1 1 1 1 1 1 1 1 1 1 1 1 1 1 100 1 1 1 1 1 1 1 100 1 1 1 1 1 7 1 1 1 1 1 1 1 1 1 1 1 1 1 1 1 1 1 1 1 1 1 1 1 1 1 1 1 1 1 1 1 1 1 1 1 1 1 1 1 1 1 1 100 1 1 1 1 1 1 1 1 1 1 1 1 1 1 1 1 1 1 1 1 1 1 1 1 1 1 1 1 1 1 1 100 1 1 1 1 1 1 1 1 1 1 1 1 1 1 1 1 1 1 1 1 3 1 1 1 1 1 1 1 1 1 1 1 1 1 1 1 1 1 1 1 1 1 1 1 1 1 1 1 1 1 1 1 1 1 1 1 100 1 100 1 1 1 1 1 1 1 1 1 1 1 1 1 1 1 1 1 1 1 1 1 1 1 1 1 1 1 1 1 1 1 1 1 1 1 1 1 1 1 1 1 1 1 1 1 1 1 1 1 1 1 1 1 1 1 1 1 1 1 1 1 1 1 1 1 1 1 1 1 1 1 1 1 1 1 1 1 1 1 1 1 1 1 1 1 1 1 1 1 1 1 1 1 1 1 1 1 1 1 1 1 1 1 1 1 1 1 1 1 1 1 1 1 1 1 1 1 1 1 1 1 1 1 1 1 1 1 1 1 1 1 1 16 15 10 12 16 15 11 12 16 1 16 15 16 15 10 12 16 16 15 10 12 16 15 16 1 15 10 12 16 15 10 7 12 1 1 1 1 1 1 1 1 1 1 1 1 100 1 1 100 1 100 1 1 100 1 100 1 1 100 1 100 1 1
staticfield java/lang/Class EMPTY_CLASS_ARRAY [Ljava/lang/Class; 0 [Ljava/lang/Class;
staticfield java/lang/Class serialPersistentFields [Ljava/io/ObjectStreamField; 0 [Ljava/io/ObjectStreamField;
ciInstanceKlass java/lang/Cloneable 1 0 7 100 1 100 1 1 1
instanceKlass jdk/internal/reflect/DelegatingClassLoader
instanceKlass java/security/SecureClassLoader
ciInstanceKlass java/lang/ClassLoader 1 1 1108 9 7 12 1 1 1 10 7 12 1 1 1 9 12 1 1 10 7 12 1 1 1 7 1 10 12 1 1 10 12 1 1 9 12 1 1 10 12 1 1 100 1 10 12 1 10 12 1 1 10 7 12 1 1 1 100 1 8 1 10 12 1 10 7 12 1 1 1 10 100 12 1 10 7 1 10 7 1 7 1 7 1 10 12 1 10 12 1 9 12 1 1 10 10 7 12 1 1 1 9 12 1 1 9 12 1 9 12 1 1 9 12 1 9 12 1 1 9 12 1 1 7 1 10 12 1 9 12 1 1 10 12 1 1 10 7 12 1 1 1 9 12 1 9 12 1 1 9 12 1 10 12 1 1 9 12 10 12 1 1 7 1 10 8 1 10 12 1 1 10 12 1 10 7 1 7 1 10 12 1 1 10 7 12 1 1 1 8 1 10 12 1 10 12 1 10 12 1 1 10 12 1 1 10 12 1 1 10 12 1 1 10 12 1 1 10 12 1 100 1 10 12 1 10 100 12 1 1 1 10 12 1 1 10 12 1 10 12 1 10 12 1 10 12 1 10 12 1 1 10 10 12 1 10 12 1 10 100 12 1 1 10 12 1 1 10 12 1 1 10 12 1 100 1 10 12 1 100 1 10 12 1 10 100 12 1 1 1 10 10 12 1 1 10 12 1 1 100 1 8 1 10 8 1 10 12 1 10 12 1 100 1 8 1 10 12 1 1 10 12 1 1 10 10 12 1 1 10 12 1 1 10 12 1 1 10 7 1 10 12 1 1 10 12 1 1 10 12 1 1 10 12 1 1 10 12 1 1 10 12 1 1 10 12 1 10 7 12 1 1 1 10 12 1 10 12 1 10 12 1 1 10 12 1 10 12 1 10 12 1 10 12 1 1 10 12 1 10 12 1 1 8 1 9 12 1 10 12 1 1 8 1 8 1 10 7 12 1 1 100 1 10 10 12 10 12 1 10 12 1 10 12 1 10 12 1 1 10 7 12 1 1 10 12 1 10 7 1 7 1 10 12 1 1 10 12 1 10 7 1 10 12 1 100 1 18 12 1 10 100 12 1 1 1 10 100 12 1 1 1 10 7 12 1 1 10 12 1 10 12 1 100 1 10 12 1 8 1 10 10 12 1 1 10 12 1 10 12 1 1 100 1 10 12 1 10 12 1 1 10 7 12 1 1 10 12 1 8 1 100 1 10 10 12 1 9 12 1 10 7 12 1 1 10 12 1 100 1 8 1 10 12 1 10 8 1 8 1 10 12 1 1 10 12 1 1 10 12 1 1 10 100 12 1 1 100 1 100 1 10 12 1 1 100 1 100 1 10 100 12 1 1 10 12 1 10 12 1 1 10 12 1 10 12 1 1 10 12 1 1 9 100 12 1 1 1 10 12 1 1 10 12 1 10 12 1 10 12 1 1 10 12 1 8 1 7 1 18 12 1 1 10 12 1 1 10 12 1 10 12 1 10 12 1 8 1 10 12 1 10 12 1 18 12 1 11 100 12 1 1 1 100 1 10 12 1 1 10 12 1 10 11 12 1 1 10 18 10 12 1 1 11 100 12 1 18 12 1 11 12 1 1 10 12 10 12 1 1 10 12 1 1 100 1 8 1 10 10 12 1 8 1 8 1 10 100 12 1 1 10 12 1 100 1 10 10 12 1 8 1 8 1 8 1 10 12 1 10 12 1 1 10 12 1 10 100 12 1 1 1 11 100 12 1 1 100 1 10 11 10 12 1 10 12 1 10 12 1 1 9 100 12 1 1 9 12 1 1 9 12 9 12 1 9 12 1 9 12 1 8 10 12 1 1 10 7 12 1 1 1 10 12 1 1 10 12 1 1 10 12 1 10 10 12 1 11 12 1 1 10 100 12 1 1 1 100 1 10 12 1 10 12 1 10 12 1 1 1 1 1 1 1 1 1 1 1 1 1 1 1 1 1 1 1 1 1 1 1 1 1 1 1 1 100 1 1 1 1 1 1 1 1 1 1 1 1 1 1 1 1 1 1 1 1 1 100 1 1 1 1 1 1 1 1 1 1 100 1 1 1 1 1 1 1 1 1 1 1 1 1 1 1 1 1 1 1 1 1 1 1 1 1 1 1 1 1 1 1 1 1 1 1 1 1 1 1 1 1 100 1 1 1 1 1 1 1 1 1 1 1 1 1 1 1 1 1 1 1 100 1 1 1 1 1 1 1 1 1 1 1 1 1 1 1 1 1 1 1 1 1 1 1 1 1 1 1 1 1 1 1 1 1 1 1 1 1 1 1 1 1 1 1 1 1 1 1 1 1 1 100 1 1 1 1 1 1 1 1 1 1 1 1 1 1 1 1 1 1 1 1 1 1 1 1 1 1 1 1 1 1 1 1 1 1 1 1 1 1 1 1 1 1 1 1 1 1 16 1 15 10 12 16 1 16 15 10 12 16 1 16 1 15 10 12 16 15 10 12 16 15 10 12 16 15 10 100 12 1 1 1 1 1 100 1 100 1 1
staticfield java/lang/ClassLoader nocerts [Ljava/security/cert/Certificate; 0 [Ljava/security/cert/Certificate;
staticfield java/lang/ClassLoader $assertionsDisabled Z 1
ciInstanceKlass java/lang/System 1 1 834 10 100 12 1 1 1 9 7 12 1 1 1 10 12 1 10 12 1 1 10 12 1 1 10 12 1 9 12 1 1 10 7 12 1 1 1 11 100 12 1 1 1 10 100 12 1 1 1 10 12 1 1 10 12 1 1 100 1 8 1 10 12 1 10 100 12 1 1 1 10 7 12 1 1 1 18 12 1 1 10 100 12 1 1 1 100 1 10 12 1 1 10 100 12 1 1 1 10 12 1 10 7 12 1 1 1 9 100 12 1 1 1 10 100 12 1 1 1 11 7 12 1 1 1 10 12 1 1 10 7 12 1 1 1 100 1 10 10 12 1 1 8 1 10 12 1 8 1 10 12 1 9 12 1 1 8 1 10 7 12 1 1 1 10 12 1 1 100 1 8 1 10 9 12 1 1 8 1 10 12 1 1 10 100 12 1 1 1 8 1 10 12 1 100 1 10 12 1 8 1 10 12 1 10 12 1 1 100 1 10 12 10 12 1 9 12 1 1 9 12 1 1 10 7 12 1 1 1 10 7 12 1 1 1 10 12 1 1 10 12 1 10 12 1 10 7 12 1 1 1 10 12 1 100 1 100 1 8 1 10 12 1 10 12 1 1 7 1 10 12 1 100 1 8 1 10 10 12 1 100 1 8 1 10 8 1 10 7 12 1 1 8 1 10 12 100 1 8 1 10 10 12 1 1 10 7 12 1 1 1 100 1 18 12 1 100 1 9 100 12 1 1 1 10 12 1 100 1 10 12 1 1 10 12 1 1 10 7 12 1 1 1 10 12 1 1 10 12 1 10 12 1 10 12 1 1 10 12 1 7 1 10 12 1 9 7 12 1 1 1 10 7 12 1 1 1 10 12 1 10 12 1 10 7 12 1 1 1 100 1 8 1 10 9 12 1 9 12 1 10 12 1 10 100 12 1 1 10 12 1 10 12 1 1 8 1 10 12 1 1 8 1 11 12 1 10 12 11 12 1 1 11 7 12 1 1 1 11 7 12 1 1 11 12 1 1 7 1 11 12 1 10 12 1 8 1 10 12 1 1 8 1 8 1 8 1 8 1 11 12 1 10 12 1 10 12 1 10 12 1 8 1 10 12 1 1 8 1 9 12 1 8 1 10 7 12 1 1 8 1 7 1 9 7 12 1 1 1 10 12 1 7 1 9 12 10 9 12 7 1 10 12 9 12 1 1 8 1 10 12 1 1 8 1 10 7 12 1 1 10 12 1 10 12 1 1 11 7 12 1 1 10 12 10 7 12 1 1 1 9 12 1 1 100 1 8 1 10 12 1 1 10 7 12 1 1 1 7 1 10 12 1 1 10 12 1 8 1 8 1 10 8 1 8 1 8 1 8 1 10 10 7 12 1 1 10 12 1 10 12 1 1 10 12 1 1 10 12 1 10 100 12 1 1 1 10 100 1 8 1 10 10 10 12 1 1 10 12 1 1 8 1 10 12 1 8 1 8 1 10 12 1 10 7 12 1 1 1 10 12 1 1 7 1 10 10 12 1 10 12 1 9 12 1 1 3 1 3 1 1 1 1 1 1 1 1 1 1 1 1 100 1 1 100 1 1 1 1 1 1 1 1 1 1 1 100 1 100 1 1 1 1 1 1 1 1 1 1 1 1 1 1 1 1 1 1 1 1 1 1 1 1 1 1 1 1 1 1 1 1 1 1 1 1 1 1 1 1 1 1 1 1 1 1 1 1 1 1 1 1 1 1 1 1 1 1 100 1 1 1 1 1 1 1 1 1 1 1 1 1 1 1 1 1 1 1 1 1 1 1 1 1 1 1 1 1 1 1 1 1 100 1 1 16 15 10 12 1 1 16 15 10 12 16 1 15 10 100 12 1 1 1 1 1 1 1 1 1 100 1 100 1 1
staticfield java/lang/System in Ljava/io/InputStream; java/io/BufferedInputStream
staticfield java/lang/System out Ljava/io/PrintStream; java/io/PrintStream
staticfield java/lang/System err Ljava/io/PrintStream; java/io/PrintStream
instanceKlass java/lang/Exception
instanceKlass java/lang/Error
ciInstanceKlass java/lang/Throwable 1 1 404 10 7 12 1 1 1 9 7 12 1 1 1 9 12 1 1 9 12 1 9 12 1 1 9 12 1 10 12 1 1 9 12 1 1 10 12 1 1 10 12 1 100 1 100 1 10 8 1 10 12 1 1 8 1 10 100 12 1 1 10 10 12 1 100 1 8 1 10 10 12 1 1 10 7 12 1 1 10 12 1 8 1 9 100 12 1 1 1 10 12 1 1 100 1 10 12 10 12 1 10 100 12 1 1 1 100 1 10 12 10 12 1 10 12 1 100 1 10 10 7 12 1 1 1 11 100 12 1 1 1 10 12 1 1 10 12 1 1 8 1 10 12 1 10 12 1 1 8 1 8 1 10 12 1 1 10 12 1 8 1 8 1 9 12 1 1 10 12 1 1 100 1 10 11 12 1 8 1 8 1 10 7 12 1 1 8 1 10 12 1 8 1 100 1 10 12 1 9 12 1 1 10 12 1 10 7 12 1 9 12 1 1 10 12 1 1 100 1 8 1 10 12 1 10 100 12 1 1 10 12 1 1 100 1 10 100 12 1 1 1 10 12 1 11 100 12 1 1 1 11 100 12 1 1 11 12 1 8 1 10 12 1 1 8 1 10 10 9 100 12 1 1 1 8 1 10 12 1 1 11 10 100 1 8 1 10 11 12 1 1 8 1 9 12 1 10 100 12 1 1 11 9 12 1 1 11 12 1 1 100 10 12 1 10 12 1 1 100 1 1 1 1 5 0 1 1 1 1 1 1 1 1 1 1 1 1 1 100 1 1 1 1 1 1 1 1 1 1 1 1 1 1 1 1 1 1 1 1 1 1 1 1 1 1 1 1 1 1 1 1 1 1 1 1 1 1 1 1 1 1 1 1 7 1 7 1 1 1 1 1 1 1 1 1 1 1 1 1 1 1 1 1 1
staticfield java/lang/Throwable UNASSIGNED_STACK [Ljava/lang/StackTraceElement; 0 [Ljava/lang/StackTraceElement;
staticfield java/lang/Throwable SUPPRESSED_SENTINEL Ljava/util/List; java/util/Collections$EmptyList
staticfield java/lang/Throwable EMPTY_THROWABLE_ARRAY [Ljava/lang/Throwable; 0 [Ljava/lang/Throwable;
staticfield java/lang/Throwable $assertionsDisabled Z 1
instanceKlass kotlin/NotImplementedError
instanceKlass java/util/ServiceConfigurationError
instanceKlass java/lang/AssertionError
instanceKlass java/lang/VirtualMachineError
instanceKlass java/lang/LinkageError
ciInstanceKlass java/lang/Error 1 1 40 10 7 12 1 1 1 10 12 1 10 12 1 10 12 1 10 12 1 100 1 1 1 1 5 0 1 1 1 1 1 1 1 1 1 1 1 1 1 1
instanceKlass sun/security/ec/ECOperations$IntermediateValueException
instanceKlass sun/security/pkcs11/wrapper/PKCS11Exception
instanceKlass java/security/GeneralSecurityException
instanceKlass org/ballerinalang/maven/exceptions/MavenResolverException
instanceKlass sun/nio/fs/WindowsException
instanceKlass io/ballerina/semver/checker/exception/SemverToolException
instanceKlass io/ballerina/protoc/exception/CodeBuilderException
instanceKlass io/ballerina/protoc/protobuf/exception/CodeGeneratorException
instanceKlass io/ballerina/persist/BalException
instanceKlass io/ballerina/openapi/core/generators/client/exception/ClientException
instanceKlass io/ballerina/openapi/core/generators/type/exception/OASTypeGenException
instanceKlass io/ballerina/openapi/core/generators/common/exception/BallerinaOpenApiException
instanceKlass io/ballerina/graphql/generator/service/exception/ServiceGenerationException
instanceKlass io/ballerina/graphql/schema/exception/SchemaFileGenerationException
instanceKlass io/ballerina/graphql/generator/client/exception/ClientCodeGenerationException
instanceKlass io/ballerina/graphql/exception/ValidationException
instanceKlass io/ballerina/graphql/exception/ParseException
instanceKlass io/ballerina/graphql/exception/CmdException
instanceKlass org/ballerinalang/maven/bala/client/MavenResolverClientException
instanceKlass org/ballerinalang/central/client/exceptions/CentralClientException
instanceKlass java/net/URISyntaxException
instanceKlass org/ballerinalang/bindgen/exceptions/BindgenException
instanceKlass io/ballerina/asyncapi/websocketscore/exception/BallerinaAsyncApiExceptionWs
instanceKlass org/ballerinalang/formatter/core/FormatterException
instanceKlass io/ballerina/asyncapi/codegenerator/configuration/BallerinaAsyncApiException
instanceKlass org/ballerinalang/toml/exceptions/TomlException
instanceKlass java/sql/SQLException
instanceKlass java/text/ParseException
instanceKlass java/lang/CloneNotSupportedException
instanceKlass javax/management/JMException
instanceKlass java/lang/InterruptedException
instanceKlass java/security/PrivilegedActionException
instanceKlass java/io/IOException
instanceKlass java/lang/ReflectiveOperationException
instanceKlass java/lang/RuntimeException
ciInstanceKlass java/lang/Exception 1 1 40 10 7 12 1 1 1 10 12 1 10 12 1 10 12 1 10 12 1 100 1 1 1 1 5 0 1 1 1 1 1 1 1 1 1 1 1 1 1 1
instanceKlass java/util/concurrent/RejectedExecutionException
instanceKlass okhttp3/internal/connection/RouteException
instanceKlass java/security/ProviderException
instanceKlass kotlin/UninitializedPropertyAccessException
instanceKlass java/io/UncheckedIOException
instanceKlass io/ballerina/projects/exceptions/InvalidBalaException
instanceKlass com/github/zafarkhaja/semver/util/UnexpectedElementException
instanceKlass java/util/ConcurrentModificationException
instanceKlass io/ballerina/toml/validator/schema/JsonSchemaException
instanceKlass com/github/zafarkhaja/semver/ParseException
instanceKlass java/lang/MatchException
instanceKlass org/yaml/snakeyaml/error/YAMLException
instanceKlass java/nio/file/FileSystemAlreadyExistsException
instanceKlass java/nio/file/FileSystemNotFoundException
instanceKlass java/lang/IndexOutOfBoundsException
instanceKlass com/google/gson/JsonParseException
instanceKlass io/ballerina/projects/ProjectException
instanceKlass java/lang/reflect/UndeclaredThrowableException
instanceKlass java/util/MissingResourceException
instanceKlass java/util/NoSuchElementException
instanceKlass java/lang/UnsupportedOperationException
instanceKlass picocli/CommandLine$PicocliException
instanceKlass io/ballerina/cli/launcher/RuntimePanicException
instanceKlass io/ballerina/cli/launcher/BLauncherException
instanceKlass org/ballerinalang/compiler/BLangCompilerException
instanceKlass java/lang/IllegalStateException
instanceKlass java/lang/SecurityException
instanceKlass java/lang/IllegalArgumentException
instanceKlass java/lang/ArithmeticException
instanceKlass java/lang/NullPointerException
instanceKlass java/lang/IllegalMonitorStateException
instanceKlass java/lang/ArrayStoreException
instanceKlass java/lang/ClassCastException
ciInstanceKlass java/lang/RuntimeException 1 1 40 10 7 12 1 1 1 10 12 1 10 12 1 10 12 1 10 12 1 100 1 1 1 1 5 0 1 1 1 1 1 1 1 1 1 1 1 1 1 1
ciInstanceKlass java/lang/SecurityManager 0 0 576 10 100 12 1 1 1 9 100 12 1 1 1 10 100 12 1 1 1 100 1 8 1 10 12 1 10 12 1 1 10 100 12 1 1 1 10 100 1 10 100 1 10 9 100 12 1 1 1 10 100 12 1 1 1 10 12 1 1 10 100 12 1 1 100 1 8 1 10 9 12 1 1 9 12 1 8 1 9 12 1 100 1 10 8 1 10 12 1 1 10 12 1 10 12 1 1 100 1 10 10 12 1 1 100 1 8 1 10 12 1 8 1 8 1 8 1 8 1 8 1 8 1 10 12 1 8 1 8 1 8 1 8 1 8 1 10 100 12 1 1 1 10 12 1 1 8 1 100 1 8 1 10 8 1 8 1 8 1 8 1 8 1 10 100 12 1 1 8 1 100 1 8 1 8 1 10 8 1 10 12 1 100 1 8 1 10 10 12 1 1 10 12 1 10 12 1 10 12 1 10 100 12 1 1 1 10 12 1 10 100 12 1 1 11 100 12 1 1 1 18 12 1 1 11 100 12 1 1 1 18 12 1 1 11 12 1 1 18 18 11 12 1 18 12 1 11 12 1 1 9 12 1 1 9 12 1 9 12 1 9 12 1 100 1 10 100 12 1 1 10 12 1 10 12 1 18 12 1 18 10 100 12 1 1 1 18 12 1 10 12 1 18 18 8 1 10 12 1 9 12 1 1 11 100 12 1 1 1 8 1 100 1 10 12 1 10 12 1 1 10 12 1 1 9 12 1 1 10 12 1 10 12 1 1 8 1 100 1 10 9 12 1 8 1 10 12 1 8 1 100 1 10 10 100 12 1 1 10 100 1 9 100 12 1 1 1 11 12 1 1 10 12 1 11 12 1 10 12 1 100 1 10 10 12 1 1 10 12 1 1 1 1 1 1 1 1 1 1 1 100 1 1 1 1 1 1 1 1 1 1 1 1 1 1 1 1 1 1 1 1 1 1 1 1 1 1 1 1 1 1 1 1 1 1 1 1 1 1 1 1 1 1 1 1 1 1 1 1 1 1 1 1 1 1 1 1 3 1 1 1 1 1 1 1 1 1 1 100 1 1 1 1 1 1 1 1 1 1 1 1 1 1 1 1 1 1 1 1 1 1 1 1 1 1 1 1 1 1 1 1 1 1 1 1 1 1 16 15 10 100 12 1 1 1 16 1 16 15 10 12 16 1 15 10 12 16 15 11 100 1 16 1 16 1 15 10 12 16 15 10 12 16 15 10 12 1 16 1 15 11 12 1 15 10 12 16 15 10 16 1 15 10 100 12 1 1 1 1 1 1 100 1 100 1 1
ciInstanceKlass java/security/ProtectionDomain 1 1 348 10 7 12 1 1 1 9 7 12 1 1 1 7 1 10 9 12 1 1 9 12 1 1 9 12 1 1 10 7 12 1 1 7 1 9 12 1 9 12 1 1 7 1 9 12 1 1 9 12 1 10 100 12 1 1 10 100 12 1 1 1 10 12 1 1 10 12 1 9 12 1 9 100 12 1 1 10 12 1 1 10 100 1 10 12 1 1 8 1 100 1 8 1 10 12 1 10 11 10 100 12 1 1 1 10 12 1 1 8 1 11 8 1 10 12 1 8 1 8 1 10 12 1 1 10 12 1 10 12 1 1 10 12 1 8 1 10 12 1 8 1 8 1 10 100 12 1 1 1 9 100 12 1 1 1 10 12 1 1 9 100 12 1 1 1 10 100 12 1 1 1 100 1 18 12 1 1 10 100 12 1 1 1 10 100 1 10 12 1 10 12 1 1 11 100 12 1 1 11 12 1 100 1 11 100 12 1 1 1 10 12 1 10 11 12 1 1 11 12 1 1 10 12 1 10 7 12 1 1 10 100 12 1 1 11 12 1 10 12 10 12 1 8 1 8 1 10 7 12 1 1 1 7 1 10 10 7 12 1 1 1 1 1 1 1 1 1 1 100 1 1 100 1 1 1 1 1 1 1 1 1 1 1 1 1 1 1 1 1 1 1 1 1 1 1 1 1 1 1 1 1 1 1 1 1 1 1 1 1 1 1 1 1 1 1 1 100 1 1 1 1 1 1 100 1 1 16 15 10 12 16 15 10 100 12 1 1 1 1 1 1 1 100 1 100 1 1
staticfield java/security/ProtectionDomain filePermCompatInPD Z 0
ciInstanceKlass java/security/AccessControlContext 1 1 374 9 7 12 1 1 1 9 12 1 1 10 100 12 1 1 1 8 1 10 100 12 1 1 1 10 7 12 1 1 1 9 12 1 9 12 1 1 9 12 1 1 10 7 12 1 1 100 1 10 12 1 11 100 12 1 1 1 11 12 1 11 12 1 11 12 1 1 7 1 11 12 1 1 10 12 1 10 7 12 1 1 1 9 100 12 1 1 1 10 100 12 1 1 1 11 100 12 1 1 1 10 7 1 100 1 8 1 10 12 1 10 12 1 1 7 1 10 7 12 1 1 1 9 12 1 9 12 1 9 12 1 9 12 1 1 9 12 1 1 9 12 1 9 12 1 10 7 12 1 1 1 9 12 1 10 12 1 1 10 12 1 1 8 1 10 12 1 1 10 12 1 1 10 100 12 1 1 1 100 1 10 10 12 1 1 10 100 12 1 1 1 10 8 1 10 100 12 1 1 8 1 10 100 12 1 1 8 1 8 1 10 12 1 8 1 10 12 1 8 1 10 12 1 10 12 1 10 12 1 1 8 1 8 1 100 1 10 12 1 10 12 1 1 100 1 10 12 1 8 1 10 12 1 10 12 1 10 8 1 10 12 1 1 10 12 1 1 10 12 1 1 10 12 1 1 10 12 1 10 12 1 11 10 12 1 10 12 1 1 10 10 10 12 1 1 1 1 1 1 1 1 1 1 1 1 1 1 1 1 1 1 1 1 1 1 1 1 100 1 1 1 1 1 1 1 1 1 1 1 1 1 1 1 1 1 1 1 1 1 1 1 1 1 1 1 1 1 1 1 1 1 1 1 1 1 1 1 1 1 1 1 1 1 1 1 1 1 1 1 1 3 1 1
ciInstanceKlass java/security/AccessController 1 1 295 10 100 12 1 1 1 10 7 12 1 1 1 10 7 12 1 1 1 10 12 1 1 10 12 1 1 10 7 12 1 1 1 10 12 1 1 10 12 1 10 12 1 1 10 12 1 100 1 8 1 10 12 1 10 12 1 10 12 1 1 10 12 1 7 1 7 1 10 12 1 1 10 12 1 10 12 1 10 12 1 1 10 7 12 1 1 1 10 12 1 1 9 100 12 1 1 1 10 100 12 1 1 1 10 12 1 10 12 1 9 100 12 1 1 1 10 12 1 10 12 1 1 9 12 1 1 10 100 1 10 11 7 12 1 1 1 10 7 12 1 1 11 7 1 7 1 10 12 1 10 12 1 10 12 1 8 1 10 12 1 1 8 1 10 100 12 1 1 1 8 1 100 1 10 10 12 1 1 10 12 1 10 7 12 1 1 1 10 12 1 8 1 10 100 12 1 1 8 1 8 1 10 12 1 8 1 10 12 1 10 12 1 1 10 12 1 1 1 1 1 1 1 1 1 1 1 1 1 1 1 1 1 1 1 1 1 1 1 1 1 1 1 1 100 1 1 1 1 1 1 1 1 1 1 1 1 1 1 1 1 1 1 1 1 1 1 1 1 1 1 1 1 1 1 1 1 1 1 100 1 100 1 1 1 1 1 1 1 1 1 3 1 1 1
staticfield java/security/AccessController $assertionsDisabled Z 1
instanceKlass jdk/internal/loader/BuiltinClassLoader
instanceKlass java/net/URLClassLoader
ciInstanceKlass java/security/SecureClassLoader 1 1 102 10 7 12 1 1 1 7 1 10 12 1 9 7 12 1 1 1 10 12 1 10 12 1 10 12 1 1 10 12 1 1 10 12 1 7 1 10 7 1 10 12 1 7 1 10 12 1 11 7 12 1 1 1 7 1 11 12 1 10 12 1 1 1 1 1 1 1 1 1 1 1 1 1 1 1 1 1 1 1 1 1 1 1 1 1 1 1 1 1 1 1 1 1 1 1 1 100 1 1 1 1
instanceKlass java/lang/InstantiationException
instanceKlass java/lang/IllegalAccessException
instanceKlass java/lang/reflect/InvocationTargetException
instanceKlass java/lang/NoSuchFieldException
instanceKlass java/lang/NoSuchMethodException
instanceKlass java/lang/ClassNotFoundException
ciInstanceKlass java/lang/ReflectiveOperationException 1 1 34 10 7 12 1 1 1 10 12 1 10 12 1 10 12 1 100 1 1 1 1 5 0 1 1 1 1 1 1 1 1 1 1 1
ciInstanceKlass java/lang/ClassNotFoundException 1 1 96 7 1 10 7 12 1 1 1 10 12 1 10 12 1 1 10 100 12 1 1 1 8 1 10 100 12 1 1 1 10 7 12 1 1 10 100 12 1 1 1 10 100 12 1 1 1 10 12 1 1 7 1 10 12 1 9 12 1 1 1 1 1 5 0 1 1 1 1 1 1 1 1 1 1 1 1 1 1 1 1 1 1 100 1 1 1 1 1 1 1 1 1 1 1 1
staticfield java/lang/ClassNotFoundException serialPersistentFields [Ljava/io/ObjectStreamField; 1 [Ljava/io/ObjectStreamField;
instanceKlass jdk/internal/misc/ThreadTracker$ThreadRef
instanceKlass org/wso2/ballerinalang/compiler/BIRPackageSymbolEnter$AtomOffsets
instanceKlass io/ballerina/projects/PackageManifest$Module
instanceKlass org/wso2/ballerinalang/compiler/semantics/model/types/SemNamedType
instanceKlass io/ballerina/types/definition/CellField
instanceKlass io/ballerina/types/subtypedata/BddNodeImpl
instanceKlass io/ballerina/types/ListAtomicType
instanceKlass io/ballerina/types/FixedLengthArray
instanceKlass io/ballerina/types/MappingAtomicType
instanceKlass io/ballerina/types/TypeAtom
instanceKlass io/ballerina/types/PredefinedTypeEnv$InitializedTypeAtom
instanceKlass io/ballerina/types/CellAtomicType
instanceKlass io/ballerina/types/Atom$AtomIdentifier
instanceKlass io/ballerina/types/typeops/BddCommonOps$BddOpMemoKey
instanceKlass io/ballerina/types/typeops/BddCommonOps$BddOpMemo
instanceKlass io/ballerina/types/subtypedata/BddNodeSimple
instanceKlass io/ballerina/types/ListMemberTypes
instanceKlass io/ballerina/types/ComplexSemTypeImpl
instanceKlass java/security/SecureClassLoader$CodeSourceKey
instanceKlass jdk/net/UnixDomainPrincipal
instanceKlass jdk/jfr/internal/jfc/model/Constraint
instanceKlass java/nio/DirectByteBuffer$Deallocator
instanceKlass jdk/jfr/internal/query/ViewFile$ViewConfiguration
instanceKlass jdk/jfr/internal/dcmd/Argument
instanceKlass java/lang/reflect/Proxy$ProxyBuilder$ProxyClassContext
instanceKlass jdk/internal/module/ModuleReferenceImpl$CachedHash
instanceKlass java/util/stream/Collectors$CollectorImpl
instanceKlass jdk/internal/reflect/ReflectionFactory$Config
instanceKlass jdk/internal/foreign/abi/UpcallLinker$CallRegs
instanceKlass jdk/internal/foreign/abi/VMStorage
ciInstanceKlass java/lang/Record 1 1 22 10 7 12 1 1 1 100 1 1 1 1 1 1 1 1 1 1 1 1 1 1
instanceKlass java/lang/IncompatibleClassChangeError
instanceKlass java/lang/BootstrapMethodError
instanceKlass java/lang/NoClassDefFoundError
ciInstanceKlass java/lang/LinkageError 1 1 31 10 7 12 1 1 1 10 12 1 10 12 1 100 1 1 1 1 5 0 1 1 1 1 1 1 1 1 1 1 1
ciInstanceKlass java/lang/NoClassDefFoundError 0 0 26 10 100 12 1 1 1 10 12 1 100 1 1 1 1 5 0 1 1 1 1 1 1 1 1 1
ciInstanceKlass java/lang/ClassCastException 1 1 26 10 100 12 1 1 1 10 12 1 100 1 1 1 1 5 0 1 1 1 1 1 1 1 1 1
ciInstanceKlass java/lang/ArrayStoreException 1 1 26 10 100 12 1 1 1 10 12 1 100 1 1 1 1 5 0 1 1 1 1 1 1 1 1 1
instanceKlass java/lang/StackOverflowError
instanceKlass java/lang/OutOfMemoryError
instanceKlass java/lang/InternalError
ciInstanceKlass java/lang/VirtualMachineError 1 1 34 10 100 12 1 1 1 10 12 1 10 12 1 10 12 1 100 1 1 1 1 5 0 1 1 1 1 1 1 1 1 1 1 1
ciInstanceKlass java/lang/InternalError 0 0 34 10 100 12 1 1 1 10 12 1 10 12 1 10 12 1 100 1 1 1 1 5 0 1 1 1 1 1 1 1 1 1 1 1
ciInstanceKlass java/lang/OutOfMemoryError 1 1 26 10 100 12 1 1 1 10 12 1 100 1 1 1 1 5 0 1 1 1 1 1 1 1 1 1
ciInstanceKlass java/lang/StackOverflowError 1 1 26 10 100 12 1 1 1 10 12 1 100 1 1 1 1 5 0 1 1 1 1 1 1 1 1 1
ciInstanceKlass java/lang/IllegalMonitorStateException 1 1 26 10 100 12 1 1 1 10 12 1 100 1 1 1 1 5 0 1 1 1 1 1 1 1 1 1
instanceKlass java/lang/ref/PhantomReference
instanceKlass java/lang/ref/FinalReference
instanceKlass java/lang/ref/WeakReference
instanceKlass java/lang/ref/SoftReference
ciInstanceKlass java/lang/ref/Reference 1 1 190 9 7 12 1 1 1 9 7 12 1 1 10 12 1 1 10 12 1 1 9 12 1 1 10 12 1 1 9 12 1 1 9 12 1 1 7 1 10 12 1 10 7 12 1 1 10 12 1 10 12 1 1 10 12 1 7 1 8 1 10 12 1 1 7 1 10 12 1 1 10 12 1 1 10 12 1 9 12 1 10 12 1 1 10 12 1 10 12 1 9 12 1 100 1 100 1 10 12 9 12 1 9 12 1 100 1 10 10 12 1 10 10 7 12 1 1 7 1 10 10 7 12 1 1 1 1 1 1 1 1 1 1 1 1 1 1 1 1 1 1 1 100 1 1 1 100 1 1 1 1 1 1 1 1 1 1 1 1 1 1 1 1 1 1 1 1 1 1 1 1 1 1 1 1 1 1 1 1 1 1 1 100 1 100 1 100 1 1 1
staticfield java/lang/ref/Reference processPendingLock Ljava/lang/Object; java/lang/Object
staticfield java/lang/ref/Reference $assertionsDisabled Z 1
instanceKlass sun/security/util/MemoryCache$SoftCacheEntry
instanceKlass sun/util/locale/provider/LocaleResources$ResourceReference
instanceKlass sun/util/resources/Bundles$BundleReference
instanceKlass java/util/ResourceBundle$BundleReference
instanceKlass java/io/ClassCache$CacheRef
instanceKlass sun/util/locale/LocaleObjectCache$CacheEntry
instanceKlass java/lang/invoke/LambdaFormEditor$Transform
ciInstanceKlass java/lang/ref/SoftReference 1 1 47 10 7 12 1 1 1 9 7 12 1 1 1 9 12 1 10 12 1 10 12 1 1 1 1 1 1 1 1 1 1 1 1 1 1 1 1 1 1 1 1 100 1 1 1 1 1
instanceKlass okhttp3/internal/connection/Transmitter$TransmitterReference
instanceKlass javax/crypto/JceSecurity$WeakIdentityWrapper
instanceKlass java/util/ResourceBundle$KeyElementReference
instanceKlass sun/rmi/transport/WeakRef
instanceKlass java/util/logging/LogManager$LoggerWeakRef
instanceKlass java/util/logging/Level$KnownLevel
instanceKlass java/lang/WeakPairMap$WeakRefPeer
instanceKlass com/sun/jmx/mbeanserver/WeakIdentityHashMap$IdentityWeakReference
instanceKlass java/lang/ClassValue$Entry
instanceKlass java/lang/ThreadLocal$ThreadLocalMap$Entry
instanceKlass jdk/internal/util/WeakReferenceKey
instanceKlass java/util/WeakHashMap$Entry
ciInstanceKlass java/lang/ref/WeakReference 1 1 31 10 7 12 1 1 1 10 12 1 100 1 1 1 1 1 1 1 1 1 1 1 1 1 1 1 1 1 1 1 1
instanceKlass java/lang/ref/Finalizer
ciInstanceKlass java/lang/ref/FinalReference 1 1 50 10 7 12 1 1 1 10 100 12 1 1 1 10 12 1 1 100 1 8 1 10 12 1 1 1 1 1 1 1 1 1 1 1 1 1 1 1 1 1 1 1 1 1 1 1 1 1 100 1
instanceKlass jdk/internal/ref/PhantomCleanable
instanceKlass jdk/internal/ref/Cleaner
ciInstanceKlass java/lang/ref/PhantomReference 1 1 39 10 100 12 1 1 1 10 7 12 1 1 1 1 1 1 1 1 1 1 1 1 1 1 1 1 1 1 1 1 1 1 1 1 1 1 1 1 1
ciInstanceKlass java/lang/ref/Finalizer 1 1 155 9 7 12 1 1 1 10 7 12 1 1 1 9 12 1 1 9 12 1 1 9 12 1 9 12 1 9 12 1 1 10 12 1 100 1 8 1 10 12 1 10 12 1 1 9 12 1 100 1 10 12 1 100 1 11 100 12 1 1 10 12 1 100 1 10 12 1 100 1 10 12 1 10 100 12 1 1 1 10 100 12 1 1 1 100 1 10 10 12 1 7 1 10 12 1 7 1 10 12 1 1 10 12 1 1 10 12 1 10 7 12 1 1 1 7 1 10 7 1 10 10 12 1 1 1 1 1 1 1 1 1 1 1 1 1 1 1 1 1 1 1 1 1 1 1 1 1 1 1 1 1 1 1 1
staticfield java/lang/ref/Finalizer lock Ljava/lang/Object; java/lang/Object
staticfield java/lang/ref/Finalizer ENABLED Z 1
staticfield java/lang/ref/Finalizer $assertionsDisabled Z 1
ciInstanceKlass java/lang/Runnable 1 0 11 100 1 100 1 1 1 1 1 1 1
instanceKlass okio/AsyncTimeout$Watchdog
instanceKlass java/util/logging/LogManager$Cleaner
instanceKlass java/util/concurrent/ForkJoinWorkerThread
instanceKlass jdk/internal/misc/InnocuousThread
instanceKlass java/lang/ref/Finalizer$FinalizerThread
instanceKlass java/lang/ref/Reference$ReferenceHandler
instanceKlass java/lang/BaseVirtualThread
ciInstanceKlass java/lang/Thread 1 1 870 10 7 12 1 1 1 9 12 1 1 10 7 12 1 1 10 12 1 10 100 12 1 1 100 1 8 1 10 12 1 1 9 12 1 9 12 1 1 9 12 1 1 100 1 10 12 1 1 10 12 1 10 100 12 1 1 1 10 12 9 12 1 1 10 12 1 100 1 10 12 1 100 1 8 1 10 9 100 12 1 1 1 10 12 1 1 10 12 1 1 10 12 1 1 10 12 1 10 12 1 1 3 8 1 100 1 5 0 10 7 12 1 1 1 9 12 1 10 12 1 1 10 7 12 1 1 1 10 7 12 1 1 1 10 12 1 1 10 12 1 1 9 12 1 1 10 100 1 8 1 10 7 1 10 12 1 9 12 1 1 10 100 12 1 1 1 10 10 12 1 1 9 100 12 1 1 1 10 12 1 1 10 12 1 1 10 7 12 1 1 10 12 1 10 12 1 10 7 12 1 1 9 12 1 10 7 12 1 1 1 10 12 1 1 9 12 1 1 9 12 1 1 10 7 12 1 1 1 9 12 1 1 10 100 12 1 1 10 100 12 1 1 1 10 12 1 10 12 1 10 7 12 1 1 9 12 1 8 1 9 100 12 1 1 9 12 1 1 5 0 100 1 10 100 1 10 100 1 10 7 1 10 8 1 10 12 1 1 10 7 12 1 10 12 1 10 12 1 100 1 8 1 10 10 12 1 10 12 1 1 10 100 12 1 1 1 10 100 12 1 1 1 10 12 1 7 1 9 12 1 1 100 1 10 10 12 1 9 12 1 1 10 12 1 1 10 12 1 1 10 12 1 10 12 1 9 12 1 1 10 10 12 1 1 10 12 1 1 11 7 12 1 1 10 7 12 1 1 9 12 1 9 12 1 1 9 12 1 1 10 100 12 1 1 10 12 1 1 9 7 12 1 1 1 10 7 12 1 1 10 12 1 10 12 1 100 1 10 10 12 9 12 1 1 10 12 1 11 100 12 1 1 10 12 1 10 12 1 10 12 1 9 12 1 10 10 12 1 10 12 1 1 9 12 1 9 12 10 12 1 8 1 10 12 1 10 12 1 10 12 1 10 12 1 10 12 1 1 10 12 1 10 12 1 1 10 12 1 10 12 1 10 12 1 10 12 1 10 12 1 1 9 7 12 1 1 1 8 1 10 9 12 1 10 12 1 100 1 8 1 10 10 12 1 8 1 10 12 1 1 9 12 10 12 8 1 10 10 12 1 10 12 1 8 1 10 12 1 10 8 1 10 100 12 1 1 10 12 1 1 100 1 8 1 10 9 12 1 9 12 1 1 10 12 1 1 10 10 12 1 10 12 1 100 10 7 12 1 1 1 9 12 1 10 12 1 1 10 12 1 1 10 100 12 1 1 1 11 100 12 1 1 1 9 100 12 1 1 1 10 100 12 1 1 1 100 1 10 12 1 100 1 10 12 1 10 12 1 1 10 12 1 1 8 1 9 12 1 10 12 1 10 12 1 1 11 100 12 1 1 1 10 12 1 1 1 1 3 1 3 1 3 1 3 1 1 1 1 1 1 1 1 1 1 1 1 1 1 1 1 1 1 1 1 1 100 1 1 1 1 1 1 1 1 1 1 1 1 1 1 1 1 1 1 1 1 1 1 100 1 1 1 1 1 1 1 1 1 1 1 1 1 1 1 1 100 1 100 1 1 1 1 1 1 1 1 1 1 1 1 1 1 1 1 1 1 1 1 1 1 1 1 1 1 1 1 1 1 1 1 1 1 1 1 1 1 1 1 1 1 1 1 1 1 1 1 1 1 1 1 1 1 1 1 1 1 1 1 1 1 1 1 1 1 1 1 1 1 1 1 1 1 1 1 100 100 1 1 1 1 1 1 1 1 1 1 1 1 1 1 1 1 1 1 1 1 1 1 1 1 1 1 100 1 100 1 100 1 100 1 100 1 1 100 1 1 1 1 1 1 1 1 1 1 1 1 1 1 1
staticfield java/lang/Thread NEW_THREAD_BINDINGS Ljava/lang/Object; java/lang/Class
staticfield java/lang/Thread EMPTY_STACK_TRACE [Ljava/lang/StackTraceElement; 0 [Ljava/lang/StackTraceElement;
ciInstanceKlass java/lang/Thread$FieldHolder 1 1 48 10 7 12 1 1 1 9 7 12 1 1 1 9 12 1 1 9 12 1 1 9 12 1 1 9 12 1 1 1 1 1 1 1 1 1 1 100 1 100 1 1 1 1 100 1 1 1
ciInstanceKlass java/lang/Thread$Constants 0 0 59 100 1 10 100 12 1 1 1 100 1 10 10 100 12 1 1 1 100 1 8 1 10 12 1 9 100 12 1 1 1 100 1 100 1 10 12 1 10 12 1 9 12 1 1 1 1 1 1 1 1 1 1 1 1 1 1 1 1
ciInstanceKlass java/lang/Thread$UncaughtExceptionHandler 1 0 16 100 1 100 1 1 1 1 1 1 1 1 100 1 1 1
ciInstanceKlass java/lang/ThreadGroup 1 1 411 10 7 12 1 1 1 9 7 12 1 1 1 8 1 9 12 1 1 100 1 9 12 1 1 9 12 1 1 10 7 12 1 1 1 10 12 1 1 10 12 1 10 12 1 10 12 1 10 12 1 1 10 12 1 1 10 12 1 10 12 1 1 10 12 1 10 12 1 10 100 12 1 1 1 10 12 1 1 18 12 1 1 11 100 12 1 1 1 10 7 12 1 1 1 10 100 12 1 10 12 1 1 10 12 1 1 10 12 1 1 10 100 12 1 1 1 10 12 1 11 12 1 1 11 100 12 1 1 11 12 1 1 10 12 1 1 10 12 1 10 12 1 11 12 1 11 12 1 1 100 1 10 10 12 1 100 1 10 18 12 1 1 11 100 12 1 1 1 11 12 1 1 9 12 1 1 10 12 1 1 8 1 10 100 12 1 1 1 10 100 12 1 1 1 10 12 1 1 11 12 10 12 1 1 10 12 1 1 11 100 1 9 12 1 100 1 10 8 1 10 12 1 1 10 12 1 1 8 1 10 12 1 10 100 12 1 1 1 10 12 1 1 10 7 1 8 1 10 8 1 10 12 1 10 12 1 8 1 9 12 1 1 9 12 1 10 100 12 1 1 1 100 9 12 1 1 7 1 9 12 1 10 12 10 12 1 1 100 10 12 9 12 1 10 12 1 100 1 10 11 12 1 1 100 1 10 10 12 1 10 12 1 1 1 1 1 1 1 1 1 1 1 1 1 1 1 1 1 1 3 1 1 1 1 1 1 1 1 1 1 1 1 100 1 1 1 1 1 1 1 1 1 1 1 1 1 1 1 1 1 1 1 1 1 1 1 1 1 1 1 1 1 1 1 1 1 1 1 1 1 1 1 1 1 1 1 16 15 10 12 16 16 15 10 12 16 15 10 100 12 1 1 1 1 1 100 1 100 1 1
staticfield java/lang/ThreadGroup $assertionsDisabled Z 1
instanceKlass java/lang/ThreadBuilders$BoundVirtualThread
instanceKlass java/lang/VirtualThread
ciInstanceKlass java/lang/BaseVirtualThread 0 0 36 10 100 12 1 1 1 100 1 1 1 1 1 1 1 1 1 1 1 1 1 1 1 1 1 1 1 1 100 1 100 1 1 100 1 1
ciInstanceKlass java/lang/VirtualThread 0 0 907 9 100 12 1 1 1 10 100 12 1 1 1 10 100 12 1 1 1 10 100 12 1 1 1 9 12 1 1 9 12 1 1 100 1 10 12 1 9 12 1 1 18 12 1 1 9 12 1 1 10 12 1 1 100 1 10 12 1 10 12 1 1 10 12 1 1 10 12 1 1 10 12 1 10 100 12 1 10 12 1 10 12 1 10 12 1 10 12 1 11 100 12 1 1 1 100 1 10 12 1 1 10 100 12 1 1 1 10 100 12 1 1 1 10 12 1 100 1 10 10 12 1 10 12 1 1 9 12 1 1 10 12 1 1 9 12 1 1 10 12 1 9 12 1 1 9 12 1 100 1 10 10 12 1 10 100 12 1 1 10 9 10 10 12 1 1 10 12 1 1 10 100 12 1 1 10 100 1 10 9 10 10 12 1 100 1 10 12 1 1 10 12 1 10 12 1 10 12 1 1 9 12 1 10 12 1 10 12 1 9 12 1 1 10 12 1 10 12 1 9 12 1 1 10 12 1 10 12 1 10 12 1 11 100 12 1 1 10 12 1 1 10 12 1 1 10 12 1 1 9 12 1 10 100 1 10 12 1 1 10 12 1 1 10 12 1 10 12 1 10 12 1 10 12 9 12 1 1 10 100 12 1 1 10 12 1 10 12 1 1 10 100 12 1 1 10 12 1 100 1 8 1 10 12 1 10 12 1 1 10 12 1 10 12 1 10 100 12 1 1 10 12 1 10 12 1 1 10 12 1 10 12 1 1 10 100 12 1 1 10 12 1 1 10 12 1 1 100 1 10 10 12 1 100 1 9 12 1 1 10 100 12 1 1 10 9 12 1 1 18 9 100 12 1 1 1 11 100 12 1 1 1 11 100 1 11 12 10 12 1 10 12 1 1 10 12 1 100 1 10 10 12 1 10 12 1 1 10 12 1 1 10 12 1 10 12 1 10 12 1 9 12 1 1 11 100 12 1 1 10 12 9 100 12 1 1 1 9 12 1 10 12 1 1 9 12 1 9 12 1 9 12 1 100 1 10 10 12 1 1 10 12 1 10 12 100 1 100 1 10 8 1 10 12 1 1 10 12 1 10 12 1 10 10 12 1 8 1 10 10 12 1 10 12 1 10 100 12 1 1 8 1 8 1 10 9 100 12 1 1 1 10 12 1 1 10 12 1 10 10 10 12 9 12 1 10 12 1 1 9 12 1 10 12 1 1 9 12 1 10 12 1 1 18 12 1 1 18 12 1 10 100 12 1 1 1 8 1 10 100 12 1 1 1 10 100 12 1 1 1 18 12 1 10 100 12 1 1 1 100 1 10 12 1 8 1 10 12 1 8 1 10 12 1 1 8 1 8 1 10 100 12 1 1 8 1 10 12 1 8 1 8 1 10 100 12 1 1 1 10 12 1 10 12 1 1 10 12 1 18 12 1 1 18 12 1 1 5 0 9 12 1 10 12 1 18 12 1 100 1 10 12 10 100 12 1 1 10 12 1 1 100 1 8 1 10 10 12 1 10 12 1 1 10 12 1 9 12 1 8 10 12 1 1 8 8 9 12 1 8 10 12 1 1 3 1 3 1 3 1 3 1 3 1 3 1 3 1 3 1 3 1 3 1 3 1 3 3 1 3 1 1 1 1 1 1 1 1 1 1 1 1 1 1 100 1 1 1 1 1 1 1 1 1 1 1 1 1 1 100 1 1 1 1 1 1 1 1 1 1 1 100 1 1 1 1 1 1 1 1 1 1 1 1 1 1 1 1 1 1 1 1 1 1 1 1 1 1 1 1 1 1 1 1 1 1 1 1 1 1 1 100 1 1 1 1 1 1 1 1 1 1 1 1 1 1 1 1 1 1 1 1 1 1 1 1 1 1 1 1 1 1 1 1 1 1 1 100 1 1 1 1 1 1 1 1 1 1 1 1 1 1 100 1 1 16 15 10 12 15 16 15 10 12 16 15 10 12 16 16 15 10 12 16 15 10 12 16 15 10 12 16 15 10 12 16 1 15 10 100 12 1 1 1 1 1 1 1 100 1 1 100 1 100 1 1
ciInstanceKlass java/lang/ThreadBuilders$BoundVirtualThread 0 0 132 10 100 12 1 1 1 9 100 12 1 1 1 10 100 12 1 1 1 9 12 1 1 10 12 1 1 10 12 1 1 9 12 1 1 10 100 12 1 1 1 10 12 1 1 100 1 8 1 10 12 1 10 12 1 1 10 12 1 1 10 12 1 1 10 100 12 1 1 1 8 1 10 12 1 8 1 10 12 1 1 10 100 12 1 1 9 100 12 1 1 1 10 12 1 1 10 10 12 1 1 1 1 1 1 1 1 1 1 1 1 1 1 1 1 1 1 1 1 1 1 1 1 1 1 1 1 100 1 1 1 1
ciInstanceKlass java/util/Map 1 1 263 11 7 12 1 1 1 11 12 1 1 10 100 12 1 1 11 12 1 1 11 7 12 1 1 1 11 100 12 1 1 1 11 12 1 1 7 1 11 12 1 11 12 1 100 1 100 1 10 12 1 1 11 100 12 1 1 1 11 100 12 1 1 1 11 12 1 11 12 1 10 12 1 1 11 12 1 11 100 12 1 9 7 12 1 1 1 7 1 10 12 7 1 7 1 10 12 1 7 1 10 7 1 11 12 1 11 12 1 1 11 12 1 1 7 1 11 12 1 1 1 1 1 1 1 1 1 1 1 1 1 1 1 1 1 1 1 1 1 1 1 1 1 1 1 1 1 1 1 1 1 1 1 1 1 1 1 1 1 1 1 1 1 1 1 1 1 1 1 1 1 1 1 1 1 1 1 1 1 1 1 1 1 1 1 1 1 1 1 1 1 1 1 1 1 1 1 1 1 1 1 1 1 1 1 1 1 1 1 1 1 1 1 1 1 1 1 1 1 1 1 1 1 1 1 1 1 1 1 1 1 1 1 1 1 1 1 1 1 1 1 1 1 1 100 1 1 1 1 1 1 1 1 1 1 1 1 1 1 1 1 1 1
instanceKlass java/util/Hashtable
ciInstanceKlass java/util/Dictionary 1 1 36 10 7 12 1 1 1 100 1 1 1 1 1 1 1 1 1 1 1 1 1 1 1 1 1 1 1 1 1 1 1 1 1 1 1 1
instanceKlass java/util/Properties
ciInstanceKlass java/util/Hashtable 1 1 516 100 1 10 7 12 1 1 1 9 7 12 1 1 1 100 1 100 1 10 8 1 10 12 1 1 10 12 1 10 12 1 1 10 12 1 10 7 12 1 1 1 8 1 10 12 1 9 12 1 1 7 1 9 12 1 1 4 10 7 12 1 1 1 9 12 1 4 10 12 1 11 100 12 1 1 1 10 12 1 1 10 12 1 1 9 12 1 10 12 1 1 100 1 10 9 12 1 1 10 7 12 1 1 1 9 12 1 1 10 12 1 10 12 1 3 9 12 1 9 12 1 3 10 12 1 10 12 1 10 12 1 1 11 12 1 1 11 100 12 1 1 1 11 100 12 1 1 1 11 12 1 100 1 11 12 1 11 12 1 10 12 1 1 10 12 1 1 10 12 1 9 12 1 1 9 12 9 12 1 1 10 100 1 100 1 10 12 1 10 8 1 10 10 12 1 8 1 10 8 1 10 100 12 1 1 1 7 1 10 12 1 10 12 1 100 1 10 12 1 10 12 1 1 100 1 10 100 1 10 10 12 1 1 11 12 1 1 11 12 1 100 1 10 10 10 100 12 1 1 11 100 12 1 1 1 100 1 10 11 100 12 1 1 11 100 12 1 10 12 1 10 12 1 1 10 100 12 1 1 10 12 1 1 10 12 1 1 10 12 1 1 10 100 12 1 1 1 8 10 100 12 1 1 100 1 8 1 10 4 4 10 12 1 1 10 12 1 8 1 4 10 12 10 100 12 1 1 1 100 1 11 100 12 1 1 1 10 100 12 1 1 1 10 12 1 10 12 1 1 10 100 1 100 1 1 1 1 1 1 5 0 1 1 1 1 1 3 1 3 1 3 1 1 1 1 1 1 1 1 1 1 1 1 1 1 1 1 1 1 1 1 1 1 1 1 1 100 1 1 1 1 1 1 1 1 1 1 1 1 1 1 1 1 1 1 1 1 1 1 1 1 1 1 1 1 1 100 1 1 1 1 1 1 1 1 1 1 1 1 1 1 100 1 1 1 1 1 1 1 1 1 1 1 1 1 1 1 1 1 1 1 1 1 1 1 1 1 1 1 1 1 1 1 1 1 1 1 1 1 1 1 1 1 1 1 1 100 1 1 1 100 1 1 1 1 1 100 1 1 1 1 1 1 1 1 1 1 1 1 1 1 1 1 1 1
instanceKlass java/security/Provider
ciInstanceKlass java/util/Properties 1 1 690 10 7 12 1 1 1 100 1 10 7 12 1 1 7 1 10 12 1 9 12 1 1 9 12 1 1 9 12 1 1 10 7 12 1 1 1 10 12 1 1 8 1 10 7 12 1 1 1 7 1 10 12 1 10 12 1 1 8 1 10 12 1 7 1 10 12 10 12 1 1 9 12 1 1 10 12 1 1 7 1 10 12 1 10 12 1 10 12 1 1 100 1 8 1 10 12 1 10 12 1 10 12 1 1 10 12 1 100 1 3 10 10 100 12 1 1 1 10 12 1 10 12 1 1 8 1 10 12 1 10 12 1 1 8 1 10 100 12 1 1 10 12 1 1 10 12 1 10 12 1 1 100 1 10 12 1 10 12 1 1 100 1 9 100 12 1 1 1 10 12 1 10 12 1 1 10 12 1 1 10 12 1 1 100 1 9 12 1 1 7 1 100 1 10 12 1 100 1 11 7 12 1 1 1 11 12 1 1 11 100 12 1 1 1 11 7 12 1 1 1 11 12 1 1 11 12 1 11 12 1 10 12 1 1 8 1 10 12 1 10 100 12 1 1 10 12 1 100 1 10 10 12 1 10 12 1 100 1 10 10 12 1 1 10 100 12 1 1 9 100 12 1 1 10 12 1 1 10 100 12 1 1 1 100 1 100 1 100 1 10 8 1 8 1 10 12 1 10 12 1 10 12 1 1 10 10 12 1 1 10 12 1 1 7 1 10 10 12 1 11 7 12 1 1 10 7 12 1 1 1 8 1 10 100 12 1 1 11 11 7 1 8 1 10 100 1 11 10 12 1 10 10 12 1 10 12 1 1 10 12 1 1 10 12 1 1 10 12 1 10 12 1 10 10 12 1 10 12 1 10 12 1 10 10 12 1 1 10 12 1 1 10 10 12 1 10 12 1 10 12 1 10 12 1 10 12 1 1 10 12 1 1 10 12 1 10 12 1 10 12 1 1 10 12 10 12 1 1 10 12 1 1 10 12 1 10 12 1 1 10 12 1 1 10 12 10 11 12 1 4 11 10 12 1 1 10 100 12 1 1 11 12 1 10 12 1 1 10 100 12 1 1 10 12 1 100 1 8 1 10 12 1 10 10 100 12 1 1 1 100 1 6 0 10 12 1 1 11 100 12 1 1 1 10 12 1 10 12 1 1 1 1 1 5 0 1 1 1 1 1 1 1 1 1 1 1 1 1 1 1 1 1 1 1 1 1 1 1 1 1 1 1 1 1 1 1 1 1 1 1 1 1 1 1 100 1 1 1 1 1 1 1 1 1 1 1 1 1 1 1 1 1 1 1 1 100 1 1 1 1 1 1 1 1 1 1 1 1 100 1 100 1 1 1 1 1 100 1 1 1 1 1 1 1 1 1 1 1 1 1 1 1 1 1 1 1 1 1 1 1 1 1 1 1 1 1 1 1 1 1 1 1 1 1 1 1 1 1 1 1 1 1 1 1 1 1 1 1 1 1 1 1 1 1 1 1 1 1 1 1 1 1 1 1 1 1 1 1 1 1 1 1 1 1 100 1 1 1 1 1 1 1 1 1 1 1 100 1 1
staticfield java/util/Properties UNSAFE Ljdk/internal/misc/Unsafe; jdk/internal/misc/Unsafe
ciInstanceKlass java/lang/Module 1 1 1070 10 7 12 1 1 1 9 7 12 1 1 1 10 7 12 1 1 1 9 12 1 9 12 1 1 9 12 1 1 10 12 1 1 10 12 1 10 12 1 1 10 7 12 1 1 1 7 1 10 7 12 1 1 1 10 12 1 1 11 7 12 1 1 1 10 12 1 1 10 7 12 1 1 1 10 12 1 1 10 7 12 1 1 1 9 100 12 1 1 1 10 100 12 1 1 1 10 12 1 8 1 10 7 12 1 1 1 10 7 12 1 1 1 10 7 12 1 1 1 10 12 1 10 12 1 9 12 1 1 10 100 12 1 1 100 1 100 1 10 8 1 10 12 1 1 10 12 1 10 12 10 12 1 10 7 12 1 1 8 1 8 1 10 8 1 8 1 9 12 1 1 8 1 10 100 12 1 1 1 10 12 1 9 12 1 1 11 12 1 9 7 12 1 1 10 7 12 1 1 1 10 100 12 1 1 1 10 12 1 1 8 1 10 12 1 1 10 12 1 10 12 1 1 9 7 12 1 1 1 10 12 1 1 10 12 1 1 9 12 1 10 12 1 10 12 1 9 12 1 1 11 7 12 1 1 10 12 1 1 9 12 1 9 12 1 10 12 1 10 12 1 100 1 8 1 10 10 12 1 1 10 12 1 8 1 10 12 1 1 8 1 8 1 10 12 1 1 10 12 1 10 12 1 1 18 12 1 1 10 12 1 1 11 12 1 9 12 1 11 12 10 100 12 1 1 100 1 8 1 10 11 12 1 1 10 7 12 1 1 1 10 12 1 10 12 1 1 11 12 1 1 11 7 12 1 1 11 12 1 1 9 12 1 11 12 1 10 12 1 1 10 12 1 1 9 12 1 10 12 10 7 12 1 1 10 7 1 18 12 1 1 11 100 12 1 1 1 18 12 1 11 12 1 1 10 100 12 1 1 1 11 12 1 1 10 7 12 1 1 7 1 11 12 1 7 1 7 1 10 12 1 10 7 12 1 1 1 10 11 7 12 1 8 1 10 10 12 1 1 10 7 12 1 1 10 12 1 10 12 1 7 1 10 12 1 10 11 12 1 1 10 12 10 12 1 1 9 12 1 1 100 1 10 10 12 1 1 11 7 1 10 12 1 1 11 12 1 10 10 12 1 11 10 12 1 1 10 12 1 1 10 12 1 1 10 7 12 1 1 10 12 1 10 12 1 1 10 10 12 1 1 10 12 1 18 12 1 11 12 1 18 12 1 10 12 1 10 12 1 10 12 7 1 10 12 1 10 12 1 10 12 1 9 12 1 7 1 10 10 10 10 12 1 10 12 1 10 12 1 10 12 1 1 10 12 1 1 10 12 1 9 12 1 18 12 1 1 10 100 12 1 1 1 100 1 8 1 10 12 1 1 10 12 1 1 10 100 12 1 1 100 1 10 12 1 1 100 1 8 1 10 12 1 1 100 1 11 12 1 1 10 100 12 1 1 1 18 12 1 1 11 100 12 1 1 1 100 1 10 12 1 10 12 1 1 100 1 100 1 10 12 8 1 10 12 1 1 10 12 1 1 10 100 12 1 1 10 12 1 1 10 12 1 10 12 10 12 1 1 100 1 10 10 12 1 1 10 100 12 1 1 1 100 1 10 12 1 1 10 100 12 1 1 8 1 18 12 1 1 100 1 100 1 9 12 1 1 9 12 1 9 12 1 11 100 12 1 1 1 100 1 11 12 1 1 100 1 10 12 1 8 1 10 12 1 10 12 10 12 1 8 1 10 10 100 12 1 1 7 1 10 10 12 1 10 7 12 1 1 9 12 1 9 12 1 9 12 1 9 12 1 10 12 11 12 1 10 12 1 100 1 1 1 1 1 1 1 1 1 1 1 1 1 1 1 1 1 1 1 100 1 1 1 1 1 1 1 1 1 1 1 1 1 1 1 1 1 1 1 1 1 1 1 1 1 1 1 1 1 1 1 1 1 1 1 1 1 1 1 1 1 1 1 1 1 1 1 1 1 1 1 1 1 1 1 1 1 1 1 1 1 1 1 1 1 1 1 1 1 1 1 1 1 1 1 1 1 1 1 1 1 1 1 1 1 1 1 1 1 1 1 1 1 1 1 100 100 1 1 1 1 1 1 1 1 1 1 1 1 1 1 1 1 1 1 1 1 1 1 1 1 1 1 1 100 1 100 1 1 1 1 1 1 1 1 1 1 1 1 1 1 1 1 1 1 1 1 100 1 1 1 1 1 1 1 1 1 1 1 1 1 1 1 1 1 1 1 1 1 1 1 16 15 10 12 16 16 15 10 12 16 16 15 10 16 1 15 10 12 16 1 15 10 12 16 1 16 15 10 12 16 16 1 15 10 12 16 15 10 7 12 1 1 1 15 10 100 12 1 1 1 1 1 1 1 1 1 1 1 100 1 100 1 1 100 1 100 1 1
staticfield java/lang/Module ALL_UNNAMED_MODULE Ljava/lang/Module; java/lang/Module
staticfield java/lang/Module ALL_UNNAMED_MODULE_SET Ljava/util/Set; java/util/ImmutableCollections$Set12
staticfield java/lang/Module EVERYONE_MODULE Ljava/lang/Module; java/lang/Module
staticfield java/lang/Module EVERYONE_SET Ljava/util/Set; java/util/ImmutableCollections$Set12
staticfield java/lang/Module $assertionsDisabled Z 1
instanceKlass picocli/CommandLine$Model$MethodParam
instanceKlass java/lang/reflect/Executable
instanceKlass java/lang/reflect/Field
ciInstanceKlass java/lang/reflect/AccessibleObject 1 1 400 10 7 12 1 1 1 9 100 12 1 1 1 10 100 12 1 1 1 10 7 12 1 1 10 7 12 1 1 1 10 7 12 1 1 1 10 12 1 1 10 12 1 1 9 12 1 1 7 1 10 7 12 1 1 1 11 12 1 100 1 10 12 1 7 1 100 1 10 12 1 10 12 1 1 10 12 1 1 10 12 1 1 10 12 1 1 7 1 10 7 12 1 1 1 10 12 1 1 11 10 7 12 1 1 1 10 12 1 1 10 12 1 10 12 1 10 12 1 1 10 12 1 8 1 100 1 100 1 10 10 12 1 1 8 1 10 12 1 10 12 1 8 1 8 1 8 1 8 1 8 1 8 1 8 1 8 1 8 1 100 1 10 12 1 10 12 1 9 12 1 1 10 12 1 1 10 12 1 10 100 1 100 1 8 1 10 8 1 10 12 1 8 1 10 12 1 10 12 1 1 10 100 1 8 1 10 11 7 12 1 1 1 10 12 1 1 10 12 1 1 10 12 1 1 9 12 1 1 100 1 10 12 1 7 1 10 12 1 10 12 1 1 10 100 1 10 12 1 10 12 10 12 1 10 12 1 10 12 1 1 10 12 1 9 12 1 10 100 12 1 1 8 1 10 100 12 1 1 1 8 1 10 100 12 1 1 1 9 12 1 100 1 10 7 1 10 10 7 12 1 1 1 7 1 10 10 7 12 1 1 1 7 1 9 12 1 1 1 1 1 1 1 1 1 1 1 1 1 1 1 1 1 1 1 1 1 1 1 1 1 1 1 1 1 1 1 1 1 1 1 1 1 1 1 1 1 1 1 1 1 1 1 1 1 1 1 1 1 1 1 1 1 1 1 1 1 1 1 1 1 1 1 1 1 1 1 1 1 1 1 1 1 1 1 1 1 1 1 1
staticfield java/lang/reflect/AccessibleObject reflectionFactory Ljdk/internal/reflect/ReflectionFactory; jdk/internal/reflect/ReflectionFactory
ciInstanceKlass java/lang/reflect/Member 1 1 37 100 1 10 12 1 1 100 1 100 1 1 1 1 3 1 3 1 1 1 1 1 1 1 1 1 1 1 1 1 1 1 1 1 1 1 1
ciInstanceKlass java/lang/reflect/Field 1 1 457 9 7 12 1 1 1 10 12 1 1 10 7 12 1 1 1 10 7 12 1 1 9 12 1 1 10 12 1 1 10 12 1 1 10 7 12 1 1 10 7 12 1 1 1 9 12 1 1 9 12 1 9 12 1 9 12 1 1 9 12 1 1 9 12 1 9 12 1 1 9 12 1 1 100 1 8 1 10 12 1 10 12 1 9 12 1 1 9 12 1 10 12 1 10 7 12 1 1 10 12 1 1 10 12 1 1 10 12 1 10 12 1 1 9 100 12 1 1 1 10 100 12 1 1 1 7 1 10 12 1 1 10 12 1 1 10 12 1 1 10 12 1 10 12 1 10 7 1 10 100 12 1 1 7 1 10 8 1 10 12 1 1 10 12 1 1 8 1 10 12 10 12 1 8 1 8 1 10 11 7 1 9 12 1 10 12 1 1 10 12 1 1 11 7 12 1 1 1 10 12 1 11 12 1 1 11 12 1 1 11 12 1 1 11 12 1 1 11 12 1 1 11 12 1 1 11 12 1 1 11 12 1 1 11 12 1 1 11 12 1 1 11 12 1 1 11 12 1 1 11 12 1 1 11 12 1 1 11 12 1 1 11 12 1 1 11 12 1 1 10 12 1 10 100 12 1 1 10 12 1 10 12 1 10 12 1 9 12 1 1 10 7 12 1 1 1 10 12 1 1 10 12 1 10 7 12 1 1 10 12 1 1 11 7 1 10 12 1 7 1 10 100 12 1 1 1 10 7 12 1 1 1 9 12 1 10 7 12 1 1 1 11 7 12 1 1 1 10 12 1 1 10 12 1 1 9 100 12 1 1 10 100 12 1 1 1 10 12 1 1 100 1 1 1 1 1 1 1 1 1 1 1 1 1 1 1 1 1 1 1 1 1 1 1 1 1 1 1 1 1 1 1 1 1 1 1 1 1 1 1 100 1 1 1 1 1 1 1 1 1 1 1 1 1 1 1 1 1 1 1 1 1 1 1 1 1 1 1 1 1 1 1 1 100 1 1 1 1 1 1 1 1 1 100 1 1
ciInstanceKlass java/lang/reflect/Parameter 0 0 243 10 100 12 1 1 1 9 100 12 1 1 1 9 12 1 1 9 12 1 1 9 12 1 10 12 1 1 10 12 1 1 10 100 12 1 1 1 100 1 10 10 12 1 1 11 100 12 1 1 1 10 12 1 10 100 12 1 1 1 10 12 1 1 10 12 1 10 12 1 8 1 8 1 10 100 12 1 1 1 10 12 1 10 12 9 100 12 1 1 1 10 100 12 1 1 1 10 12 1 8 1 10 12 1 9 12 1 1 10 12 1 1 9 12 1 1 10 12 1 1 10 12 1 1 10 12 1 1 10 12 1 10 10 12 1 10 100 12 1 1 1 10 12 1 1 11 100 12 1 1 10 100 12 1 1 100 1 10 100 12 1 1 1 10 12 1 1 10 12 1 1 10 12 1 1 10 12 1 1 9 12 1 100 1 10 11 12 1 1 11 12 1 1 100 1 1 1 1 1 1 1 1 1 1 1 1 1 1 1 1 1 1 1 1 1 1 1 1 1 1 1 1 1 1 1 1 1 1 1 1 1 1 1 1 1 100 1 1 1 1 1 1
instanceKlass java/lang/reflect/Constructor
instanceKlass java/lang/reflect/Method
ciInstanceKlass java/lang/reflect/Executable 1 1 577 10 7 12 1 1 1 10 7 12 1 1 1 10 7 12 1 1 1 11 7 12 1 1 1 10 7 12 1 1 1 10 12 1 1 10 7 12 1 1 1 10 100 12 1 1 1 10 12 1 8 1 10 10 12 1 1 10 12 1 1 10 100 12 1 1 1 18 12 1 1 11 100 12 1 1 1 8 1 8 1 8 1 10 100 12 1 1 1 11 12 1 1 100 1 8 1 8 1 10 12 1 100 1 8 1 10 12 1 8 1 11 100 12 1 1 1 100 1 11 100 12 1 1 1 11 12 1 8 1 18 8 1 10 12 1 10 12 1 1 18 8 1 10 12 1 100 1 10 12 1 10 12 1 11 12 1 10 12 1 1 8 1 8 1 10 12 1 1 10 12 1 1 10 10 12 1 9 100 12 1 1 1 10 100 12 1 1 1 10 12 1 10 12 1 1 10 7 12 1 1 10 12 1 10 12 1 10 12 1 10 12 1 1 10 100 12 1 1 10 12 1 10 12 1 1 9 100 12 1 1 1 10 100 12 1 1 10 12 1 8 1 10 12 1 10 12 1 3 100 1 8 1 10 12 1 10 12 1 10 10 12 1 10 12 1 1 8 1 8 1 8 1 9 12 1 1 9 12 1 10 12 1 100 1 8 1 10 12 1 10 12 1 10 12 1 1 10 12 1 1 10 12 1 10 12 10 12 1 7 1 10 12 1 10 12 1 1 100 1 10 100 12 1 1 1 100 1 10 7 12 1 1 1 10 12 1 1 11 7 12 1 1 10 7 12 1 1 10 100 12 1 1 1 10 12 1 1 9 12 1 10 12 1 1 10 12 1 10 12 1 1 9 100 12 1 1 1 10 100 12 1 1 1 10 12 1 10 12 1 1 9 12 1 10 10 10 10 100 12 1 1 1 10 12 1 9 12 1 10 12 1 1 9 12 1 100 1 100 1 1 1 1 1 1 1 1 1 1 1 1 1 1 1 1 1 1 1 1 1 1 1 1 1 1 1 1 1 1 1 1 1 1 1 1 100 1 1 1 1 1 1 1 1 100 1 1 1 1 1 1 1 1 1 1 1 1 100 1 1 1 1 1 1 1 1 1 1 1 1 1 1 1 1 1 1 1 1 1 1 1 1 1 1 1 1 1 1 1 1 1 1 1 1 1 1 1 1 1 1 1 100 1 1 1 1 1 1 1 1 1 1 1 1 1 1 1 1 1 1 1 1 1 1 100 1 100 1 1 16 15 16 1 16 1 15 10 12 16 15 10 100 12 1 1 1 1 1 1 100 1 1 100 1 100 1 1
ciInstanceKlass java/lang/reflect/Method 1 1 472 9 7 12 1 1 1 10 7 12 1 1 1 10 7 12 1 1 9 12 1 1 10 12 1 1 10 12 1 1 10 7 12 1 1 10 7 12 1 1 1 9 12 1 1 9 12 1 9 12 1 1 9 12 1 9 12 1 9 12 1 1 9 12 1 9 12 1 1 9 12 1 9 12 1 9 12 1 1 100 1 8 1 10 12 1 10 12 1 9 12 1 1 8 1 10 7 12 1 1 10 7 12 1 1 1 10 12 1 1 10 12 1 1 10 12 1 10 12 1 1 10 12 1 1 9 100 12 1 1 1 10 12 1 1 10 12 10 7 12 1 1 10 12 1 1 10 12 1 10 12 1 10 12 1 10 7 12 1 1 1 10 12 1 1 10 7 1 10 7 12 1 1 1 10 7 12 1 1 10 12 1 1 10 12 1 1 10 12 1 10 7 12 1 1 1 10 12 1 10 8 1 10 12 1 10 12 1 7 1 8 1 8 1 8 1 10 12 1 10 12 1 1 10 12 1 1 10 10 12 1 1 10 12 1 11 100 1 10 12 1 9 12 1 1 10 12 1 1 10 12 1 10 12 1 1 10 12 1 1 11 7 12 1 1 1 11 12 1 9 12 1 1 10 12 1 10 12 1 10 12 1 10 12 1 10 12 1 10 12 1 9 12 1 1 10 7 12 1 1 1 10 7 12 1 1 10 12 1 1 10 7 12 1 1 1 10 7 12 1 1 1 10 7 12 1 1 1 11 7 12 1 1 1 10 7 12 1 1 1 7 1 100 1 100 1 10 12 1 10 12 1 1 10 12 1 100 1 8 1 10 12 1 10 10 12 1 1 10 12 1 1 10 12 1 1 10 12 1 1 8 1 10 12 1 1 1 1 1 1 1 1 1 1 1 1 1 1 1 1 1 1 1 1 1 1 1 1 1 1 1 1 1 1 1 1 1 1 1 1 1 1 1 1 1 1 1 1 1 1 1 1 1 1 1 1 1 100 1 100 1 100 1 1 1 1 1 1 1 1 1 1 1 1 1 1 1 1 1 1 1 1 1 1 1 1 1 1 1 1 1 1
ciInstanceKlass java/lang/reflect/Constructor 1 1 439 10 100 12 1 1 1 10 100 12 1 1 9 7 12 1 1 1 10 12 1 1 10 12 1 1 10 100 12 1 1 9 12 1 1 10 7 12 1 1 1 9 12 1 1 9 12 1 1 9 12 1 9 12 1 1 9 12 1 9 12 1 1 9 12 1 1 9 12 1 100 1 8 1 10 12 1 10 12 1 9 12 1 1 10 7 12 1 1 10 7 12 1 1 1 10 12 1 1 10 12 1 1 10 12 1 7 1 100 1 8 1 10 10 12 1 10 12 1 10 12 1 1 10 12 1 1 9 100 12 1 1 1 10 7 12 1 1 10 12 1 1 10 12 1 10 12 1 1 10 100 12 1 1 1 10 100 12 1 1 10 12 1 1 10 12 1 10 100 12 1 1 1 8 1 10 10 12 1 100 1 8 1 10 12 1 10 12 1 1 10 12 1 1 10 12 1 10 12 1 10 12 1 1 10 12 1 1 9 12 1 1 10 12 1 1 10 12 1 1 10 12 1 1 11 7 12 1 1 1 10 12 1 1 10 12 1 10 12 1 10 12 1 8 1 9 12 1 1 10 7 12 1 1 1 10 7 12 1 1 10 12 1 1 10 12 1 1 10 12 1 1 10 12 1 1 10 12 1 9 100 12 1 1 10 12 1 10 12 1 10 12 1 100 1 8 1 10 10 12 1 1 10 12 1 10 10 12 1 1 10 12 1 1 10 100 12 1 1 1 11 100 12 1 1 1 10 12 1 1 9 100 12 1 1 1 10 100 12 1 1 1 10 12 1 1 1 1 1 1 1 1 1 1 1 1 1 1 1 1 1 1 1 1 1 1 1 1 1 1 1 1 1 1 1 1 1 1 1 1 1 1 1 1 1 1 1 1 1 1 1 1 1 1 1 1 100 1 100 1 100 1 100 1 1 1 1 1 1 1 1 1 1 1 1 1 1 1 1 1 1 1 1 1 1 1 1 1 1 1 1 1 1 1 1 1 100 1 1
ciInstanceKlass jdk/internal/vm/ContinuationScope 0 0 50 10 100 12 1 1 1 10 100 12 1 1 1 100 1 9 100 12 1 1 1 10 12 1 1 10 100 12 1 1 1 10 12 1 1 10 12 1 1 1 1 1 1 1 1 1 1 1 1 1
ciInstanceKlass jdk/internal/vm/Continuation 0 0 549 9 100 12 1 1 1 9 12 1 9 12 1 100 1 100 1 10 12 1 1 8 1 10 12 1 1 10 12 1 10 12 1 1 10 12 1 9 100 12 1 1 1 11 100 12 1 1 1 10 100 1 9 12 1 1 9 12 1 1 10 8 1 10 12 1 9 12 1 1 10 11 12 1 1 100 1 10 100 12 1 1 1 10 12 1 1 10 12 1 10 12 1 1 11 12 1 1 9 12 1 1 10 12 1 1 18 12 1 1 10 100 12 1 1 1 100 1 10 12 1 11 100 12 1 1 1 10 12 1 9 12 1 10 12 1 1 100 1 8 1 10 12 1 10 12 1 1 9 12 1 1 11 12 1 1 9 12 1 1 8 1 10 11 12 1 1 11 12 1 1 10 12 1 1 10 12 1 1 9 12 1 10 12 1 10 10 12 1 8 1 10 12 1 8 1 8 1 10 100 12 1 1 1 10 100 12 1 1 1 10 12 1 9 12 1 11 12 1 100 1 10 12 1 10 12 1 1 9 12 1 1 100 1 10 12 1 1 9 12 1 1 10 12 1 10 12 1 11 100 12 1 1 10 100 1 10 12 1 8 1 9 12 1 10 12 1 1 9 12 1 1 10 100 12 1 1 8 1 8 1 8 1 8 1 10 12 1 1 10 12 1 10 12 1 10 12 1 10 12 1 1 10 12 1 1 8 1 10 12 1 1 9 12 1 1 10 12 1 1 9 12 1 8 1 10 100 12 1 1 1 10 12 1 8 1 100 1 8 1 10 9 12 1 1 8 1 10 100 12 1 1 10 100 12 1 1 8 1 8 1 10 12 10 100 12 1 1 1 10 100 1 10 100 12 1 1 1 18 11 100 12 1 1 1 18 12 1 11 12 1 1 100 1 10 100 12 1 1 10 12 1 1 8 10 12 1 1 10 100 12 1 1 1 10 100 12 1 1 10 12 1 8 1 10 12 1 100 1 100 1 10 12 1 1 1 1 1 1 1 1 1 1 1 1 1 1 1 1 1 1 1 1 1 1 1 1 1 1 1 1 1 1 1 1 1 1 1 1 1 1 1 1 1 1 1 1 1 1 1 1 1 1 1 1 1 1 1 1 1 1 1 1 1 1 1 1 1 1 1 1 1 1 1 1 1 1 1 100 1 1 16 1 15 10 12 16 15 11 100 12 1 1 1 16 1 16 1 15 10 12 16 15 10 100 12 1 1 1 1 1 1 1 1 100 1 100 1 1
ciInstanceKlass jdk/internal/vm/StackChunk 0 0 32 10 100 12 1 1 1 9 100 12 1 1 1 9 12 1 1 9 12 1 1 1 1 1 1 1 1 1 1 1 1 1
instanceKlass jdk/internal/reflect/FieldAccessorImpl
instanceKlass jdk/internal/reflect/ConstructorAccessorImpl
instanceKlass jdk/internal/reflect/MethodAccessorImpl
ciInstanceKlass jdk/internal/reflect/MagicAccessorImpl 1 1 16 10 7 12 1 1 1 100 1 1 1 1 1 1 1 1
ciInstanceKlass jdk/internal/reflect/MethodAccessor 1 0 17 100 1 100 1 1 1 1 100 1 100 1 1 1 1 1 1
instanceKlass jdk/internal/reflect/DirectMethodHandleAccessor
ciInstanceKlass jdk/internal/reflect/MethodAccessorImpl 1 1 38 10 7 12 1 1 1 10 100 12 1 1 1 100 1 1 1 1 1 1 1 100 1 100 1 1 1 1 1 1 1 1 1 1 1 1 1 1
ciInstanceKlass jdk/internal/reflect/ConstructorAccessor 1 0 16 100 1 100 1 1 1 1 100 1 100 1 100 1 1 1
instanceKlass jdk/internal/reflect/SerializationConstructorAccessorImpl
instanceKlass jdk/internal/reflect/DirectConstructorHandleAccessor$NativeAccessor
instanceKlass jdk/internal/reflect/DirectConstructorHandleAccessor
instanceKlass jdk/internal/reflect/NativeConstructorAccessorImpl
ciInstanceKlass jdk/internal/reflect/ConstructorAccessorImpl 1 1 27 10 7 12 1 1 1 100 1 100 1 1 1 1 1 1 1 1 1 100 1 100 1 100 1 1 1
ciInstanceKlass jdk/internal/reflect/DelegatingClassLoader 1 1 18 10 7 12 1 1 1 100 1 1 1 1 1 1 1 1 1 1
ciInstanceKlass jdk/internal/reflect/ConstantPool 1 1 142 10 100 12 1 1 1 9 7 12 1 1 1 10 12 1 1 10 12 1 1 10 12 1 10 12 1 1 10 12 1 1 10 12 1 10 12 1 1 10 12 1 10 12 1 1 10 12 1 10 12 1 10 12 1 10 12 1 1 10 12 1 1 10 12 1 1 10 12 1 1 10 12 1 10 12 1 1 10 100 12 1 1 1 8 11 7 12 1 1 1 10 7 12 1 1 1 1 1 1 1 1 1 1 1 1 1 1 1 1 1 1 1 1 1 1 1 1 1 1 1 1 1 1 1 1 1 1 1 1 1 1 1 1 1 1 1 1 1 1 1 1
ciInstanceKlass jdk/internal/reflect/FieldAccessor 1 0 48 100 1 100 1 1 1 1 100 1 1 1 1 1 1 1 1 1 1 1 1 1 1 1 1 1 1 1 100 1 1 1 1 1 1 1 1 1 1 1 1 1 1 1 1 1 1 1
instanceKlass jdk/internal/reflect/MethodHandleFieldAccessorImpl
instanceKlass jdk/internal/reflect/UnsafeFieldAccessorImpl
ciInstanceKlass jdk/internal/reflect/FieldAccessorImpl 1 1 269 10 7 12 1 1 1 9 7 12 1 1 1 10 100 12 1 1 1 10 100 12 1 1 10 100 12 1 1 1 10 12 1 1 100 1 10 10 12 1 1 10 12 1 1 8 1 10 10 12 1 100 1 8 1 10 12 1 8 1 10 12 1 8 1 10 12 1 100 1 10 12 1 1 10 8 1 10 12 1 1 8 1 10 100 12 1 1 8 1 10 100 12 1 1 8 1 10 100 12 1 1 8 1 10 100 12 1 1 8 1 10 100 12 1 1 8 1 10 100 12 1 1 8 1 10 100 12 1 1 8 1 10 100 12 1 1 10 12 1 1 8 1 10 12 1 1 10 100 12 1 1 1 8 1 10 12 1 8 1 8 1 8 1 8 1 10 100 12 1 1 1 8 1 8 1 8 1 10 12 100 1 1 1 1 1 1 1 1 1 1 1 1 1 1 1 1 1 1 1 1 1 1 1 1 1 1 1 1 1 1 1 1 1 1 1 1 1 1 1 1 1 1 1 1 1 1 1 1 1 1 1 1 1 1 1 1 1 1 1 1 1 1 1 1 1 1 1 1 1 1 1 1 1 1 1 1 1 1 1 1 1 1 1 1 1 1 1 1
instanceKlass jdk/internal/reflect/UnsafeStaticFieldAccessorImpl
ciInstanceKlass jdk/internal/reflect/UnsafeFieldAccessorImpl 0 0 62 10 100 12 1 1 1 10 100 12 1 1 1 10 100 12 1 1 1 9 100 12 1 1 10 12 1 9 12 1 1 10 100 12 1 1 1 9 12 1 1 10 12 1 10 12 1 1 1 1 1 1 1 1 1 1 1 1 1 1 1 1
ciInstanceKlass jdk/internal/reflect/UnsafeStaticFieldAccessorImpl 0 0 47 10 100 12 1 1 1 9 100 12 1 1 1 10 100 12 1 1 1 9 12 1 1 8 11 100 12 1 1 1 10 100 12 1 1 1 1 1 1 1 1 1 1 1 1 1 1
ciInstanceKlass java/lang/annotation/Annotation 1 0 17 100 1 100 1 1 1 1 1 1 1 1 1 1 1 1 1
ciInstanceKlass jdk/internal/reflect/CallerSensitive 1 0 17 100 1 100 1 100 1 1 1 1 1 1 1 1 1 1 1
ciInstanceKlass jdk/internal/reflect/NativeConstructorAccessorImpl 0 0 125 10 100 12 1 1 1 9 100 12 1 1 1 100 1 10 12 1 9 12 1 1 9 12 1 1 10 100 12 1 1 1 10 100 12 1 1 1 10 100 12 1 1 1 9 12 1 9 12 1 1 9 12 1 1 10 100 12 1 1 1 100 1 10 10 12 1 1 10 12 1 10 12 1 1 10 12 1 100 1 10 12 1 1 10 12 1 1 8 10 12 1 1 1 1 1 1 1 1 1 1 1 1 1 1 1 1 1 1 1 1 1 1 100 1 100 1 100 1 1 1 1 1 1 1
instanceKlass java/lang/invoke/DelegatingMethodHandle
instanceKlass java/lang/invoke/BoundMethodHandle
instanceKlass java/lang/invoke/DirectMethodHandle
ciInstanceKlass java/lang/invoke/MethodHandle 1 1 736 100 1 9 7 12 1 1 1 10 7 12 1 1 1 10 7 12 1 1 1 7 1 7 1 10 12 1 1 9 12 1 1 10 12 1 10 12 1 1 10 12 1 1 10 100 12 1 1 1 10 12 1 1 10 12 1 1 11 100 12 1 1 1 10 12 1 1 10 12 1 10 12 1 10 12 1 1 9 12 1 1 9 12 1 1 10 100 12 1 1 1 10 12 1 1 10 12 1 10 12 1 100 1 100 1 10 8 1 10 12 1 1 10 12 1 8 1 10 12 1 1 10 12 1 10 7 12 1 1 1 10 12 1 1 10 12 1 1 10 12 1 1 10 7 12 1 1 1 10 12 1 1 10 12 1 1 10 12 1 10 12 1 1 10 100 12 1 1 10 100 12 1 1 10 12 1 10 12 1 10 12 1 1 10 12 1 1 10 12 1 1 10 12 1 1 10 7 12 1 1 1 10 7 12 1 1 1 10 12 1 1 10 12 1 1 10 12 1 1 8 1 10 7 12 1 1 1 8 1 10 12 1 10 12 1 1 10 12 1 1 10 12 1 8 1 10 12 1 1 8 1 10 12 1 8 1 10 100 12 1 1 1 9 12 1 1 100 1 10 9 100 12 1 1 1 9 100 1 8 1 10 12 1 1 10 12 1 10 12 1 1 10 12 1 10 12 1 1 10 12 1 10 12 1 1 10 12 1 10 12 1 1 10 12 1 1 8 1 10 12 1 1 8 1 10 12 1 10 12 1 1 10 12 1 10 12 1 10 12 1 1 9 100 12 1 1 1 10 12 1 1 11 12 1 10 12 1 10 12 1 1 10 100 12 1 1 100 1 11 12 1 10 100 1 11 12 1 100 1 10 12 1 11 12 1 9 100 12 1 1 1 11 12 1 1 11 100 12 1 1 1 10 12 1 1 9 12 1 11 12 1 9 12 1 9 12 1 9 12 1 11 12 1 1 9 12 1 9 12 1 9 12 1 9 12 1 9 12 1 9 12 1 9 12 1 8 1 10 12 1 10 12 1 8 1 10 12 1 10 12 1 10 12 1 1 10 10 10 7 12 1 1 10 12 1 1 100 1 100 1 8 1 8 1 10 10 12 1 1 10 12 1 10 12 1 100 1 10 100 12 1 1 1 10 9 7 12 1 1 1 10 12 1 1 10 12 1 1 8 1 8 1 10 100 12 1 1 9 12 1 9 12 1 1 9 12 1 1 10 12 1 7 1 10 12 1 10 12 1 1 9 12 1 1 9 12 1 1 10 7 12 1 1 1 11 7 12 1 1 9 12 1 10 12 1 1 10 12 1 9 12 1 10 12 1 8 10 12 1 1 8 1 1 1 1 1 1 1 1 100 1 1 1 1 1 1 1 1 1 1 1 1 1 1 1 1 1 1 1 1 1 1 1 1 1 1 1 1 1 1 100 1 1 1 1 1 1 1 1 1 1 1 1 1 1 1 1 1 1 1 1 1 1 1 1 1 1 1 1 1 1 1 1 1 1 1 1 1 1 1 1 1 1 1 1 1 1 1 1 1 1 1 1 1 1 1 1 1 1 1 1 1 1 1 1 1 1 1 1 1 1 1 1 1 1 1 1 1 1 1 1 1 1 1 1 1 1 100 1 1 100 1 100 1 100 1 1 100 1 1 100 1 1 1 1
staticfield java/lang/invoke/MethodHandle FORM_OFFSET J 20
staticfield java/lang/invoke/MethodHandle UPDATE_OFFSET J 13
staticfield java/lang/invoke/MethodHandle $assertionsDisabled Z 1
instanceKlass java/lang/invoke/DirectMethodHandle$Special
instanceKlass java/lang/invoke/DirectMethodHandle$StaticAccessor
instanceKlass java/lang/invoke/DirectMethodHandle$Interface
instanceKlass java/lang/invoke/DirectMethodHandle$Constructor
instanceKlass java/lang/invoke/DirectMethodHandle$Accessor
ciInstanceKlass java/lang/invoke/DirectMethodHandle 1 1 923 7 1 7 1 100 1 7 1 7 1 10 7 12 1 1 1 10 7 12 1 1 1 100 1 10 12 1 10 12 1 1 10 7 12 1 1 10 12 1 1 10 12 1 10 12 1 7 1 10 12 1 1 10 12 1 1 10 12 1 10 12 1 1 10 7 12 1 1 1 10 12 1 9 12 1 1 100 1 10 9 12 1 1 9 12 1 10 12 1 10 12 1 10 12 1 1 10 12 1 10 12 1 10 12 1 10 7 12 1 1 1 10 12 1 10 12 1 1 8 1 10 12 1 1 7 1 10 12 1 7 1 10 10 12 1 10 12 1 10 12 1 10 7 12 1 1 1 10 12 1 1 7 1 10 12 1 10 12 1 7 1 10 12 1 10 12 1 1 10 12 1 1 10 12 1 8 10 100 12 1 1 1 10 12 1 10 12 1 10 12 1 1 10 12 1 9 7 12 1 1 1 7 1 10 12 1 10 7 12 1 1 1 10 12 1 10 12 1 1 9 12 1 1 100 1 10 8 1 10 12 1 1 10 12 1 1 8 1 10 12 1 10 12 1 10 10 12 1 10 12 1 10 12 1 10 12 1 10 12 1 1 10 12 1 10 12 1 1 10 12 1 10 12 1 1 10 10 7 12 1 1 1 10 12 1 10 12 1 1 10 12 1 10 12 1 1 8 1 9 7 12 1 1 1 8 1 9 12 1 9 12 1 8 1 9 12 1 9 12 1 8 1 9 12 1 9 12 1 8 1 10 12 1 10 12 1 1 9 12 1 1 7 1 10 12 1 1 100 1 10 7 12 1 1 1 10 12 1 1 10 12 1 10 12 1 1 7 1 10 12 1 1 10 12 1 10 12 1 1 7 1 10 12 1 1 10 12 1 10 7 12 1 1 1 10 12 1 10 12 1 1 10 12 1 9 12 1 1 10 7 1 9 12 9 12 1 10 7 12 1 1 1 10 12 1 7 1 7 1 7 1 9 12 1 1 10 7 12 1 1 1 10 12 10 12 1 7 1 10 12 1 10 12 1 1 8 1 9 12 1 9 12 1 10 12 1 1 9 12 1 1 10 7 12 1 1 1 9 12 1 1 9 12 1 1 10 12 1 10 12 1 10 12 1 10 12 1 1 10 12 1 9 12 1 10 12 1 10 12 1 10 12 1 10 12 1 1 10 12 1 1 9 12 1 1 10 12 1 1 9 7 12 1 1 1 9 12 1 9 12 1 9 12 1 9 12 1 9 12 1 9 12 1 9 12 1 9 12 1 9 12 1 9 12 1 9 12 1 9 12 1 9 12 1 9 12 1 9 12 1 9 12 1 9 12 1 9 12 1 9 12 1 9 12 1 9 12 1 9 12 1 9 12 1 9 12 1 9 12 1 9 12 1 9 12 1 9 12 1 9 12 1 9 12 1 9 12 1 9 12 1 9 12 1 9 12 1 9 12 1 9 12 1 8 1 9 12 1 1 9 12 1 1 10 12 1 10 12 1 1 9 7 1 10 12 1 9 12 1 1 10 12 10 12 1 10 12 1 10 12 1 10 12 1 10 8 1 8 1 8 1 8 1 10 12 1 1 9 12 1 1 10 12 1 10 100 12 1 1 1 8 9 12 1 1 10 12 1 1 8 1 8 8 9 12 1 8 1 8 8 8 8 8 1 8 10 12 1 7 1 10 12 1 8 1 8 1 10 12 1 10 12 1 10 12 1 10 12 1 1 7 1 1 1 1 3 1 3 1 3 1 3 1 3 1 3 1 3 1 3 1 3 1 3 1 1 1 1 1 1 1 1 1 1 3 1 3 1 1 1 1 3 1 1 1 1 1 1 1 1 1 1 1 1 1 1 1 1 1 1 1 1 1 1 1 1 1 1 1 1 1 1 1 1 1 1 1 1 1 1 1 1 1 1 1 1 1 1 1 1 1 1 1 1 1 1 1 1 1 100 1 1 1 1 1 1 1 1 1 100 1 1 1 1 1 1 1 1 1 1 1 1 1 1 1 1 1 1 1 1 1 1 1 1 1 1 1 1 1 1 1 1 1 1 1 1 1 1 1 1 1 1 1 1 1 1 1 1 1 1 1 1
staticfield java/lang/invoke/DirectMethodHandle IMPL_NAMES Ljava/lang/invoke/MemberName$Factory; java/lang/invoke/MemberName$Factory
staticfield java/lang/invoke/DirectMethodHandle FT_UNCHECKED_REF I 8
staticfield java/lang/invoke/DirectMethodHandle ACCESSOR_FORMS [Ljava/lang/invoke/LambdaForm; 132 [Ljava/lang/invoke/LambdaForm;
staticfield java/lang/invoke/DirectMethodHandle ALL_WRAPPERS [Lsun/invoke/util/Wrapper; 10 [Lsun/invoke/util/Wrapper;
staticfield java/lang/invoke/DirectMethodHandle NFS [Ljava/lang/invoke/LambdaForm$NamedFunction; 12 [Ljava/lang/invoke/LambdaForm$NamedFunction;
staticfield java/lang/invoke/DirectMethodHandle OBJ_OBJ_TYPE Ljava/lang/invoke/MethodType; java/lang/invoke/MethodType
staticfield java/lang/invoke/DirectMethodHandle LONG_OBJ_TYPE Ljava/lang/invoke/MethodType; java/lang/invoke/MethodType
staticfield java/lang/invoke/DirectMethodHandle $assertionsDisabled Z 1
instanceKlass java/lang/invoke/VarHandleReferences$FieldStaticReadOnly
instanceKlass java/lang/invoke/VarHandleByteArrayAsDoubles$ByteArrayViewVarHandle
instanceKlass java/lang/invoke/VarHandleByteArrayAsFloats$ByteArrayViewVarHandle
instanceKlass java/lang/invoke/VarHandleByteArrayAsChars$ByteArrayViewVarHandle
instanceKlass java/lang/invoke/VarHandleByteArrayAsShorts$ByteArrayViewVarHandle
instanceKlass java/lang/invoke/VarHandleBooleans$FieldInstanceReadOnly
instanceKlass java/lang/invoke/VarHandleByteArrayAsLongs$ByteArrayViewVarHandle
instanceKlass java/lang/invoke/VarHandleByteArrayAsInts$ByteArrayViewVarHandle
instanceKlass java/lang/invoke/VarHandleInts$FieldInstanceReadOnly
instanceKlass java/lang/invoke/VarHandleLongs$FieldInstanceReadOnly
instanceKlass java/lang/invoke/VarHandleReferences$FieldInstanceReadOnly
ciInstanceKlass java/lang/invoke/VarHandle 1 1 473 10 7 12 1 1 1 10 7 12 1 1 9 12 1 1 9 12 1 1 100 1 10 8 1 10 12 1 1 10 7 12 1 1 1 10 12 1 1 10 100 12 1 1 1 9 100 12 1 1 1 10 12 1 1 10 7 12 1 1 1 10 12 1 1 9 12 1 10 12 1 9 12 1 1 10 7 12 1 1 10 12 1 9 7 12 1 1 1 9 12 1 1 10 12 1 1 100 1 100 1 10 8 1 10 12 1 1 10 12 1 8 1 10 12 1 10 12 1 9 12 1 1 9 12 1 10 12 1 10 12 1 1 10 12 1 10 10 100 12 1 1 1 10 12 1 1 10 12 1 1 10 100 12 1 1 1 10 100 12 1 1 1 10 100 12 1 1 1 9 12 1 1 9 10 12 1 10 12 1 10 12 1 1 10 12 1 10 100 12 1 1 1 9 12 1 1 10 12 1 1 9 12 1 10 12 1 10 12 1 10 100 12 1 1 100 1 10 9 7 12 1 1 1 9 12 1 1 10 7 12 1 1 1 10 12 1 10 12 1 10 12 1 10 12 1 10 12 1 10 12 1 1 8 10 12 1 1 7 1 10 12 1 1 100 1 1 1 1 1 1 1 1 1 1 1 1 1 1 1 1 1 1 1 1 1 1 1 1 1 1 1 1 1 1 1 1 1 1 1 1 1 1 1 1 1 1 1 1 1 1 1 1 1 1 1 1 1 1 1 1 1 1 1 1 1 1 1 1 1 1 1 1 100 1 1 1 1 1 1 1 1 100 1 1 1 1 1 1 1 1 1 1 1 1 100 1 100 1 1 100 1 100 1 100 1 100 1 100 1 100 1 100 1 100 1 100 1 100 1 100 1 100 1 100 1 100 1 100 1 100 1 100 1 100 1 100 1 100 1 100 1 100 1 100 1 100 1 100 1 100 1 100 1 100 1 100 1 100 1 100 1 100 1 100 1 100 1 100 1 1 1 1 1 1 100 1 1 1 100 1 1 100 1 100 1 100 1 100 1 100 1 100 1 1 1 1 100 1 100 1 100 1 100 1 100 1 100 1 100 1 100 1
staticfield java/lang/invoke/VarHandle VFORM_OFFSET J 16
staticfield java/lang/invoke/VarHandle $assertionsDisabled Z 1
ciInstanceKlass java/lang/invoke/MemberName 1 1 724 7 1 7 1 100 1 9 12 1 1 10 7 12 1 1 1 9 12 1 1 10 12 1 1 10 12 1 1 10 12 1 1 10 12 1 10 12 1 1 10 7 12 1 1 1 10 12 1 9 7 12 1 1 10 12 1 100 1 7 1 10 12 1 8 1 10 12 1 1 10 12 1 10 12 1 1 10 12 1 9 12 1 1 8 1 10 100 12 1 1 1 7 1 10 10 12 1 1 7 1 7 1 10 12 1 9 12 1 1 100 1 8 1 10 12 1 10 12 1 10 12 1 10 12 1 10 12 1 1 10 12 1 10 12 1 10 12 1 1 8 1 8 1 10 12 1 8 1 9 12 1 1 3 10 12 1 10 12 1 10 12 1 10 10 7 12 1 1 1 10 12 1 10 12 1 10 12 1 10 12 1 7 1 8 10 12 1 1 10 12 1 1 8 1 9 100 1 8 9 100 1 10 12 1 1 10 12 1 10 12 1 8 1 10 12 1 1 10 12 1 10 12 1 10 12 1 10 12 1 1 100 1 10 12 1 1 10 12 1 8 1 10 12 1 10 12 1 8 1 10 12 1 1 10 12 1 1 100 1 10 12 1 1 10 12 8 1 8 1 100 1 10 12 1 10 100 12 1 1 1 100 1 10 12 10 12 1 10 12 1 10 12 1 10 12 1 10 10 12 1 10 12 1 10 12 1 3 10 12 1 3 10 12 1 3 3 3 3 3 3 10 12 1 3 9 12 1 10 12 1 1 3 10 12 1 10 10 7 12 1 1 1 10 12 1 1 10 7 12 1 1 10 10 12 1 10 12 1 1 10 12 1 10 10 12 1 1 10 12 1 10 12 1 10 12 1 100 1 10 10 10 12 100 1 10 10 10 12 1 1 10 12 1 1 10 10 12 1 8 10 7 1 10 12 1 10 7 1 10 12 1 10 12 1 10 12 1 10 10 12 1 10 12 1 1 10 12 1 1 10 12 1 10 12 1 10 12 1 100 1 10 12 1 1 100 1 8 1 10 7 1 10 12 1 10 12 10 12 1 1 10 12 1 10 12 1 8 1 8 1 8 1 8 1 10 12 1 10 12 1 10 7 12 1 1 1 8 1 8 1 10 12 1 8 1 10 10 10 12 1 10 12 1 8 1 8 1 10 10 12 1 8 1 10 100 12 1 1 1 8 1 100 1 10 12 1 10 12 1 1 10 12 1 8 1 8 1 8 1 8 1 100 1 10 8 1 8 1 8 1 8 1 10 12 1 7 1 100 1 7 1 10 100 1 10 7 1 10 7 12 1 1 1 9 7 12 1 1 1 100 1 100 1 1 1 1 1 1 1 3 1 3 1 3 1 3 1 3 1 3 1 1 1 1 1 1 1 1 3 1 3 1 1 1 1 1 1 1 1 1 1 1 1 1 1 1 1 1 1 1 1 1 1 1 1 1 1 1 1 1 1 1 1 1 1 1 1 1 1 1 1 1 1 1 1 1 1 1 1 1 1 1 1 1 1 1 1 1 1 1 1 1 1 1 1 1 1 1 1 1 1 1 1 1 1 1 1 1 1 1 1 1 1 1 1 1 1 1 1 1 1 1 1 1 1 1 1 100 1 1 1 1 1 1 1 1 1 1 1 1 1 1 1
staticfield java/lang/invoke/MemberName $assertionsDisabled Z 1
ciInstanceKlass java/lang/invoke/ResolvedMethodName 1 1 16 10 100 12 1 1 1 100 1 1 1 1 1 1 1 1
ciInstanceKlass java/lang/invoke/MethodHandleNatives 1 1 690 100 1 10 7 12 1 1 1 9 7 12 1 1 1 10 12 1 1 100 1 10 10 12 1 1 10 12 1 10 12 1 8 1 8 1 8 1 8 1 8 1 8 1 8 1 8 1 8 1 8 1 10 12 1 1 7 1 10 7 12 1 1 1 10 100 12 1 1 1 7 1 10 10 12 1 1 8 1 10 12 1 8 1 10 12 1 1 8 1 10 12 1 1 9 100 12 1 1 1 8 1 10 100 12 1 1 1 100 1 10 12 100 1 100 1 8 1 7 1 10 10 12 1 7 1 9 7 12 1 1 10 12 1 1 10 12 1 10 7 12 1 1 1 10 12 1 1 9 12 1 8 1 10 12 1 1 10 12 1 8 1 10 12 1 1 7 1 10 12 1 10 7 12 1 1 1 10 12 1 10 12 1 1 10 12 1 1 8 1 10 12 1 1 8 1 10 12 1 8 1 8 1 8 1 100 1 10 12 1 8 1 10 100 12 1 1 1 10 12 1 1 10 100 12 1 1 10 10 12 1 1 10 12 1 10 100 12 1 1 1 100 1 8 1 10 100 12 1 1 1 7 1 8 1 10 12 1 8 1 8 1 8 1 8 1 8 1 10 12 1 1 10 12 1 1 10 12 1 10 12 1 1 10 12 1 1 7 1 10 12 1 100 1 100 1 10 12 1 10 12 1 8 1 8 1 10 10 12 1 1 10 12 1 1 8 1 10 100 12 1 1 8 1 8 1 10 12 1 1 10 7 12 1 1 1 100 1 10 12 1 1 7 1 9 12 1 1 10 7 12 1 1 1 10 10 12 1 9 12 1 10 12 1 9 12 1 9 12 1 10 12 1 1 10 12 1 10 12 1 1 7 1 7 1 10 12 1 1 10 12 1 10 12 1 1 10 7 12 1 1 1 10 12 1 8 1 10 12 1 10 12 1 10 12 1 1 10 12 1 10 7 12 1 1 1 10 12 1 1 100 1 8 1 10 9 7 12 1 1 1 10 12 1 1 10 12 1 1 100 1 10 12 1 1 10 12 1 1 100 1 100 1 10 10 100 1 100 1 10 100 1 10 10 12 1 1 10 100 1 10 12 1 10 12 1 1 10 12 1 1 10 12 1 1 10 12 1 10 12 1 1 10 8 1 10 12 1 10 12 1 10 12 1 10 12 1 10 12 1 1 10 12 1 10 12 1 10 12 1 10 10 7 12 1 1 10 12 1 1 1 1 1 1 1 1 1 1 1 1 1 100 1 1 1 1 1 1 1 1 1 1 1 1 1 1 1 1 1 1 1 1 1 1 1 1 1 1 1 1 1 1 1 1 1 1 1 1 1 1 1 1 1 1 1 1 1 1 1 1 1 1 1 1 1 1 1 1 1 1 1 1 1 1 1 1 1 100 1 1 1 1 1 1 1 1 1 1 1 1 1 1 1 1 1 1 1 1 1 1 1 1 1 1 1 1 1 1 1 1 1 100 1 1 1 1 1 1 1 1 1 1 1 1 1 1 1 1 1 1 1 1 1 1 1 1 1 1 100 1 1 1 1 1 1 1 100 1 1 1
staticfield java/lang/invoke/MethodHandleNatives $assertionsDisabled Z 1
ciInstanceKlass java/lang/invoke/LambdaForm 1 1 1059 7 1 100 1 10 7 12 1 1 1 9 12 1 1 9 12 1 9 12 1 9 12 1 1 9 12 1 1 9 12 1 1 9 12 1 1 9 12 1 1 9 12 1 10 7 12 1 1 9 12 1 10 12 1 1 100 1 10 10 12 1 1 10 12 1 10 12 1 10 12 1 1 10 12 1 9 12 1 9 12 1 10 12 1 1 10 7 12 1 1 1 10 12 1 1 9 100 12 1 1 1 10 12 1 1 9 7 12 1 1 10 12 1 10 12 1 1 10 12 1 1 10 12 1 1 7 1 10 7 12 1 1 1 10 12 1 1 10 12 1 10 12 1 1 9 12 1 1 9 12 1 9 12 1 1 10 12 1 9 12 1 10 100 12 1 1 1 10 12 1 1 100 1 10 12 1 9 12 1 1 10 100 12 1 1 1 10 12 1 10 12 1 7 1 10 12 1 10 12 1 10 12 1 1 10 12 1 1 10 12 1 10 12 1 10 12 1 10 12 1 1 8 1 10 12 1 10 12 1 10 10 12 1 8 1 8 1 9 12 1 9 12 1 1 10 12 1 1 10 12 1 9 12 1 10 12 1 1 10 7 12 1 1 1 10 12 1 1 10 12 1 10 12 1 10 100 12 1 1 1 9 12 1 10 12 1 8 1 8 1 8 1 8 1 8 1 8 1 8 1 8 1 10 12 1 9 12 1 7 1 10 12 1 1 9 12 1 10 12 1 10 12 1 1 10 12 10 12 1 10 12 1 1 10 12 1 1 10 10 12 1 1 10 12 1 1 7 1 8 1 10 12 1 1 10 12 1 10 12 1 1 10 8 1 10 12 1 1 8 1 8 1 8 1 10 12 1 10 12 1 10 12 1 1 100 1 10 12 1 1 10 12 1 1 10 7 12 1 1 1 10 12 1 1 9 12 1 1 8 1 10 100 12 1 1 1 10 7 12 1 1 10 12 10 12 1 1 10 12 1 1 9 12 1 8 10 12 1 1 100 1 10 12 1 1 10 12 1 9 7 12 1 1 9 100 12 1 1 1 8 1 10 100 12 1 1 10 12 1 1 100 1 100 1 10 10 12 1 1 10 12 1 1 8 1 8 1 100 1 8 1 10 12 10 12 1 10 12 1 10 12 1 1 8 1 8 1 10 12 1 10 12 1 1 8 1 8 1 8 1 100 1 8 1 100 1 8 1 100 1 8 1 10 12 1 8 1 9 10 7 12 1 1 1 10 12 1 9 12 1 1 10 12 1 10 10 12 1 10 12 1 10 12 1 10 12 1 1 10 12 1 10 12 1 1 10 12 1 1 10 12 1 1 10 12 1 1 8 1 100 10 12 1 10 12 1 9 12 1 1 10 7 12 1 1 8 1 8 1 100 1 8 1 8 1 8 1 8 1 8 1 8 1 8 1 8 1 10 12 1 1 10 12 1 1 10 12 1 10 12 1 10 12 1 10 12 1 8 1 8 1 8 1 10 12 1 8 1 10 12 1 8 1 8 1 8 1 8 1 8 1 10 12 1 10 12 1 10 12 1 1 10 7 12 1 1 1 10 12 1 10 12 1 10 12 1 10 12 1 10 12 1 10 12 1 10 12 1 9 12 1 1 8 1 10 12 1 1 9 12 1 1 10 12 1 1 9 12 1 9 12 1 1 9 12 1 9 12 1 1 7 1 10 7 12 1 1 1 9 12 1 10 12 1 10 12 1 8 1 10 12 1 9 12 1 1 7 1 10 7 12 1 1 1 8 1 100 1 10 12 1 9 12 1 9 12 1 10 12 1 10 12 1 10 7 12 1 1 1 10 12 1 9 7 12 1 1 10 12 1 1 10 12 1 10 12 1 10 12 1 9 12 10 12 1 10 10 12 1 9 12 1 9 9 12 1 7 9 12 1 1 10 12 1 1 9 12 1 10 12 1 10 7 1 9 1 1 1 1 3 1 3 1 1 3 1 3 1 1 1 1 1 1 1 1 1 1 1 1 1 1 1 1 1 1 1 1 1 1 1 1 1 1 1 1 1 1 1 1 1 1 1 1 1 1 1 1 1 1 1 1 1 1 1 1 1 1 1 100 1 1 1 1 1 1 1 1 1 1 1 1 1 1 1 1 1 1 1 1 1 1 1 1 1 1 1 1 1 1 1 1 1 1 1 1 1 1 1 1 1 1 1 1 1 1 1 1 1 1 1 1 1 1 1 1 1 1 1 1 1 1 100 1 1 1 1 1 1 1 1 1 1 1 1 1 1 1 1 1 1 1 1 1 1 1 1 1 1 1 1 1 1 1 1 1 1 100 1 1 1 1 1 1 1 1 1 1 1 1 1 1 1 1 1 1 1 1 1 1 100 1 1 1 100 1 1 100 1 1 1 1 1 1 1 1 1 1 1
staticfield java/lang/invoke/LambdaForm DEFAULT_CUSTOMIZED Ljava/lang/invoke/MethodHandle; null
staticfield java/lang/invoke/LambdaForm DEFAULT_KIND Ljava/lang/invoke/LambdaForm$Kind; java/lang/invoke/LambdaForm$Kind
staticfield java/lang/invoke/LambdaForm COMPILE_THRESHOLD I 0
staticfield java/lang/invoke/LambdaForm INTERNED_ARGUMENTS [[Ljava/lang/invoke/LambdaForm$Name; 5 [[Ljava/lang/invoke/LambdaForm$Name;
staticfield java/lang/invoke/LambdaForm IMPL_NAMES Ljava/lang/invoke/MemberName$Factory; java/lang/invoke/MemberName$Factory
staticfield java/lang/invoke/LambdaForm LF_identity [Ljava/lang/invoke/LambdaForm; 6 [Ljava/lang/invoke/LambdaForm;
staticfield java/lang/invoke/LambdaForm LF_zero [Ljava/lang/invoke/LambdaForm; 6 [Ljava/lang/invoke/LambdaForm;
staticfield java/lang/invoke/LambdaForm NF_identity [Ljava/lang/invoke/LambdaForm$NamedFunction; 6 [Ljava/lang/invoke/LambdaForm$NamedFunction;
staticfield java/lang/invoke/LambdaForm NF_zero [Ljava/lang/invoke/LambdaForm$NamedFunction; 6 [Ljava/lang/invoke/LambdaForm$NamedFunction;
staticfield java/lang/invoke/LambdaForm createFormsLock Ljava/lang/Object; java/lang/Object
staticfield java/lang/invoke/LambdaForm DEBUG_NAME_COUNTERS Ljava/util/HashMap; null
staticfield java/lang/invoke/LambdaForm DEBUG_NAMES Ljava/util/HashMap; null
staticfield java/lang/invoke/LambdaForm TRACE_INTERPRETER Z 0
staticfield java/lang/invoke/LambdaForm $assertionsDisabled Z 1
ciInstanceKlass java/lang/invoke/TypeDescriptor$OfMethod 1 0 43 100 1 100 1 100 1 1 1 1 1 1 1 1 1 1 1 1 1 1 1 1 1 1 1 1 1 1 1 1 1 1 1 1 1 1 1 1 1 1 100 1 1
ciInstanceKlass java/lang/invoke/MethodType 1 1 780 7 1 10 7 12 1 1 1 9 12 1 1 9 12 1 1 9 12 1 1 10 7 12 1 1 1 9 7 12 1 1 8 1 10 100 12 1 1 1 9 7 1 9 7 1 10 12 1 1 7 1 10 8 1 10 12 1 1 10 12 1 10 12 1 1 100 1 8 1 10 12 1 100 1 10 10 12 1 10 12 1 1 10 12 1 1 11 7 12 1 1 1 9 12 1 11 12 1 1 7 10 12 1 1 10 12 1 1 7 1 7 1 10 7 12 1 1 1 10 12 1 10 12 1 9 12 1 1 10 7 12 1 1 10 12 1 1 10 7 12 1 1 1 10 7 12 1 1 1 10 12 1 9 12 1 1 10 12 1 1 10 12 1 1 10 12 1 1 10 12 1 1 10 12 1 1 10 12 1 10 12 1 10 12 1 1 10 12 1 8 1 8 1 10 12 1 1 9 12 1 1 100 1 10 10 12 1 1 10 12 1 10 12 1 1 10 12 1 1 10 12 1 10 12 1 10 12 1 8 1 10 12 1 1 10 7 12 1 1 1 10 12 1 10 12 1 1 10 12 1 10 12 1 10 12 1 1 10 12 1 10 12 1 9 12 1 10 12 1 10 10 12 1 1 10 12 1 9 12 1 1 10 12 1 1 11 12 1 1 10 12 1 1 10 12 1 10 12 1 7 1 8 1 8 1 8 1 10 12 1 10 12 1 10 12 1 1 10 10 12 1 11 12 1 1 11 12 1 10 100 12 1 1 1 9 12 1 10 12 1 10 12 1 1 10 12 1 1 10 12 1 10 12 1 10 100 12 1 1 1 10 12 1 1 10 12 1 10 12 1 10 12 1 10 9 12 1 1 7 1 10 12 1 10 12 1 1 9 100 12 1 1 1 10 100 12 1 1 1 10 100 12 1 1 1 10 12 1 1 10 7 12 1 1 1 10 12 1 1 8 1 10 7 12 1 1 1 11 12 1 1 9 12 1 1 10 12 1 1 10 12 1 10 12 1 1 10 12 1 1 10 100 12 1 1 100 1 10 12 1 1 11 100 12 1 1 18 12 1 1 11 12 1 1 18 12 1 11 12 1 100 1 11 100 12 1 1 10 12 1 100 1 10 12 1 10 100 12 1 1 10 12 1 1 9 12 1 1 9 100 12 1 1 1 10 100 12 1 1 1 9 12 1 10 100 12 1 1 10 12 1 100 10 12 1 1 10 12 1 7 1 10 10 12 1 1 7 1 7 1 9 12 1 1 100 1 100 1 100 1 1 1 5 0 1 1 1 1 1 1 1 3 1 3 1 3 1 1 1 1 1 1 1 1 1 1 1 1 1 1 1 1 1 1 1 1 1 1 1 1 1 1 1 1 1 1 1 1 1 1 1 1 1 1 1 1 1 1 1 1 1 1 1 1 1 1 1 1 1 1 1 1 1 1 1 1 1 1 1 1 1 1 1 1 1 1 1 1 1 1 1 1 1 1 1 1 1 1 1 1 1 1 1 1 1 1 1 1 1 1 1 1 1 1 1 1 1 1 1 1 1 1 1 1 1 1 1 1 1 1 1 1 1 1 1 1 1 1 1 1 1 1 1 1 1 1 100 1 100 1 1 1 1 1 1 1 1 1 1 1 1 1 100 1 1 1 100 1 1 1 1 1 1 1 1 1 1 1 1 1 1 1 1 1 1 1 1 1 1 16 15 10 12 16 16 15 10 12 16 15 10 100 12 1 1 1 1 1 100 1 1 100 1 1 100 1 100 1 1
staticfield java/lang/invoke/MethodType internTable Ljdk/internal/util/ReferencedKeySet; jdk/internal/util/ReferencedKeySet
staticfield java/lang/invoke/MethodType NO_PTYPES [Ljava/lang/Class; 0 [Ljava/lang/Class;
staticfield java/lang/invoke/MethodType objectOnlyTypes [Ljava/lang/invoke/MethodType; 20 [Ljava/lang/invoke/MethodType;
staticfield java/lang/invoke/MethodType METHOD_HANDLE_ARRAY [Ljava/lang/Class; 1 [Ljava/lang/Class;
staticfield java/lang/invoke/MethodType serialPersistentFields [Ljava/io/ObjectStreamField; 0 [Ljava/io/ObjectStreamField;
staticfield java/lang/invoke/MethodType $assertionsDisabled Z 1
ciInstanceKlass java/lang/BootstrapMethodError 0 0 45 10 100 12 1 1 1 10 12 1 10 12 1 10 100 12 1 1 1 10 100 12 1 1 1 1 1 1 5 0 1 1 1 1 1 1 1 1 1 1 1 100 1 1 1
instanceKlass java/lang/invoke/VolatileCallSite
instanceKlass java/lang/invoke/MutableCallSite
instanceKlass java/lang/invoke/ConstantCallSite
ciInstanceKlass java/lang/invoke/CallSite 1 1 307 10 7 12 1 1 1 10 7 12 1 1 1 9 7 12 1 1 1 10 12 1 1 9 12 1 1 10 7 12 1 1 1 10 12 1 100 1 10 12 1 1 10 12 1 1 9 100 12 1 1 1 10 100 12 1 1 10 12 1 1 100 1 100 1 10 10 100 12 1 1 1 10 12 1 1 8 1 10 12 1 10 12 1 1 10 12 1 10 12 1 1 10 12 1 1 10 10 100 12 1 1 10 12 1 1 9 12 1 9 100 12 1 1 1 8 1 10 7 12 1 1 1 10 12 1 1 100 1 10 12 1 1 9 12 1 8 1 100 1 10 12 1 10 12 1 100 1 8 1 10 10 12 1 10 12 1 1 100 1 10 12 1 1 10 12 1 10 12 1 10 12 1 1 10 12 1 1 9 12 1 1 8 10 12 1 1 9 12 1 1 100 1 10 10 12 1 10 100 12 1 1 1 10 12 1 1 10 12 1 1 10 12 1 10 7 12 1 1 1 100 1 8 1 10 10 12 10 12 1 1 100 1 100 1 100 1 8 1 10 12 1 10 7 12 1 1 1 1 1 1 1 1 1 1 1 1 1 1 1 1 1 1 1 1 1 1 1 1 1 1 1 1 1 1 1 1 1 1 1 1 1 1 1 1 1 1 1 1 1 1 1 1 1 1 1 1 1 1 1 100 1 100 1 1 1 1
staticfield java/lang/invoke/CallSite $assertionsDisabled Z 1
ciInstanceKlass jdk/internal/foreign/abi/NativeEntryPoint 0 0 194 10 100 12 1 1 1 9 100 12 1 1 1 9 12 1 1 100 1 8 1 10 12 1 10 12 1 1 100 1 10 100 12 1 1 1 10 12 1 9 12 1 1 18 12 1 1 10 100 12 1 1 1 10 100 12 1 1 1 9 100 12 1 1 1 100 1 10 8 1 10 12 1 1 10 12 1 10 12 1 1 8 1 10 12 1 1 100 1 8 1 10 12 1 10 12 1 1 10 12 1 9 12 1 1 18 12 1 1 10 100 12 1 1 1 10 12 1 1 10 12 1 10 100 12 1 1 1 10 1 1 1 1 1 1 1 1 1 1 1 1 1 1 1 1 1 1 1 1 1 1 1 1 1 1 1 1 1 1 1 1 1 1 1 1 1 16 1 15 10 12 16 1 16 15 10 12 15 10 100 12 1 1 1 1 1 100 1 1 100 1 100 1 1
ciInstanceKlass jdk/internal/foreign/abi/ABIDescriptor 0 0 55 10 100 12 1 1 1 9 100 12 1 1 1 9 12 1 1 9 12 1 9 12 1 9 12 1 1 9 12 1 9 12 1 1 9 12 1 9 12 1 9 12 1 9 12 1 1 1 1 1 1 1 1 1 1
ciInstanceKlass jdk/internal/foreign/abi/VMStorage 0 0 91 10 100 12 1 1 1 9 100 12 1 1 1 9 12 1 1 9 12 1 1 9 12 1 1 100 1 10 8 1 10 12 1 1 10 12 1 10 12 1 1 10 12 1 18 12 1 18 12 1 1 18 12 1 1 1 1 1 1 1 1 1 1 1 1 1 1 1 1 1 1 1 8 1 15 15 15 15 15 10 100 12 1 1 1 1 100 1 100 1 1
ciInstanceKlass jdk/internal/foreign/abi/UpcallLinker$CallRegs 0 0 66 10 100 12 1 1 1 9 100 12 1 1 1 9 12 1 18 12 1 1 18 12 1 1 18 12 1 1 1 1 1 1 1 1 1 1 1 1 1 1 1 1 1 1 100 1 1 1 8 1 15 15 15 10 100 12 1 1 1 1 1 100 1 100 1 1
ciInstanceKlass java/lang/invoke/MethodHandleNatives$CallSiteContext 1 1 49 10 7 12 1 1 1 7 1 10 10 7 12 1 1 1 10 7 12 1 1 1 10 7 12 1 1 1 100 1 1 1 1 1 1 1 1 1 1 1 1 1 1 1 1 1 100 1 1
ciInstanceKlass java/lang/invoke/ConstantCallSite 1 1 65 10 7 12 1 1 1 9 7 12 1 1 1 9 12 1 1 10 7 12 1 1 1 10 12 1 100 1 10 12 9 12 1 1 100 1 10 10 12 1 1 10 12 1 1 1 1 1 1 1 1 1 1 1 1 1 100 1 1 1 1 1 1 1 1
staticfield java/lang/invoke/ConstantCallSite UNSAFE Ljdk/internal/misc/Unsafe; jdk/internal/misc/Unsafe
ciInstanceKlass java/lang/invoke/MutableCallSite 0 0 63 10 100 12 1 1 1 10 12 1 9 100 12 1 1 1 10 12 1 10 12 1 1 9 12 1 1 10 100 12 1 1 1 10 100 12 1 1 1 10 12 1 1 1 1 1 1 1 1 1 1 1 1 1 1 1 1 1 1 100 1 1 1
ciInstanceKlass java/lang/invoke/VolatileCallSite 0 0 37 10 100 12 1 1 1 10 12 1 10 100 12 1 1 1 10 12 1 10 12 1 1 1 1 1 1 1 1 1 1 1 1 1 1 1 1
ciInstanceKlass java/lang/AssertionStatusDirectives 0 0 24 10 100 12 1 1 1 100 1 1 1 1 1 1 1 1 1 1 1 1 1 1 1 1
ciInstanceKlass java/lang/Appendable 1 0 14 100 1 100 1 1 1 1 100 1 1 1 1 1
instanceKlass java/lang/StringBuilder
instanceKlass java/lang/StringBuffer
ciInstanceKlass java/lang/AbstractStringBuilder 1 1 605 7 1 10 7 12 1 1 1 9 7 12 1 1 1 9 12 1 9 12 1 1 9 12 1 1 10 7 12 1 1 1 10 12 1 1 7 1 3 3 10 12 1 10 12 1 1 11 7 1 100 1 100 1 10 8 1 10 12 1 10 12 1 10 12 1 1 10 12 1 10 12 1 9 12 1 10 12 1 9 12 1 1 10 12 1 1 10 7 12 1 1 1 10 10 12 1 10 12 1 10 12 1 1 10 12 1 1 10 7 12 1 1 1 10 7 12 1 1 1 100 1 8 1 10 10 12 1 1 100 1 10 12 10 12 1 1 10 10 12 1 1 10 12 1 1 10 12 1 1 10 12 1 1 10 10 7 12 1 1 1 10 12 1 100 1 10 10 100 12 1 1 1 9 12 1 1 9 12 1 10 12 1 1 10 10 12 1 1 10 12 10 12 1 10 12 1 1 10 12 1 1 10 12 1 1 10 12 1 10 12 1 1 10 12 1 1 10 12 1 10 12 1 1 8 1 10 12 1 1 10 12 1 10 12 1 10 12 1 10 12 1 10 12 1 10 12 1 10 7 12 1 1 10 12 1 10 12 1 10 100 12 1 1 1 100 1 100 1 10 12 1 10 100 12 1 1 10 12 1 10 12 1 10 12 1 10 12 1 1 10 12 1 10 12 1 1 10 12 1 1 10 10 7 12 1 1 1 10 12 1 10 12 1 10 12 1 1 10 12 1 10 12 1 10 12 1 10 12 1 10 12 1 10 12 1 10 12 1 10 12 1 10 12 1 1 10 12 1 10 12 1 10 12 10 12 1 1 18 12 1 1 100 1 10 100 12 1 1 1 18 10 12 1 1 10 12 1 10 12 1 1 11 12 1 1 10 12 1 10 12 10 12 1 10 10 10 12 1 10 5 0 10 10 12 1 1 100 1 8 1 10 10 12 1 1 10 100 12 1 1 1 10 12 1 10 12 1 1 100 1 10 12 100 1 10 100 1 10 100 1 1 1 1 1 1 1 1 1 1 1 100 1 1 1 1 1 1 1 1 1 1 1 1 1 1 1 1 1 1 1 1 1 1 1 1 1 1 1 1 1 1 1 1 1 1 1 1 1 1 1 1 1 1 1 1 1 1 1 1 1 1 1 1 1 1 1 1 1 1 1 1 1 1 1 1 1 1 1 1 1 1 1 1 1 1 1 1 1 1 1 1 1 1 1 1 1 1 1 1 1 1 1 1 1 1 1 1 1 1 1 1 100 1 1 1 1 1 1 1 1 1 1 1 1 1 1 1 1 1 100 1 1 1 1 1 1 100 1 1 16 1 15 10 12 16 15 10 12 15 10 100 12 1 1 1 1 1 1 1 100 1 100 1 1
staticfield java/lang/AbstractStringBuilder EMPTYVALUE [B 0
ciInstanceKlass java/lang/StringBuffer 1 1 483 10 7 12 1 1 1 10 12 1 10 12 1 10 12 1 1 9 7 12 1 1 1 10 12 1 1 10 12 1 10 12 1 1 9 12 1 1 10 12 1 10 12 1 1 10 12 1 1 10 12 1 10 12 1 1 10 12 1 10 12 1 1 10 12 1 1 10 7 12 1 1 1 10 12 1 1 10 12 1 10 12 1 10 12 1 10 12 1 10 12 1 10 12 1 10 12 1 10 12 1 10 12 1 10 12 1 10 12 1 10 12 1 10 12 1 10 12 1 1 10 12 1 10 12 1 1 10 12 1 1 10 10 12 1 1 10 12 1 10 12 1 10 12 1 10 12 1 10 12 1 10 12 1 10 12 10 12 1 10 12 1 10 12 1 10 12 1 1 10 12 1 10 12 1 10 10 12 1 1 10 12 1 10 12 1 10 12 1 10 10 100 12 1 1 1 10 10 12 1 1 9 12 1 1 10 100 12 1 1 10 100 1 8 10 100 12 1 1 1 8 10 12 1 8 1 10 12 1 10 12 1 10 100 12 1 1 1 10 100 12 1 1 1 7 1 10 12 100 1 8 1 10 10 12 1 1 10 12 1 1 10 12 1 10 12 1 10 12 1 1 10 12 1 10 12 1 10 12 1 10 12 1 10 12 1 10 12 10 12 1 10 12 1 10 12 1 10 12 1 10 12 1 10 12 1 10 12 1 10 12 1 10 12 1 10 12 1 10 12 10 12 10 12 1 10 12 1 10 12 1 10 12 10 12 1 10 12 1 10 12 1 10 12 1 10 12 1 10 12 1 10 12 1 10 12 1 10 12 1 10 12 1 10 12 1 7 1 10 12 1 9 7 12 1 1 1 9 7 1 9 12 1 1 100 1 100 1 100 1 100 1 1 1 1 5 0 1 1 1 1 1 1 1 1 1 1 1 1 1 1 1 1 1 1 1 1 1 1 1 1 1 1 1 1 1 1 1 1 1 1 1 1 1 1 1 1 1 1 1 1 1 1 1 1 1 1 1 1 1 1 1 1 1 1 1 1 1 100 1 1 1 1 1 100 1 1 1 1 1 1 1 1 1 1 1 1 1 1 1 1 1 1
staticfield java/lang/StringBuffer serialPersistentFields [Ljava/io/ObjectStreamField; 3 [Ljava/io/ObjectStreamField;
ciInstanceKlass java/lang/StringBuilder 1 1 422 10 7 12 1 1 1 10 12 1 10 12 1 10 12 1 1 10 7 12 1 1 1 10 7 12 1 1 1 10 12 1 10 12 1 10 12 1 10 12 1 10 12 1 10 12 1 10 12 1 10 12 1 10 12 1 10 12 1 10 12 1 10 12 1 10 12 1 10 12 1 1 10 12 1 10 12 1 1 10 12 1 1 10 12 1 10 12 1 10 12 1 10 12 1 10 12 1 10 12 1 10 12 1 10 12 10 12 1 10 12 1 10 12 1 10 12 1 1 10 12 1 10 12 1 10 12 10 12 1 1 10 12 1 10 12 1 10 12 1 10 100 12 1 1 1 9 12 1 1 10 12 1 10 12 1 1 10 12 1 1 9 12 1 1 10 100 12 1 1 1 10 100 1 10 12 1 1 10 100 12 1 1 10 12 1 10 12 1 1 100 1 100 1 8 1 10 10 12 1 1 10 12 1 10 12 1 10 12 1 1 10 12 1 10 12 1 10 12 1 10 12 1 10 12 1 10 12 10 12 1 10 12 1 10 12 1 10 12 1 10 12 1 10 12 1 10 12 1 10 12 1 10 12 1 1 10 12 1 1 10 12 1 10 12 1 10 12 1 10 12 10 12 10 12 1 10 12 1 10 12 1 10 12 10 12 1 10 12 1 10 12 1 10 12 1 10 12 1 10 12 1 10 12 1 10 12 1 10 12 1 1 10 12 1 10 12 1 1 10 12 1 10 12 1 1 10 12 1 10 12 1 1 10 12 1 10 12 1 10 12 1 10 10 12 1 10 12 1 100 1 100 1 100 1 100 1 1 1 1 5 0 1 1 1 1 1 1 1 1 1 1 1 1 1 1 1 1 1 1 1 1 1 1 1 1 1 1 1 1 1 1 1 1 1 1 1 1 1 1 1 1 1 1 1 1 100 1 1 1 100 1 1 1 1 1 1 1 1 1 1 1
ciInstanceKlass jdk/internal/misc/UnsafeConstants 1 1 34 10 100 12 1 1 1 9 7 12 1 1 1 9 12 1 9 12 1 1 9 12 1 9 12 1 1 1 1 1 1 1 1 1
staticfield jdk/internal/misc/UnsafeConstants ADDRESS_SIZE0 I 8
staticfield jdk/internal/misc/UnsafeConstants PAGE_SIZE I 4096
staticfield jdk/internal/misc/UnsafeConstants BIG_ENDIAN Z 0
staticfield jdk/internal/misc/UnsafeConstants UNALIGNED_ACCESS Z 1
staticfield jdk/internal/misc/UnsafeConstants DATA_CACHE_LINE_FLUSH_SIZE I 0
ciInstanceKlass jdk/internal/misc/Unsafe 1 1 1287 10 7 12 1 1 1 9 7 12 1 1 1 9 12 1 1 10 12 1 1 10 7 12 1 1 1 10 12 1 1 10 12 1 1 10 12 1 1 10 12 1 1 10 12 1 1 10 12 1 1 10 12 1 1 10 12 1 1 10 12 1 1 10 12 1 1 10 12 1 1 10 12 1 1 10 12 1 1 10 12 1 10 12 1 100 1 10 10 12 1 1 10 12 1 1 5 0 10 12 1 1 10 12 1 1 10 7 12 1 1 1 10 12 1 1 10 12 1 10 12 1 10 12 1 1 10 12 1 1 10 12 1 10 12 1 100 1 100 1 10 8 1 10 12 1 1 10 12 1 8 1 10 12 1 1 10 12 1 10 12 1 10 12 1 1 10 12 1 10 12 1 1 10 12 1 1 10 12 1 10 12 1 10 12 1 10 12 1 1 10 12 1 10 12 1 10 12 1 1 10 12 1 5 0 5 0 5 0 10 12 1 10 12 1 10 12 1 10 12 1 10 12 1 10 12 1 10 12 1 10 12 1 10 12 1 1 10 12 1 10 12 1 100 1 8 1 10 100 1 10 10 12 1 1 10 12 1 1 10 12 1 10 12 1 1 10 12 1 1 10 12 1 10 12 1 1 10 12 1 9 7 12 1 1 9 12 1 100 1 10 10 12 1 1 8 1 10 8 1 8 1 10 12 1 1 9 7 12 1 1 1 9 100 1 9 7 1 9 7 1 9 9 100 1 9 7 1 9 100 1 10 12 1 1 10 12 1 1 10 12 1 1 10 12 1 1 5 0 5 0 9 12 1 1 10 12 1 10 12 1 10 12 1 1 10 12 1 1 10 12 1 8 1 3 10 12 1 1 10 12 1 1 10 12 1 10 12 1 1 10 12 1 1 10 12 1 10 12 1 10 12 1 10 12 1 10 12 1 10 12 1 1 10 12 1 1 10 12 1 10 12 1 10 12 1 10 12 1 10 12 1 10 12 1 1 10 12 1 1 10 12 1 10 12 1 10 12 1 10 12 1 10 12 1 10 12 1 1 10 12 1 1 10 12 1 1 10 12 1 1 10 12 1 10 12 1 10 12 1 10 12 1 10 12 1 10 12 1 10 12 1 1 10 12 1 1 10 12 1 10 12 1 10 12 1 10 12 1 10 12 1 10 12 1 10 12 1 1 10 12 1 1 10 12 1 10 12 1 10 12 1 10 12 1 10 12 1 10 12 1 10 12 1 10 12 1 1 10 12 1 10 12 1 10 12 1 10 12 1 10 12 1 1 10 12 1 10 12 1 10 12 1 10 12 1 10 12 1 10 12 1 10 12 1 10 12 1 1 10 12 1 10 12 1 10 12 1 10 12 1 10 12 1 10 12 1 1 10 12 1 10 12 1 10 12 1 1 10 12 1 10 12 1 10 12 1 10 12 1 10 12 1 10 12 1 10 12 1 10 12 1 10 12 1 10 12 1 10 12 1 10 12 1 10 12 1 10 12 1 10 12 1 10 12 1 10 12 1 10 12 1 10 12 1 10 12 1 10 12 1 10 12 1 10 12 1 100 1 10 100 1 10 9 12 1 5 0 10 12 1 1 5 0 10 12 1 5 0 10 12 1 10 12 1 10 12 1 1 10 12 1 1 10 12 1 10 12 1 10 12 1 10 12 1 1 10 12 1 10 12 1 10 12 1 10 12 1 10 12 1 1 10 12 1 10 12 1 10 12 1 10 12 1 1 10 12 1 10 12 1 10 12 1 1 10 12 1 10 12 1 10 12 1 10 12 1 1 10 12 1 10 10 12 1 1 10 12 1 10 12 1 1 10 12 1 10 12 5 0 5 0 5 0 10 12 1 1 10 12 1 10 12 1 10 12 10 100 12 1 1 8 1 100 1 11 12 1 1 8 1 11 12 1 1 10 100 12 1 1 10 12 1 10 12 1 10 12 1 10 12 1 10 12 1 1 10 12 1 10 12 1 10 12 1 10 12 1 10 12 1 10 12 1 10 7 1 10 12 1 9 12 1 7 1 9 12 1 7 1 9 12 1 7 1 9 12 1 7 1 9 12 1 7 1 9 12 1 7 1 9 12 1 7 1 9 12 1 7 1 9 12 1 10 12 1 9 12 1 9 12 1 9 12 1 9 12 1 9 12 1 9 12 1 9 12 1 9 12 1 9 12 1 9 12 1 1 1 3 1 1 1 1 1 1 1 1 1 1 1 1 1 1 1 1 1 1 1 1 1 1 1 1 1 1 1 1 1 1 1 1 1 1 1 1 1 1 1 1 1 1 1 1 1 1 1 1 1 1 1 1 1 1 1 1 1 1 1 1 1 1 1 1 1 1 1 1 1 1 1 1 1 1 1 1 1 1 1 1 1 1 1 1 1 1 1 1 1 100 1 1 1 1 1 1 1 1 1 1 1 1 1 1 1 1 1 1 1 1 1 1 1 1 1 1 1 1 1 1 1 1 1 1 1 1 1 1 1 1 1 1 1 1 1 1 1 1 1 1 1 1 1 1 1 1 1 1 1 1 1 1 1 1 1 1 1 1 1 1 1 1 1 1 1 1 1 1 1 1 1 1 1 1 1 1 1 1 1 1 1 1 1 1 1 1 1 1 1 1 1 1 1 1 1 1 1 1 1 1 1 1 1 1 1 1 1 1 1 1 1 1 1 1 1 1 1 1 1 1 1 1 1 1 1 1 1 1 1 1 1 1 1 1 1 1 1 1 1 1 1 1 1 1 1 1 1 1 1 1 1 1 1 1 1 1 1 1 1 1 1 1 1 1 1 1 1 1 1 1 1 1 1 1 1 1 1 1 1 1 1 1 1 1 1 1 1 1 1 1 1 1 1 1 1 1 3 1 1 1 1 1 1 1 1 1 1 1 1 1 1 1 1 1 1 1 1 1
staticfield jdk/internal/misc/Unsafe theUnsafe Ljdk/internal/misc/Unsafe; jdk/internal/misc/Unsafe
staticfield jdk/internal/misc/Unsafe ARRAY_BOOLEAN_BASE_OFFSET I 16
staticfield jdk/internal/misc/Unsafe ARRAY_BYTE_BASE_OFFSET I 16
staticfield jdk/internal/misc/Unsafe ARRAY_SHORT_BASE_OFFSET I 16
staticfield jdk/internal/misc/Unsafe ARRAY_CHAR_BASE_OFFSET I 16
staticfield jdk/internal/misc/Unsafe ARRAY_INT_BASE_OFFSET I 16
staticfield jdk/internal/misc/Unsafe ARRAY_LONG_BASE_OFFSET I 16
staticfield jdk/internal/misc/Unsafe ARRAY_FLOAT_BASE_OFFSET I 16
staticfield jdk/internal/misc/Unsafe ARRAY_DOUBLE_BASE_OFFSET I 16
staticfield jdk/internal/misc/Unsafe ARRAY_OBJECT_BASE_OFFSET I 16
staticfield jdk/internal/misc/Unsafe ARRAY_BOOLEAN_INDEX_SCALE I 1
staticfield jdk/internal/misc/Unsafe ARRAY_BYTE_INDEX_SCALE I 1
staticfield jdk/internal/misc/Unsafe ARRAY_SHORT_INDEX_SCALE I 2
staticfield jdk/internal/misc/Unsafe ARRAY_CHAR_INDEX_SCALE I 2
staticfield jdk/internal/misc/Unsafe ARRAY_INT_INDEX_SCALE I 4
staticfield jdk/internal/misc/Unsafe ARRAY_LONG_INDEX_SCALE I 8
staticfield jdk/internal/misc/Unsafe ARRAY_FLOAT_INDEX_SCALE I 4
staticfield jdk/internal/misc/Unsafe ARRAY_DOUBLE_INDEX_SCALE I 8
staticfield jdk/internal/misc/Unsafe ARRAY_OBJECT_INDEX_SCALE I 4
staticfield jdk/internal/misc/Unsafe ADDRESS_SIZE I 8
ciInstanceKlass jdk/internal/module/Modules 1 1 504 10 100 12 1 1 1 9 7 12 1 1 1 11 7 12 1 1 1 11 12 1 1 11 12 1 1 11 12 1 1 11 12 1 11 12 1 11 12 1 11 12 1 11 12 1 1 10 100 12 1 1 1 10 100 12 1 1 1 18 12 1 1 10 100 12 1 1 1 100 1 10 100 12 1 1 1 10 100 12 1 1 1 10 100 12 1 1 10 12 1 1 11 12 1 9 12 1 1 11 7 12 1 1 1 10 12 1 1 10 10 12 1 10 9 12 1 1 10 100 12 1 1 10 12 1 1 10 100 12 1 1 100 1 11 100 12 1 1 1 10 100 12 1 1 1 11 100 12 1 1 10 12 1 1 10 100 12 1 1 10 100 12 1 1 1 10 12 1 1 10 12 1 1 11 12 1 1 18 12 1 1 11 100 12 1 1 10 100 12 1 1 1 11 100 12 1 1 1 100 1 11 12 1 1 11 100 12 1 1 1 11 12 1 1 10 12 1 1 10 100 12 1 1 18 12 1 1 11 12 1 1 18 12 1 1 11 12 1 1 10 12 1 18 18 10 12 1 1 9 12 1 1 11 100 12 1 1 1 100 1 10 11 12 1 11 12 1 1 11 12 1 1 10 100 1 10 12 1 1 10 100 12 1 1 10 12 1 1 11 12 10 12 1 1 100 1 10 18 12 1 10 12 1 1 100 1 8 1 10 12 1 10 100 12 1 1 18 12 1 11 11 12 10 12 1 10 10 100 1 18 12 1 10 10 10 7 12 1 1 10 7 12 1 1 1 10 12 1 1 1 1 1 1 1 1 1 1 1 1 1 1 1 1 1 1 1 1 1 1 1 1 1 1 1 1 1 1 1 1 1 100 1 1 1 1 1 1 1 1 1 1 1 1 1 1 1 1 1 1 1 1 1 1 1 1 1 1 1 1 1 1 1 1 1 1 1 100 1 1 1 1 1 1 1 1 1 1 1 1 1 1 1 1 1 1 1 1 1 1 1 16 15 10 12 1 16 16 15 10 12 1 16 1 16 1 15 10 12 1 16 1 16 1 15 10 12 16 1 15 10 16 1 15 10 12 16 1 15 10 12 16 15 10 12 16 15 10 12 15 10 100 12 1 1 1 1 1 1 100 1 100 1 1
staticfield jdk/internal/module/Modules JLA Ljdk/internal/access/JavaLangAccess; java/lang/System$2
staticfield jdk/internal/module/Modules JLMA Ljdk/internal/access/JavaLangModuleAccess; java/lang/module/ModuleDescriptor$1
staticfield jdk/internal/module/Modules $assertionsDisabled Z 1
ciInstanceKlass java/lang/AutoCloseable 1 0 12 100 1 100 1 1 1 1 100 1 1 1
ciInstanceKlass java/io/Closeable 1 0 14 100 1 100 1 100 1 1 1 1 100 1 1 1
instanceKlass sun/security/ssl/SSLSocketImpl$AppInputStream
instanceKlass sun/nio/ch/NioSocketImpl$1
instanceKlass java/net/Socket$SocketInputStream
instanceKlass jdk/nio/zipfs/ZipFileSystem$EntryInputStream
instanceKlass java/io/ObjectInputStream
instanceKlass sun/nio/ch/ChannelInputStream
instanceKlass java/util/zip/ZipFile$ZipFileInputStream
instanceKlass java/io/FilterInputStream
instanceKlass java/io/FileInputStream
instanceKlass java/io/ByteArrayInputStream
ciInstanceKlass java/io/InputStream 1 1 195 100 1 10 7 12 1 1 1 100 1 10 10 7 12 1 1 1 10 7 12 1 1 1 10 12 1 100 1 3 10 12 1 1 100 1 8 1 10 12 1 10 7 12 1 1 1 3 100 1 8 1 10 10 7 12 1 1 1 7 1 10 11 7 12 1 1 1 10 12 1 1 11 12 1 1 11 7 12 1 1 1 11 12 1 1 7 1 10 7 12 1 1 1 5 0 10 12 1 10 12 1 1 100 1 10 8 1 10 8 1 8 1 10 12 1 1 10 100 12 1 1 1 100 1 5 0 10 12 1 100 1 100 1 1 1 1 3 1 3 1 1 1 1 1 1 1 1 1 1 1 1 1 1 1 1 1 1 1 1 1 1 1 1 1 1 1 1 1 1 1 1 1 1 1 1 1 1 1 1 1 1 1 1 1 1 1 1 1 1 1 1 1 1 1
ciInstanceKlass java/io/ByteArrayInputStream 1 1 117 10 7 12 1 1 1 9 7 12 1 1 1 9 12 1 1 9 12 1 9 12 1 10 100 12 1 1 1 10 7 12 1 1 1 10 7 12 1 1 1 10 7 12 1 1 1 10 12 1 1 3 10 100 1 10 100 12 1 1 1 9 12 1 1 100 1 10 10 7 12 1 1 1 1 1 1 1 1 1 1 1 1 1 1 1 1 1 1 1 1 1 1 1 1 1 1 1 1 1 1 1 100 1 1 1 1 1 1 1 1 1 1 1 1 1 1
staticfield java/io/ByteArrayInputStream $assertionsDisabled Z 1
ciInstanceKlass java/net/URL 1 1 771 10 7 12 1 1 1 10 12 1 10 7 12 1 1 9 12 1 1 9 12 1 10 7 12 1 1 1 10 12 1 1 10 12 1 1 9 12 1 1 10 7 12 1 1 1 8 1 10 12 1 1 100 1 10 10 12 1 1 8 1 10 12 1 1 9 12 1 100 1 8 1 10 12 1 10 12 1 8 1 9 12 1 10 12 1 1 9 12 1 10 12 1 10 12 1 9 12 1 9 12 1 8 1 9 12 1 10 12 1 1 8 1 9 12 1 1 10 12 1 1 10 7 12 1 1 1 8 1 10 12 1 7 1 10 12 1 10 12 1 10 12 1 10 12 1 1 10 12 1 1 8 1 10 12 1 1 10 12 1 8 1 9 12 1 8 1 10 12 1 10 7 12 1 1 1 100 1 10 12 1 10 12 1 1 10 7 12 1 1 1 100 1 8 1 10 10 12 1 8 1 10 12 1 1 10 12 1 10 12 1 10 12 1 10 12 1 10 12 1 10 12 1 8 1 10 12 1 8 1 10 10 100 1 10 10 12 1 8 1 10 7 12 1 1 1 10 12 1 9 100 12 1 1 1 10 100 12 1 1 1 9 12 1 1 10 12 1 10 100 12 1 1 1 100 1 100 1 10 12 1 10 12 1 10 12 1 10 12 1 10 12 1 10 12 10 10 12 1 10 12 1 10 12 1 1 8 1 9 100 12 1 1 1 10 100 12 1 1 1 10 12 1 1 9 100 12 1 1 1 10 12 1 1 100 1 10 12 1 10 12 1 10 10 12 1 1 10 12 1 1 10 12 1 10 12 1 10 12 1 10 7 12 1 1 1 10 12 1 1 10 12 1 9 12 1 1 9 12 1 1 100 1 8 1 10 10 12 1 9 12 1 1 10 7 12 1 1 8 1 10 7 12 1 1 8 1 10 12 1 1 10 12 1 8 1 8 1 10 7 12 1 1 1 100 1 10 100 12 1 1 1 10 12 1 10 12 1 7 1 10 9 7 12 1 1 1 10 7 12 1 1 10 12 1 1 10 12 1 8 1 7 1 10 10 7 12 1 1 1 10 12 1 8 9 100 12 1 1 1 10 12 1 1 10 12 1 10 12 1 1 10 7 12 1 1 11 7 12 1 1 10 12 1 10 12 1 9 12 1 10 12 1 1 10 100 12 1 1 10 100 12 1 1 1 8 10 100 12 1 1 100 1 10 8 8 10 12 1 8 8 8 100 1 10 12 1 9 12 1 1 10 12 1 10 12 1 1 10 12 1 10 12 10 12 1 1 10 12 1 1 10 10 10 12 1 10 12 1 10 12 1 10 12 1 10 12 1 10 10 12 1 100 1 8 1 10 10 10 12 1 1 10 12 1 10 12 1 1 8 1 7 1 10 10 7 1 10 12 1 9 7 12 1 1 1 9 12 1 1 7 1 10 10 7 12 1 1 1 100 1 1 1 1 1 5 0 1 1 1 1 1 1 1 1 1 1 1 1 1 1 1 1 1 1 1 1 1 1 1 1 1 1 1 1 1 1 1 1 1 1 1 1 1 1 1 1 1 1 1 1 1 1 1 1 100 1 1 1 1 1 1 1 1 1 1 1 1 1 1 1 1 1 1 1 1 1 1 1 1 1 1 1 1 1 1 1 1 1 1 1 1 1 100 1 1 1 1 1 1 1 1 1 1 1 1 1 1 1 1 1 100 1 1 1 1 1 1 1 1 1 1 1 1 1 1 1 1 1 1 1
staticfield java/net/URL defaultFactory Ljava/net/URLStreamHandlerFactory; java/net/URL$DefaultFactory
staticfield java/net/URL streamHandlerLock Ljava/lang/Object; java/lang/Object
staticfield java/net/URL serialPersistentFields [Ljava/io/ObjectStreamField; 7 [Ljava/io/ObjectStreamField;
instanceKlass io/ballerina/persist/utils/JdbcDriverLoader
instanceKlass org/ballerinalang/bindgen/utils/ChildFirstClassLoader
instanceKlass io/ballerina/cli/launcher/CustomToolClassLoader
ciInstanceKlass java/net/URLClassLoader 0 0 600 10 100 12 1 1 1 100 1 10 12 1 9 100 12 1 1 1 10 100 12 1 1 1 9 12 1 1 100 1 10 12 1 9 12 1 1 10 12 1 10 10 12 1 10 100 12 1 1 1 10 12 1 1 10 100 12 1 1 1 10 100 12 1 1 1 100 1 10 12 1 1 10 12 1 1 10 12 1 1 100 1 100 1 10 100 12 1 1 1 100 1 8 1 10 12 1 10 100 12 1 1 1 10 12 1 1 10 12 1 1 11 100 12 1 1 1 11 100 12 1 1 1 11 12 1 1 100 1 11 12 1 11 100 12 1 1 10 12 1 11 12 1 11 12 1 1 11 10 12 1 1 10 12 1 1 10 12 1 1 100 1 10 12 1 10 12 1 1 100 1 100 1 10 12 1 1 100 1 10 10 12 1 1 10 100 12 1 1 10 12 1 100 1 100 1 10 8 1 10 12 1 1 8 1 10 12 1 1 10 10 12 1 8 1 8 1 10 12 1 1 10 100 12 1 1 1 10 100 12 1 1 1 10 12 1 1 10 12 1 1 10 12 1 1 10 12 1 10 12 1 100 1 100 1 8 1 10 12 1 10 12 1 1 10 12 1 1 100 1 10 12 1 10 100 12 1 1 1 10 12 1 1 10 12 1 1 10 12 1 1 10 12 1 10 100 12 1 1 1 10 12 1 1 8 1 10 12 1 1 11 100 12 1 1 1 9 100 12 1 1 1 10 100 12 1 1 1 9 12 1 9 12 1 9 12 1 9 12 1 9 12 1 9 12 1 10 100 12 1 1 1 8 1 10 12 1 1 100 1 10 10 12 1 10 12 1 1 10 12 1 1 100 1 10 12 1 10 12 1 1 10 12 1 10 12 1 1 100 1 10 100 12 1 1 9 100 12 1 1 1 10 12 1 8 1 100 1 8 1 10 12 1 10 12 1 8 1 10 12 1 10 12 1 9 12 1 1 10 100 12 1 1 10 12 1 10 12 1 10 100 1 8 1 10 100 1 10 12 1 10 100 12 1 100 1 10 12 1 10 12 1 100 1 10 10 100 12 1 1 1 1 1 1 1 1 1 1 1 1 1 1 1 1 1 1 1 1 1 1 1 1 1 1 1 1 1 1 1 1 1 1 1 1 1 100 1 100 1 100 1 100 1 1 1 1 1 1 1 1 1 1 1 1 1 1 1 1 1 1 1 1 1 1 1 1 1 1 1 1 1 1 1 1 1 1 1 1 1 1 1 1 1 1 1 1 1 1 100 1 1 1 1 1 1 1 1 1 1 1 1 1 1 1 1 1 1 1 1 1 1 1 1 1 1 1 1 1 1 1 1 1 1 1 1 1 100 1 1 1
instanceKlass io/ballerina/projects/SemanticVersion$VersionCompatibilityResult
instanceKlass sun/security/ssl/Alert$Level
instanceKlass sun/security/ssl/Alert
instanceKlass okhttp3/internal/http2/ErrorCode
instanceKlass javax/net/ssl/SSLEngineResult$HandshakeStatus
instanceKlass sun/security/ssl/Finished$VerifyDataScheme
instanceKlass sun/security/validator/CADistrustPolicy
instanceKlass sun/security/provider/certpath/OCSP$RevocationStatus$CertStatus
instanceKlass sun/security/provider/certpath/ResponderId$Type
instanceKlass java/security/cert/CRLReason
instanceKlass sun/security/provider/certpath/OCSPResponse$ResponseStatus
instanceKlass sun/security/ssl/SSLTrafficKeyDerivation$KeySchedule
instanceKlass sun/security/ssl/SSLTrafficKeyDerivation
instanceKlass sun/security/ssl/SSLSecretDerivation$SecretSchedule
instanceKlass sun/security/ssl/ContentType
instanceKlass sun/security/ssl/SSLKeyExchange$T12KeyAgreement
instanceKlass sun/security/ssl/PskKeyExchangeModesExtension$PskKeyExchangeMode
instanceKlass sun/security/ssl/ECPointFormatsExtension$ECPointFormat
instanceKlass sun/security/ssl/CertStatusExtension$CertStatusRequestType
instanceKlass sun/security/ssl/SSLExtension
instanceKlass sun/security/ssl/SignatureScheme$SigAlgParamSpec
instanceKlass sun/security/ssl/SignatureScheme
instanceKlass sun/security/ssl/ClientAuthType
instanceKlass sun/security/ssl/SSLHandshake
instanceKlass jdk/internal/icu/util/CodePointTrie$ValueWidth
instanceKlass jdk/internal/icu/util/CodePointTrie$Type
instanceKlass java/text/Normalizer$Form
instanceKlass sun/security/ssl/NamedGroup
instanceKlass sun/security/ssl/NamedGroup$NamedGroupSpec
instanceKlass sun/security/ssl/CipherSuite$KeyExchange
instanceKlass sun/security/ssl/CipherSuite$MacAlg
instanceKlass sun/security/ssl/CipherSuite$HashAlg
instanceKlass sun/security/ssl/CipherType
instanceKlass sun/security/ssl/SSLCipher
instanceKlass sun/security/ssl/CipherSuite
instanceKlass java/security/CryptoPrimitive
instanceKlass sun/security/util/DisabledAlgorithmConstraints$Constraint$Operator
instanceKlass sun/security/ssl/ProtocolVersion
instanceKlass sun/security/rsa/RSAUtil$KeyType
instanceKlass java/net/Proxy$Type
instanceKlass okhttp3/TlsVersion
instanceKlass okhttp3/Protocol
instanceKlass org/ballerinalang/central/client/model/PackageResolutionRequest$Mode
instanceKlass io/ballerina/projects/util/ProjectUtils$CompatibleRange
instanceKlass io/ballerina/projects/internal/ModuleResolver$DirectPackageDependencyKind
instanceKlass io/ballerina/projects/internal/PackageDependencyGraphBuilder$NodeStatus
instanceKlass io/ballerina/compiler/internal/parser/TypePrecedence
instanceKlass io/ballerina/compiler/internal/diagnostics/DiagnosticErrorCode
instanceKlass io/ballerina/compiler/internal/parser/ParserRuleContext
instanceKlass io/ballerina/compiler/internal/parser/OperatorPrecedence
instanceKlass io/ballerina/compiler/syntax/tree/SyntaxKind
instanceKlass io/ballerina/compiler/internal/parser/KeywordMode
instanceKlass io/ballerina/compiler/internal/parser/ParserMode
instanceKlass io/ballerina/projects/BuildOptions$OptionName
instanceKlass org/apache/commons/text/translate/NumericEntityUnescaper$OPTION
instanceKlass org/apache/commons/lang3/Range$ComparableComparator
instanceKlass org/ballerinalang/model/tree/OperatorKind
instanceKlass org/ballerinalang/model/elements/AttachPoint$Point
instanceKlass org/wso2/ballerinalang/compiler/semantics/model/symbols/SchedulerPolicy
instanceKlass org/wso2/ballerinalang/compiler/bir/writer/CPEntry$Type
instanceKlass io/ballerina/projects/ModuleCompilationState
instanceKlass io/ballerina/tools/diagnostics/DiagnosticSeverity
instanceKlass io/ballerina/projects/internal/BlendedManifest$DependencyOrigin
instanceKlass io/ballerina/projects/internal/BlendedManifest$DependencyRelation
instanceKlass io/ballerina/projects/environment/ResolutionResponse$ResolutionStatus
instanceKlass io/ballerina/projects/ProjectKind
instanceKlass java/nio/file/FileTreeWalker$EventType
instanceKlass java/nio/file/FileVisitOption
instanceKlass com/google/gson/ReflectionAccessFilter$FilterResult
instanceKlass sun/util/locale/provider/LocaleProviderAdapter$Type
instanceKlass io/ballerina/projects/environment/PackageLockingMode
instanceKlass io/ballerina/projects/DependencyResolutionType
instanceKlass io/ballerina/projects/PackageDependencyScope
instanceKlass com/github/zafarkhaja/semver/VersionParser$CharType
instanceKlass org/wso2/ballerinalang/compiler/util/BArrayState
instanceKlass org/ballerinalang/model/types/TypeKind
instanceKlass java/math/RoundingMode
instanceKlass org/ballerinalang/model/symbols/SymbolKind
instanceKlass io/ballerina/compiler/api/symbols/DiagnosticState
instanceKlass org/ballerinalang/model/symbols/SymbolOrigin
instanceKlass io/ballerina/types/CellAtomicType$CellMutability
instanceKlass java/lang/invoke/MethodHandleImpl$ArrayAccess
instanceKlass io/ballerina/types/Atom$Kind
instanceKlass org/ballerinalang/model/elements/Flag
instanceKlass org/ballerinalang/compiler/CompilerPhase
instanceKlass org/ballerinalang/compiler/CompilerOptionName
instanceKlass io/ballerina/toml/validator/schema/Type
instanceKlass com/google/gson/stream/JsonToken
instanceKlass com/google/gson/ToNumberPolicy
instanceKlass com/google/gson/FieldNamingPolicy
instanceKlass com/google/gson/LongSerializationPolicy
instanceKlass picocli/CommandLine$ParseResult$GroupValidationResult$Type
instanceKlass picocli/CommandLine$LookBehind
instanceKlass java/util/Comparators$NaturalOrderComparator
instanceKlass io/swagger/v3/oas/models/PathItem$HttpMethod
instanceKlass io/ballerina/openapi/cmd/SubCmdBase$CommandType
instanceKlass io/ballerina/openapi/cmd/CmdConstants$Mode
instanceKlass io/ballerina/projects/JvmTarget
instanceKlass java/nio/file/attribute/PosixFilePermission
instanceKlass java/util/stream/MatchOps$MatchKind
instanceKlass io/ballerina/toml/semantic/TomlType
instanceKlass io/ballerina/toml/internal/parser/tree/STNodeFlags
instanceKlass io/ballerina/toml/syntax/tree/SyntaxKind
instanceKlass io/ballerina/toml/internal/parser/ParserRuleContext
instanceKlass io/ballerina/toml/internal/parser/ParserMode
instanceKlass java/nio/file/AccessMode
instanceKlass picocli/CommandLine$Help$Visibility
instanceKlass java/time/format/TextStyle
instanceKlass java/time/format/DateTimeFormatterBuilder$SettingsParser
instanceKlass java/time/format/ResolverStyle
instanceKlass java/time/format/SignStyle
instanceKlass java/time/temporal/JulianFields$Field
instanceKlass java/time/temporal/IsoFields$Unit
instanceKlass java/time/temporal/IsoFields$Field
instanceKlass java/time/chrono/IsoEra
instanceKlass java/time/DayOfWeek
instanceKlass java/time/Month
instanceKlass java/time/temporal/ChronoUnit
instanceKlass java/time/temporal/ChronoField
instanceKlass picocli/CommandLine$Help$Ansi$Style
instanceKlass picocli/CommandLine$Help$Ansi
instanceKlass picocli/CommandLine$TraceLevel
instanceKlass java/net/StandardProtocolFamily
instanceKlass jdk/internal/util/OperatingSystem
instanceKlass java/security/DrbgParameters$Capability
instanceKlass sun/security/util/KnownOIDs
instanceKlass java/lang/StackWalker$Option
instanceKlass java/io/ObjectInputFilter$Status
instanceKlass com/sun/management/VMOption$Origin
instanceKlass com/sun/management/HotSpotDiagnosticMXBean$ThreadDumpFormat
instanceKlass java/util/Locale$Category
instanceKlass java/util/regex/Pattern$Qtype
instanceKlass java/lang/management/MemoryType
instanceKlass java/lang/reflect/ProxyGenerator$PrimitiveTypeInfo
instanceKlass java/lang/annotation/RetentionPolicy
instanceKlass java/lang/annotation/ElementType
instanceKlass sun/util/logging/PlatformLogger$Level
instanceKlass java/lang/System$Logger$Level
instanceKlass jdk/internal/logger/BootstrapLogger$LoggingBackend
instanceKlass java/util/zip/ZipCoder$Comparison
instanceKlass java/nio/file/LinkOption
instanceKlass sun/nio/fs/WindowsPathType
instanceKlass java/nio/file/StandardOpenOption
instanceKlass java/util/stream/Collector$Characteristics
instanceKlass java/util/stream/StreamShape
instanceKlass java/util/concurrent/TimeUnit
instanceKlass java/lang/invoke/MethodHandles$Lookup$ClassOption
instanceKlass java/lang/invoke/VarHandle$AccessType
instanceKlass java/lang/invoke/VarHandle$AccessMode
instanceKlass java/lang/invoke/MethodHandleImpl$Intrinsic
instanceKlass java/lang/invoke/LambdaForm$BasicType
instanceKlass java/lang/invoke/LambdaForm$Kind
instanceKlass sun/invoke/util/Wrapper
instanceKlass java/util/stream/StreamOpFlag$Type
instanceKlass java/util/stream/StreamOpFlag
instanceKlass java/io/File$PathStatus
instanceKlass java/lang/module/ModuleDescriptor$Requires$Modifier
instanceKlass java/lang/reflect/AccessFlag$Location
instanceKlass java/lang/reflect/AccessFlag
instanceKlass java/lang/module/ModuleDescriptor$Modifier
instanceKlass java/lang/reflect/ClassFileFormatVersion
instanceKlass java/lang/Thread$State
ciInstanceKlass java/lang/Enum 1 1 204 9 7 12 1 1 1 9 12 1 1 10 7 12 1 1 1 9 12 1 10 7 12 1 1 1 100 1 10 10 12 1 1 10 12 1 100 1 10 10 7 12 1 1 10 12 1 1 18 12 1 1 10 100 12 1 1 1 10 12 1 1 11 7 12 1 1 1 100 1 8 1 10 12 1 100 1 100 1 10 8 1 10 12 1 1 10 12 1 1 8 1 10 12 1 10 100 1 8 1 10 10 12 1 1 10 100 12 1 1 1 100 1 100 1 100 1 1 1 1 1 1 1 1 1 1 1 1 1 1 1 1 1 1 1 1 1 1 1 1 1 1 1 1 1 1 1 1 1 1 1 1 1 1 1 1 1 1 1 1 1 1 1 3 1 1 1 1 100 1 100 1 1 100 1 1 1 1 1 1 1 1 1 1 1 16 15 10 12 16 15 10 100 12 1 1 1 1 1 100 1 100 1 1
ciInstanceKlass java/util/jar/Manifest 1 1 339 10 7 12 1 1 1 7 1 10 9 7 12 1 1 1 7 1 10 9 12 1 1 9 12 1 1 10 12 1 10 12 1 1 10 12 1 1 10 12 1 1 10 12 1 1 11 7 1 11 12 1 1 10 12 1 1 10 100 12 1 1 1 100 1 100 1 10 8 1 10 12 1 1 10 12 1 1 10 12 1 10 12 1 11 100 1 10 12 1 10 12 1 1 11 12 1 1 10 12 1 11 12 1 1 11 100 12 1 1 1 11 100 12 1 1 11 12 1 1 100 1 10 12 1 8 1 11 12 1 100 1 10 12 1 1 11 12 1 10 12 1 10 12 1 10 100 12 1 1 1 8 1 10 12 1 1 10 9 100 12 1 1 1 10 12 1 1 10 100 12 1 10 12 1 10 12 1 9 100 12 1 1 1 8 1 10 12 1 8 1 8 1 7 1 10 12 1 10 12 1 10 12 1 1 100 1 8 1 10 12 1 1 8 1 10 10 12 1 1 8 1 10 12 1 1 10 100 12 1 1 1 10 12 1 10 11 12 1 1 10 12 1 10 100 12 1 1 1 10 12 1 1 10 12 1 10 12 1 1 11 10 12 1 11 10 12 1 100 1 1 1 1 1 1 1 1 1 1 1 1 1 1 1 1 1 1 1 1 1 1 1 1 1 1 1 1 1 1 1 1 1 1 1 1 1 1 1 1 1 1 1 100 1 1 1 1 1 1 1 1 1 1 1 1 1 1 100 1 1 1 1 1 1 1 1 1 1 1
instanceKlass jdk/internal/loader/ClassLoaders$BootClassLoader
instanceKlass jdk/internal/loader/ClassLoaders$PlatformClassLoader
instanceKlass jdk/internal/loader/ClassLoaders$AppClassLoader
ciInstanceKlass jdk/internal/loader/BuiltinClassLoader 1 1 737 9 7 12 1 1 1 10 7 12 1 1 1 10 7 12 1 1 1 9 12 1 1 9 12 1 1 7 1 10 12 1 9 12 1 10 12 1 9 12 1 10 7 12 1 1 1 10 7 12 1 1 1 10 7 12 1 1 1 11 7 12 1 1 1 100 1 100 1 10 10 12 1 1 8 1 10 12 1 10 12 7 1 10 12 1 10 12 1 1 11 7 12 1 1 1 11 7 12 1 1 1 11 12 1 1 7 1 8 1 8 1 10 9 12 1 1 10 7 12 1 1 11 12 1 1 10 12 1 1 10 12 1 1 10 12 1 1 10 7 12 1 1 1 10 12 1 10 7 12 1 1 1 10 12 1 1 11 7 12 1 1 1 10 7 12 1 1 7 1 10 7 12 1 1 1 10 12 1 100 1 8 1 10 12 1 1 10 8 1 10 12 1 1 10 12 1 1 10 12 1 1 11 7 12 1 1 11 12 1 7 1 10 11 12 1 1 11 10 12 1 1 7 1 10 12 1 10 7 12 1 10 12 1 7 1 10 12 1 10 7 12 1 1 1 100 1 10 12 1 1 11 12 1 100 1 100 1 10 12 1 10 12 1 1 100 1 100 1 10 12 1 10 12 1 18 12 1 1 10 12 1 10 12 1 1 18 100 1 10 7 12 1 1 1 7 1 10 10 12 1 1 10 12 1 1 10 12 1 1 10 12 1 9 12 1 1 100 1 10 10 12 1 1 10 12 1 1 10 12 1 10 12 10 12 1 1 10 12 1 1 10 12 1 1 10 12 1 10 12 1 1 18 12 1 7 1 10 12 1 1 10 12 1 10 12 1 1 10 12 1 100 1 10 12 1 7 1 10 12 1 10 7 12 1 1 1 10 12 1 11 12 1 7 1 10 12 1 7 1 100 1 10 12 1 10 12 1 11 12 1 1 10 12 1 1 10 12 1 1 10 12 1 1 10 12 1 1 10 12 1 10 12 1 10 12 1 10 12 1 8 1 10 12 1 1 10 7 12 1 1 10 12 1 100 1 8 1 8 1 10 10 12 1 8 1 8 1 10 7 12 1 1 1 11 7 12 1 1 1 9 7 12 1 1 1 10 7 12 1 1 1 9 12 1 9 12 1 9 12 1 9 12 1 9 12 1 9 12 1 10 7 12 1 1 1 8 1 10 12 1 7 1 10 12 1 1 10 12 1 7 1 10 11 12 1 1 10 12 10 12 1 10 12 1 100 1 10 12 1 10 12 1 10 10 12 1 10 7 12 1 1 8 1 10 7 12 1 1 10 12 1 1 1 1 1 1 1 1 1 1 1 1 1 1 1 1 1 1 1 1 1 1 1 1 1 1 1 1 1 1 1 1 1 1 1 1 1 1 1 1 1 1 1 1 1 1 1 1 1 1 1 1 1 1 1 1 100 1 1 1 1 1 1 1 1 1 1 1 1 1 1 1 1 1 1 100 1 100 1 1 1 1 1 1 1 1 1 1 1 1 1 1 1 1 1 1 1 1 1 1 1 1 1 1 1 1 1 1 1 1 1 1 1 1 1 1 1 1 1 1 1 1 1 1 1 1 1 1 1 100 1 1 16 15 10 12 16 15 10 12 16 15 10 12 16 1 15 10 100 12 1 1 1 1 1 100 1 1 1 1 1 100 1 100 1 1
staticfield jdk/internal/loader/BuiltinClassLoader packageToModule Ljava/util/Map; java/util/concurrent/ConcurrentHashMap
staticfield jdk/internal/loader/BuiltinClassLoader $assertionsDisabled Z 1
ciInstanceKlass jdk/internal/loader/ClassLoaders 1 1 183 10 100 12 1 1 1 10 7 12 1 1 1 10 12 1 1 10 100 12 1 1 1 9 7 12 1 1 1 9 12 1 1 9 12 1 1 7 1 11 100 12 1 1 1 100 1 11 12 1 1 11 12 1 1 10 100 12 1 1 1 10 100 12 1 1 1 100 1 100 1 10 7 12 1 1 1 9 12 1 1 10 12 1 1 7 1 10 12 1 1 10 12 1 7 1 8 1 10 7 12 1 1 1 10 12 1 1 7 1 10 12 1 10 12 1 10 12 1 8 1 10 7 12 1 1 8 1 8 1 10 12 1 7 1 10 12 1 10 12 1 10 12 1 1 1 1 1 1 1 1 1 1 1 1 1 1 1 1 1 1 1 1 100 1 1 1 1 1 1 1 1 1 1 1 1 1 1 1 1 1 1 1
staticfield jdk/internal/loader/ClassLoaders JLA Ljdk/internal/access/JavaLangAccess; java/lang/System$2
staticfield jdk/internal/loader/ClassLoaders BOOT_LOADER Ljdk/internal/loader/ClassLoaders$BootClassLoader; jdk/internal/loader/ClassLoaders$BootClassLoader
staticfield jdk/internal/loader/ClassLoaders PLATFORM_LOADER Ljdk/internal/loader/ClassLoaders$PlatformClassLoader; jdk/internal/loader/ClassLoaders$PlatformClassLoader
staticfield jdk/internal/loader/ClassLoaders APP_LOADER Ljdk/internal/loader/ClassLoaders$AppClassLoader; jdk/internal/loader/ClassLoaders$AppClassLoader
ciInstanceKlass jdk/internal/loader/ClassLoaders$AppClassLoader 1 1 119 8 1 10 7 12 1 1 1 10 7 12 1 1 1 10 100 12 1 1 1 10 12 1 1 10 100 12 1 1 1 10 12 1 1 10 12 1 1 7 1 8 1 10 12 10 7 12 1 1 1 10 100 12 1 1 10 12 1 1 10 12 1 1 10 7 12 1 1 1 100 1 10 12 1 1 1 1 1 1 1 1 1 1 1 1 1 1 1 1 1 1 1 1 1 100 1 1 1 1 1 1 1 1 1 1 1 1 1 1 1 1 1 1 1 100 1 1 1
ciInstanceKlass jdk/internal/loader/ClassLoaders$PlatformClassLoader 1 1 42 8 1 10 7 12 1 1 1 10 7 12 1 1 1 100 1 10 12 1 100 1 1 1 1 1 1 1 1 1 1 1 1 1 1 100 1 1 1 100 1 1
ciInstanceKlass java/security/CodeSource 1 1 398 10 7 12 1 1 1 9 7 12 1 1 1 9 12 1 1 9 12 1 1 9 12 1 1 10 7 12 1 1 1 9 12 1 1 10 100 12 1 1 10 100 10 100 12 1 1 1 10 100 12 1 1 1 10 12 1 1 100 1 10 10 100 12 1 1 1 10 100 12 1 1 1 10 12 1 1 100 1 10 12 1 1 10 12 1 1 10 12 1 1 10 12 1 10 10 10 12 1 1 10 100 12 1 1 1 10 12 1 10 12 1 10 12 1 8 1 10 12 1 10 12 1 10 12 1 1 10 12 1 8 1 10 12 1 1 10 100 1 10 10 12 1 1 8 1 10 12 1 10 12 1 10 12 1 8 1 8 1 9 12 1 1 100 1 8 1 10 12 1 10 12 1 1 8 1 10 12 1 8 1 8 1 8 1 10 100 12 1 1 10 12 1 1 10 12 1 10 12 1 1 10 12 1 1 10 12 1 1 100 1 100 1 10 12 1 10 12 10 12 1 1 10 100 12 1 1 10 12 1 100 1 10 12 10 100 12 1 1 1 10 8 1 10 12 1 10 12 1 10 12 1 1 100 1 10 12 1 1 100 1 100 1 8 1 8 1 10 10 12 1 1 10 100 12 1 1 1 100 1 10 12 10 12 1 1 11 100 12 1 1 10 10 12 1 11 10 12 1 8 1 100 1 10 12 1 10 12 1 1 10 12 1 11 12 1 1 100 1 1 1 1 5 0 1 1 1 1 1 1 1 1 1 1 1 1 1 1 1 1 1 1 1 1 1 1 1 1 1 1 1 1 1 1 1 1 1 1 1 1 1 1 1 1 1 1 1 1 1 1 1 1 1 1 1 1 1 1 1 1 1 1 1 1 1 1 1 1 1 1 100 1 1 1 1 1 1 1
ciInstanceKlass java/util/concurrent/ConcurrentMap 1 1 208 11 100 12 1 1 1 10 100 12 1 1 11 12 1 1 11 100 12 1 1 1 11 100 12 1 1 1 11 12 1 1 100 1 11 12 1 11 12 1 100 1 11 100 12 1 1 1 18 12 1 11 12 1 1 11 100 12 1 1 11 12 1 1 11 100 12 1 11 12 1 1 11 12 1 1 100 1 100 1 1 1 1 1 1 1 1 1 1 1 1 1 1 1 1 1 1 1 1 1 1 1 1 1 1 1 1 1 1 1 1 1 1 1 1 1 1 1 1 1 1 1 1 1 1 1 1 1 1 1 1 1 1 1 1 1 1 1 1 16 15 11 12 15 10 100 12 1 1 1 1 1 100 1 100 1 1 1 100 1 8 1 1 12 10 1 1 1 8 1 1 1 8 1 1 8 1 1 1 8 1 1 1 8 1 1 1 8 1 1 1 8 1 1 1 8 1 1 1 8 1 1 1 8 1 1 8 1
instanceKlass com/google/gson/internal/LinkedTreeMap
instanceKlass java/util/Collections$SingletonMap
instanceKlass java/util/concurrent/ConcurrentSkipListMap
instanceKlass java/util/TreeMap
instanceKlass java/util/IdentityHashMap
instanceKlass java/util/EnumMap
instanceKlass java/util/WeakHashMap
instanceKlass java/util/Collections$EmptyMap
instanceKlass sun/util/PreHashedMap
instanceKlass java/util/HashMap
instanceKlass java/util/ImmutableCollections$AbstractImmutableMap
instanceKlass java/util/concurrent/ConcurrentHashMap
ciInstanceKlass java/util/AbstractMap 1 1 196 10 7 12 1 1 1 10 7 12 1 1 1 11 7 12 1 1 1 10 11 12 1 1 11 7 12 1 1 1 11 12 1 1 7 1 11 12 1 10 12 1 1 11 12 1 100 1 10 11 12 1 11 7 1 10 12 1 1 11 12 1 9 12 1 1 100 1 10 12 1 9 12 1 1 100 1 10 11 11 12 1 1 11 12 1 100 1 100 1 11 12 1 8 1 100 1 10 10 12 1 1 8 1 10 12 1 10 12 1 1 10 12 1 1 1 1 1 1 1 1 1 1 1 1 1 1 1 1 1 1 1 1 1 1 1 1 1 1 1 1 1 1 1 1 1 1 1 1 1 1 1 1 100 1 1 1 1 1 1 1 100 1 1 1 1 1 1 1 1 1 100 1 1 1 1 1 1 1 1 1 100 1 100 1 100 1 100 1 100 1 1 1 1 1 1
ciInstanceKlass java/util/concurrent/ConcurrentHashMap 1 1 1210 7 1 7 1 3 10 12 1 1 3 100 1 10 7 12 1 1 1 100 1 10 100 12 1 1 1 100 1 11 12 1 1 11 12 1 11 12 1 1 9 12 1 1 9 12 1 1 9 12 1 10 7 12 1 1 1 7 1 10 12 1 1 10 12 1 1 10 7 12 1 1 1 4 10 12 1 9 12 1 10 12 1 1 100 1 10 5 0 10 12 1 10 12 1 1 5 0 10 12 1 1 10 12 1 9 12 1 1 10 12 1 1 9 12 1 9 12 1 1 10 12 1 1 9 12 1 10 12 1 1 9 12 1 1 10 12 1 1 100 1 10 100 1 10 12 1 10 12 1 1 10 12 1 1 10 12 1 1 10 12 1 10 12 1 1 10 12 1 1 100 1 10 12 1 1 7 1 100 1 8 1 10 12 1 10 12 1 1 10 12 1 1 11 7 12 1 1 10 12 1 1 11 12 1 1 11 7 12 1 1 1 11 7 12 1 1 1 11 12 1 7 1 11 12 1 11 12 1 10 12 1 1 10 12 1 1 9 12 1 1 10 100 12 1 1 1 9 10 12 1 1 9 12 1 10 12 1 1 5 0 9 12 1 1 7 1 10 12 1 9 12 1 1 7 1 10 12 1 9 12 1 7 1 10 100 1 10 10 12 1 1 8 1 10 12 1 10 12 1 1 11 100 1 10 12 1 10 100 12 1 1 1 8 1 10 100 12 1 1 1 8 1 10 12 1 8 1 10 12 1 10 12 1 1 10 100 12 1 1 10 12 1 10 12 1 10 12 1 9 12 1 9 10 12 1 9 12 1 1 11 100 12 1 1 1 11 7 12 1 1 1 100 1 10 12 11 100 12 1 1 10 11 7 12 1 10 12 1 100 1 10 12 1 100 1 10 10 9 7 12 1 1 1 10 12 3 10 100 12 1 1 9 12 1 10 12 1 1 9 12 1 1 9 12 1 10 12 1 1 10 100 12 1 1 9 12 1 9 7 12 1 1 10 12 1 1 10 12 1 3 9 12 1 9 12 1 10 12 1 1 7 1 9 3 9 12 1 100 1 10 12 1 9 12 1 10 12 1 9 12 1 10 12 1 9 12 1 10 100 12 1 1 1 100 10 12 1 100 1 5 0 10 100 12 1 1 100 1 10 12 1 1 10 12 1 10 12 1 100 1 10 12 1 10 100 1 100 1 10 10 12 1 10 100 1 10 12 1 10 100 1 10 12 1 10 100 1 10 12 1 1 100 1 10 12 1 10 10 12 1 100 1 10 12 1 10 10 12 1 100 1 10 12 1 10 100 1 10 12 1 10 100 1 10 12 1 10 100 1 10 12 1 10 100 1 10 12 1 10 100 1 10 12 1 10 100 1 10 12 1 10 100 1 10 12 1 10 100 1 10 10 100 1 10 10 100 1 10 10 100 1 10 12 1 10 100 1 10 12 1 10 100 1 10 12 1 10 100 1 10 12 1 10 100 1 10 12 1 10 100 1 10 10 100 1 10 10 100 1 10 10 100 1 10 12 1 10 100 1 10 12 1 10 100 1 10 12 1 10 100 1 10 12 1 10 100 1 10 12 1 10 10 12 1 10 7 12 1 1 1 10 12 1 7 1 7 1 10 12 1 9 12 1 1 9 12 1 1 10 12 1 1 8 10 12 1 1 8 8 8 8 7 10 12 1 1 10 12 1 100 1 8 1 10 7 1 100 1 100 1 1 1 5 0 1 1 3 1 3 1 1 1 1 3 1 3 1 3 1 1 1 1 1 3 1 3 1 3 1 1 1 1 1 1 1 1 1 1 1 1 1 1 1 1 1 1 1 1 1 1 1 1 1 100 1 1 1 1 1 1 1 1 1 1 1 1 1 1 1 1 1 1 1 1 1 1 1 1 1 1 1 1 1 1 1 1 1 1 1 1 1 1 1 1 1 1 1 1 1 1 1 1 1 1 1 1 1 1 1 1 1 1 1 1 1 1 1 1 1 1 1 1 1 1 1 1 1 1 1 1 1 1 1 1 1 1 1 1 100 1 1 1 1 1 1 1 1 1 1 1 100 1 1 1 1 1 1 1 1 1 1 1 1 1 1 1 1 1 1 1 1 1 1 1 1 1 1 1 1 1 1 1 1 1 1 1 1 1 1 1 1 1 1 1 1 1 1 1 1 1 1 1 1 1 1 1 1 1 1 1 1 1 1 1 1 1 1 1 1 1 1 1 1 1 1 1 1 1 1 1 1 1 1 1 1 1 1 1 1 1 1 1 1 1 1 1 1 1 1 1 1 1 1 1 1 1 1 1 1 1 1 1 1 1 1 1 1 1 1 1 1 1 1 1 1 1 1 1 1 1 1 1 1 1 1 1 1 1 1 1 1 1 1 1 1 1 1 1 1 1 1 1 1 1 1 1 1 1 1 1 1 1 1 1 1 1 1 1 1 1 1 1 1 1 1 1 1 1 1 1 1 1 1 1 1 1 1 1 1 1 1 1 1 1 1 1 1 1 1 1 1 1 1 1 1 1 1 1 1 1 1 1 1 1 1 1 1 1 1 1 1 1 1 1 100 1 100 1 100 1 100 1 100 1 100 1 100 1 100 1 100 1 1 1 1 1 1 1 1 1 1 1 1 1 1 1 1 1 1 1 1 1 1 1 1 1 1 1 1 1 1 1 1 1 1 1 1 1 1 1 1 1 1 1 1 1 1 1 1 1 1 1 1 1 1 1 1 1 1
staticfield java/util/concurrent/ConcurrentHashMap NCPU I 8
staticfield java/util/concurrent/ConcurrentHashMap serialPersistentFields [Ljava/io/ObjectStreamField; 3 [Ljava/io/ObjectStreamField;
staticfield java/util/concurrent/ConcurrentHashMap U Ljdk/internal/misc/Unsafe; jdk/internal/misc/Unsafe
staticfield java/util/concurrent/ConcurrentHashMap SIZECTL J 20
staticfield java/util/concurrent/ConcurrentHashMap TRANSFERINDEX J 32
staticfield java/util/concurrent/ConcurrentHashMap BASECOUNT J 24
staticfield java/util/concurrent/ConcurrentHashMap CELLSBUSY J 36
staticfield java/util/concurrent/ConcurrentHashMap CELLVALUE J 144
staticfield java/util/concurrent/ConcurrentHashMap ABASE I 16
staticfield java/util/concurrent/ConcurrentHashMap ASHIFT I 2
ciInstanceKlass java/lang/Iterable 1 1 62 10 7 12 1 1 1 11 7 12 1 1 1 11 7 12 1 1 1 11 12 1 1 11 7 12 1 1 1 10 7 12 1 1 1 100 1 1 1 1 1 1 1 1 1 1 1 1 1 1 1 1 1 1 1 1 1 1 1 1 1 1
ciInstanceKlass java/util/Collection 1 1 115 11 7 12 1 1 1 7 1 11 7 12 1 1 1 10 100 12 1 1 1 11 12 1 1 11 100 12 1 1 1 11 12 1 1 11 100 12 1 1 1 11 12 1 1 10 100 12 1 1 1 11 12 1 10 7 12 1 1 1 100 1 100 1 1 1 1 1 1 1 1 1 1 1 1 1 1 1 1 1 1 1 1 1 1 1 1 1 1 1 1 1 1 1 1 1 1 1 1 1 1 1 1 1 1 1 1 1 1 1 1 1 1 1 1
ciInstanceKlass java/util/SequencedCollection 1 1 109 100 1 10 12 1 1 11 100 12 1 1 1 11 100 12 1 1 1 11 12 1 1 11 12 1 100 1 100 1 1 1 1 1 1 1 1 1 1 1 1 1 1 1 1 1 1 1 1 1 1 1 1 1 1 1 1 1 100 1 8 1 1 12 10 1 1 1 8 1 1 1 8 1 1 1 8 1 1 1 8 1 1 8 1 1 1 8 1 1 8 1 1 1 8 1 1 8 1 1 1 8 1 1 8 1 1 8 1
ciInstanceKlass java/util/List 1 1 251 10 100 12 1 1 1 11 100 12 1 1 1 11 100 12 1 1 1 11 12 1 1 11 100 12 1 1 11 12 1 1 11 12 1 1 10 100 12 1 1 1 7 1 7 1 10 12 1 1 100 1 10 100 12 1 1 1 11 12 1 1 11 12 1 11 12 1 100 1 10 12 1 11 12 1 1 11 12 1 1 11 12 1 10 100 12 1 1 1 9 7 12 1 1 1 7 1 10 12 10 12 1 7 1 10 12 1 1 10 12 1 10 12 1 1 11 12 1 1 100 1 1 1 1 1 1 1 1 1 1 1 1 1 1 1 1 1 1 1 1 1 1 1 1 1 1 1 1 1 1 1 1 1 1 1 1 1 1 1 1 1 1 1 1 100 1 100 1 1 1 1 1 1 1 1 1 1 1 1 1 1 1 1 1 1 1 1 1 1 1 1 1 1 1 1 1 1 1 1 1 1 1 1 1 1 1 1 1 1 1 1 1 1 1 1 1 1 1 1 1 1 1 1 1 1 1 1 1 1 1 1 1 1 1 1 1 1 1 1 1 1 1 1 100 1 1 100 1 1 1
ciInstanceKlass java/util/RandomAccess 1 0 7 100 1 100 1 1 1
instanceKlass java/util/AbstractQueue
instanceKlass java/util/IdentityHashMap$Values
instanceKlass java/util/LinkedHashMap$LinkedValues
instanceKlass java/util/TreeMap$Values
instanceKlass java/util/HashMap$Values
instanceKlass java/util/ArrayDeque
instanceKlass java/util/AbstractSet
instanceKlass java/util/ImmutableCollections$AbstractImmutableCollection
instanceKlass java/util/AbstractList
ciInstanceKlass java/util/AbstractCollection 1 1 160 10 7 12 1 1 1 10 7 12 1 1 1 10 12 1 1 11 7 12 1 1 1 11 12 1 1 10 12 1 1 10 100 12 1 1 1 10 12 1 1 10 12 1 1 10 7 12 1 1 10 7 12 1 1 1 7 1 10 100 12 1 1 1 10 100 12 1 1 1 100 1 10 11 12 1 11 7 1 10 12 1 10 12 1 10 100 12 1 1 1 11 8 1 100 1 10 10 12 1 1 8 1 10 12 1 10 12 1 1 1 1 1 1 1 1 1 1 1 1 1 1 1 1 1 1 1 1 1 1 1 1 1 1 1 1 1 1 1 1 1 1 1 1 1 1 1 1 1 1 1 1 1 1 1 1 1 1 1 1
instanceKlass sun/security/jca/ProviderList$ServiceList
instanceKlass java/util/Collections$CopiesList
instanceKlass java/util/Vector
instanceKlass java/util/AbstractSequentialList
instanceKlass sun/security/jca/ProviderList$3
instanceKlass java/util/ArrayList$SubList
instanceKlass java/util/Collections$SingletonList
instanceKlass java/util/Arrays$ArrayList
instanceKlass java/util/Collections$EmptyList
instanceKlass java/util/ArrayList
ciInstanceKlass java/util/AbstractList 1 1 218 10 7 12 1 1 1 9 7 12 1 1 1 10 12 1 1 10 12 1 1 100 1 10 10 12 1 1 11 100 12 1 1 1 11 12 1 1 11 12 1 10 100 12 1 1 1 10 12 1 11 12 1 11 12 1 11 12 1 10 12 1 1 10 12 1 1 11 100 12 1 1 1 11 100 1 11 7 1 10 12 1 100 1 10 12 1 10 12 1 1 100 1 100 1 10 12 1 100 1 10 100 1 100 1 10 8 1 10 12 1 1 10 12 1 10 12 1 1 10 12 1 8 1 100 1 8 1 8 1 8 1 10 100 1 11 10 10 12 1 11 12 1 10 12 1 1 8 1 8 1 1 1 1 1 1 1 1 1 1 1 1 1 1 1 1 1 1 1 1 1 1 1 1 1 1 1 1 1 1 1 1 1 1 1 1 1 1 1 1 1 1 1 1 1 1 1 1 1 1 1 1 1 1 1 1 1 1 100 1 100 1 1 1 1 1 1 1
ciInstanceKlass java/util/ArrayList 1 1 509 10 7 12 1 1 1 7 1 9 7 12 1 1 1 9 12 1 100 1 100 1 10 8 1 10 12 1 1 10 12 1 10 12 1 1 10 12 1 9 12 1 11 7 12 1 1 1 9 12 1 1 11 12 1 1 7 10 7 12 1 1 1 9 12 1 10 12 1 10 12 1 1 10 7 12 1 1 1 10 7 12 1 1 1 10 12 1 1 10 12 1 1 10 12 1 1 10 12 1 10 12 1 1 100 1 100 1 10 12 1 10 10 7 12 1 1 1 10 7 12 1 1 10 12 1 100 1 10 10 12 10 12 1 1 10 12 1 1 10 12 1 10 12 10 12 1 1 100 1 10 12 1 1 10 12 1 1 10 12 1 100 1 10 11 12 1 1 11 100 12 1 1 1 11 12 1 10 12 1 10 12 1 10 12 1 1 100 1 10 12 1 1 10 10 12 1 1 10 12 1 8 1 8 1 8 1 8 1 10 12 1 1 10 12 1 1 11 12 1 100 1 10 100 12 1 1 10 12 1 10 12 1 1 10 100 12 1 1 10 12 1 10 100 12 1 1 1 11 100 12 1 1 1 10 12 1 100 1 8 1 10 100 1 10 12 1 7 1 10 12 1 10 12 1 1 7 1 10 12 1 10 12 1 1 11 7 12 1 1 7 1 10 12 1 10 12 1 1 11 100 12 1 1 10 12 1 1 10 12 1 1 10 12 1 1 10 12 1 1 11 100 12 1 1 10 12 1 1 100 1 100 1 100 1 1 1 1 5 0 1 3 1 1 1 1 1 1 1 1 1 1 1 1 1 1 1 1 1 1 1 1 1 1 1 1 1 1 1 1 1 1 1 1 1 1 1 1 1 1 1 1 1 1 1 1 1 1 1 1 1 1 1 1 1 1 1 1 1 1 1 1 1 1 1 1 1 1 1 1 1 1 1 1 1 1 1 1 1 1 1 1 1 1 1 1 1 1 1 1 1 1 1 1 1 1 1 1 1 1 1 1 1 1 1 1 100 1 1 1 1 100 1 1 1 1 1 1 1 1 1 1 1 1 1 1 1 1 1 1 1 1 1 1 1 1 1 1 1 1 1 100 1 1 1 1 1 1 1 1 1 1 1 1 1 1 1 1 1 1 100 1 100 1 1 1 1 1 1
staticfield java/util/ArrayList EMPTY_ELEMENTDATA [Ljava/lang/Object; 0 [Ljava/lang/Object;
staticfield java/util/ArrayList DEFAULTCAPACITY_EMPTY_ELEMENTDATA [Ljava/lang/Object; 0 [Ljava/lang/Object;
ciInstanceKlass java/lang/StackTraceElement 1 1 235 10 7 12 1 1 1 10 7 12 1 1 9 12 1 1 9 12 1 1 9 12 1 9 12 1 8 1 10 100 12 1 1 1 100 1 9 12 1 8 1 9 12 1 9 12 1 9 12 1 1 10 12 1 1 10 12 1 8 1 10 100 12 1 1 1 100 1 10 12 1 10 12 1 1 10 12 1 10 12 1 1 10 12 1 10 12 1 10 10 12 1 8 1 10 12 1 10 12 1 1 10 12 1 1 10 12 1 10 12 1 10 12 1 9 12 1 1 10 7 12 1 1 1 10 12 1 1 7 1 10 12 1 1 10 7 12 1 1 10 7 12 1 1 1 10 7 12 1 1 10 7 12 1 1 10 10 12 1 1 10 12 1 1 10 12 1 1 10 12 1 100 1 1 1 1 1 1 1 3 1 3 1 1 5 0 1 1 1 1 1 1 1 1 1 1 1 1 1 1 1 1 1 1 1 1 1 1 1 1 1 1 1 1 1 100 1 100 1 1 1 1 1 1 1 100 1 1 1 1 1 1 1 1 1
instanceKlass java/nio/LongBuffer
instanceKlass java/nio/CharBuffer
instanceKlass java/nio/IntBuffer
instanceKlass java/nio/ByteBuffer
ciInstanceKlass java/nio/Buffer 1 1 256 100 1 10 7 12 1 1 1 9 7 12 1 1 1 9 12 1 9 12 1 1 9 12 1 9 12 1 1 10 12 1 1 10 12 1 1 10 12 100 1 100 1 10 8 1 10 12 1 1 10 12 1 8 1 8 1 10 12 1 1 10 12 1 8 1 9 12 1 1 100 1 8 1 10 12 1 8 1 8 1 9 12 10 12 1 8 1 8 1 8 1 10 12 1 8 1 8 1 8 1 100 1 10 100 1 10 100 1 10 9 12 1 1 10 7 12 1 1 1 100 1 10 12 1 1 10 12 1 10 100 12 1 1 10 7 12 1 1 1 10 7 12 1 1 1 9 12 1 1 10 7 12 1 1 1 9 12 1 1 7 1 10 10 12 1 1 7 1 10 10 7 12 1 1 1 1 1 3 1 1 1 1 1 1 1 1 1 1 1 1 1 1 100 1 1 1 1 1 1 1 100 1 1 1 1 1 1 1 1 1 1 1 1 1 1 1 1 1 1 1 1 1 1 1 1 1 1 1 1 1 1 1 1 1 1 1 1 1 1 1 100 1 100 1 100 1 100 1 100 1 100 1 100 1 1
staticfield java/nio/Buffer UNSAFE Ljdk/internal/misc/Unsafe; jdk/internal/misc/Unsafe
staticfield java/nio/Buffer SCOPED_MEMORY_ACCESS Ljdk/internal/misc/ScopedMemoryAccess; jdk/internal/misc/ScopedMemoryAccess
staticfield java/nio/Buffer IOOBE_FORMATTER Ljava/util/function/BiFunction; jdk/internal/util/Preconditions$4
staticfield java/nio/Buffer $assertionsDisabled Z 1
ciInstanceKlass java/lang/StackWalker 1 1 271 9 7 12 1 1 1 7 1 10 7 12 1 1 1 10 12 1 1 10 7 12 1 1 1 10 12 1 1 10 12 1 11 7 12 1 1 1 10 12 1 1 10 12 1 1 10 12 1 1 100 1 8 1 10 12 1 10 12 1 10 12 1 10 7 12 1 1 9 12 1 1 9 12 1 1 9 12 1 1 9 12 1 1 10 12 1 1 9 12 1 1 9 12 1 1 9 12 1 1 10 7 12 1 1 1 11 12 1 1 100 1 8 1 10 10 100 12 1 1 9 12 1 1 10 12 1 1 10 100 12 1 1 1 10 100 12 1 1 1 18 12 1 1 100 1 8 1 10 8 1 10 12 1 1 10 100 12 1 1 1 10 12 1 1 9 100 12 1 1 11 100 12 1 1 1 10 12 1 1 1 1 1 1 1 1 1 1 1 1 1 1 1 1 1 1 1 1 1 1 1 1 1 1 1 1 1 1 1 1 1 1 1 1 1 1 1 1 1 1 1 1 1 1 1 1 1 1 1 1 1 1 1 1 1 1 1 1 1 1 1 1 1 1 100 1 1 16 15 10 12 16 1 15 10 100 12 1 1 1 1 1 1 1 1 1 100 1 100 1 1
staticfield java/lang/StackWalker DEFAULT_EMPTY_OPTION Ljava/util/EnumSet; java/util/RegularEnumSet
staticfield java/lang/StackWalker DEFAULT_WALKER Ljava/lang/StackWalker; java/lang/StackWalker
ciInstanceKlass java/lang/StackStreamFactory$AbstractStackWalker 1 0 375 100 1 100 1 3 10 100 12 1 1 1 10 100 12 1 1 10 100 12 1 1 1 9 12 1 1 10 12 1 1 9 12 1 1 9 12 1 1 9 12 1 1 9 12 1 10 100 12 1 1 1 10 12 1 1 10 100 12 1 1 9 12 1 1 9 12 1 1 10 12 1 1 9 100 12 1 1 1 10 12 1 1 10 12 1 9 12 1 1 10 100 12 1 1 1 10 12 1 1 9 12 1 1 9 100 12 1 1 1 100 1 10 8 1 10 12 1 1 10 12 1 8 1 10 12 1 1 10 100 12 1 1 1 100 1 8 1 10 12 1 8 1 10 12 10 100 12 1 1 9 12 1 8 1 5 0 8 1 8 1 9 12 1 1 10 12 1 1 18 12 1 1 10 100 12 1 1 1 10 12 1 1 10 12 1 10 12 1 9 12 1 10 12 1 10 12 1 10 12 1 10 12 1 10 12 1 10 12 1 1 8 1 10 12 1 10 12 1 10 12 1 10 12 1 1 8 1 10 12 1 1 10 12 1 1 10 12 1 1 10 12 1 10 12 1 10 100 12 1 1 1 10 12 1 10 12 1 9 12 1 8 1 10 12 1 10 12 1 10 12 1 1 10 12 1 10 12 1 10 12 1 1 10 12 1 10 12 1 10 12 1 10 12 1 10 12 1 10 12 1 1 10 12 1 1 10 12 1 8 1 1 1 1 1 1 1 1 1 1 1 1 1 100 1 1 1 1 1 1 1 100 1 1 1 1 100 1 1 1 1 1 1 1 1 1 1 1 1 1 1 1 1 1 1 1 16 15 15 10 100 12 1 1 1 1 1 1 1 1 100 1 100 1 1
ciInstanceKlass java/lang/StackWalker$StackFrame 0 0 41 100 1 10 12 1 1 100 1 100 1 1 1 1 1 1 1 1 1 1 1 1 1 1 1 1 1 1 1 1 1 1 1 1 1 1 1 100 1 1 1
instanceKlass java/lang/LiveStackFrameInfo
ciInstanceKlass java/lang/StackFrameInfo 0 0 142 10 100 12 1 1 1 9 100 12 1 1 1 9 100 1 9 12 1 1 11 100 12 1 1 1 9 12 1 1 11 12 1 1 10 12 1 1 10 100 12 1 1 1 10 12 1 11 12 1 11 12 1 1 11 12 1 10 12 1 1 9 12 1 1 10 12 1 1 10 100 12 1 1 10 12 1 1 11 12 1 1 9 12 1 1 10 100 1 10 12 1 9 12 1 1 10 12 1 1 100 1 8 1 10 12 1 10 100 12 1 1 1 100 1 1 1 1 1 1 1 1 1 1 1 1 1 1 1 1 1 1 100 1 1 100 1 1 1 1 1 1
ciInstanceKlass java/lang/LiveStackFrame 0 0 135 100 1 10 100 12 1 1 1 11 100 12 1 1 1 11 12 1 10 100 12 1 1 1 100 1 8 1 10 12 1 1 10 100 12 1 1 1 9 100 12 1 1 1 10 100 12 1 1 1 10 100 12 1 1 1 11 12 1 10 12 1 100 1 100 1 1 1 1 1 1 1 1 1 1 1 1 1 1 1 1 1 1 1 1 1 1 1 1 1 1 1 1 100 1 1 1 1 1 1 1 100 1 8 1 1 12 10 1 1 1 8 1 1 1 8 1 1 1 8 1 1 1 8 1 1 1 8 1 1 8 1 1 8 1
ciInstanceKlass java/lang/LiveStackFrameInfo 0 0 97 10 100 12 1 1 1 9 100 12 1 1 1 9 12 1 9 12 1 9 12 1 9 12 1 1 100 1 10 12 1 1 10 12 1 8 1 10 12 1 1 8 1 8 1 8 1 10 100 1 10 12 1 100 1 10 12 1 100 1 100 1 1 1 3 1 3 1 1 1 1 1 1 1 1 1 1 1 1 1 1 1 1 1 1 1 1 1 1 1 1 1 1 1 100 1 1
instanceKlass java/util/concurrent/locks/AbstractQueuedSynchronizer
ciInstanceKlass java/util/concurrent/locks/AbstractOwnableSynchronizer 1 1 32 10 7 12 1 1 1 9 7 12 1 1 1 100 1 1 1 1 5 0 1 1 1 1 1 1 1 1 1 1 1 1
ciInstanceKlass java/lang/Boolean 1 1 152 10 7 12 1 1 1 9 7 12 1 1 1 10 12 1 1 10 12 1 8 1 10 7 12 1 1 9 12 1 1 9 12 1 10 12 1 1 10 12 1 1 10 12 1 1 10 7 12 1 1 1 100 1 100 1 10 12 1 1 9 100 12 1 1 9 12 10 100 12 1 1 1 10 12 1 1 8 1 10 7 12 1 1 1 9 12 1 1 100 1 100 1 100 1 1 1 1 1 1 5 0 1 1 1 1 1 1 1 1 1 1 3 1 1 1 1 1 1 1 1 1 1 1 1 1 1 1 1 1 1 100 1 1 1 1 1 1 1 1 1 1 100 1 1 1 1 1 1 1 1 1
staticfield java/lang/Boolean TRUE Ljava/lang/Boolean; java/lang/Boolean
staticfield java/lang/Boolean FALSE Ljava/lang/Boolean; java/lang/Boolean
staticfield java/lang/Boolean TYPE Ljava/lang/Class; java/lang/Class
ciInstanceKlass java/lang/Character 1 1 604 7 1 100 1 100 1 9 12 1 1 8 1 9 12 1 1 100 1 9 12 1 1 10 100 12 1 1 1 10 100 12 1 1 1 10 100 12 1 1 1 10 7 12 1 1 1 9 7 12 1 1 1 10 12 1 10 12 1 1 10 12 1 1 10 7 12 1 1 10 12 1 1 3 3 3 3 3 10 12 1 1 10 12 1 3 11 7 12 1 1 1 11 12 1 1 10 12 1 1 10 12 1 1 100 1 10 10 12 1 3 10 12 1 1 10 12 1 10 12 1 1 100 1 8 1 10 12 1 1 10 12 1 10 12 1 10 12 1 10 100 12 1 1 1 10 12 1 10 12 1 10 12 1 1 10 12 1 10 7 12 1 1 10 10 12 1 10 10 12 1 10 12 1 1 10 12 1 10 10 12 1 10 12 1 10 12 1 10 12 1 10 12 1 10 12 1 10 12 1 10 12 10 10 12 10 10 12 1 10 10 12 1 10 10 12 1 10 10 12 1 10 12 1 10 12 1 10 12 1 10 12 1 10 12 1 10 12 1 10 10 12 1 10 10 12 1 10 10 12 1 1 10 10 12 1 10 5 0 10 12 1 10 12 1 10 10 12 1 10 10 12 1 1 10 10 12 1 10 10 12 1 9 12 1 1 100 1 10 10 12 1 10 12 1 1 3 10 100 12 1 1 1 10 12 1 10 100 12 1 1 100 1 10 10 12 1 1 10 12 1 1 10 12 1 1 8 1 10 12 1 9 100 12 1 1 1 10 12 1 10 10 12 1 10 12 1 1 10 12 1 10 10 12 1 1 10 10 12 1 1 100 1 8 1 10 12 1 1 10 7 12 1 1 1 8 1 10 12 1 1 9 12 1 1 100 1 100 1 100 1 1 1 1 3 1 3 1 3 1 3 1 1 1 1 1 3 1 1 3 1 3 1 3 1 3 1 3 1 3 1 3 1 3 1 3 1 3 1 3 1 3 1 3 1 3 1 3 1 3 1 3 1 3 1 3 1 3 1 3 1 3 1 3 1 3 1 3 1 3 1 3 1 3 1 1 1 1 1 1 1 1 1 1 1 1 1 1 1 1 1 1 1 3 1 1 1 1 1 1 1 3 1 1 3 1 1 1 1 1 3 1 1 5 0 1 1 1 1 1 1 1 1 1 1 1 1 1 1 1 1 1 1 1 1 1 1 1 1 1 1 1 1 1 1 1 1 1 1 1 1 1 1 1 1 1 1 1 1 1 1 1 1 1 1 1 1 1 1 1 1 1 1 1 1 1 1 1 1 1 1 1 1 1 1 1 1 1 1 1 1 1 1 1 1 1 1 1 1 1 1 1 1 1 1 100 1 100 1 1 1 1 1 1
staticfield java/lang/Character TYPE Ljava/lang/Class; java/lang/Class
staticfield java/lang/Character $assertionsDisabled Z 1
instanceKlass com/google/gson/internal/LazilyParsedNumber
instanceKlass java/math/BigInteger
instanceKlass java/math/BigDecimal
instanceKlass java/util/concurrent/atomic/Striped64
instanceKlass java/util/concurrent/atomic/AtomicLong
instanceKlass java/util/concurrent/atomic/AtomicInteger
instanceKlass java/lang/Long
instanceKlass java/lang/Integer
instanceKlass java/lang/Short
instanceKlass java/lang/Byte
instanceKlass java/lang/Double
instanceKlass java/lang/Float
ciInstanceKlass java/lang/Number 1 1 37 10 7 12 1 1 1 10 100 12 1 1 1 100 1 1 1 1 5 0 1 1 1 1 1 1 1 1 1 1 1 1 1 1 1 1 1
ciInstanceKlass java/lang/Float 1 1 279 7 1 100 1 10 100 12 1 1 1 10 100 12 1 1 1 4 100 1 10 12 1 1 10 12 1 1 8 1 8 1 10 100 12 1 1 1 10 12 1 1 10 12 1 1 10 100 1 4 10 7 12 1 1 9 12 1 1 10 12 1 1 10 12 1 10 10 12 1 1 10 12 1 10 12 1 3 3 100 1 4 4 4 3 10 12 1 1 9 12 1 1 100 1 10 3 3 4 4 10 12 1 3 3 3 10 12 1 1 10 12 1 1 10 12 1 10 100 12 1 1 1 10 12 1 1 10 12 1 1 10 7 12 1 1 1 8 1 10 12 1 1 9 12 1 1 100 1 100 1 100 1 1 1 1 4 1 4 1 1 1 4 1 1 3 1 3 1 3 1 3 1 3 1 1 1 1 5 0 1 1 1 1 1 1 1 1 1 1 100 1 1 1 1 1 1 1 1 1 1 1 1 1 3 1 1 1 1 1 1 1 1 1 1 1 1 1 1 1 1 1 1 1 1 1 1 1 1 1 1 1 1 1 1 1 1 1 1 1 1 1 1 1 1 1 1 1 1 1 1 1 1 1 1 1 1 1 1 1 1 1 1 1 1 1 100 1 1 1 1 1 1 1 100 1 100 1 1
staticfield java/lang/Float TYPE Ljava/lang/Class; java/lang/Class
staticfield java/lang/Float $assertionsDisabled Z 1
ciInstanceKlass java/lang/Double 1 1 290 7 1 100 1 10 7 12 1 1 1 10 12 1 1 10 100 1 10 12 1 1 10 100 12 1 1 1 6 0 8 1 10 12 1 1 8 1 10 12 1 1 8 1 6 0 10 12 1 1 100 1 5 0 5 0 8 1 8 1 10 100 12 1 1 1 10 100 12 1 1 1 8 1 10 12 1 1 8 1 8 1 8 1 10 12 1 1 10 12 1 10 12 1 1 10 12 1 10 12 1 10 12 1 1 10 12 1 10 7 1 6 0 10 7 12 1 1 9 12 1 1 10 12 1 10 12 1 10 12 1 10 12 1 10 12 1 5 0 10 12 1 1 10 12 1 10 12 1 10 100 12 1 1 1 10 12 1 1 10 12 1 1 8 1 10 7 12 1 1 1 9 12 1 1 100 1 100 1 100 1 1 1 6 0 1 6 0 1 6 0 1 1 1 6 0 1 1 3 1 3 1 3 1 3 1 3 1 1 1 1 5 0 1 1 1 1 1 1 1 1 1 1 1 1 1 1 1 1 100 1 1 1 1 1 1 1 1 1 1 1 1 3 1 1 1 1 1 1 1 1 1 1 1 1 1 1 1 1 1 1 1 1 1 1 1 1 1 1 1 1 1 1 1 1 1 1 100 1 1 1 1 1 1 1 100 1 100 1 1
staticfield java/lang/Double TYPE Ljava/lang/Class; java/lang/Class
ciInstanceKlass java/lang/Byte 1 1 213 7 1 100 1 10 100 12 1 1 1 9 12 1 1 8 1 9 12 1 1 100 1 10 12 1 1 10 12 1 1 10 100 12 1 1 1 10 100 12 1 1 1 9 7 12 1 1 1 10 12 1 1 100 1 100 1 10 12 1 1 8 1 10 12 1 1 8 1 10 12 1 10 12 1 10 12 1 10 12 1 1 10 12 1 10 12 1 10 12 1 1 10 8 1 8 1 10 7 1 9 12 1 1 10 12 1 1 10 12 1 1 10 12 1 1 10 12 1 5 0 10 12 1 1 8 1 10 7 12 1 1 1 9 12 1 1 100 1 100 1 1 1 3 1 3 1 1 1 1 3 1 3 1 1 5 0 1 1 1 1 1 1 1 1 1 1 1 1 1 1 1 1 1 1 1 1 1 1 1 1 1 1 1 1 1 1 1 1 1 1 1 1 1 1 1 1 1 1 1 1 1 1 1 1 1 1 1 1 1 1 1 1
staticfield java/lang/Byte TYPE Ljava/lang/Class; java/lang/Class
ciInstanceKlass java/lang/Short 1 1 222 7 1 100 1 100 1 10 100 12 1 1 1 10 12 1 1 100 1 100 1 10 12 1 1 8 1 10 12 1 1 8 1 10 12 1 10 12 1 10 12 1 10 12 1 1 10 12 1 1 10 12 1 9 12 1 1 8 1 9 12 1 1 100 1 10 12 1 1 10 12 1 10 100 12 1 1 1 10 100 12 1 1 1 9 7 12 1 1 1 10 12 1 10 12 1 1 10 8 1 8 1 10 7 1 9 12 1 1 10 12 1 1 10 12 1 1 10 12 1 1 10 12 1 3 3 5 0 10 12 1 1 8 1 10 7 12 1 1 1 9 12 1 1 100 1 100 1 1 1 3 1 3 1 1 1 1 3 1 3 1 1 5 0 1 1 1 1 1 1 1 1 1 1 1 1 1 1 1 1 1 1 1 1 1 1 1 1 1 1 1 3 1 1 1 1 1 1 1 1 1 1 1 1 1 1 1 1 1 1 1 1 1 1 1 1 1 1 1 1 1 1
staticfield java/lang/Short TYPE Ljava/lang/Class; java/lang/Class
ciInstanceKlass java/lang/Integer 1 1 453 7 1 100 1 7 1 7 1 10 12 1 1 9 12 1 1 9 12 1 1 10 100 12 1 1 1 10 12 1 1 10 100 12 1 1 1 10 10 12 1 1 10 100 12 1 1 1 10 12 1 10 12 1 1 10 7 12 1 1 1 10 12 1 1 10 12 1 1 10 12 1 10 12 1 10 12 1 1 10 10 12 1 9 12 1 1 9 12 1 7 1 8 1 10 12 1 100 1 10 12 1 8 1 10 12 1 1 10 12 1 8 1 10 12 1 8 1 10 12 1 1 3 10 12 1 1 3 10 12 1 1 10 12 1 1 10 7 12 1 1 1 11 7 1 10 12 1 1 11 10 12 1 1 8 1 10 12 1 1 8 1 100 1 10 12 1 1 10 12 1 1 5 0 8 1 10 12 1 10 12 1 10 12 1 10 12 1 1 7 1 9 12 1 1 9 12 1 1 10 12 1 10 7 1 9 12 1 10 12 1 10 12 1 10 12 1 1 10 7 12 1 1 1 100 1 100 1 10 12 1 1 10 12 1 1 8 1 8 1 10 12 1 1 8 1 8 1 8 1 8 1 8 1 8 1 10 12 1 10 12 1 5 0 3 3 3 3 10 12 1 10 12 1 3 10 12 1 10 100 12 1 1 1 10 12 1 1 10 12 1 1 8 1 10 7 12 1 1 1 9 12 1 1 100 1 100 1 100 1 1 1 1 3 1 1 1 3 1 3 1 1 5 0 1 1 1 1 1 1 1 1 1 100 1 1 1 1 1 1 1 1 1 1 1 1 1 1 1 1 1 1 1 1 1 1 1 1 1 1 1 1 1 1 1 1 1 1 1 1 1 1 1 1 3 1 1 1 1 1 1 1 1 1 1 1 1 1 1 1 1 100 1 1 1 1 1 1 1 1 1 1 1 1 1 1 1 1 1 1 1 1 1 1 1 1 1 1 1 1 1 1 1 1 1 1 1 1 1 1 1 1 1 1 1 1 1 1 100 1 1 1 1 1 1 1 1 1 100 1 100 1 1
staticfield java/lang/Integer TYPE Ljava/lang/Class; java/lang/Class
staticfield java/lang/Integer digits [C 36
staticfield java/lang/Integer DigitTens [B 100
staticfield java/lang/Integer DigitOnes [B 100
ciInstanceKlass java/lang/Long 1 1 524 7 1 100 1 7 1 7 1 10 12 1 1 9 12 1 1 9 7 12 1 1 1 10 100 12 1 1 1 10 12 1 1 10 100 12 1 1 1 10 10 12 10 12 1 10 12 1 10 12 1 5 0 5 0 100 1 10 12 1 1 10 12 1 1 10 12 1 10 12 1 10 12 1 10 12 1 1 10 100 12 1 1 10 12 1 10 12 1 1 10 12 1 1 10 12 1 1 10 12 1 1 10 7 12 1 1 1 10 12 1 1 10 12 1 10 12 1 10 12 1 10 12 1 1 10 10 12 1 5 0 5 0 9 12 1 1 9 12 1 5 0 100 1 8 1 10 12 1 8 1 10 12 1 8 1 8 1 10 12 1 1 5 0 10 12 1 1 5 0 10 12 1 1 10 12 1 1 10 100 12 1 1 1 11 100 1 10 12 1 1 11 10 12 1 1 8 1 10 12 1 1 8 1 100 1 10 12 1 1 10 12 1 8 1 8 1 11 12 1 1 10 12 1 10 12 1 10 12 1 5 0 5 0 9 7 12 1 1 1 10 12 1 10 12 1 1 8 1 8 1 10 12 1 1 8 1 8 1 8 1 8 1 8 1 8 1 10 12 1 10 7 1 9 12 1 1 10 12 1 10 12 1 1 10 12 1 1 10 7 12 1 1 1 100 1 100 1 10 12 1 1 10 12 1 1 5 0 10 12 1 10 12 1 5 0 5 0 5 0 10 12 1 1 10 12 1 5 0 5 0 10 12 1 10 12 1 10 100 12 1 1 1 10 12 1 1 10 12 1 1 8 1 10 7 12 1 1 1 9 12 1 1 100 1 100 1 100 1 1 1 1 5 0 1 1 1 1 3 1 3 1 5 0 1 1 1 1 1 1 1 1 1 100 1 1 1 1 1 1 1 1 1 1 1 1 1 1 1 1 1 1 1 1 1 1 1 1 1 1 1 1 1 1 1 1 1 1 1 1 1 1 1 1 1 1 1 1 1 1 1 1 1 1 1 1 1 1 1 3 1 1 1 1 1 1 1 1 1 1 1 1 1 1 1 100 1 1 1 1 1 1 1 1 1 1 1 1 1 1 1 1 1 1 1 1 1 1 1 1 1 1 1 1 1 1 1 1 1 1 1 1 1 1 1 1 1 1 1 100 1 1 1 1 1 1 1 1 1 100 1 100 1 1
staticfield java/lang/Long TYPE Ljava/lang/Class; java/lang/Class
ciInstanceKlass java/util/Iterator 1 1 53 100 1 8 1 10 12 1 1 10 7 12 1 1 1 11 7 12 1 1 1 11 12 1 1 11 7 12 1 1 1 100 1 1 1 1 1 1 1 1 1 1 1 1 1 1 1 1 1 1 1 1 1
ciInstanceKlass java/lang/reflect/RecordComponent 1 1 196 10 100 12 1 1 1 9 7 12 1 1 1 9 12 1 1 9 12 1 10 12 1 1 10 12 1 1 10 100 12 1 1 1 10 12 1 1 9 12 1 1 10 12 1 1 10 12 1 1 10 12 1 10 100 12 1 1 10 100 12 1 1 9 12 1 1 10 100 12 1 1 1 11 100 12 1 1 1 10 9 100 12 1 1 1 10 100 12 1 1 1 9 12 1 1 10 100 12 1 1 1 10 12 1 1 11 100 12 1 1 10 100 12 1 1 100 1 9 12 1 9 12 1 1 9 12 1 10 100 12 1 1 1 10 12 1 1 10 12 1 1 100 1 10 10 12 1 10 12 1 1 8 1 10 12 1 10 12 1 9 12 1 100 1 1 1 1 1 1 1 1 1 1 1 1 1 1 1 1 1 1 1 1 1 1 100 1 1 1 1 1 1 100 1 1
ciInstanceKlass jdk/internal/vm/vector/VectorSupport 0 0 573 100 1 10 100 12 1 1 1 9 12 1 1 10 12 1 1 100 1 10 12 1 11 100 12 1 1 1 11 100 12 1 1 1 11 100 12 1 1 11 100 12 1 1 11 100 12 1 1 1 11 100 12 1 1 11 100 12 1 1 11 100 12 1 1 11 100 12 1 1 11 100 12 1 1 11 100 12 1 1 11 100 12 1 1 1 11 100 12 1 1 11 100 12 1 1 1 11 100 12 1 1 1 11 100 12 1 1 11 100 12 1 1 1 11 100 12 1 1 100 1 10 12 1 1 11 100 12 1 1 11 100 12 1 1 11 100 12 1 1 11 100 12 1 1 11 100 12 1 1 11 100 12 1 1 9 12 1 1 10 100 12 1 1 11 100 12 1 1 10 12 1 1 10 100 12 1 1 1 10 12 1 10 12 1 1 10 12 1 1 1 1 1 3 1 3 1 3 1 3 1 3 1 3 1 3 1 3 1 3 1 3 1 3 1 3 1 3 1 3 1 3 1 3 1 3 1 3 1 3 1 3 1 3 1 3 1 3 1 3 1 3 1 3 1 3 1 3 1 3 1 3 1 3 1 3 1 3 1 3 1 3 1 3 1 3 1 3 1 3 1 3 1 3 1 3 1 3 1 3 1 3 1 3 1 3 1 3 1 3 1 3 1 3 1 3 1 3 1 1 1 1 1 1 1 1 1 1 1 1 1 1 1 1 1 1 1 1 1 1 1 1 1 1 1 1 1 1 1 1 1 1 1 1 1 1 1 1 1 1 1 1 1 1 1 1 1 1 1 1 1 1 1 1 1 1 1 1 1 1 1 1 1 1 1 1 1 1 1 1 1 1 1 1 1 1 1 1 1 1 1 1 1 1 1 1 1 1 1 1 1 1 1 1 1 1 1 1 1 1 1 1 1 1 1 1 1 1 1 1 1 1 1 1 1 1 1 1 1 1 1 1 1 1 1 1 1 1 1 1 1 1 1 1 1 1 1 1 1 1 1 1 1 1 1 1 1 1 1 1 1 1 1 1 1 1 1 1 1 1 1 1 1 1 1 1 1 1 1 1 1 1 1 1 1 1 1 1 1 1 1 1 1 1 1 1 1 1 1 1 1 1 1 1 1 1 1 1 1 1 1 1 1 1 1 1 1 1 1 1 1 1 1 1 1 1 1 1 1 1 1 1 1 1 1 1 1 1 1 1 1 1 1 100 1 100 1 100 1 100 1 100 1 1 1 1 1 1 1 1 1 1 1 1 1 1 1 1 1 1 1 1 1 1 1 1 1 1 1 1 1 1 1
instanceKlass jdk/internal/vm/vector/VectorSupport$VectorShuffle
instanceKlass jdk/internal/vm/vector/VectorSupport$VectorMask
instanceKlass jdk/internal/vm/vector/VectorSupport$Vector
ciInstanceKlass jdk/internal/vm/vector/VectorSupport$VectorPayload 0 0 32 10 100 12 1 1 1 9 100 12 1 1 1 10 100 12 1 1 1 1 1 1 1 1 1 1 1 1 1 1 1 1
ciInstanceKlass jdk/internal/vm/vector/VectorSupport$Vector 0 0 28 10 100 12 1 1 1 100 1 1 1 1 1 1 1 1 1 1 1 1 1 1 1 100 1 1 1 1
ciInstanceKlass jdk/internal/vm/vector/VectorSupport$VectorMask 0 0 28 10 100 12 1 1 1 100 1 1 1 1 1 1 1 1 1 1 1 1 1 1 1 100 1 1 1 1
ciInstanceKlass jdk/internal/vm/vector/VectorSupport$VectorShuffle 0 0 28 10 100 12 1 1 1 100 1 1 1 1 1 1 1 1 1 1 1 1 1 1 1 100 1 1 1 1
ciInstanceKlass jdk/internal/vm/FillerObject 0 0 16 10 100 12 1 1 1 100 1 1 1 1 1 1 1 1
instanceKlass kotlin/KotlinNullPointerException
ciInstanceKlass java/lang/NullPointerException 1 1 52 10 100 12 1 1 1 10 12 1 9 100 12 1 1 1 10 12 1 1 9 12 1 1 10 12 1 1 10 12 1 1 1 1 5 0 1 1 1 1 1 1 1 1 100 1 100 1 100 1 1 1
ciInstanceKlass java/lang/ArithmeticException 1 1 26 10 100 12 1 1 1 10 12 1 100 1 1 1 1 5 0 1 1 1 1 1 1 1 1 1
ciInstanceKlass java/util/Set 1 1 144 100 1 10 7 12 1 1 1 9 7 12 1 1 1 7 1 10 12 1 1 10 12 1 7 1 7 1 10 12 1 7 1 7 1 11 7 12 1 1 1 11 12 1 1 7 1 10 12 1 10 12 1 1 11 12 1 1 1 1 1 1 1 1 1 1 1 1 1 1 1 1 1 1 1 1 1 1 1 1 1 1 1 1 1 1 1 1 1 1 1 1 1 1 1 1 1 1 1 1 1 1 1 1 1 1 1 1 1 1 1 1 1 1 1 1 1 1 1 1 1 1 1 1 1 1 1 1 1 1 1 1 1 1 1 1 1 1 1 1 1 1 1 1
ciInstanceKlass java/util/Objects 1 1 184 10 7 12 1 1 1 100 1 8 1 10 12 1 10 12 1 1 10 7 12 1 1 1 10 12 1 1 10 12 1 10 100 12 1 1 1 10 12 1 1 10 7 12 1 1 1 7 1 10 10 12 1 1 10 7 12 1 1 10 12 1 1 8 1 10 7 12 1 1 1 10 7 12 1 1 1 10 11 100 12 1 1 1 100 1 10 10 12 1 8 1 10 12 1 8 1 7 1 11 12 1 1 8 1 10 7 12 1 1 1 10 12 1 1 10 12 1 10 12 1 10 12 1 10 12 1 1 1 1 1 1 1 1 1 1 1 1 1 1 1 1 1 1 1 1 1 1 1 1 1 1 1 1 1 1 1 1 1 1 1 1 1 1 1 1 1 1 1 1 1 1 1 1 1 1 1 1 1 1 1 1 1 1
ciInstanceKlass java/util/ImmutableCollections 1 1 213 10 7 12 1 1 1 100 1 10 7 1 7 1 9 12 1 1 7 1 11 7 12 1 1 1 11 12 1 1 11 12 1 1 11 12 1 10 7 12 1 1 1 10 12 1 9 7 12 1 1 10 12 1 1 100 1 100 1 10 9 12 1 1 10 12 1 10 12 1 9 12 1 10 7 12 1 1 5 0 10 7 12 1 1 1 10 7 12 1 1 5 0 9 12 1 1 9 12 1 10 12 1 1 9 12 1 9 12 1 1 7 1 10 12 1 9 12 1 1 7 1 10 9 12 1 1 1 1 1 1 1 1 1 3 1 1 1 1 1 1 1 1 1 1 1 1 1 1 1 1 1 1 1 1 1 1 1 1 1 1 1 1 1 1 1 1 1 1 100 1 100 1 100 1 100 1 100 1 100 1 100 1 100 1 100 1 100 1 100 1 100 1 100 1 100 1 1 1 1 1 1 1 1 1 1 1 1 1 1 1 1 1
staticfield java/util/ImmutableCollections SALT32L J 3673437449
staticfield java/util/ImmutableCollections REVERSE Z 0
staticfield java/util/ImmutableCollections EMPTY Ljava/lang/Object; java/lang/Object
staticfield java/util/ImmutableCollections EMPTY_LIST Ljava/util/ImmutableCollections$ListN; java/util/ImmutableCollections$ListN
staticfield java/util/ImmutableCollections EMPTY_LIST_NULLS Ljava/util/ImmutableCollections$ListN; java/util/ImmutableCollections$ListN
staticfield java/util/ImmutableCollections EMPTY_SET Ljava/util/ImmutableCollections$SetN; java/util/ImmutableCollections$SetN
staticfield java/util/ImmutableCollections EMPTY_MAP Ljava/util/ImmutableCollections$MapN; java/util/ImmutableCollections$MapN
staticfield java/util/ImmutableCollections $assertionsDisabled Z 1
ciInstanceKlass java/util/ImmutableCollections$ListN 1 1 119 10 7 12 1 1 1 9 7 12 1 1 1 9 12 1 1 100 1 8 1 10 12 1 100 1 10 12 1 10 7 12 1 1 1 10 7 12 1 1 1 10 12 1 10 7 12 1 1 1 100 1 10 10 7 12 1 1 1 100 1 1 1 1 1 1 1 1 1 1 1 1 1 1 1 1 1 1 1 1 1 1 1 1 1 1 1 1 1 100 1 100 1 1 1 1 1 1 1 1 1 1 1 1 1 1 1 100 1 1 1 1 1 1 7 1 1 1 1
ciInstanceKlass java/lang/StringLatin1 1 1 392 7 1 10 100 12 1 1 1 10 12 1 1 10 7 12 1 1 1 10 7 12 1 1 1 10 12 1 10 7 12 1 1 1 10 12 1 1 10 7 12 1 1 1 10 7 12 1 1 1 10 12 1 1 10 12 1 1 10 10 12 1 10 12 1 10 9 7 12 1 1 1 10 12 1 1 10 7 12 1 1 1 10 12 10 12 1 1 10 12 1 1 10 12 1 10 12 1 1 10 12 1 1 10 7 12 1 1 1 10 12 1 10 12 1 1 9 12 1 1 100 1 10 10 12 1 1 10 7 12 1 1 1 10 12 1 10 12 1 100 1 100 1 8 1 10 12 1 8 1 10 12 1 1 100 1 10 10 12 10 7 12 1 1 1 8 1 8 1 8 1 10 12 1 1 10 100 12 1 1 10 12 1 10 12 1 1 10 12 1 1 10 12 1 1 10 12 1 10 12 10 12 10 12 1 10 12 10 10 12 1 10 12 1 10 12 1 10 7 12 1 1 1 10 7 12 1 1 1 10 12 1 1 10 12 1 1 10 10 7 12 1 1 1 1 1 1 1 1 1 1 1 1 1 1 1 1 1 1 1 1 1 1 1 1 1 1 1 1 1 1 1 1 1 1 1 1 1 1 1 1 1 1 1 1 1 1 1 1 1 1 1 1 100 1 1 1 1 1 1 1 1 1 1 1 1 1 1 1 1 1 1 1 1 1 1 1 1 1 1 1 1 1 1 1 1 1 1 1 1 1 1 1 1 1 1 100 1 1 1 1 1 1 1 1 1 1 1 1 1 1 1 1 1 1 1 1 1 1 1 100 1 1 1 1 1 1 1 1 1 1 1 1 1 1 1 1 1 1 1 1 1 1 1 1 1 1 100 1 1 1 1
staticfield java/lang/StringLatin1 $assertionsDisabled Z 1
ciInstanceKlass java/lang/Math 1 1 460 7 1 10 100 12 1 1 1 10 7 12 1 1 1 10 12 1 10 12 1 10 12 1 10 12 1 10 12 1 6 0 6 0 10 12 1 10 12 1 10 12 1 10 12 1 10 12 1 10 12 1 1 10 12 1 10 12 1 10 12 1 10 12 1 10 12 1 10 7 12 1 1 1 100 1 3 3 3 10 7 12 1 1 1 100 1 5 0 5 0 5 0 5 0 5 0 9 100 12 1 1 1 10 100 12 1 1 1 100 1 8 1 10 12 1 8 1 10 12 1 1 10 12 1 1 100 1 5 0 5 0 100 1 3 5 0 3 5 0 10 12 1 10 12 1 10 12 1 10 12 1 10 12 1 8 1 10 12 1 8 1 10 12 1 1 10 12 1 1 9 12 1 1 9 12 1 100 1 100 1 10 10 12 1 1 8 1 10 12 1 10 12 1 1 10 10 12 1 10 12 1 10 12 1 10 12 1 1 8 1 8 1 10 12 1 1 10 12 1 10 12 10 12 10 12 1 10 12 1 10 12 1 10 12 1 10 12 6 0 10 12 1 9 12 1 1 100 1 10 10 12 1 100 1 10 12 1 10 12 1 1 10 12 1 10 12 1 10 12 10 12 1 1 10 12 1 1 10 12 1 1 10 12 6 0 10 12 1 1 10 12 10 12 1 4 10 12 1 10 12 1 10 12 10 12 1 10 12 1 10 12 1 10 12 1 10 12 1 10 12 1 5 0 6 0 4 6 0 4 6 0 4 10 12 1 9 12 1 1 10 12 9 12 1 10 7 12 1 1 1 4 6 0 1 1 6 0 1 6 0 1 6 0 1 1 1 1 1 1 1 1 1 1 1 1 1 1 1 1 1 1 1 1 1 1 1 1 1 1 1 1 1 1 1 1 1 1 1 1 1 1 1 1 1 1 1 1 1 1 1 1 1 1 1 1 1 1 1 1 1 1 1 1 1 1 1 1 1 1 1 1 1 1 1 1 1 1 1 1 1 1 1 1 1 1 1 1 1 1 1 1 1 1 1 1 1 1 1 1
staticfield java/lang/Math negativeZeroFloatBits J -2147483648
staticfield java/lang/Math negativeZeroDoubleBits J -9223372036854775808
staticfield java/lang/Math $assertionsDisabled Z 1
instanceKlass java/lang/ProcessEnvironment
instanceKlass java/util/LinkedHashMap
ciInstanceKlass java/util/HashMap 1 1 629 10 7 12 1 1 1 100 1 10 12 1 1 100 1 10 7 12 1 1 1 100 1 11 12 1 1 11 12 1 11 12 1 1 10 7 12 1 1 1 7 1 3 10 7 12 1 1 1 100 1 100 1 10 8 1 10 12 1 1 10 12 1 10 12 1 1 10 12 1 10 7 12 1 1 1 8 1 10 12 1 9 12 1 1 10 12 1 9 12 1 1 4 10 12 1 10 12 1 1 11 7 12 1 1 9 12 1 1 10 7 12 1 1 1 6 0 10 12 1 1 11 12 1 1 11 7 12 1 1 1 11 7 12 1 1 1 11 12 1 1 7 1 11 12 1 11 12 1 10 12 1 10 12 1 1 9 12 10 12 1 1 9 7 12 1 1 1 9 12 9 12 1 10 12 1 1 9 12 1 7 1 10 12 1 1 10 12 1 1 10 12 1 1 10 12 1 1 10 12 1 1 9 12 1 10 12 1 1 3 4 10 12 1 1 10 12 1 1 9 12 1 1 9 10 12 1 1 10 12 1 1 10 12 1 1 10 12 1 9 12 1 1 7 1 10 12 1 10 12 1 10 7 12 1 1 1 7 1 9 12 1 1 7 1 10 9 12 7 1 10 100 1 10 11 7 12 1 1 1 100 1 10 11 7 12 1 1 11 100 12 1 1 1 10 12 1 100 1 100 1 10 12 1 10 12 1 10 12 1 10 100 12 1 1 10 12 1 1 10 12 1 1 10 100 12 1 1 1 8 10 100 12 1 1 1 100 1 10 4 4 10 12 1 1 10 100 12 1 1 1 10 12 1 8 1 6 0 10 100 12 1 1 1 100 1 11 100 12 1 1 1 10 12 1 10 12 1 10 10 12 1 1 6 0 8 1 10 12 1 10 12 100 1 100 1 1 1 1 5 0 1 3 1 1 1 3 1 3 1 3 1 1 1 1 1 1 1 1 1 1 1 1 1 1 1 1 1 1 1 1 1 1 100 1 1 1 1 1 1 1 1 1 1 1 1 1 1 1 1 1 1 1 1 1 1 1 1 1 1 1 1 1 1 1 1 1 100 1 1 1 1 1 1 1 1 1 1 1 1 1 1 1 1 1 1 1 1 1 1 1 1 1 1 1 1 1 1 1 1 1 1 1 1 1 1 1 1 1 1 1 1 1 1 1 1 1 1 1 100 1 1 1 1 1 1 1 1 1 1 1 1 1 1 1 1 1 1 1 1 1 1 1 1 1 1 1 1 1 1 1 1 1 1 1 1 1 1 1 1 1 1 1 1 1 1 1 1 100 1 1 1 1 1 1 1 1 100 1 1 1 1 1 1 1 1 1 1 1 1 1 1 1 1 1 1 100 1 100 1 100 1 100 1 100 1 100 1 100 1 100 1 1 1 1 1 1 1 1 1 1 1 1 1 1 1 1 1 1
ciInstanceKlass jdk/internal/util/ArraysSupport 1 1 378 7 1 100 1 8 1 10 12 1 1 10 12 1 1 10 100 12 1 1 9 7 12 1 1 1 9 12 1 1 10 7 12 1 1 1 9 12 1 1 10 7 12 1 1 1 9 12 1 10 12 9 12 1 10 12 1 1 10 12 7 1 10 12 1 1 10 12 1 100 1 10 12 1 1 10 12 100 1 10 12 1 100 1 10 12 1 100 1 100 1 10 8 1 10 12 1 1 10 12 1 10 12 1 1 10 9 12 1 1 11 7 12 1 1 1 9 12 1 9 12 1 10 12 1 1 9 12 1 9 12 1 9 12 1 9 12 1 9 12 1 9 12 1 9 12 1 10 12 1 1 10 100 12 1 1 1 9 12 1 9 12 1 10 12 1 1 10 12 1 9 12 1 10 12 1 10 100 12 1 1 1 9 12 1 9 12 1 10 12 1 10 12 1 10 7 12 1 1 1 3 10 12 1 100 1 8 1 8 1 8 1 10 10 100 12 1 1 1 11 100 12 1 1 1 10 12 1 10 100 12 1 1 1 10 12 1 1 10 12 1 1 9 12 1 10 12 1 9 12 1 9 12 1 9 12 1 9 12 1 9 12 1 9 12 1 9 12 1 100 1 10 7 12 1 1 1 1 1 3 1 3 1 3 1 3 1 3 1 3 1 3 1 3 1 1 1 1 1 1 1 1 1 1 1 1 1 1 1 1 1 1 1 1 1 1 1 1 1 1 1 1 1 1 1 1 1 1 1 1 1 1 1 1 1 1 1 1 1 1 1 1 1 1 1 1 1 1 1 1 1 1 1 1 1 1 1 1 1 1 1 1 1 1 1 1 1 1 1 1 1 1 1 100 1 1 1 1
staticfield jdk/internal/util/ArraysSupport U Ljdk/internal/misc/Unsafe; jdk/internal/misc/Unsafe
staticfield jdk/internal/util/ArraysSupport BIG_ENDIAN Z 0
staticfield jdk/internal/util/ArraysSupport LOG2_ARRAY_BOOLEAN_INDEX_SCALE I 0
staticfield jdk/internal/util/ArraysSupport LOG2_ARRAY_BYTE_INDEX_SCALE I 0
staticfield jdk/internal/util/ArraysSupport LOG2_ARRAY_CHAR_INDEX_SCALE I 1
staticfield jdk/internal/util/ArraysSupport LOG2_ARRAY_SHORT_INDEX_SCALE I 1
staticfield jdk/internal/util/ArraysSupport LOG2_ARRAY_INT_INDEX_SCALE I 2
staticfield jdk/internal/util/ArraysSupport LOG2_ARRAY_LONG_INDEX_SCALE I 3
staticfield jdk/internal/util/ArraysSupport LOG2_ARRAY_FLOAT_INDEX_SCALE I 2
staticfield jdk/internal/util/ArraysSupport LOG2_ARRAY_DOUBLE_INDEX_SCALE I 3
staticfield jdk/internal/util/ArraysSupport LOG2_BYTE_BIT_SIZE I 3
staticfield jdk/internal/util/ArraysSupport JLA Ljdk/internal/access/JavaLangAccess; java/lang/System$2
instanceKlass java/util/LinkedHashMap$Entry
ciInstanceKlass java/util/HashMap$Node 1 1 95 10 7 12 1 1 1 9 7 12 1 1 1 9 12 1 1 9 12 1 9 12 1 1 100 1 10 10 12 1 1 8 1 10 12 1 10 12 1 1 10 7 12 1 1 1 100 1 11 12 1 1 10 12 1 1 11 12 1 1 1 1 1 1 1 1 1 1 1 1 1 1 1 1 1 1 1 1 1 1 1 1 1 1 1 1 1 1 100 1 1 1 100 1 1
instanceKlass java/util/HashMap$TreeNode
ciInstanceKlass java/util/LinkedHashMap$Entry 1 1 41 10 7 12 1 1 1 100 1 1 1 1 1 1 1 1 1 1 1 1 1 1 1 1 1 1 1 1 1 1 1 1 1 1 100 1 1 100 1 1 1
ciInstanceKlass java/util/HashMap$TreeNode 0 0 250 100 1 10 100 12 1 1 1 9 100 12 1 1 1 9 12 1 1 9 12 1 9 12 1 1 9 12 1 1 10 12 1 1 100 1 10 12 1 9 12 1 9 12 1 9 12 1 1 10 100 12 1 1 1 10 12 1 1 10 12 1 1 10 12 1 1 10 12 1 1 10 12 1 1 10 100 12 1 1 1 10 100 12 1 1 1 10 100 12 1 1 1 9 12 1 10 12 1 1 10 12 1 1 10 12 1 1 10 12 1 1 9 100 1 10 12 1 1 10 12 1 1 10 12 1 10 12 1 1 10 12 1 10 12 1 10 12 1 1 1 1 1 1 1 1 1 1 1 1 1 1 1 1 1 1 1 1 1 1 1 1 1 1 100 1 1 1 1 1 1 1 1 1 1 1 1 1 1 1 1 1 1 1 1 1 1 1 1 1 1 1 1 1 1 1 1 1 1 1 1 1 1 1 1 1 1 1 1 1 1 1 1 1 1 1 1 1 1 1 1 1 1 1 1 1 1 1 1 1 1 1 1 1 1 1 1 1 1 1 1 1 1 1 1 100 1 1 1 1
ciInstanceKlass jdk/internal/util/Preconditions 1 1 194 10 100 12 1 1 1 11 100 12 1 1 1 11 100 12 1 1 1 100 1 100 1 10 7 12 1 1 1 10 12 1 8 1 100 1 10 100 12 1 1 1 10 12 1 1 8 1 8 1 10 100 12 1 1 7 1 10 12 1 8 1 10 100 12 1 1 1 8 1 10 12 1 1 10 12 1 1 11 12 1 8 1 8 1 11 12 1 1 8 1 8 1 8 1 10 12 1 1 10 12 1 1 10 12 1 10 12 1 10 12 1 10 12 7 1 10 10 12 1 1 9 12 1 1 7 1 10 9 12 1 7 1 10 9 12 1 1 1 1 1 1 1 1 1 1 1 1 1 1 1 1 1 1 1 1 1 1 1 1 1 1 1 1 1 1 1 1 1 1 1 1 1 1 1 1 1 1 1 1 1 1 1 1 1 1 1 1 1 1 1 1 1 1
staticfield jdk/internal/util/Preconditions SIOOBE_FORMATTER Ljava/util/function/BiFunction; jdk/internal/util/Preconditions$4
staticfield jdk/internal/util/Preconditions AIOOBE_FORMATTER Ljava/util/function/BiFunction; jdk/internal/util/Preconditions$4
staticfield jdk/internal/util/Preconditions IOOBE_FORMATTER Ljava/util/function/BiFunction; jdk/internal/util/Preconditions$4
ciInstanceKlass java/util/function/Function 1 1 77 10 100 12 1 1 1 18 12 1 1 18 18 12 1 11 7 12 1 100 1 1 1 1 1 1 1 1 1 1 1 1 1 1 1 1 1 1 1 1 1 1 1 1 1 1 1 1 1 1 1 1 1 1 16 15 11 12 15 11 12 15 11 12 15 10 7 12 1 1 1 1 100 1 100 1 1
ciInstanceKlass java/util/function/BiFunction 1 1 65 10 100 12 1 1 1 18 12 1 1 11 100 12 1 1 11 100 12 1 100 1 1 1 1 1 1 1 1 1 1 1 1 1 1 1 1 1 1 1 1 1 1 1 1 1 1 1 16 15 11 12 15 10 100 12 1 1 1 1 100 1 100 1 1
ciInstanceKlass jdk/internal/util/Preconditions$4 1 1 61 9 7 12 1 1 1 10 7 12 1 1 1 10 100 12 1 1 1 11 100 12 1 1 1 100 1 100 1 100 1 10 12 1 100 1 1 1 1 1 1 1 1 1 1 1 1 1 1 1 1 1 1 1 1 1 12 1 1 1 1
ciInstanceKlass java/util/concurrent/locks/Lock 1 0 19 100 1 100 1 1 1 1 1 100 1 1 1 1 1 1 1 1 1
instanceKlass jdk/internal/loader/NativeLibraries$CountedLock
instanceKlass java/util/concurrent/ConcurrentHashMap$Segment
ciInstanceKlass java/util/concurrent/locks/ReentrantLock 1 1 177 10 7 12 1 1 1 7 1 10 9 7 12 1 1 1 100 1 10 10 7 12 1 1 10 12 1 10 12 1 1 10 100 12 1 1 1 10 12 1 1 10 12 1 1 10 12 1 1 10 12 1 1 10 12 1 10 12 1 10 12 1 1 10 12 1 10 12 1 1 10 12 1 10 12 1 1 100 1 10 100 1 100 1 8 1 10 12 1 10 12 1 1 10 12 1 1 10 12 1 1 100 1 10 10 12 1 1 10 12 1 1 8 1 8 1 10 100 12 1 1 8 1 10 100 1 100 1 1 1 1 5 0 1 1 1 1 1 1 1 1 1 1 100 1 1 1 1 1 1 1 1 1 1 1 1 1 1 1 1 1 1 1 1 1 100 1 1 1 1 1 1 1 1 100 1 1
ciInstanceKlass java/util/concurrent/locks/LockSupport 1 1 105 10 100 12 1 1 1 9 7 12 1 1 1 9 12 1 1 10 7 12 1 1 1 10 7 12 1 1 1 10 12 1 1 10 100 12 1 1 1 10 12 1 10 12 1 1 10 12 1 10 12 1 10 12 1 10 12 1 100 1 10 10 12 1 1 10 12 1 1 10 12 1 1 8 1 10 12 1 1 1 1 1 1 1 1 1 1 1 1 1 1 1 100 1 1 1 1 1 1 1 1 1 1 1 1
staticfield java/util/concurrent/locks/LockSupport U Ljdk/internal/misc/Unsafe; jdk/internal/misc/Unsafe
staticfield java/util/concurrent/locks/LockSupport PARKBLOCKER J 92
instanceKlass com/google/gson/internal/LinkedTreeMap$EntrySet
instanceKlass java/lang/ProcessEnvironment$CheckedEntrySet
instanceKlass java/util/LinkedHashMap$LinkedKeySet
instanceKlass java/util/LinkedHashMap$LinkedEntrySet
instanceKlass java/util/Collections$SingletonSet
instanceKlass java/util/TreeMap$EntrySet
instanceKlass java/util/concurrent/ConcurrentSkipListMap$KeySet
instanceKlass java/util/concurrent/ConcurrentSkipListSet
instanceKlass java/util/TreeMap$KeySet
instanceKlass java/util/TreeSet
instanceKlass java/util/IdentityHashMap$KeySet
instanceKlass java/util/EnumSet
instanceKlass jdk/internal/util/ReferencedKeySet
instanceKlass java/util/HashMap$KeySet
instanceKlass java/util/WeakHashMap$KeySet
instanceKlass java/util/Collections$SetFromMap
instanceKlass java/util/HashSet
instanceKlass java/util/ImmutableCollections$MapN$1
instanceKlass java/util/Collections$EmptySet
instanceKlass java/util/HashMap$EntrySet
ciInstanceKlass java/util/AbstractSet 1 1 96 10 7 12 1 1 1 100 1 100 1 11 12 1 1 10 7 1 10 12 1 1 100 1 100 1 10 12 1 1 11 7 12 1 1 1 11 12 1 1 10 7 12 1 1 10 100 12 1 1 1 11 10 12 1 1 11 12 1 11 12 1 1 1 1 1 1 1 1 1 1 1 1 1 1 1 1 100 1 1 1 1 1 1 1 1 1 1 1 1 1 1 1 1 1 1
ciInstanceKlass java/io/FileInputStream 1 1 298 7 1 10 12 1 1 10 7 12 1 1 10 7 12 1 1 7 1 10 9 12 1 1 10 12 1 1 10 7 12 1 1 1 10 100 12 1 1 100 1 10 10 12 1 1 100 1 8 1 10 7 1 10 9 12 1 1 10 12 1 1 9 12 1 1 10 12 1 10 7 12 1 1 1 10 12 10 7 12 1 1 1 10 12 1 10 12 1 1 10 12 1 1 10 12 1 1 10 12 1 10 12 1 10 12 1 1 100 1 5 0 8 1 10 100 12 1 1 1 10 100 12 1 1 1 100 1 10 10 12 1 10 12 10 100 12 1 1 1 10 100 12 1 1 1 10 100 12 1 1 1 100 1 8 1 10 10 12 1 1 10 12 1 1 100 1 10 12 1 1 10 100 1 5 0 10 10 12 1 1 10 12 1 10 12 1 10 12 1 10 12 1 100 1 10 12 1 10 12 1 10 12 1 1 10 12 1 9 12 1 1 9 12 1 1 10 12 1 7 1 10 12 1 10 12 1 100 1 10 10 100 12 1 1 100 1 10 12 1 10 12 1 1 1 1 3 1 1 1 1 1 1 1 1 1 1 1 1 1 1 1 100 1 1 1 1 100 1 1 1 1 1 1 1 1 1 1 1 1 1 1 1 1 1 1 1 1 1 1 1 1 1 1 1 1 1 1
instanceKlass java/io/DataInputStream
instanceKlass java/util/zip/CheckedInputStream
instanceKlass sun/net/www/protocol/jar/JarURLConnection$JarURLInputStream
instanceKlass java/util/jar/Manifest$FastInputStream
instanceKlass java/util/zip/InflaterInputStream
instanceKlass java/io/BufferedInputStream
ciInstanceKlass java/io/FilterInputStream 1 1 62 10 7 12 1 1 1 9 7 12 1 1 1 10 12 1 1 10 12 1 10 10 12 1 1 10 12 1 10 12 1 10 12 1 1 10 12 1 10 12 1 1 1 1 1 1 1 1 1 100 1 1 1 1 1 1 1 1 1 1 1 1
ciInstanceKlass java/io/BufferedInputStream 1 1 256 9 7 12 1 1 1 100 1 8 1 10 12 1 1 9 12 1 1 9 12 1 9 12 1 1 9 12 1 1 9 12 1 1 10 7 12 1 1 1 10 12 1 1 10 12 1 10 7 12 1 1 9 12 1 100 1 8 1 10 10 7 12 1 1 1 10 7 12 1 1 1 9 12 1 1 10 12 1 9 12 1 10 7 12 1 1 1 9 12 1 10 7 12 1 1 1 9 12 1 10 12 1 1 10 7 12 1 1 1 10 12 1 10 12 1 1 10 12 1 10 12 1 10 7 12 1 1 1 10 12 10 12 1 100 1 10 12 10 12 1 10 12 1 10 12 1 1 10 12 1 10 12 1 100 1 3 10 12 1 1 10 12 1 8 1 10 12 1 8 1 10 100 12 1 1 1 10 12 1 1 10 100 12 1 1 1 10 100 12 1 1 1 10 12 1 10 12 1 1 100 1 100 1 5 0 10 10 12 1 1 8 10 12 1 1 1 1 3 1 1 1 1 1 1 1 1 1 1 1 100 1 1 1 1 1 100 1 1 1 1 1 1 1 1 1 1 1 1 1 1 1 1 1 1 1
staticfield java/io/BufferedInputStream EMPTY [B 0
staticfield java/io/BufferedInputStream U Ljdk/internal/misc/Unsafe; jdk/internal/misc/Unsafe
staticfield java/io/BufferedInputStream BUF_OFFSET J 40
ciInstanceKlass jdk/internal/misc/InternalLock 1 1 69 10 7 12 1 1 1 7 1 10 9 7 12 1 1 1 9 12 1 1 10 10 12 1 1 10 12 10 12 1 10 12 1 8 1 10 7 12 1 1 1 10 100 12 1 1 8 1 10 12 1 1 1 1 1 1 1 1 1 1 1 1 1 1 1 1 1 1 1
staticfield jdk/internal/misc/InternalLock CAN_USE_INTERNAL_LOCK Z 1
instanceKlass java/util/concurrent/ThreadPoolExecutor$Worker
instanceKlass java/util/concurrent/locks/ReentrantReadWriteLock$Sync
instanceKlass java/util/concurrent/locks/ReentrantLock$Sync
ciInstanceKlass java/util/concurrent/locks/AbstractQueuedSynchronizer 1 1 367 10 7 12 1 1 1 9 7 12 1 1 1 9 12 1 1 9 12 1 1 10 7 12 1 1 1 9 12 1 10 12 1 1 9 12 1 1 9 12 1 10 7 12 1 1 7 1 10 100 1 9 12 1 10 12 1 1 10 7 12 1 1 1 10 12 1 1 9 7 12 1 1 9 12 1 9 12 1 1 10 7 12 1 1 1 9 12 1 10 12 1 1 9 100 1 10 12 1 1 10 12 1 10 12 1 10 12 1 1 100 1 10 12 1 1 10 12 1 10 12 1 10 12 1 1 10 10 10 12 1 1 10 100 12 1 1 1 10 12 1 1 10 12 1 10 12 1 1 10 12 1 5 0 10 12 1 10 12 1 10 12 1 3 100 1 10 10 12 1 1 100 1 10 10 12 1 10 12 1 100 1 10 10 12 1 100 1 10 10 12 1 1 100 1 10 10 100 12 1 1 1 10 12 1 1 8 1 10 12 1 1 10 12 1 8 1 10 12 1 8 1 8 1 8 1 10 10 100 12 1 1 1 10 12 1 1 100 1 8 1 10 12 1 10 12 1 10 12 1 10 12 1 1 10 12 1 1 8 10 12 1 1 8 8 100 1 1 1 5 0 1 3 1 1 3 1 1 1 1 1 1 1 1 1 1 1 1 1 1 1 1 1 1 1 1 1 1 1 1 1 1 1 1 1 1 1 1 1 1 1 1 1 1 1 1 1 1 1 1 1 1 1 1 1 1 1 1 1 1 1 1 1 1 1 1 1 1 1 1 1 1 1 1 1 1 1 1 1 1 100 1 1 1 1 1 1 1 1 1 1 1 1 1 1 1 1
staticfield java/util/concurrent/locks/AbstractQueuedSynchronizer U Ljdk/internal/misc/Unsafe; jdk/internal/misc/Unsafe
staticfield java/util/concurrent/locks/AbstractQueuedSynchronizer STATE J 16
staticfield java/util/concurrent/locks/AbstractQueuedSynchronizer HEAD J 20
staticfield java/util/concurrent/locks/AbstractQueuedSynchronizer TAIL J 24
instanceKlass java/util/concurrent/locks/ReentrantLock$NonfairSync
ciInstanceKlass java/util/concurrent/locks/ReentrantLock$Sync 1 1 127 10 7 12 1 1 1 10 7 12 1 1 1 10 7 12 1 1 1 10 12 1 1 10 12 1 1 10 12 1 100 1 8 1 10 12 1 10 12 1 1 10 12 1 1 10 12 1 10 12 1 100 1 10 10 12 1 10 12 1 1 100 1 10 7 1 10 12 1 10 12 1 10 100 12 1 1 1 1 1 5 0 1 1 1 1 1 1 1 1 1 1 1 1 1 1 1 1 1 1 1 1 1 1 1 1 1 1 1 1 1 1 1 1 1 100 1 100 1 1 1 1 100 1 1 1 1
ciInstanceKlass java/util/concurrent/locks/ReentrantLock$NonfairSync 1 1 69 10 7 12 1 1 1 10 7 12 1 1 1 10 7 12 1 1 1 10 12 1 1 10 12 1 10 12 1 1 100 1 8 1 10 12 1 10 12 1 1 1 1 1 5 0 1 1 1 1 1 1 1 1 1 1 1 1 1 1 1 1 1 1 100 1 1 1 1
instanceKlass java/nio/MappedByteBuffer
instanceKlass java/nio/HeapByteBuffer
ciInstanceKlass java/nio/ByteBuffer 1 1 446 10 7 12 1 1 1 9 7 12 1 1 1 10 7 12 1 1 1 9 12 1 1 9 12 1 9 12 1 1 9 12 1 1 10 12 1 10 12 1 7 1 10 12 1 10 12 1 1 7 1 10 12 1 10 12 1 100 1 100 1 10 12 1 10 12 1 1 10 7 12 1 1 1 10 12 1 1 10 12 1 100 1 10 10 12 1 1 10 12 1 10 12 1 10 12 100 1 5 0 9 12 1 1 9 12 1 9 12 1 1 10 12 1 1 10 12 1 1 10 7 12 1 1 1 10 7 12 1 1 1 10 12 1 10 12 1 1 10 12 1 1 100 1 10 100 1 10 10 12 1 1 9 12 1 10 12 1 100 1 10 10 12 1 10 12 1 10 12 10 12 1 9 12 100 1 10 10 12 1 10 12 10 12 1 1 10 12 1 10 12 1 10 12 1 10 12 1 100 1 10 10 100 12 1 1 1 10 7 12 1 1 1 10 12 1 1 8 1 10 12 1 8 1 8 1 10 12 1 8 1 10 12 1 10 100 12 1 1 1 10 100 12 1 1 1 10 12 1 1 10 100 1 9 12 1 8 1 10 12 1 8 1 8 1 10 10 12 1 10 12 1 1 10 12 1 1 10 12 10 12 1 1 10 12 10 12 10 12 10 12 10 12 10 12 10 12 1 1 10 12 1 9 12 1 1 7 10 7 12 1 1 1 100 1 1 1 1 1 1 1 1 1 1 1 1 100 1 1 1 1 1 1 1 1 1 1 1 1 1 1 1 1 1 1 1 1 1 100 1 1 1 1 1 1 1 1 1 1 1 1 1 1 1 1 1 1 1 1 1 1 1 1 1 1 1 1 1 1 1 1 1 1 1 1 1 1 1 1 1 1 1 1 1 1 1 1 1 1 1 1 1 1 1 1 1 1 1 1 1 1 1 1 1 1 1 1 1 1 1 1 1 1 1 1 1 1 1 1 1 1 1 1 1 1 1 1 1 1 1 1 1 1 1 100 1
staticfield java/nio/ByteBuffer ARRAY_BASE_OFFSET J 16
staticfield java/nio/ByteBuffer $assertionsDisabled Z 1
ciInstanceKlass java/nio/HeapByteBuffer 1 1 360 10 7 12 1 1 1 9 7 12 1 1 1 9 12 1 9 12 1 10 12 1 1 10 12 1 9 12 1 1 9 12 1 1 9 12 1 1 10 12 1 10 7 12 1 1 1 10 12 1 10 12 1 100 1 10 10 12 1 10 12 1 1 10 12 1 10 12 1 1 100 1 10 12 10 7 12 1 1 1 10 12 1 10 12 1 100 1 10 10 12 1 1 10 12 1 9 12 1 1 100 1 10 10 12 10 12 1 9 12 1 1 10 12 1 1 10 12 10 12 1 1 9 12 1 10 7 12 1 1 1 10 12 1 10 12 10 12 1 1 100 1 10 12 1 7 1 10 10 12 1 1 10 12 1 1 100 1 10 100 1 10 10 12 1 1 10 12 1 1 100 1 10 100 1 10 10 12 1 1 10 12 1 1 100 1 10 100 1 10 10 100 12 1 1 1 10 12 1 1 100 1 10 100 1 10 10 100 12 1 1 1 10 12 1 1 100 1 10 100 1 10 10 12 1 1 10 12 1 1 10 12 10 7 12 1 1 1 9 12 1 1 7 10 7 12 1 1 1 10 12 1 1 1 1 1 1 1 1 1 1 1 1 1 1 1 1 1 1 1 1 1 1 1 1 1 1 1 1 1 1 1 1 1 1 1 1 1 1 1 1 1 1 1 1 1 1 1 1 1 1 1 100 1 1 1 1 1 1 1 1 1 1 100 1 1 1 1 1 100 1 1 1 1 1 1 1 1 1 100 1 1 1 1 1 1 1 1 1 1 100 1 1 1 1 1 1 1 1 1 1 100 1 1 1 1 1 1 1 1
staticfield java/nio/HeapByteBuffer ARRAY_BASE_OFFSET J 16
staticfield java/nio/HeapByteBuffer ARRAY_INDEX_SCALE J 1
staticfield java/nio/HeapByteBuffer $assertionsDisabled Z 1
ciInstanceKlass jdk/internal/misc/Blocker 1 1 106 10 100 12 1 1 1 9 7 12 1 1 1 11 100 12 1 1 1 10 7 12 1 1 1 10 7 1 10 12 1 10 12 1 10 12 1 1 10 100 12 1 1 1 9 12 1 1 100 1 10 10 12 1 5 0 10 12 1 1 10 12 1 1 10 7 12 1 1 10 7 12 1 1 1 100 1 8 1 10 12 1 1 1 1 1 1 1 1 1 1 1 1 100 1 1 1 1 1 1 1 1 1 1 1 1
staticfield jdk/internal/misc/Blocker JLA Ljdk/internal/access/JavaLangAccess; java/lang/System$2
staticfield jdk/internal/misc/Blocker $assertionsDisabled Z 1
ciInstanceKlass java/util/Collections 1 1 932 10 100 12 1 1 1 11 7 12 1 1 1 7 1 11 12 1 1 7 1 10 12 1 1 10 12 1 11 12 1 1 100 1 11 12 1 1 11 12 1 1 10 12 1 11 100 12 1 1 11 12 1 1 11 12 1 10 12 1 10 12 1 10 12 11 100 12 1 1 1 10 12 1 1 11 12 1 11 12 1 1 9 12 1 1 100 1 10 10 12 1 1 10 12 1 11 100 12 1 1 1 11 12 1 1 10 12 1 11 12 1 100 1 8 1 10 12 1 11 7 12 1 1 1 11 100 1 11 12 1 1 10 12 1 1 10 12 1 10 12 1 1 10 12 1 11 12 1 1 10 12 1 1 10 12 1 1 10 12 1 1 11 12 1 1 7 1 10 12 1 11 100 1 100 1 10 12 1 11 7 1 7 1 10 12 1 11 100 1 100 1 10 12 1 11 100 1 100 1 10 12 1 11 100 1 100 1 10 12 1 11 7 1 11 7 1 10 12 10 11 7 1 7 1 10 12 1 11 100 1 100 1 10 11 100 1 100 1 10 12 1 11 100 1 100 1 10 12 1 100 1 10 10 12 1 7 1 10 10 12 1 100 1 10 100 1 10 100 1 10 100 1 10 10 12 1 10 7 1 10 100 1 10 100 1 10 100 1 10 12 1 10 100 12 1 1 1 100 1 100 1 10 12 1 100 1 10 12 1 100 1 10 12 1 100 1 10 12 1 100 1 10 12 1 100 1 10 100 1 10 12 1 100 1 10 12 1 100 1 10 12 1 9 7 12 1 1 1 9 100 12 1 1 9 7 12 1 1 1 9 12 1 1 9 12 1 1 9 12 1 1 9 12 1 1 9 12 1 1 7 1 10 12 7 1 10 7 1 10 7 1 10 7 1 10 12 1 100 1 100 1 10 8 1 10 12 1 1 10 12 1 10 12 1 1 10 7 1 10 12 1 9 7 12 1 1 1 9 7 12 1 1 1 7 1 9 12 1 1 10 12 7 1 10 100 1 10 11 100 12 1 1 11 12 1 10 12 1 11 11 12 1 11 11 12 1 8 1 7 1 10 11 100 1 10 12 1 100 1 10 100 12 1 1 1 100 1 10 12 1 7 1 10 7 1 10 7 1 10 1 1 1 3 1 3 1 3 1 3 1 3 1 3 1 3 1 3 1 1 1 1 1 1 1 1 1 1 1 1 1 1 1 1 1 1 1 1 1 1 1 1 1 1 1 1 1 1 1 1 1 1 1 1 1 1 1 1 1 1 1 1 1 1 1 1 1 1 1 1 1 1 1 1 1 1 1 1 1 1 1 1 1 1 1 1 1 1 1 1 1 1 1 1 1 1 1 1 1 1 1 1 1 1 1 1 1 1 1 1 1 1 1 1 1 1 1 1 1 1 1 1 1 1 1 1 1 1 1 1 1 1 1 1 1 1 1 1 1 1 1 1 1 1 1 1 1 1 1 1 1 1 1 1 1 1 1 1 1 1 1 1 1 1 1 1 1 1 1 1 1 1 1 1 1 1 1 1 1 1 1 1 1 1 1 1 1 1 1 1 1 1 1 1 1 1 1 1 1 1 1 1 1 1 1 1 1 1 1 1 1 1 1 1 1 1 1 1 1 1 1 1 1 1 1 1 1 1 1 1 1 1 1 1 1 1 1 1 1 1 1 1 1 1 1 1 1 1 1 1 1 1 1 1 1 1 1 1 1 1 1 1 1 1 1 1 1 1 1 1 1 1 1 1 1 1 1 1 1 1 1 1 1 1 1 1 1 1 1 1 1 1 1 1 1 1 1 1 1 1 1 1 1 1 1 1 1 1 1 1 1 1 1 1 1 1 1 1 1 1 1 1 1 1 1 1 1 1 1 1 1 1 1 1 1 1 1 1 1 1 1 1 1 1 1 1 1 1 1 100 1 100 1 100 1 100 1 100 1 100 1 100 1 100 1 100 1 100 1 100 1 100 1 100 1 1 1 1 1 1 1 1 1 1 1 1 1 1 1 1 1 1 1 1 1 1 1 1 1 1 1 1 1 1 1 1 1 1 1 1 1 1 1 1 1 1 100 1 1 1 1 1 1 1 1 1 1 1 1 1 1 1
staticfield java/util/Collections EMPTY_SET Ljava/util/Set; java/util/Collections$EmptySet
staticfield java/util/Collections EMPTY_LIST Ljava/util/List; java/util/Collections$EmptyList
staticfield java/util/Collections EMPTY_MAP Ljava/util/Map; java/util/Collections$EmptyMap
instanceKlass java/security/InvalidParameterException
instanceKlass java/nio/file/InvalidPathException
instanceKlass java/nio/file/ProviderMismatchException
instanceKlass java/lang/NumberFormatException
instanceKlass java/util/IllegalFormatException
ciInstanceKlass java/lang/IllegalArgumentException 1 1 35 10 7 12 1 1 1 10 12 1 10 12 1 10 12 1 100 1 1 1 1 5 0 1 1 1 1 1 1 1 1 1 1 1 1
ciInstanceKlass java/lang/invoke/MethodHandleStatics 1 1 320 10 100 12 1 1 1 9 7 12 1 1 1 9 12 1 1 10 7 12 1 1 1 9 12 1 9 12 1 9 12 1 9 12 1 9 100 12 1 1 1 100 1 10 8 1 10 12 1 1 10 100 12 1 1 1 8 1 10 100 12 1 1 1 10 12 1 1 8 1 8 1 10 12 1 10 100 12 1 1 1 10 7 12 1 1 8 1 10 12 1 1 8 1 8 1 8 1 8 1 10 12 1 1 100 1 10 12 10 12 1 10 12 1 100 1 10 10 12 1 1 100 1 10 10 12 1 100 1 100 1 8 1 8 1 10 12 1 8 1 10 7 12 1 1 1 9 12 1 1 10 7 12 1 1 1 10 12 1 1 9 12 1 1 10 7 12 1 1 1 8 1 10 7 12 1 1 10 7 12 1 1 1 8 1 8 1 8 1 8 1 8 1 10 12 1 10 7 12 1 1 1 9 12 1 8 1 8 1 8 1 8 1 9 12 1 8 1 9 12 1 8 1 8 1 9 12 1 8 1 8 1 9 12 1 8 1 9 12 1 8 1 9 12 1 8 1 8 1 9 12 1 8 1 8 1 10 12 1 1 8 1 10 12 1 1 1 1 1 1 1 1 1 1 1 1 1 1 1 1 1 1 1 1 1 1 1 100 1 100 1 100 1 1 1 1 1 1 1 1 1 1 1 1 1 1 1 1 1 1 1 1 1 1 1 1 1 1 1 1
staticfield java/lang/invoke/MethodHandleStatics UNSAFE Ljdk/internal/misc/Unsafe; jdk/internal/misc/Unsafe
staticfield java/lang/invoke/MethodHandleStatics CLASSFILE_VERSION I 65
staticfield java/lang/invoke/MethodHandleStatics DEBUG_METHOD_HANDLE_NAMES Z 0
staticfield java/lang/invoke/MethodHandleStatics TRACE_INTERPRETER Z 0
staticfield java/lang/invoke/MethodHandleStatics TRACE_METHOD_LINKAGE Z 0
staticfield java/lang/invoke/MethodHandleStatics TRACE_RESOLVE Z 0
staticfield java/lang/invoke/MethodHandleStatics COMPILE_THRESHOLD I 0
staticfield java/lang/invoke/MethodHandleStatics LOG_LF_COMPILATION_FAILURE Z 0
staticfield java/lang/invoke/MethodHandleStatics DONT_INLINE_THRESHOLD I 30
staticfield java/lang/invoke/MethodHandleStatics PROFILE_LEVEL I 0
staticfield java/lang/invoke/MethodHandleStatics PROFILE_GWT Z 1
staticfield java/lang/invoke/MethodHandleStatics CUSTOMIZE_THRESHOLD I 127
staticfield java/lang/invoke/MethodHandleStatics VAR_HANDLE_GUARDS Z 1
staticfield java/lang/invoke/MethodHandleStatics MAX_ARITY I 255
staticfield java/lang/invoke/MethodHandleStatics VAR_HANDLE_IDENTITY_ADAPT Z 0
staticfield java/lang/invoke/MethodHandleStatics DUMP_CLASS_FILES Ljdk/internal/util/ClassFileDumper; jdk/internal/util/ClassFileDumper
instanceKlass org/wso2/ballerinalang/compiler/semantics/analyzer/TypeChecker$5
instanceKlass org/wso2/ballerinalang/compiler/semantics/analyzer/TypeChecker$4
instanceKlass org/wso2/ballerinalang/compiler/semantics/analyzer/TypeChecker$3
instanceKlass org/wso2/ballerinalang/compiler/semantics/analyzer/TypeChecker$2
instanceKlass org/wso2/ballerinalang/compiler/semantics/analyzer/TypeChecker$1
instanceKlass java/util/LinkedHashSet
ciInstanceKlass java/util/HashSet 1 1 303 10 7 12 1 1 1 7 1 10 9 7 12 1 1 1 11 7 12 1 1 1 10 7 12 1 1 1 10 12 1 1 10 12 1 1 10 12 1 10 12 1 7 1 10 10 12 1 1 11 7 12 1 1 1 10 10 12 1 1 10 12 1 1 9 12 1 1 10 12 1 1 10 12 1 1 10 12 1 10 7 12 1 1 1 10 100 1 100 1 10 12 1 10 100 12 1 1 10 12 1 10 12 1 10 12 1 1 10 12 1 1 11 100 12 1 1 11 12 1 10 12 1 1 10 100 12 1 1 1 10 12 1 100 1 100 1 10 8 1 10 12 1 1 10 12 1 10 12 1 1 10 12 1 10 12 1 10 100 12 1 1 1 8 1 10 12 1 4 4 10 12 1 1 8 1 10 12 1 1 4 10 100 12 1 1 1 100 1 10 12 1 1 11 100 12 1 1 1 100 1 10 12 1 7 1 10 12 1 10 12 1 1 10 12 1 100 1 8 1 10 10 12 1 10 10 100 1 100 1 1 1 1 5 0 1 1 1 1 1 1 1 1 1 1 1 1 1 1 1 1 1 1 1 1 1 1 1 1 1 1 1 1 1 1 1 1 1 1 100 1 1 1 1 100 1 1 1 1 1 1 1 1 1 1 1 1 1 1 1 1 1 1 1 100 1 1 100 1 100 1 1 1
staticfield java/util/HashSet PRESENT Ljava/lang/Object; java/lang/Object
instanceKlass okhttp3/internal/http2/StreamResetException
instanceKlass okhttp3/internal/http2/ConnectionShutdownException
instanceKlass java/net/UnknownServiceException
instanceKlass java/net/SocketException
instanceKlass java/net/ProtocolException
instanceKlass javax/net/ssl/SSLException
instanceKlass java/net/UnknownHostException
instanceKlass java/io/InterruptedIOException
instanceKlass org/apache/commons/io/FileExistsException
instanceKlass com/google/gson/stream/MalformedJsonException
instanceKlass java/io/EOFException
instanceKlass java/util/zip/ZipException
instanceKlass java/nio/file/FileSystemException
instanceKlass java/net/MalformedURLException
instanceKlass java/io/ObjectStreamException
instanceKlass java/rmi/RemoteException
instanceKlass java/io/FileNotFoundException
ciInstanceKlass java/io/IOException 1 1 34 10 7 12 1 1 1 10 12 1 10 12 1 10 12 1 100 1 1 1 1 5 0 1 1 1 1 1 1 1 1 1 1 1
ciInstanceKlass java/io/DataInput 1 0 36 100 1 100 1 1 1 1 100 1 1 1 1 1 1 1 1 1 1 1 1 1 1 1 1 1 1 1 1 1 1 1 1 1 1 1
ciInstanceKlass java/lang/invoke/VarHandleGuards 1 1 746 10 100 12 1 1 1 10 7 12 1 1 1 9 12 1 1 9 7 12 1 1 1 9 7 12 1 1 1 9 12 1 1 9 12 1 10 12 1 1 10 7 12 1 1 1 9 12 1 1 10 7 12 1 1 1 10 12 1 1 9 12 1 10 12 1 1 10 12 1 1 10 12 1 1 10 12 1 10 12 1 1 10 12 1 10 12 1 10 12 1 10 12 1 10 12 1 10 12 1 10 12 1 10 12 1 10 12 1 10 12 1 10 12 1 10 12 1 10 12 1 10 12 1 10 12 1 10 12 1 10 12 1 10 12 1 10 12 1 10 12 1 10 12 1 10 12 1 10 12 1 10 12 1 10 12 1 10 12 1 10 12 1 10 12 1 10 12 1 10 12 1 10 12 1 10 12 1 10 12 1 10 12 1 10 12 1 10 12 1 10 12 1 10 12 1 10 12 1 10 12 1 10 12 1 10 12 1 10 12 1 10 12 1 10 12 1 10 12 1 10 12 1 10 12 1 10 12 1 10 12 1 10 12 1 10 12 1 10 12 1 10 12 1 10 12 1 10 12 1 10 12 1 10 12 1 10 12 1 10 12 1 10 12 1 10 12 1 10 12 1 10 12 1 10 12 1 10 12 1 10 12 1 10 12 1 10 12 1 10 12 1 10 12 1 10 12 1 10 12 1 10 12 1 10 12 1 10 12 1 10 12 1 10 12 1 10 12 1 10 12 1 10 12 1 10 12 1 10 12 1 10 12 1 10 12 1 10 12 1 10 12 1 10 12 1 10 12 1 10 12 1 10 12 1 10 12 1 10 12 1 10 12 1 10 12 1 10 12 1 10 12 1 10 12 1 10 12 1 10 12 1 10 12 1 10 12 1 10 12 1 10 12 1 10 12 1 10 12 1 10 12 1 10 12 1 10 12 1 10 12 1 10 12 1 10 12 1 10 12 1 10 12 1 10 12 1 10 12 1 10 12 1 10 12 1 10 12 1 10 12 1 10 12 1 10 12 1 10 12 1 10 12 1 10 12 1 10 12 1 10 12 1 10 12 1 10 12 1 10 12 1 10 12 1 10 12 1 10 12 1 10 12 1 10 12 1 10 12 1 10 12 1 10 12 1 10 12 1 10 12 1 10 12 1 10 12 1 10 12 1 10 12 1 10 12 1 10 12 1 10 12 1 10 12 1 10 12 1 10 12 1 10 12 1 10 12 1 10 12 1 10 12 1 10 12 1 100 1 1 1 1 1 1 1 1 1 1 1 1 1 1 1 1 1 1 1 1 1 100 1 1 1 1 1 1 1 1 1 1 1 1 1 1 1 1 1 1 1 1 1 1 1 1 1 1 1 1 1 1 1 1 1 1 1 1 1 1 1 1 1 1 1 1 1 1 1 1 1 1 1 1 1 1 1 1 1 1 1 1 1 1 1 1 1 1 1 1 1 1 1 1 1 1 1 1 1 1 1 1 1 1 1 1 1 1 1 1 1 1 1 1 1 1 1 1 1 1 1 1 1 1 1 1 1 1 1 1 1 1 1 1 1 1 1 1 1 1 1 1 1 1 1 1 1 1 1 1 1 1 1 1 1 1 1 1 1 1 1 1 1 1 1 1 1 1 1 1 1 1 1 1 1 1 1 1 1 1 1 1 1 1 1 1 1 1 1 1 1 1 1 100 1 100 1 1
ciInstanceKlass java/lang/invoke/VarForm 1 1 194 100 1 10 7 12 1 1 1 9 7 12 1 1 1 7 1 9 7 12 1 1 1 9 7 1 7 1 9 12 1 1 9 12 1 1 10 12 1 1 7 1 10 7 12 1 1 1 7 1 10 12 1 1 10 12 1 1 10 12 1 1 9 12 1 1 10 12 1 1 9 12 1 10 12 1 1 9 12 1 9 7 12 1 1 10 12 1 1 9 12 1 9 12 1 9 7 1 10 12 1 1 100 1 10 10 12 1 1 10 12 1 1 9 12 1 7 1 10 12 1 1 9 7 12 1 1 1 10 12 1 1 10 12 1 9 12 1 10 12 1 1 1 1 1 1 1 1 1 1 1 1 1 1 1 1 1 1 1 1 100 1 1 1 1 1 1 1 1 1 1 1 1 1 1 1 1 1 1 1 1 100 1 1 1 1 100 1 1 1 1 100 1 1
ciInstanceKlass java/lang/invoke/VarHandle$AccessDescriptor 1 1 61 10 7 12 1 1 1 9 7 12 1 1 1 10 7 12 1 1 1 9 12 1 7 1 7 1 10 12 1 1 9 12 1 10 12 1 1 9 12 1 9 12 1 1 9 12 1 1 1 1 1 1 1 1 1 1 1 1 1 1 1
ciInstanceKlass java/util/concurrent/locks/ReentrantReadWriteLock$FairSync 1 1 33 10 7 12 1 1 1 10 7 12 1 1 1 1 1 1 5 0 1 1 1 1 1 1 1 1 1 1 100 1 1 1 1
instanceKlass java/util/Collections$UnmodifiableRandomAccessList
ciInstanceKlass java/util/Collections$UnmodifiableList 1 1 127 10 7 12 1 1 1 9 7 12 1 1 1 11 7 12 1 1 1 11 12 1 1 11 12 1 1 100 1 10 12 1 11 12 1 1 11 12 1 10 12 1 1 100 1 10 12 1 11 12 1 1 10 12 1 100 1 100 1 10 1 1 1 5 0 1 1 1 1 1 1 1 1 1 1 1 1 1 1 1 1 1 1 1 1 1 1 1 1 1 1 1 1 1 1 1 1 1 1 1 1 1 1 1 1 1 1 1 1 1 1 1 1 1 1 100 1 1 1 1 1 100 1 1 1 1 1
ciInstanceKlass java/util/Collections$UnmodifiableRandomAccessList 1 1 52 10 7 12 1 1 1 7 1 9 12 1 1 11 7 12 1 1 1 10 100 1 1 1 1 5 0 1 1 1 1 1 1 1 1 1 1 1 1 1 1 1 1 1 1 1 1 100 1 1 1 1
ciInstanceKlass java/util/Collections$1 1 1 67 9 7 12 1 1 1 10 7 12 1 1 1 9 12 1 1 100 1 10 100 1 10 10 100 12 1 1 1 11 100 12 1 1 1 100 1 1 1 1 1 1 1 1 1 1 1 1 1 1 1 1 1 1 1 1 1 1 1 1 100 1 12 1 1 1 1
ciInstanceKlass java/util/stream/ReferencePipeline$7 1 1 55 9 7 12 1 1 1 10 7 12 1 1 1 7 1 10 12 1 1 1 1 1 1 1 1 1 1 1 1 1 1 1 1 1 1 1 1 1 1 1 1 1 1 1 1 1 1 100 1 12 1 1 1 1 1
ciInstanceKlass sun/nio/ch/ChannelInputStream 1 1 264 10 7 12 1 1 1 9 7 12 1 1 1 7 1 10 12 1 1 10 12 1 1 100 1 10 11 7 12 1 1 1 9 12 1 1 10 12 1 10 7 12 1 1 1 9 12 1 9 12 1 1 10 7 12 1 1 1 10 12 1 1 10 7 12 1 1 1 10 12 1 1 10 12 1 10 7 1 10 12 1 1 11 12 1 1 11 12 100 1 5 0 8 1 100 1 10 100 12 1 1 1 10 100 12 1 1 1 100 1 10 12 1 10 12 1 10 12 10 100 12 1 1 10 12 1 10 100 12 1 1 1 100 1 8 1 10 10 12 1 1 10 12 1 10 12 3 10 11 12 1 10 12 1 1 8 1 10 12 1 1 100 1 100 1 10 12 1 1 10 100 1 10 10 12 1 1 100 1 10 12 1 10 12 1 10 12 1 1 10 10 5 0 10 12 1 10 12 1 10 12 1 1 11 12 1 1 1 1 3 1 1 1 1 1 1 1 1 1 100 1 1 100 1 1 1 1 1 1 1 1 1 1 1 1 100 1 1 1 1 1 1 1 1 1 1 1 1 1 1 1 1 1 1 100 1 100 1 1 1 1 1 1 1
ciInstanceKlass java/nio/channels/ReadableByteChannel 1 0 14 100 1 100 1 100 1 1 1 1 100 1 1 1
ciInstanceKlass java/nio/channels/SeekableByteChannel 1 0 20 100 1 100 1 100 1 1 1 1 100 1 1 1 1 1 1 1 1 1
ciInstanceKlass sun/nio/ch/FileChannelImpl 1 1 838 10 7 12 1 1 1 7 1 10 12 1 9 7 12 1 1 1 7 1 10 9 12 1 1 9 12 1 1 9 12 1 1 9 12 1 1 9 12 1 9 12 1 9 12 1 1 9 12 1 100 1 10 9 12 1 1 10 7 12 1 1 1 9 12 1 1 10 7 12 1 1 1 7 1 10 12 1 10 7 12 1 1 1 9 12 1 1 10 12 1 10 12 1 1 100 1 10 9 12 1 10 12 1 10 12 1 1 10 7 12 1 1 9 12 1 1 10 100 12 1 1 1 11 100 12 1 1 1 11 100 12 1 1 11 12 1 1 100 1 10 12 1 10 12 1 1 10 12 1 10 12 1 1 100 1 10 12 1 10 12 1 11 100 12 1 1 11 7 12 1 1 100 1 10 12 1 1 10 12 1 100 1 10 10 10 100 12 1 1 1 10 12 1 10 12 1 1 10 12 1 10 12 1 10 7 12 1 1 1 10 7 12 1 5 0 10 7 12 1 1 1 10 12 1 10 12 1 1 10 100 12 1 1 1 10 12 1 10 12 1 5 0 10 12 1 100 1 10 10 12 1 10 12 9 12 1 1 11 7 12 1 1 1 10 12 1 10 12 1 1 100 1 10 8 1 10 12 1 10 12 1 1 10 12 1 1 10 12 1 10 100 12 1 1 1 10 12 1 1 5 0 100 1 9 12 1 9 12 1 5 0 9 12 1 100 1 100 1 10 12 1 1 11 12 1 1 10 12 1 1 10 12 1 1 10 12 1 5 0 10 12 1 5 0 10 100 12 1 1 1 9 100 12 1 1 1 10 12 1 1 11 100 12 1 1 10 12 1 1 100 1 11 10 100 1 10 12 1 1 100 1 5 0 10 100 12 1 1 1 10 12 1 10 12 1 10 12 1 1 10 12 1 10 10 12 1 10 12 1 1 10 12 1 1 10 12 1 10 12 1 1 9 12 1 10 12 1 1 10 12 11 100 12 1 11 10 12 1 1 10 12 1 10 12 1 1 100 1 10 8 1 10 12 1 10 12 1 10 12 1 100 1 11 12 1 10 100 1 100 1 5 0 8 1 8 1 10 12 1 1 10 12 1 1 10 12 1 1 10 12 1 1 10 10 12 1 1 10 12 1 10 100 12 1 1 10 12 1 10 12 1 10 12 8 1 10 100 12 1 1 1 10 12 1 8 1 8 1 100 1 10 12 1 100 1 10 12 1 10 12 1 1 10 8 1 10 12 1 1 10 12 1 8 1 10 10 12 1 10 12 1 100 1 10 100 12 1 1 5 0 10 12 1 100 1 10 12 1 1 10 12 1 8 1 10 12 1 10 12 1 1 10 12 1 100 1 10 12 1 100 1 10 10 100 12 1 1 9 100 12 1 1 9 12 1 9 12 1 9 12 1 100 1 10 10 100 12 1 1 7 1 10 7 1 10 10 12 1 100 1 5 0 10 12 1 10 12 1 10 12 1 10 12 1 10 12 100 1 10 10 12 1 1 10 12 1 1 10 10 10 12 10 7 12 1 1 10 7 12 1 1 1 7 1 10 1 1 1 1 1 3 1 3 1 3 1 3 1 3 1 1 1 1 1 1 100 1 1 1 1 1 1 100 1 1 1 1 1 1 1 1 1 1 1 1 1 1 1 1 100 1 1 1 1 1 1 1 1 1 1 1 1 1 1 1 1 1 1 1 1 1 1 1 1 1 1 1 1 1 1 1 100 1 1 1 1 1 1 1 1 1 1 1 1 1 1 1 1 1 1 1 1 1 1 1 1 1 1 1 1 1 100 1 1 1 1 1 1 1 1 1 1 1 1 1 1 1 1 1 1 1 1 1 1 1 1 1 1 1 1 1 1 1 1 1 1 100 1 1 100 1 1 1 1 100 1 1
staticfield sun/nio/ch/FileChannelImpl fdAccess Ljdk/internal/access/JavaIOFileDescriptorAccess; java/io/FileDescriptor$1
staticfield sun/nio/ch/FileChannelImpl nd Lsun/nio/ch/FileDispatcher; sun/nio/ch/FileDispatcherImpl
staticfield sun/nio/ch/FileChannelImpl $assertionsDisabled Z 1
ciInstanceKlass java/util/Arrays$ArrayItr 1 1 48 10 7 12 1 1 1 9 7 12 1 1 1 9 12 1 1 100 1 10 100 1 1 1 1 1 1 1 1 1 1 1 1 1 1 1 1 1 1 1 1 1 1 1 100 1 1 1
ciInstanceKlass java/util/regex/Pattern 1 1 1581 7 1 10 12 1 1 9 12 1 1 9 12 1 1 10 12 1 1 7 1 10 12 1 9 12 1 1 10 12 1 10 12 1 1 10 12 1 1 10 12 1 1 7 1 10 12 10 12 1 10 12 1 1 10 12 1 11 7 12 1 1 1 11 12 1 1 10 12 1 1 11 12 1 7 1 10 12 1 10 12 1 1 10 12 1 10 12 1 1 11 7 12 1 1 1 7 1 8 1 10 12 1 1 7 1 10 8 1 10 12 1 1 10 10 100 1 3 10 12 1 10 12 1 8 1 10 12 1 10 100 12 1 1 9 12 1 9 12 1 9 12 1 9 12 1 7 1 9 12 1 1 10 12 1 9 12 1 9 12 1 10 7 1 100 1 8 1 10 12 1 1 10 12 1 100 1 8 1 10 12 1 1 10 12 1 1 10 12 1 1 10 12 1 9 12 1 100 1 10 10 7 12 1 1 1 10 12 1 1 8 1 10 12 10 12 1 10 100 12 1 1 1 10 12 1 1 9 100 12 1 1 1 10 100 12 1 1 1 10 12 1 1 10 7 12 1 1 10 12 1 100 1 10 11 100 1 10 12 1 1 8 1 18 12 1 1 11 12 1 1 10 10 12 1 1 8 1 9 12 1 10 12 1 8 1 10 12 1 10 12 10 12 1 1 10 12 1 1 10 12 1 10 12 1 10 12 1 1 10 12 1 1 100 1 8 1 10 10 10 100 12 1 1 1 10 100 12 1 1 9 12 1 9 12 1 1 10 7 12 1 1 10 12 1 100 1 8 1 10 12 1 10 12 1 10 100 12 1 1 1 10 12 1 10 12 9 12 1 9 12 1 10 12 1 10 12 1 9 12 1 7 1 9 12 1 1 9 12 1 1 10 9 12 1 1 10 12 1 1 9 7 12 1 1 10 12 1 1 9 12 1 10 12 1 8 1 8 1 8 1 7 1 10 7 12 1 1 7 1 10 7 1 7 1 9 12 1 11 12 1 1 11 7 12 1 1 11 12 1 7 1 9 12 1 7 1 10 10 12 1 1 11 7 12 1 1 10 12 1 10 12 1 10 12 1 10 12 1 10 12 1 10 12 1 100 1 10 12 1 3 10 12 1 1 10 12 1 7 1 10 10 7 12 1 10 12 1 10 12 10 12 1 1 100 1 10 12 1 1 10 12 1 10 12 1 1 10 12 1 10 12 1 10 12 1 1 10 12 1 100 1 10 100 1 10 10 100 1 10 12 1 7 1 10 7 1 10 12 1 1 10 10 12 1 10 12 1 8 1 8 1 10 12 1 10 12 1 1 10 12 1 10 12 1 1 10 100 12 1 1 1 10 12 1 100 1 10 12 1 100 1 10 10 12 1 10 12 1 10 12 1 1 100 1 9 12 1 10 10 7 12 1 1 10 12 1 1 9 12 1 1 11 7 12 1 1 100 1 10 10 12 1 11 7 1 10 12 1 100 1 10 10 12 1 10 12 1 10 12 1 10 12 1 10 12 1 100 1 10 100 1 10 9 12 1 10 12 1 8 1 10 12 1 11 12 1 8 1 8 1 10 12 1 10 12 1 10 12 1 100 1 10 8 1 7 1 10 11 12 1 1 8 1 8 1 11 12 1 8 1 10 12 1 1 10 12 1 10 12 1 10 12 1 10 12 1 10 12 1 10 12 1 10 12 1 1 10 12 1 10 12 1 1 10 12 1 1 8 1 10 12 1 1 10 12 1 10 12 1 8 1 10 12 1 10 12 1 1 10 12 1 10 12 1 8 1 8 1 9 100 12 1 1 1 10 12 1 10 12 1 8 1 8 1 8 1 8 1 8 1 8 1 10 12 1 1 10 12 1 10 12 1 1 8 1 8 1 8 1 8 1 10 12 1 1 8 1 10 12 1 10 12 1 8 1 8 1 7 1 10 12 1 8 1 10 12 1 8 1 11 10 12 1 1 100 1 10 7 1 10 7 1 9 7 12 1 1 1 10 12 1 11 12 1 8 1 8 1 10 12 1 11 12 1 1 9 7 12 1 1 1 7 1 10 10 12 1 1 9 12 1 8 1 10 12 1 1 100 1 9 12 1 9 12 1 10 12 1 100 1 10 100 1 10 7 1 10 11 11 12 1 8 1 10 12 1 8 1 8 1 10 12 1 9 12 1 9 12 1 9 12 1 7 1 9 7 1 100 1 9 12 1 9 12 1 9 12 1 9 12 1 10 12 1 9 10 12 3 11 100 1 10 7 1 10 12 1 9 9 9 12 1 8 1 10 10 9 12 1 1 10 12 1 9 12 1 10 12 1 1 7 1 10 12 1 7 1 10 12 1 10 12 1 10 12 1 1 8 1 8 1 8 1 8 1 8 1 10 12 1 10 12 1 3 8 1 8 1 8 1 8 1 10 12 1 10 12 1 10 12 10 12 1 10 12 1 1 10 12 1 8 1 10 12 1 8 1 8 1 8 1 11 100 1 10 12 1 7 1 10 100 1 10 7 1 10 100 1 10 10 9 12 1 9 12 1 10 12 1 18 12 1 1 18 12 1 18 18 18 12 1 18 12 1 18 12 18 12 18 18 12 18 18 18 12 18 12 18 12 18 3 3 18 18 12 18 18 18 12 1 1 18 100 1 10 100 1 10 100 12 1 1 1 10 100 12 1 1 1 10 12 1 1 11 12 10 7 12 1 1 10 9 12 7 1 10 100 1 1 1 3 1 3 1 3 1 3 1 3 1 3 1 3 1 3 1 3 1 3 1 1 5 0 1 1 1 1 1 1 1 1 1 1 1 1 1 1 1 1 100 1 1 1 1 1 1 1 1 1 1 1 1 1 1 1 1 1 1 1 1 1 1 1 1 1 1 1 1 1 100 1 100 1 1 1 1 1 1 1 1 1 1 1 1 1 1 1 1 1 1 1 1 1 1 1 1 1 1 1 1 1 1 1 1 1 1 1 1 1 1 1 100 1 1 1 1 1 1 1 1 1 1 1 1 1 1 1 1 1 1 1 1 1 1 1 1 1 1 1 1 1 1 1 1 1 1 1 1 1 1 1 1 1 1 1 1 1 1 1 1 1 1 1 1 1 1 1 1 1 1 1 1 1 1 1 1 1 1 1 1 1 1 1 1 1 1 1 1 1 1 1 1 1 1 1 1 1 1 1 1 1 1 1 1 1 1 1 1 1 1 1 1 1 1 1 1 1 1 1 1 1 1 1 1 1 1 1 1 1 1 1 100 1 100 1 1 16 1 15 10 12 16 16 15 10 12 15 10 12 15 10 12 15 10 12 15 10 12 15 10 12 15 10 12 15 10 12 15 10 12 15 10 12 15 10 12 15 10 12 15 10 12 15 10 12 15 10 12 15 10 12 15 10 12 15 10 12 15 10 12 15 10 12 16 15 10 12 16 15 10 12 15 10 7 12 1 1 1 1 1 1 1 1 1 1 1 1 1 1 1 1 1 1 1 1 1 1 1 1 1 1 1 1 1 1 1 1 1 1 1 1 1 1 1 1 1 1 1 1 1 1 1 1 1 1 1 1 1 1 1 1 1 1 1 1 100 1 100 1 1
staticfield java/util/regex/Pattern accept Ljava/util/regex/Pattern$Node; java/util/regex/Pattern$Node
staticfield java/util/regex/Pattern lastAccept Ljava/util/regex/Pattern$Node; java/util/regex/Pattern$LastNode
staticfield java/util/regex/Pattern $assertionsDisabled Z 1
instanceKlass java/util/regex/Pattern$NotBehind
instanceKlass java/util/regex/Pattern$LookBehindEndNode
instanceKlass java/util/regex/Pattern$Neg
instanceKlass java/util/regex/Pattern$BnM
instanceKlass java/util/regex/Pattern$Dollar
instanceKlass java/util/regex/Pattern$Prolog
instanceKlass java/util/regex/Pattern$Loop
instanceKlass java/util/regex/Pattern$Curly
instanceKlass java/util/regex/Pattern$Start
instanceKlass java/util/regex/Pattern$First
instanceKlass java/util/regex/Pattern$Begin
instanceKlass java/util/regex/Pattern$SliceNode
instanceKlass java/util/regex/Pattern$Branch
instanceKlass java/util/regex/Pattern$BranchConn
instanceKlass java/util/regex/Pattern$Ques
instanceKlass java/util/regex/Pattern$CharPropertyGreedy
instanceKlass java/util/regex/Pattern$GroupTail
instanceKlass java/util/regex/Pattern$CharProperty
instanceKlass java/util/regex/Pattern$GroupHead
instanceKlass java/util/regex/Pattern$LastNode
ciInstanceKlass java/util/regex/Pattern$Node 1 1 61 10 7 12 1 1 1 9 7 12 1 1 1 9 7 12 1 1 9 7 12 1 1 1 9 12 1 1 9 12 1 10 12 1 1 9 7 12 1 1 1 1 1 1 1 1 1 1 1 1 1 1 1 1 1 1 1 1 1 1 1
instanceKlass java/util/regex/Pattern$SliceS
ciInstanceKlass java/util/regex/Pattern$Slice 1 1 63 10 7 12 1 1 1 9 7 12 1 1 1 9 7 12 1 1 1 9 12 1 1 11 7 12 1 1 1 9 12 1 1 10 7 12 1 1 1 1 1 1 1 1 1 1 1 1 1 1 1 1 1 100 1 1 1 100 1 1 1 1 1
ciInstanceKlass java/util/regex/Pattern$Begin 1 1 57 10 7 12 1 1 1 9 7 12 1 1 1 9 12 1 1 9 7 12 1 1 1 10 12 1 1 9 12 1 9 12 1 1 9 12 1 1 1 1 1 1 1 1 1 1 1 1 1 1 1 1 100 1 1 1 1
instanceKlass java/util/regex/Pattern$StartS
ciInstanceKlass java/util/regex/Pattern$Start 1 1 79 10 7 12 1 1 1 9 7 12 1 1 1 7 1 10 10 12 1 1 9 12 1 1 9 9 7 12 1 1 9 12 1 1 10 12 1 1 9 12 1 9 12 1 1 9 12 1 9 12 1 9 12 1 1 1 1 1 1 1 1 1 1 1 1 1 1 1 1 1 1 1 1 100 1 1 1 1 1
ciInstanceKlass java/util/Collections$SynchronizedMap 1 1 225 10 7 12 1 1 1 10 7 12 1 1 1 7 1 9 7 12 1 1 1 9 12 1 1 11 12 1 1 11 12 1 1 11 12 1 1 11 12 1 11 12 1 11 12 1 1 11 12 1 11 12 1 1 11 12 1 9 12 1 1 7 1 11 12 1 10 12 1 9 12 1 11 12 9 12 1 1 7 1 11 12 1 10 12 1 11 12 1 11 12 1 11 12 1 1 11 12 1 11 12 1 1 11 12 1 1 11 12 1 11 12 1 11 12 1 1 11 12 11 12 1 1 11 12 1 1 11 12 1 11 12 1 1 10 100 12 1 1 100 1 1 1 1 5 0 1 1 1 1 1 1 1 1 1 1 1 1 1 1 1 1 100 1 1 1 1 1 1 1 1 1 1 1 1 1 1 1 1 1 1 1 1 100 1 1 1 1 1 100 1 1 1 1 1 1 1 1 100 1 1 1 1 1 1 1 1 1 1 1 100 1 1 1 1 1 100 1 1 1 1 1 100 1 1
instanceKlass java/nio/file/ClosedFileSystemException
ciInstanceKlass java/lang/IllegalStateException 0 0 35 10 100 12 1 1 1 10 12 1 10 12 1 10 12 1 100 1 1 1 1 5 0 1 1 1 1 1 1 1 1 1 1 1 1
ciInstanceKlass java/util/ArrayList$SubList 1 1 270 10 7 12 1 1 1 9 7 12 1 1 1 9 12 1 1 9 12 1 1 9 12 1 9 7 12 1 1 9 10 7 12 1 1 1 10 12 1 10 12 1 1 9 12 1 10 12 1 1 10 12 1 1 10 12 1 10 12 1 10 12 1 1 10 12 1 1 11 7 12 1 1 10 10 12 1 1 10 12 1 1 9 10 12 1 10 12 1 1 10 100 12 1 1 1 10 100 12 1 1 1 10 12 1 10 7 12 1 1 1 100 1 10 12 1 1 10 12 1 10 12 1 1 10 12 1 10 12 1 1 10 12 1 1 7 1 10 12 1 10 12 1 1 10 12 1 100 1 10 12 1 1 10 12 1 100 1 10 8 1 10 12 1 1 10 12 1 8 1 10 12 1 1 100 1 10 100 1 10 12 1 100 1 1 1 1 1 1 1 1 1 1 1 1 1 1 1 1 1 1 1 1 1 1 1 1 1 1 1 1 1 1 1 1 1 1 1 1 1 1 1 1 1 1 1 1 1 1 1 1 1 1 1 1 1 1 1 1 1 1 1 1 1 1 1 1 1 1 1 1 1 1 1 1 1 1 1 1 1 1 1 1 1 1 1 1 1 1 1
ciInstanceKlass java/util/LinkedHashMap$LinkedKeySet 1 1 177 9 7 12 1 1 1 10 7 12 1 1 1 9 12 1 1 9 7 12 1 1 1 10 12 1 7 1 10 12 1 10 12 1 1 10 100 12 1 1 1 10 12 1 1 100 1 10 100 12 1 1 1 100 1 10 12 1 1 10 12 1 1 100 1 10 9 12 1 9 12 1 1 9 100 12 1 1 1 11 100 12 1 1 1 9 12 1 9 12 1 9 12 1 100 1 10 100 1 10 10 12 1 1 9 100 1 9 12 10 12 1 1 10 10 12 100 1 1 1 1 1 1 1 1 1 1 1 1 1 1 1 1 1 1 1 1 1 1 1 1 1 1 1 1 1 1 1 1 1 1 1 1 1 1 1 1 1 1 1 1 1 1 1 1 1 1 1 1 1 1 1 1 1 1 1 1
ciInstanceKlass java/util/LinkedHashMap$LinkedKeyIterator 1 1 46 10 7 12 1 1 1 10 7 12 1 1 1 10 7 12 1 1 1 100 1 1 1 1 1 1 1 1 1 1 1 1 1 1 1 1 1 1 1 1 100 1 1 1 1 1
instanceKlass java/lang/invoke/VarHandleByteArrayAsInts$ArrayHandle
ciInstanceKlass java/lang/invoke/VarHandleByteArrayAsInts$ByteArrayViewVarHandle 1 1 36 10 7 12 1 1 1 9 7 12 1 1 1 1 1 1 1 1 1 1 1 1 1 1 1 100 1 1 100 1 100 1 1 1 1 1
ciInstanceKlass java/lang/invoke/VarHandleByteArrayAsInts$ArrayHandle 1 1 291 100 1 10 7 12 1 1 1 9 12 1 1 10 7 12 1 1 10 12 1 1 9 12 1 1 7 1 9 7 12 1 1 1 7 1 10 7 12 1 1 1 9 7 12 1 1 1 10 12 1 1 9 7 12 1 1 1 5 0 10 100 12 1 1 1 9 7 12 1 1 1 10 12 1 1 10 12 1 1 10 12 1 1 10 12 1 1 10 12 1 1 10 12 1 1 10 12 1 1 10 12 1 10 12 1 10 12 1 10 12 1 10 12 1 1 10 12 1 1 10 12 1 10 12 1 10 12 1 10 12 1 10 12 1 10 12 1 10 12 1 1 10 12 1 10 12 1 9 12 1 10 12 1 10 12 1 1 10 12 1 10 12 1 10 12 1 1 10 12 1 10 12 1 10 12 1 10 12 1 10 12 1 10 12 1 10 12 1 10 12 1 10 12 1 10 12 1 10 12 1 10 12 1 10 12 1 1 10 12 1 7 1 10 12 1 1 1 1 1 1 1 1 1 1 1 1 1 1 1 1 1 1 1 1 1 1 1 1 1 1 1 1 1 1 1 1 1 1 1 1 1 1 1 1 1 1 1 1 1 1 1 1 1 1 1 1 1 1 1 1 1 1 1 1 1 1 1 1 1 1 1 1 1 1 1 1 1 100 1 1
staticfield java/lang/invoke/VarHandleByteArrayAsInts$ArrayHandle FORM Ljava/lang/invoke/VarForm; java/lang/invoke/VarForm
instanceKlass java/lang/invoke/VarHandleByteArrayAsLongs$ArrayHandle
ciInstanceKlass java/lang/invoke/VarHandleByteArrayAsLongs$ByteArrayViewVarHandle 1 1 36 10 7 12 1 1 1 9 7 12 1 1 1 1 1 1 1 1 1 1 1 1 1 1 1 100 1 1 100 1 100 1 1 1 1 1
ciInstanceKlass java/lang/invoke/VarHandleByteArrayAsLongs$ArrayHandle 1 1 294 100 1 10 7 12 1 1 1 9 12 1 1 10 7 12 1 1 10 12 1 1 9 12 1 1 7 1 9 7 12 1 1 1 7 1 9 7 1 10 7 12 1 1 1 9 7 12 1 1 1 10 12 1 1 9 7 12 1 1 1 5 0 10 100 12 1 1 1 9 7 12 1 1 1 10 12 1 1 10 12 1 1 10 12 1 1 10 12 1 1 10 12 1 1 10 12 1 1 10 12 1 1 10 12 1 10 12 1 10 12 1 10 12 1 10 12 1 1 10 12 1 1 10 12 1 10 12 1 10 12 1 10 12 1 10 12 1 10 12 1 10 12 1 1 10 12 1 10 12 1 9 12 1 10 12 1 10 12 1 1 10 12 1 10 12 1 10 12 1 1 10 12 1 10 12 1 10 12 1 10 12 1 10 12 1 10 12 1 10 12 1 10 12 1 10 12 1 10 12 1 10 12 1 10 12 1 10 12 1 1 10 12 1 7 1 10 12 1 1 1 1 1 1 1 1 1 1 1 1 1 1 1 1 1 1 1 1 1 1 1 1 1 1 1 1 1 1 1 1 1 1 1 1 1 1 1 1 1 1 1 1 1 1 1 1 1 1 1 1 1 1 1 1 1 1 1 1 1 1 1 1 1 1 1 1 1 1 1 1 1 100 1 1
staticfield java/lang/invoke/VarHandleByteArrayAsLongs$ArrayHandle FORM Ljava/lang/invoke/VarForm; java/lang/invoke/VarForm
ciInstanceKlass sun/rmi/transport/tcp/TCPEndpoint 1 1 569 18 12 1 1 10 7 12 1 1 1 100 1 10 12 1 1 18 12 1 7 1 10 12 1 1 18 12 1 7 1 10 7 12 1 1 1 10 7 12 1 1 9 12 1 1 9 12 1 1 8 1 9 12 1 1 9 12 1 9 12 1 1 9 12 1 1 10 12 1 1 9 12 1 1 11 7 12 1 1 1 7 1 10 12 1 1 10 10 12 1 1 7 1 10 12 1 11 12 1 1 9 12 1 1 9 7 12 1 1 1 10 12 1 1 10 12 1 1 18 12 1 1 10 12 1 1 10 12 1 1 10 12 1 10 12 1 10 12 1 9 12 1 1 10 12 1 1 9 12 1 18 12 1 18 11 12 1 1 11 100 12 1 1 1 11 7 12 1 1 11 12 1 10 10 12 1 18 12 1 11 10 100 12 1 1 1 10 12 1 11 100 1 10 12 1 10 12 1 10 12 1 1 10 12 1 1 10 100 12 1 1 1 18 18 12 1 11 100 12 1 1 1 11 11 11 7 1 11 11 11 7 12 1 1 1 11 12 1 11 12 1 11 12 1 1 11 100 12 1 1 1 11 12 1 11 12 1 11 12 1 11 10 100 12 1 1 1 100 1 8 1 10 12 8 1 100 1 8 1 10 11 100 1 11 11 100 1 11 10 12 1 10 100 12 1 1 1 9 12 1 1 9 12 1 18 10 12 1 11 12 1 1 100 1 100 1 18 10 12 1 100 1 100 1 18 10 10 100 1 100 1 100 1 18 10 10 100 12 1 1 1 10 12 1 18 11 12 1 1 10 7 12 1 1 10 12 1 1 8 1 10 7 12 1 1 10 12 1 1 10 12 1 10 12 1 1 10 7 12 1 1 1 10 12 1 1 8 1 10 10 100 12 1 1 1 10 12 1 18 12 1 7 1 10 100 1 1 1 1 1 3 1 3 1 1 1 1 1 1 1 1 1 1 1 1 1 1 1 1 1 1 1 1 100 1 1 1 1 1 1 1 1 1 1 1 1 100 1 1 1 1 1 1 1 1 1 1 1 1 1 1 1 1 1 1 1 1 1 1 1 1 100 1 1 1 1 1 1 1 1 1 1 1 1 1 1 1 1 1 1 1 1 1 1 1 1 1 1 1 1 1 1 1 1 100 1 1 1 1 16 15 10 12 16 1 15 10 12 16 1 15 10 12 16 8 1 8 1 8 1 8 1 8 1 8 1 8 1 8 1 8 1 8 1 8 1 8 1 15 10 7 12 1 1 1 15 10 100 12 1 1 1 1 100 1 100 1 1
staticfield sun/rmi/transport/tcp/TCPEndpoint localEndpoints Ljava/util/Map; java/util/HashMap
instanceKlass java/util/LinkedList
ciInstanceKlass java/util/AbstractSequentialList 1 1 110 10 7 12 1 1 1 10 7 12 1 1 1 11 100 12 1 1 1 100 1 100 1 100 1 10 8 1 10 12 1 1 10 12 1 10 12 1 1 10 12 1 11 12 1 1 11 12 1 11 12 1 11 100 12 1 1 1 11 100 12 1 1 1 11 10 12 1 1 1 1 1 1 1 1 1 1 1 1 1 1 1 1 1 1 1 1 1 1 1 1 1 1 1 1 1 1 1 1 1 1 1 1 1 1 1 1 1 1 1
ciInstanceKlass java/util/LinkedList 1 1 346 10 7 12 1 1 1 9 7 12 1 1 1 10 10 12 1 1 9 12 1 1 7 1 10 12 1 9 12 1 9 12 1 9 12 1 9 12 1 9 12 1 1 100 1 10 10 12 1 1 10 12 1 10 12 1 1 10 12 1 10 12 1 1 10 12 1 10 7 12 1 1 1 10 12 1 10 12 1 1 11 100 12 1 1 1 10 12 1 1 10 12 1 10 12 1 1 100 1 10 8 1 10 12 1 1 10 12 1 8 1 10 12 1 1 10 12 1 1 100 1 10 12 1 1 10 12 1 10 12 1 10 12 1 1 10 12 1 10 12 1 10 12 1 10 12 1 10 12 1 7 1 10 12 1 100 1 10 12 1 10 12 1 100 1 100 1 10 12 1 10 12 1 1 10 12 1 1 10 100 12 1 1 10 100 12 1 1 1 100 1 10 100 12 1 1 10 12 1 10 12 1 10 100 12 1 1 10 12 1 1 10 12 1 100 1 10 12 1 100 1 10 12 1 1 11 100 12 1 1 10 12 1 10 12 100 1 100 1 100 1 1 1 1 1 1 5 0 1 1 1 1 1 1 1 1 1 1 1 1 1 1 1 1 1 1 1 1 1 1 1 1 1 1 1 1 1 1 1 1 1 1 1 1 1 1 1 1 1 1 1 1 1 1 1 1 1 1 1 1 1 1 1 1 1 1 1 1 1 1 1 1 1 1 1 1 1 1 1 1 1 1 1 1 1 1 100 1 1 1 100 1 1 1 1 1 1 1 1 1 1 1 1 1 1 1
ciInstanceKlass java/util/LinkedList$Node 1 1 39 10 7 12 1 1 1 9 7 12 1 1 1 9 12 1 1 9 12 1 1 1 1 1 1 1 1 1 1 1 1 1 1 1 1 100 1 1 1
ciInstanceKlass jdk/internal/util/ByteArray 1 1 171 10 100 12 1 1 1 9 7 12 1 1 1 10 7 12 1 1 1 9 12 1 10 12 1 10 7 12 1 1 1 9 12 1 10 12 1 10 100 12 1 1 1 9 12 1 10 12 1 9 12 1 10 12 1 10 7 12 1 1 1 9 12 1 10 12 1 10 12 1 1 10 12 1 10 12 1 10 12 1 1 10 12 1 10 12 1 10 12 1 1 10 12 1 9 7 12 1 1 1 10 7 12 1 1 1 7 1 10 12 1 1 7 1 7 1 7 1 7 1 7 1 1 1 1 1 1 1 1 1 1 1 1 1 1 1 1 1 1 1 1 1 1 1 1 1 1 100 1 1 1 1 1 1 1 1 1 1 1 1 1 1 1 1 1 1 1 1 1 1 1
staticfield jdk/internal/util/ByteArray SHORT Ljava/lang/invoke/VarHandle; java/lang/invoke/VarHandleByteArrayAsShorts$ArrayHandle
staticfield jdk/internal/util/ByteArray CHAR Ljava/lang/invoke/VarHandle; java/lang/invoke/VarHandleByteArrayAsChars$ArrayHandle
staticfield jdk/internal/util/ByteArray INT Ljava/lang/invoke/VarHandle; java/lang/invoke/VarHandleByteArrayAsInts$ArrayHandle
staticfield jdk/internal/util/ByteArray FLOAT Ljava/lang/invoke/VarHandle; java/lang/invoke/VarHandleByteArrayAsFloats$ArrayHandle
staticfield jdk/internal/util/ByteArray LONG Ljava/lang/invoke/VarHandle; java/lang/invoke/VarHandleByteArrayAsLongs$ArrayHandle
staticfield jdk/internal/util/ByteArray DOUBLE Ljava/lang/invoke/VarHandle; java/lang/invoke/VarHandleByteArrayAsDoubles$ArrayHandle
ciInstanceKlass java/lang/invoke/VarHandleByteArrayAsShorts$ArrayHandle 1 1 170 100 1 10 7 12 1 1 1 9 12 1 1 10 7 12 1 1 10 12 1 1 9 12 1 1 7 1 9 7 12 1 1 1 7 1 9 7 1 10 100 12 1 1 1 9 7 12 1 1 1 10 12 1 1 9 7 12 1 1 1 10 100 12 1 1 1 9 7 12 1 1 1 10 12 1 1 10 12 1 1 10 12 1 1 10 12 1 1 10 12 1 1 10 12 1 1 10 12 1 1 10 12 1 10 12 1 10 12 1 10 12 1 10 12 1 1 10 12 1 7 1 10 12 1 1 1 1 1 1 1 1 1 1 1 1 1 1 1 1 1 1 1 1 1 1 1 1 1 1 1 1 1 1 1 1 1 1 1 1 1 1 1 1 1 1 1 100 1 1
staticfield java/lang/invoke/VarHandleByteArrayAsShorts$ArrayHandle FORM Ljava/lang/invoke/VarForm; java/lang/invoke/VarForm
instanceKlass java/nio/file/ReadOnlyFileSystemException
ciInstanceKlass java/lang/UnsupportedOperationException 0 0 34 10 100 12 1 1 1 10 12 1 10 12 1 10 12 1 100 1 1 1 1 5 0 1 1 1 1 1 1 1 1 1 1 1
ciInstanceKlass java/util/NoSuchElementException 0 0 34 10 100 12 1 1 1 10 12 1 10 12 1 10 12 1 100 1 1 1 1 5 0 1 1 1 1 1 1 1 1 1 1 1
ciInstanceKlass java/util/regex/Pattern$Loop 1 1 96 10 7 12 1 1 1 9 7 12 1 1 1 9 12 1 9 12 1 9 100 12 1 1 1 9 12 1 9 12 1 1 10 12 1 1 9 12 1 9 12 1 1 10 100 12 1 1 1 9 12 1 10 12 1 1 10 9 7 12 1 1 1 9 12 1 1 1 1 1 1 1 1 1 1 1 1 1 1 1 1 1 1 1 1 1 1 1 1 1 100 1 1 1 1 1
instanceKlass java/lang/ArrayIndexOutOfBoundsException
ciInstanceKlass java/lang/IndexOutOfBoundsException 0 0 49 10 100 12 1 1 1 10 12 1 100 1 10 8 1 10 12 1 1 10 12 1 10 12 1 1 10 12 1 100 1 1 1 1 5 0 1 1 1 1 1 1 1 1 1 1 1 1 1
ciInstanceKlass java/lang/AssertionError 0 0 79 10 100 12 1 1 1 10 12 1 10 100 12 1 1 1 10 100 1 100 1 10 12 1 1 10 12 1 10 12 1 10 12 1 10 12 1 10 12 1 10 12 1 10 12 1 1 1 1 5 0 1 1 1 1 1 1 1 1 1 1 100 1 1 1 1 1 1 1 1 1 1 1 1 1 1 1 1 1
ciInstanceKlass io/ballerina/tools/diagnostics/Location 1 0 11 100 1 100 1 1 1 1 1 1 1
ciInstanceKlass org/wso2/ballerinalang/compiler/util/Names 1 1 618 9 7 12 1 1 1 10 7 12 1 1 1 10 12 1 1 10 12 1 1 10 7 12 1 1 9 12 1 1 9 100 12 1 1 1 10 12 1 1 9 12 1 10 7 12 1 1 1 10 12 1 1 9 12 1 1 8 1 9 12 1 7 1 10 12 1 10 100 12 1 1 1 100 1 10 9 10 12 1 1 10 12 1 7 1 10 8 1 8 1 9 12 1 9 12 1 8 1 9 12 1 8 1 9 12 1 8 1 9 12 1 8 1 9 12 1 8 1 9 12 1 8 1 9 12 1 8 1 9 12 1 8 1 9 12 1 8 1 9 12 1 8 1 9 12 1 8 1 9 12 1 8 1 9 12 1 8 1 9 12 1 8 1 9 12 1 8 1 9 12 1 8 1 9 12 1 8 1 9 12 1 8 1 9 12 1 8 1 9 12 1 8 1 9 12 1 8 1 9 12 1 8 1 9 12 1 8 1 9 12 1 8 1 9 12 1 8 1 9 12 1 8 1 9 12 1 8 1 9 12 1 8 9 12 1 8 1 9 12 1 8 1 9 12 1 8 1 9 12 1 8 1 9 12 1 8 1 9 12 1 9 12 1 9 12 1 8 1 9 12 1 8 1 9 12 1 8 1 9 12 1 8 1 9 12 1 8 1 9 12 1 8 1 9 12 1 8 1 9 12 1 8 1 9 12 1 8 1 9 12 1 8 1 9 12 1 8 1 9 12 1 8 1 9 12 1 8 1 9 12 1 8 1 9 12 1 8 1 9 12 1 9 12 1 8 1 9 12 1 8 1 9 12 1 8 1 9 12 1 8 1 9 12 1 8 1 9 12 1 8 1 9 12 1 8 1 9 12 1 8 1 9 12 1 8 1 9 12 1 8 1 9 12 1 8 1 9 12 1 8 1 9 12 1 8 1 9 12 1 8 1 9 12 1 8 1 9 12 1 8 1 9 12 1 8 1 9 12 1 8 1 9 12 1 8 1 9 12 1 8 1 9 12 1 8 1 9 12 1 8 1 9 12 1 8 1 9 12 1 8 1 9 12 1 8 1 9 12 1 8 1 9 12 1 8 1 9 12 1 8 1 9 12 1 8 1 9 12 1 9 12 1 8 1 9 12 1 8 1 9 12 1 8 1 9 12 1 8 1 9 12 1 8 1 9 12 1 8 1 9 12 1 8 1 9 12 1 8 1 9 12 1 8 1 9 12 1 8 1 9 12 1 8 1 9 12 1 8 1 9 12 1 8 1 9 12 1 8 1 9 12 1 8 1 9 12 1 8 1 9 12 1 1 1 1 1 1 1 1 1 1 1 1 1 1 1 1 1 1 1 1 1 1 1 1 1 1 1 1 1 1 1 1 1 1 1 1 1 1 1 1 100 1 1 1 1 1
staticfield org/wso2/ballerinalang/compiler/util/Names NAMES_KEY Lorg/wso2/ballerinalang/compiler/util/CompilerContext$Key; org/wso2/ballerinalang/compiler/util/CompilerContext$Key
staticfield org/wso2/ballerinalang/compiler/util/Names EMPTY Lorg/wso2/ballerinalang/compiler/util/Name; org/wso2/ballerinalang/compiler/util/Name
staticfield org/wso2/ballerinalang/compiler/util/Names DOT Lorg/wso2/ballerinalang/compiler/util/Name; org/wso2/ballerinalang/compiler/util/Name
staticfield org/wso2/ballerinalang/compiler/util/Names DEFAULT_PACKAGE Lorg/wso2/ballerinalang/compiler/util/Name; org/wso2/ballerinalang/compiler/util/Name
staticfield org/wso2/ballerinalang/compiler/util/Names TEST_PACKAGE Lorg/wso2/ballerinalang/compiler/util/Name; org/wso2/ballerinalang/compiler/util/Name
staticfield org/wso2/ballerinalang/compiler/util/Names BALLERINA_ORG Lorg/wso2/ballerinalang/compiler/util/Name; org/wso2/ballerinalang/compiler/util/Name
staticfield org/wso2/ballerinalang/compiler/util/Names BALLERINA_INTERNAL_ORG Lorg/wso2/ballerinalang/compiler/util/Name; org/wso2/ballerinalang/compiler/util/Name
staticfield org/wso2/ballerinalang/compiler/util/Names LANG Lorg/wso2/ballerinalang/compiler/util/Name; org/wso2/ballerinalang/compiler/util/Name
staticfield org/wso2/ballerinalang/compiler/util/Names INTERNAL Lorg/wso2/ballerinalang/compiler/util/Name; org/wso2/ballerinalang/compiler/util/Name
staticfield org/wso2/ballerinalang/compiler/util/Names ANNOTATIONS Lorg/wso2/ballerinalang/compiler/util/Name; org/wso2/ballerinalang/compiler/util/Name
staticfield org/wso2/ballerinalang/compiler/util/Names JAVA Lorg/wso2/ballerinalang/compiler/util/Name; org/wso2/ballerinalang/compiler/util/Name
staticfield org/wso2/ballerinalang/compiler/util/Names ARRAY Lorg/wso2/ballerinalang/compiler/util/Name; org/wso2/ballerinalang/compiler/util/Name
staticfield org/wso2/ballerinalang/compiler/util/Names DECIMAL Lorg/wso2/ballerinalang/compiler/util/Name; org/wso2/ballerinalang/compiler/util/Name
staticfield org/wso2/ballerinalang/compiler/util/Names ERROR Lorg/wso2/ballerinalang/compiler/util/Name; org/wso2/ballerinalang/compiler/util/Name
staticfield org/wso2/ballerinalang/compiler/util/Names FLOAT Lorg/wso2/ballerinalang/compiler/util/Name; org/wso2/ballerinalang/compiler/util/Name
staticfield org/wso2/ballerinalang/compiler/util/Names FUNCTION Lorg/wso2/ballerinalang/compiler/util/Name; org/wso2/ballerinalang/compiler/util/Name
staticfield org/wso2/ballerinalang/compiler/util/Names FUTURE Lorg/wso2/ballerinalang/compiler/util/Name; org/wso2/ballerinalang/compiler/util/Name
staticfield org/wso2/ballerinalang/compiler/util/Names INT Lorg/wso2/ballerinalang/compiler/util/Name; org/wso2/ballerinalang/compiler/util/Name
staticfield org/wso2/ballerinalang/compiler/util/Names BOOLEAN Lorg/wso2/ballerinalang/compiler/util/Name; org/wso2/ballerinalang/compiler/util/Name
staticfield org/wso2/ballerinalang/compiler/util/Names MAP Lorg/wso2/ballerinalang/compiler/util/Name; org/wso2/ballerinalang/compiler/util/Name
staticfield org/wso2/ballerinalang/compiler/util/Names OBJECT Lorg/wso2/ballerinalang/compiler/util/Name; org/wso2/ballerinalang/compiler/util/Name
staticfield org/wso2/ballerinalang/compiler/util/Names STREAM Lorg/wso2/ballerinalang/compiler/util/Name; org/wso2/ballerinalang/compiler/util/Name
staticfield org/wso2/ballerinalang/compiler/util/Names QUERY Lorg/wso2/ballerinalang/compiler/util/Name; org/wso2/ballerinalang/compiler/util/Name
staticfield org/wso2/ballerinalang/compiler/util/Names RUNTIME Lorg/wso2/ballerinalang/compiler/util/Name; org/wso2/ballerinalang/compiler/util/Name
staticfield org/wso2/ballerinalang/compiler/util/Names TRANSACTION Lorg/wso2/ballerinalang/compiler/util/Name; org/wso2/ballerinalang/compiler/util/Name
staticfield org/wso2/ballerinalang/compiler/util/Names OBSERVE Lorg/wso2/ballerinalang/compiler/util/Name; org/wso2/ballerinalang/compiler/util/Name
staticfield org/wso2/ballerinalang/compiler/util/Names CLOUD Lorg/wso2/ballerinalang/compiler/util/Name; org/wso2/ballerinalang/compiler/util/Name
staticfield org/wso2/ballerinalang/compiler/util/Names TABLE Lorg/wso2/ballerinalang/compiler/util/Name; org/wso2/ballerinalang/compiler/util/Name
staticfield org/wso2/ballerinalang/compiler/util/Names TEST Lorg/wso2/ballerinalang/compiler/util/Name; org/wso2/ballerinalang/compiler/util/Name
staticfield org/wso2/ballerinalang/compiler/util/Names TYPEDESC Lorg/wso2/ballerinalang/compiler/util/Name; org/wso2/ballerinalang/compiler/util/Name
staticfield org/wso2/ballerinalang/compiler/util/Names STRING Lorg/wso2/ballerinalang/compiler/util/Name; org/wso2/ballerinalang/compiler/util/Name
staticfield org/wso2/ballerinalang/compiler/util/Names VALUE Lorg/wso2/ballerinalang/compiler/util/Name; org/wso2/ballerinalang/compiler/util/Name
staticfield org/wso2/ballerinalang/compiler/util/Names XML Lorg/wso2/ballerinalang/compiler/util/Name; org/wso2/ballerinalang/compiler/util/Name
staticfield org/wso2/ballerinalang/compiler/util/Names JSON Lorg/wso2/ballerinalang/compiler/util/Name; org/wso2/ballerinalang/compiler/util/Name
staticfield org/wso2/ballerinalang/compiler/util/Names ANYDATA Lorg/wso2/ballerinalang/compiler/util/Name; org/wso2/ballerinalang/compiler/util/Name
staticfield org/wso2/ballerinalang/compiler/util/Names REGEXP Lorg/wso2/ballerinalang/compiler/util/Name; org/wso2/ballerinalang/compiler/util/Name
staticfield org/wso2/ballerinalang/compiler/util/Names UTILS_PACKAGE Lorg/wso2/ballerinalang/compiler/util/Name; org/wso2/ballerinalang/compiler/util/Name
staticfield org/wso2/ballerinalang/compiler/util/Names BUILTIN_ORG Lorg/wso2/ballerinalang/compiler/util/Name; org/wso2/ballerinalang/compiler/util/Name
staticfield org/wso2/ballerinalang/compiler/util/Names RUNTIME_PACKAGE Lorg/wso2/ballerinalang/compiler/util/Name; org/wso2/ballerinalang/compiler/util/Name
staticfield org/wso2/ballerinalang/compiler/util/Names IGNORE Lorg/wso2/ballerinalang/compiler/util/Name; org/wso2/ballerinalang/compiler/util/Name
staticfield org/wso2/ballerinalang/compiler/util/Names INVALID Lorg/wso2/ballerinalang/compiler/util/Name; org/wso2/ballerinalang/compiler/util/Name
staticfield org/wso2/ballerinalang/compiler/util/Names GEN_VAR_PREFIX Lorg/wso2/ballerinalang/compiler/util/Name; org/wso2/ballerinalang/compiler/util/Name
staticfield org/wso2/ballerinalang/compiler/util/Names SERVICE Lorg/wso2/ballerinalang/compiler/util/Name; org/wso2/ballerinalang/compiler/util/Name
staticfield org/wso2/ballerinalang/compiler/util/Names LISTENER Lorg/wso2/ballerinalang/compiler/util/Name; org/wso2/ballerinalang/compiler/util/Name
staticfield org/wso2/ballerinalang/compiler/util/Names INIT_FUNCTION_SUFFIX Lorg/wso2/ballerinalang/compiler/util/Name; org/wso2/ballerinalang/compiler/util/Name
staticfield org/wso2/ballerinalang/compiler/util/Names START_FUNCTION_SUFFIX Lorg/wso2/ballerinalang/compiler/util/Name; org/wso2/ballerinalang/compiler/util/Name
staticfield org/wso2/ballerinalang/compiler/util/Names STOP_FUNCTION_SUFFIX Lorg/wso2/ballerinalang/compiler/util/Name; org/wso2/ballerinalang/compiler/util/Name
staticfield org/wso2/ballerinalang/compiler/util/Names SELF Lorg/wso2/ballerinalang/compiler/util/Name; org/wso2/ballerinalang/compiler/util/Name
staticfield org/wso2/ballerinalang/compiler/util/Names USER_DEFINED_INIT_SUFFIX Lorg/wso2/ballerinalang/compiler/util/Name; org/wso2/ballerinalang/compiler/util/Name
staticfield org/wso2/ballerinalang/compiler/util/Names GENERATED_INIT_SUFFIX Lorg/wso2/ballerinalang/compiler/util/Name; org/wso2/ballerinalang/compiler/util/Name
staticfield org/wso2/ballerinalang/compiler/util/Names ANON_ORG Lorg/wso2/ballerinalang/compiler/util/Name; org/wso2/ballerinalang/compiler/util/Name
staticfield org/wso2/ballerinalang/compiler/util/Names NIL_VALUE Lorg/wso2/ballerinalang/compiler/util/Name; org/wso2/ballerinalang/compiler/util/Name
staticfield org/wso2/ballerinalang/compiler/util/Names QUESTION_MARK Lorg/wso2/ballerinalang/compiler/util/Name; org/wso2/ballerinalang/compiler/util/Name
staticfield org/wso2/ballerinalang/compiler/util/Names ORG_NAME_SEPARATOR Lorg/wso2/ballerinalang/compiler/util/Name; org/wso2/ballerinalang/compiler/util/Name
staticfield org/wso2/ballerinalang/compiler/util/Names VERSION_SEPARATOR Lorg/wso2/ballerinalang/compiler/util/Name; org/wso2/ballerinalang/compiler/util/Name
staticfield org/wso2/ballerinalang/compiler/util/Names ALIAS_SEPARATOR Lorg/wso2/ballerinalang/compiler/util/Name; org/wso2/ballerinalang/compiler/util/Name
staticfield org/wso2/ballerinalang/compiler/util/Names ANNOTATION_TYPE_PARAM Lorg/wso2/ballerinalang/compiler/util/Name; org/wso2/ballerinalang/compiler/util/Name
staticfield org/wso2/ballerinalang/compiler/util/Names ANNOTATION_BUILTIN_SUBTYPE Lorg/wso2/ballerinalang/compiler/util/Name; org/wso2/ballerinalang/compiler/util/Name
staticfield org/wso2/ballerinalang/compiler/util/Names ANNOTATION_ISOLATED_PARAM Lorg/wso2/ballerinalang/compiler/util/Name; org/wso2/ballerinalang/compiler/util/Name
staticfield org/wso2/ballerinalang/compiler/util/Names BIR_BASIC_BLOCK_PREFIX Lorg/wso2/ballerinalang/compiler/util/Name; org/wso2/ballerinalang/compiler/util/Name
staticfield org/wso2/ballerinalang/compiler/util/Names BIR_LOCAL_VAR_PREFIX Lorg/wso2/ballerinalang/compiler/util/Name; org/wso2/ballerinalang/compiler/util/Name
staticfield org/wso2/ballerinalang/compiler/util/Names BIR_GLOBAL_VAR_PREFIX Lorg/wso2/ballerinalang/compiler/util/Name; org/wso2/ballerinalang/compiler/util/Name
staticfield org/wso2/ballerinalang/compiler/util/Names DETAIL_MESSAGE Lorg/wso2/ballerinalang/compiler/util/Name; org/wso2/ballerinalang/compiler/util/Name
staticfield org/wso2/ballerinalang/compiler/util/Names DETAIL_CAUSE Lorg/wso2/ballerinalang/compiler/util/Name; org/wso2/ballerinalang/compiler/util/Name
staticfield org/wso2/ballerinalang/compiler/util/Names NEVER Lorg/wso2/ballerinalang/compiler/util/Name; org/wso2/ballerinalang/compiler/util/Name
staticfield org/wso2/ballerinalang/compiler/util/Names RAW_TEMPLATE Lorg/wso2/ballerinalang/compiler/util/Name; org/wso2/ballerinalang/compiler/util/Name
staticfield org/wso2/ballerinalang/compiler/util/Names CLONEABLE Lorg/wso2/ballerinalang/compiler/util/Name; org/wso2/ballerinalang/compiler/util/Name
staticfield org/wso2/ballerinalang/compiler/util/Names CLONEABLE_INTERNAL Lorg/wso2/ballerinalang/compiler/util/Name; org/wso2/ballerinalang/compiler/util/Name
staticfield org/wso2/ballerinalang/compiler/util/Names OBJECT_ITERABLE Lorg/wso2/ballerinalang/compiler/util/Name; org/wso2/ballerinalang/compiler/util/Name
staticfield org/wso2/ballerinalang/compiler/util/Names SIGNED32 Lorg/wso2/ballerinalang/compiler/util/Name; org/wso2/ballerinalang/compiler/util/Name
staticfield org/wso2/ballerinalang/compiler/util/Names SIGNED16 Lorg/wso2/ballerinalang/compiler/util/Name; org/wso2/ballerinalang/compiler/util/Name
staticfield org/wso2/ballerinalang/compiler/util/Names SIGNED8 Lorg/wso2/ballerinalang/compiler/util/Name; org/wso2/ballerinalang/compiler/util/Name
staticfield org/wso2/ballerinalang/compiler/util/Names UNSIGNED32 Lorg/wso2/ballerinalang/compiler/util/Name; org/wso2/ballerinalang/compiler/util/Name
staticfield org/wso2/ballerinalang/compiler/util/Names UNSIGNED16 Lorg/wso2/ballerinalang/compiler/util/Name; org/wso2/ballerinalang/compiler/util/Name
staticfield org/wso2/ballerinalang/compiler/util/Names UNSIGNED8 Lorg/wso2/ballerinalang/compiler/util/Name; org/wso2/ballerinalang/compiler/util/Name
staticfield org/wso2/ballerinalang/compiler/util/Names CHAR Lorg/wso2/ballerinalang/compiler/util/Name; org/wso2/ballerinalang/compiler/util/Name
staticfield org/wso2/ballerinalang/compiler/util/Names XML_ELEMENT Lorg/wso2/ballerinalang/compiler/util/Name; org/wso2/ballerinalang/compiler/util/Name
staticfield org/wso2/ballerinalang/compiler/util/Names XML_PI Lorg/wso2/ballerinalang/compiler/util/Name; org/wso2/ballerinalang/compiler/util/Name
staticfield org/wso2/ballerinalang/compiler/util/Names XML_COMMENT Lorg/wso2/ballerinalang/compiler/util/Name; org/wso2/ballerinalang/compiler/util/Name
staticfield org/wso2/ballerinalang/compiler/util/Names XML_TEXT Lorg/wso2/ballerinalang/compiler/util/Name; org/wso2/ballerinalang/compiler/util/Name
staticfield org/wso2/ballerinalang/compiler/util/Names REGEXP_TYPE Lorg/wso2/ballerinalang/compiler/util/Name; org/wso2/ballerinalang/compiler/util/Name
staticfield org/wso2/ballerinalang/compiler/util/Names TRUE Lorg/wso2/ballerinalang/compiler/util/Name; org/wso2/ballerinalang/compiler/util/Name
staticfield org/wso2/ballerinalang/compiler/util/Names FALSE Lorg/wso2/ballerinalang/compiler/util/Name; org/wso2/ballerinalang/compiler/util/Name
staticfield org/wso2/ballerinalang/compiler/util/Names TRANSACTION_PACKAGE Lorg/wso2/ballerinalang/compiler/util/Name; org/wso2/ballerinalang/compiler/util/Name
staticfield org/wso2/ballerinalang/compiler/util/Names TRANSACTION_INFO_RECORD Lorg/wso2/ballerinalang/compiler/util/Name; org/wso2/ballerinalang/compiler/util/Name
staticfield org/wso2/ballerinalang/compiler/util/Names TRANSACTION_ORG Lorg/wso2/ballerinalang/compiler/util/Name; org/wso2/ballerinalang/compiler/util/Name
staticfield org/wso2/ballerinalang/compiler/util/Names CREATE_INT_RANGE Lorg/wso2/ballerinalang/compiler/util/Name; org/wso2/ballerinalang/compiler/util/Name
staticfield org/wso2/ballerinalang/compiler/util/Names START_TRANSACTION Lorg/wso2/ballerinalang/compiler/util/Name; org/wso2/ballerinalang/compiler/util/Name
staticfield org/wso2/ballerinalang/compiler/util/Names CURRENT_TRANSACTION_INFO Lorg/wso2/ballerinalang/compiler/util/Name; org/wso2/ballerinalang/compiler/util/Name
staticfield org/wso2/ballerinalang/compiler/util/Names IS_TRANSACTIONAL Lorg/wso2/ballerinalang/compiler/util/Name; org/wso2/ballerinalang/compiler/util/Name
staticfield org/wso2/ballerinalang/compiler/util/Names ROLLBACK_TRANSACTION Lorg/wso2/ballerinalang/compiler/util/Name; org/wso2/ballerinalang/compiler/util/Name
staticfield org/wso2/ballerinalang/compiler/util/Names END_TRANSACTION Lorg/wso2/ballerinalang/compiler/util/Name; org/wso2/ballerinalang/compiler/util/Name
staticfield org/wso2/ballerinalang/compiler/util/Names GET_AND_CLEAR_FAILURE_TRANSACTION Lorg/wso2/ballerinalang/compiler/util/Name; org/wso2/ballerinalang/compiler/util/Name
staticfield org/wso2/ballerinalang/compiler/util/Names CLEAN_UP_TRANSACTION Lorg/wso2/ballerinalang/compiler/util/Name; org/wso2/ballerinalang/compiler/util/Name
staticfield org/wso2/ballerinalang/compiler/util/Names BEGIN_REMOTE_PARTICIPANT Lorg/wso2/ballerinalang/compiler/util/Name; org/wso2/ballerinalang/compiler/util/Name
staticfield org/wso2/ballerinalang/compiler/util/Names START_TRANSACTION_COORDINATOR Lorg/wso2/ballerinalang/compiler/util/Name; org/wso2/ballerinalang/compiler/util/Name
staticfield org/wso2/ballerinalang/compiler/util/Names CONSTRUCT_STREAM Lorg/wso2/ballerinalang/compiler/util/Name; org/wso2/ballerinalang/compiler/util/Name
staticfield org/wso2/ballerinalang/compiler/util/Names ABSTRACT_STREAM_ITERATOR Lorg/wso2/ballerinalang/compiler/util/Name; org/wso2/ballerinalang/compiler/util/Name
staticfield org/wso2/ballerinalang/compiler/util/Names ABSTRACT_STREAM_CLOSEABLE_ITERATOR Lorg/wso2/ballerinalang/compiler/util/Name; org/wso2/ballerinalang/compiler/util/Name
staticfield org/wso2/ballerinalang/compiler/util/Names DEFAULT_VERSION Lorg/wso2/ballerinalang/compiler/util/Name; org/wso2/ballerinalang/compiler/util/Name
staticfield org/wso2/ballerinalang/compiler/util/Names DEFAULT_MAJOR_VERSION Lorg/wso2/ballerinalang/compiler/util/Name; org/wso2/ballerinalang/compiler/util/Name
staticfield org/wso2/ballerinalang/compiler/util/Names MAP_PUT_ALL Lorg/wso2/ballerinalang/compiler/util/Name; org/wso2/ballerinalang/compiler/util/Name
ciInstanceKlass org/ballerinalang/model/Name 1 0 9 100 1 100 1 1 1 1 1
ciInstanceKlass org/wso2/ballerinalang/compiler/util/Name 1 1 46 10 7 12 1 1 1 9 7 12 1 1 1 10 12 1 1 10 7 12 1 1 1 10 12 1 1 10 12 1 1 100 1 1 1 1 1 1 1 1 1 1 1 1 1 1
ciInstanceKlass java/lang/MatchException 0 0 25 10 100 12 1 1 1 100 1 1 1 1 5 0 1 1 1 1 1 1 1 1 1 1 1
ciInstanceKlass java/io/EOFException 0 0 26 10 100 12 1 1 1 10 12 1 100 1 1 1 1 5 0 1 1 1 1 1 1 1 1 1
ciInstanceKlass java/util/RegularEnumSet$EnumSetIterator 1 1 71 9 7 12 1 1 1 10 7 12 1 1 1 9 12 1 1 9 7 12 1 1 9 12 1 100 1 10 9 12 1 1 10 7 12 1 1 1 100 1 10 5 0 10 12 1 1 100 1 1 1 1 1 1 1 1 1 1 1 1 1 1 1 1 1 1 1 1 1 1 1
ciInstanceKlass java/io/DataInputStream 1 1 205 10 7 12 1 1 1 9 7 12 1 1 1 9 12 1 9 12 1 9 12 1 1 9 12 1 9 12 1 1 10 7 12 1 1 1 10 12 1 1 10 7 12 1 1 1 100 1 10 12 1 10 12 1 1 10 12 1 1 10 12 10 7 12 1 1 1 10 12 1 1 10 12 1 1 10 12 1 10 12 1 1 10 12 1 1 10 12 1 1 9 12 1 100 1 10 10 12 1 1 10 100 12 1 1 1 10 7 12 1 1 1 10 12 1 1 11 7 12 1 1 11 100 1 8 1 10 12 1 100 1 10 8 1 10 12 1 1 10 12 1 10 12 1 1 10 12 1 1 1 1 1 1 1 1 1 100 1 1 1 1 1 1 1 1 1 1 1 1 1 1 1 1 1 1 1 1 1 1 1 1 1 1 1 1 1 1 1 1 1 1 100 1 1 1 1 1 1 1 1 1 100 1 1 1
staticfield java/io/DataInputStream EMPTY_BYTE_ARRAY [B 0
staticfield java/io/DataInputStream EMPTY_CHAR_ARRAY [C 0
ciInstanceKlass org/ballerinalang/model/tree/Node 1 0 11 100 1 100 1 1 1 1 1 1 1
ciInstanceKlass org/wso2/ballerinalang/compiler/semantics/analyzer/SymbolResolver 1 1 2633 100 1 100 1 9 7 12 1 1 1 10 7 12 1 1 1 10 12 1 1 10 7 12 1 1 10 12 1 1 10 7 12 1 1 1 9 12 1 1 10 7 12 1 1 9 12 1 1 10 7 12 1 1 9 12 1 1 10 7 12 1 1 9 12 1 1 10 7 12 1 1 9 12 1 1 10 7 12 1 1 9 12 1 1 10 7 12 1 1 9 12 1 1 10 7 12 1 1 9 12 1 1 10 7 12 1 1 9 12 1 1 7 1 10 9 12 1 1 7 1 10 9 12 1 1 9 12 1 1 9 12 1 1 9 7 12 1 1 1 100 1 9 12 1 1 10 12 1 1 5 0 10 12 1 5 0 10 12 1 5 0 10 12 1 1 5 0 9 100 12 1 1 1 10 100 12 1 1 1 10 12 1 1 10 12 1 1 10 12 1 1 5 0 100 1 10 12 1 1 10 12 1 1 10 12 1 1 10 100 12 1 1 1 9 100 12 1 1 1 100 1 10 12 1 1 9 12 1 1 9 100 12 1 1 9 12 1 5 0 10 12 1 10 12 1 10 12 1 10 12 1 5 0 10 12 1 10 12 1 9 12 1 9 12 1 9 12 1 100 1 5 0 10 12 1 1 5 0 5 0 5 0 5 0 5 0 9 12 1 10 12 1 1 9 12 1 9 12 1 9 7 12 1 1 1 5 0 9 12 1 1 9 7 12 1 1 1 9 10 7 1 5 0 9 7 12 1 1 1 10 7 12 1 1 1 9 12 1 1 9 7 12 1 1 10 12 1 1 9 12 1 10 12 1 1 10 100 12 1 1 10 100 12 1 1 1 10 12 1 1 9 12 1 7 1 10 12 1 1 10 12 1 100 1 9 12 1 1 9 7 12 1 1 1 10 12 1 9 12 1 10 12 1 9 12 1 9 12 1 1 9 100 12 1 9 12 1 10 12 1 9 12 1 10 9 12 1 1 9 12 1 1 10 12 1 1 9 10 12 1 1 9 7 1 5 0 9 100 1 100 1 10 12 1 9 12 1 10 12 1 1 9 12 1 9 12 1 1 10 100 12 1 1 1 10 12 1 1 9 12 1 9 12 1 9 12 1 100 1 7 1 9 12 1 10 12 1 1 10 12 1 1 10 12 1 1 10 12 1 9 12 1 1 9 100 12 1 1 1 11 100 12 1 1 10 12 1 1 9 12 1 9 12 1 100 1 10 12 1 1 11 12 1 1 11 100 12 1 1 1 11 12 1 10 12 1 1 10 100 1 10 12 1 5 0 9 12 1 1 10 12 1 1 9 100 12 1 1 1 9 12 1 9 12 1 10 12 1 1 9 12 1 9 12 1 9 12 1 9 12 1 9 12 1 9 12 1 9 12 1 9 12 1 9 12 1 9 12 1 9 12 1 9 12 1 9 12 1 100 1 8 1 10 12 1 1 10 12 1 10 12 1 1 9 12 1 10 12 1 9 12 1 10 12 1 1 10 12 1 1 10 12 1 1 9 12 1 9 12 1 9 12 1 9 12 1 9 12 1 9 12 1 1 10 12 1 1 11 100 12 1 1 1 10 100 12 1 1 9 9 10 12 1 1 9 12 1 100 1 10 10 12 1 1 9 12 1 5 0 7 1 9 12 1 1 9 12 1 7 1 9 12 1 100 1 8 1 10 10 12 1 9 12 1 7 1 9 12 1 1 10 12 1 9 12 1 1 9 12 1 10 12 1 1 10 7 12 1 1 10 12 10 12 1 1 9 12 1 9 12 1 9 12 1 9 12 1 10 12 1 9 8 1 9 12 1 7 1 10 9 12 1 1 9 8 1 9 12 1 9 12 1 1 9 12 1 9 10 12 1 10 12 1 7 1 10 9 9 12 1 9 12 1 9 12 1 9 12 1 7 1 10 12 1 9 12 1 1 9 12 1 1 9 7 12 1 1 9 12 1 1 9 7 1 9 12 1 8 1 9 12 1 9 12 1 9 12 1 7 1 9 12 1 1 10 12 1 8 1 9 12 1 9 12 1 8 1 9 12 1 9 12 1 8 1 9 100 12 1 1 1 10 12 1 1 9 100 1 9 100 12 1 1 9 12 1 5 0 9 9 9 12 1 10 12 1 1 9 12 1 1 11 100 12 1 1 10 12 1 11 12 1 100 1 10 9 12 1 9 12 1 100 1 10 12 1 10 12 1 9 100 12 1 1 1 9 12 1 9 12 1 10 12 1 9 12 1 9 9 12 1 100 1 10 12 1 1 100 1 9 12 1 1 10 12 1 1 9 12 1 10 12 1 9 9 12 1 5 0 9 12 1 100 1 9 12 1 9 10 12 1 10 100 12 1 1 1 5 0 9 12 1 9 12 1 9 9 12 1 10 12 1 9 12 1 10 9 100 12 1 1 11 10 12 1 10 12 10 5 0 9 12 1 10 100 12 1 1 10 12 1 1 9 10 12 1 10 12 1 10 12 1 1 9 100 1 10 12 1 1 9 12 1 10 9 12 1 10 5 0 9 12 1 5 0 9 12 1 5 0 9 10 12 1 1 10 12 1 9 9 100 1 9 9 12 1 10 12 1 10 12 1 1 9 10 12 1 1 100 1 10 12 1 9 100 1 10 100 1 9 12 1 9 12 1 10 12 1 1 9 10 12 1 1 10 12 1 1 9 100 12 1 10 12 1 9 12 9 12 100 1 10 12 1 9 9 9 9 12 1 9 9 10 12 1 9 100 1 9 100 1 10 9 9 9 12 1 9 12 1 9 9 12 1 1 9 100 12 1 1 9 12 1 9 9 12 1 9 12 1 1 100 1 10 9 100 12 1 1 100 1 100 1 9 11 9 12 1 9 9 10 12 1 9 12 1 9 12 1 9 12 1 1 10 12 1 1 9 100 12 1 1 11 12 1 10 12 1 5 0 9 10 12 1 10 12 1 1 100 1 10 12 1 1 10 18 12 1 1 11 12 1 1 100 1 10 12 1 9 12 1 9 12 1 10 12 1 1 9 100 12 1 10 12 1 1 18 12 1 10 12 1 1 10 12 1 1 9 9 11 9 10 12 1 1 9 9 10 12 1 1 9 10 100 12 1 1 1 9 12 1 1 10 12 1 10 12 1 1 10 12 1 9 100 1 9 10 10 100 1 9 12 1 1 9 100 1 9 10 12 1 1 100 1 10 12 1 9 100 12 1 1 1 10 100 12 1 1 1 9 12 1 9 12 1 9 100 12 1 1 9 9 5 0 10 12 1 1 9 12 1 9 12 1 100 1 9 12 1 10 12 1 9 12 1 1 10 100 1 9 12 1 9 12 1 9 12 1 9 12 1 10 12 1 1 9 100 12 1 1 5 0 9 9 12 1 9 10 12 1 9 12 1 10 12 1 10 9 9 12 1 9 12 1 100 1 9 12 1 10 9 12 1 10 12 1 1 10 12 1 1 10 12 1 10 12 1 1 5 0 100 1 9 12 1 1 10 12 1 10 12 1 9 100 12 1 1 10 12 1 1 9 12 9 12 1 1 9 12 1 10 12 1 9 12 1 9 12 1 10 12 9 9 12 1 9 9 12 1 11 12 10 12 1 10 12 1 9 10 12 1 1 9 100 1 9 12 1 9 12 1 9 10 9 9 9 12 1 10 10 12 1 9 10 12 1 1 100 1 10 9 12 1 1 18 12 1 11 100 12 1 1 10 12 1 1 18 12 1 9 100 12 1 1 1 10 12 1 10 12 1 10 12 1 1 10 12 1 1 10 12 1 10 12 1 1 9 100 12 1 1 10 12 1 1 9 12 1 9 12 1 1 9 12 1 10 12 1 10 12 1 10 12 1 1 10 12 1 10 12 1 10 12 1 10 12 1 1 10 12 1 10 12 1 10 12 1 1 10 12 1 9 12 1 10 12 1 10 12 1 9 12 1 10 12 1 9 12 1 9 12 1 9 12 1 9 12 1 9 12 1 9 12 1 9 12 1 9 12 1 9 12 1 9 12 1 9 12 1 9 12 1 11 100 1 9 12 1 9 12 1 10 12 1 10 12 1 1 18 10 12 1 10 12 1 10 10 12 1 9 12 1 1 9 100 1 9 100 12 1 1 9 100 12 1 1 11 12 1 9 9 12 1 10 100 12 1 1 10 12 1 1 9 12 1 10 12 1 1 10 12 1 10 12 1 1 10 12 1 1 10 12 1 9 12 1 9 12 1 11 12 100 1 10 9 12 1 9 12 1 10 100 12 1 1 1 9 12 1 10 12 1 1 9 9 12 1 1 10 12 1 1 100 1 9 12 9 9 10 12 1 1 10 100 12 1 1 1 10 12 1 1 9 100 1 5 0 10 12 1 10 12 1 100 1 10 9 9 9 12 1 9 12 1 10 12 1 1 10 12 1 9 12 1 9 12 100 1 10 10 12 1 1 9 100 12 1 1 1 9 100 1 5 0 100 1 9 9 12 1 10 12 1 9 12 1 1 9 9 12 1 9 12 1 10 12 1 1 10 12 1 100 1 10 100 12 1 1 1 10 12 1 9 12 1 10 100 12 1 1 1 100 1 10 9 12 1 10 100 12 1 1 1 10 12 1 9 100 1 10 12 1 100 1 9 12 1 10 12 1 1 9 12 1 11 11 5 0 8 1 11 12 1 11 12 1 1 18 12 1 1 11 100 12 1 1 1 11 12 1 1 9 12 1 100 1 9 12 1 100 1 10 9 12 1 100 1 9 12 1 10 12 1 1 9 12 1 100 1 9 12 1 1 9 100 12 1 1 10 12 1 1 11 12 1 1 9 12 1 10 10 12 1 1 10 12 1 10 12 1 10 12 1 10 12 1 10 12 1 10 12 1 10 12 1 10 12 10 12 1 10 12 1 10 12 1 10 12 1 10 12 1 10 12 1 10 12 1 1 9 12 1 11 12 1 18 12 1 11 10 12 1 10 100 1 9 9 9 10 12 1 10 12 1 7 1 10 1 1 3 1 1 1 1 1 1 1 1 1 1 1 1 1 1 1 1 1 1 1 1 1 1 1 1 1 1 1 1 1 1 1 1 1 1 1 1 1 1 1 1 1 1 1 1 1 1 1 1 1 1 1 1 1 1 1 1 1 1 1 1 1 1 1 1 100 1 1 1 1 1 1 1 1 1 1 1 1 1 1 1 1 1 1 1 1 1 1 1 1 1 1 1 1 1 1 1 1 1 1 1 1 1 1 1 1 1 1 1 1 1 1 1 1 1 1 1 1 1 1 1 1 1 1 1 1 1 1 1 1 1 1 1 1 1 1 1 1 1 1 1 1 1 1 1 1 1 1 1 1 1 1 1 1 1 1 1 1 1 1 1 1 1 1 1 1 1 1 1 1 1 1 1 1 1 1 1 1 1 1 1 1 1 1 1 1 1 1 1 1 1 1 1 1 1 1 1 1 1 1 1 1 1 1 1 1 1 1 1 1 1 1 1 1 1 1 1 1 1 1 1 1 1 1 1 1 1 1 1 1 1 1 1 1 1 1 1 1 1 1 1 1 1 1 1 1 1 1 1 1 1 1 1 1 1 1 1 1 1 1 1 1 1 1 1 1 1 1 1 1 1 1 1 1 1 1 1 1 1 1 1 1 1 1 1 1 1 1 1 1 1 1 1 1 1 1 1 1 1 1 1 1 1 1 1 1 1 1 1 1 1 1 1 1 1 1 1 1 1 1 1 1 1 1 1 1 1 1 1 1 1 1 1 1 1 1 1 1 1 1 1 1 1 1 1 1 1 1 1 1 1 1 1 1 1 1 1 1 1 1 1 1 1 1 1 1 1 1 1 1 1 1 1 1 1 16 1 15 10 12 16 1 16 15 10 12 16 1 16 1 15 10 12 16 1 15 10 12 16 1 15 10 12 16 15 10 12 16 1 15 10 12 16 1 15 10 100 12 1 1 1 1 1 1 1 1 1 1 100 1 100 1 1
staticfield org/wso2/ballerinalang/compiler/semantics/analyzer/SymbolResolver SYMBOL_RESOLVER_KEY Lorg/wso2/ballerinalang/compiler/util/CompilerContext$Key; org/wso2/ballerinalang/compiler/util/CompilerContext$Key
ciInstanceKlass org/ballerinalang/model/tree/AnnotatableNode 0 0 20 100 1 100 1 100 1 1 1 1 1 1 1 1 1 1 1 1 1 1
instanceKlass org/wso2/ballerinalang/compiler/tree/types/BLangTupleTypeNode
instanceKlass org/wso2/ballerinalang/compiler/tree/types/BLangTableTypeNode
instanceKlass org/wso2/ballerinalang/compiler/tree/types/BLangStreamType
instanceKlass org/wso2/ballerinalang/compiler/tree/types/BLangIntersectionTypeNode
instanceKlass org/wso2/ballerinalang/compiler/tree/types/BLangStructureTypeNode
instanceKlass org/wso2/ballerinalang/compiler/tree/types/BLangUnionTypeNode
instanceKlass org/wso2/ballerinalang/compiler/tree/types/BLangUserDefinedType
instanceKlass org/wso2/ballerinalang/compiler/tree/types/BLangValueType
instanceKlass org/wso2/ballerinalang/compiler/tree/types/BLangConstrainedType
instanceKlass org/wso2/ballerinalang/compiler/tree/types/BLangErrorType
instanceKlass org/wso2/ballerinalang/compiler/tree/types/BLangFiniteTypeNode
instanceKlass org/wso2/ballerinalang/compiler/tree/types/BLangFunctionTypeNode
instanceKlass org/wso2/ballerinalang/compiler/tree/types/BLangArrayType
instanceKlass org/wso2/ballerinalang/compiler/tree/types/BLangBuiltInRefTypeNode
ciInstanceKlass org/wso2/ballerinalang/compiler/tree/types/BLangType 0 0 44 10 100 12 1 1 1 100 1 10 100 12 1 1 1 9 100 12 1 1 1 9 12 1 1 9 12 1 100 1 1 1 1 1 1 1 1 1 1 1 1 1 1 1
ciInstanceKlass org/ballerinalang/model/tree/TopLevelNode 0 0 9 100 1 100 1 100 1 1 1
ciInstanceKlass org/ballerinalang/model/tree/DocumentableNode 0 0 13 100 1 100 1 100 1 1 1 1 1 1 1
instanceKlass org/wso2/ballerinalang/compiler/tree/BLangTestablePackage
ciInstanceKlass org/wso2/ballerinalang/compiler/tree/BLangPackage 1 1 342 10 7 12 1 1 1 7 1 10 9 7 12 1 1 1 7 1 10 9 12 1 1 9 12 1 9 12 1 9 12 1 9 12 1 9 12 1 9 12 1 9 12 1 9 12 1 9 12 1 9 12 1 9 12 1 7 1 10 7 12 1 1 1 9 12 1 1 9 12 1 7 1 9 12 1 7 1 7 1 10 10 12 1 9 12 1 1 9 12 1 1 100 1 11 100 12 1 1 1 10 100 12 1 1 1 10 100 12 1 1 10 100 12 1 1 1 100 1 100 1 100 1 100 1 100 1 100 1 100 1 11 12 1 1 11 100 12 1 1 1 10 100 12 1 1 1 100 1 10 12 1 1 9 100 12 1 1 1 11 12 1 10 10 100 12 1 1 1 10 100 12 1 1 1 9 100 12 1 1 1 9 12 1 1 9 12 1 9 12 1 10 12 1 100 1 1 1 1 1 1 1 1 1 1 1 1 1 1 1 1 1 1 1 1 1 1 1 1 1 1 1 1 1 1 1 1 1 1 1 1 1 1 1 1 1 1 1 1 1 1 1 1 1 1 1 1 1 1 1 1 1 1 1 1 1 1 1 1 1 1 1 1 1 1 1 1 1 1 1 1 1 1 1 1 1 1 1 1 1 1 1 1 1 1 1 1 1 1 1 1 1 1 1 1 1 1 1 1 1 1 1 1 1 1 1 1 1 1 1 1 1 1 1 1 1 1 1 1 1 1 1 1 1 1 1 1 1 1 1 1 1 1 1 1 1 1 1 1 1 1 1
ciInstanceKlass org/ballerinalang/model/tree/OrderedNode 0 0 13 100 1 100 1 100 1 1 1 1 1 1 1
ciInstanceKlass org/ballerinalang/model/tree/ClassDefinition 0 0 31 100 1 100 1 100 1 100 1 100 1 100 1 1 1 1 1 1 1 1 1 1 1 1 1 1 1 1 1 1 1
ciInstanceKlass org/wso2/ballerinalang/compiler/tree/BLangClassDefinition 0 0 270 10 100 12 1 1 1 9 100 12 1 1 1 9 12 1 1 9 12 1 1 100 1 10 9 12 1 1 9 12 1 9 12 1 100 1 10 100 12 1 1 1 9 12 1 1 9 12 1 1 11 100 12 1 1 1 9 12 1 9 12 1 100 1 10 9 12 1 1 9 12 1 1 100 1 100 1 11 100 1 9 12 1 1 100 1 100 1 10 100 12 1 1 1 10 100 12 1 1 10 100 12 1 1 1 9 100 12 1 1 1 100 1 10 8 1 10 12 1 1 9 12 1 1 8 1 11 12 1 1 11 100 12 1 1 1 11 12 1 1 8 1 10 100 12 1 1 1 8 1 10 10 8 1 8 1 10 100 1 9 12 1 1 100 1 9 12 1 100 1 1 1 1 1 1 1 1 1 1 1 1 1 1 1 1 1 1 1 1 1 1 1 1 1 1 1 1 1 1 1 1 1 1 1 1 1 1 1 1 1 1 1 1 1 1 1 1 1 1 1 1 1 1 1 1 1 1 1 1 1 1 1 1 1 1 1 1 1 1 1 1 1 1 1 1 1 1 1 1 1 1 1 1 1 1 1 1 1 1 1 1 1 1 1 1 100 1 100 1 1
ciInstanceKlass org/ballerinalang/model/elements/Flag 1 1 207 7 1 9 12 1 1 9 12 1 9 12 1 9 12 1 9 12 1 9 12 1 9 12 1 9 12 1 9 12 1 9 12 1 9 12 1 9 12 1 9 12 1 9 12 1 9 12 1 9 12 1 9 12 1 9 12 1 9 12 1 9 12 1 9 12 1 9 12 1 9 12 1 9 12 1 9 12 1 9 12 1 9 12 1 9 12 1 9 12 1 9 12 1 9 12 1 9 12 1 9 12 1 9 12 1 9 12 1 9 12 1 9 12 1 9 12 1 9 12 1 9 12 1 9 12 1 9 12 1 1 10 7 12 1 1 10 7 12 1 1 1 10 12 1 1 8 10 8 8 8 8 8 8 8 8 8 8 8 8 8 8 8 8 8 8 8 8 8 8 8 8 8 8 8 8 8 8 8 8 8 8 8 8 8 8 8 8 10 12 1 1 1 1 1 1 1 1 1 1 1 1 1 1 1 1 1
staticfield org/ballerinalang/model/elements/Flag PUBLIC Lorg/ballerinalang/model/elements/Flag; org/ballerinalang/model/elements/Flag
staticfield org/ballerinalang/model/elements/Flag PRIVATE Lorg/ballerinalang/model/elements/Flag; org/ballerinalang/model/elements/Flag
staticfield org/ballerinalang/model/elements/Flag REMOTE Lorg/ballerinalang/model/elements/Flag; org/ballerinalang/model/elements/Flag
staticfield org/ballerinalang/model/elements/Flag TRANSACTIONAL Lorg/ballerinalang/model/elements/Flag; org/ballerinalang/model/elements/Flag
staticfield org/ballerinalang/model/elements/Flag NATIVE Lorg/ballerinalang/model/elements/Flag; org/ballerinalang/model/elements/Flag
staticfield org/ballerinalang/model/elements/Flag FINAL Lorg/ballerinalang/model/elements/Flag; org/ballerinalang/model/elements/Flag
staticfield org/ballerinalang/model/elements/Flag ATTACHED Lorg/ballerinalang/model/elements/Flag; org/ballerinalang/model/elements/Flag
staticfield org/ballerinalang/model/elements/Flag LAMBDA Lorg/ballerinalang/model/elements/Flag; org/ballerinalang/model/elements/Flag
staticfield org/ballerinalang/model/elements/Flag WORKER Lorg/ballerinalang/model/elements/Flag; org/ballerinalang/model/elements/Flag
staticfield org/ballerinalang/model/elements/Flag PARALLEL Lorg/ballerinalang/model/elements/Flag; org/ballerinalang/model/elements/Flag
staticfield org/ballerinalang/model/elements/Flag LISTENER Lorg/ballerinalang/model/elements/Flag; org/ballerinalang/model/elements/Flag
staticfield org/ballerinalang/model/elements/Flag READONLY Lorg/ballerinalang/model/elements/Flag; org/ballerinalang/model/elements/Flag
staticfield org/ballerinalang/model/elements/Flag FUNCTION_FINAL Lorg/ballerinalang/model/elements/Flag; org/ballerinalang/model/elements/Flag
staticfield org/ballerinalang/model/elements/Flag INTERFACE Lorg/ballerinalang/model/elements/Flag; org/ballerinalang/model/elements/Flag
staticfield org/ballerinalang/model/elements/Flag REQUIRED Lorg/ballerinalang/model/elements/Flag; org/ballerinalang/model/elements/Flag
staticfield org/ballerinalang/model/elements/Flag RECORD Lorg/ballerinalang/model/elements/Flag; org/ballerinalang/model/elements/Flag
staticfield org/ballerinalang/model/elements/Flag ANONYMOUS Lorg/ballerinalang/model/elements/Flag; org/ballerinalang/model/elements/Flag
staticfield org/ballerinalang/model/elements/Flag OPTIONAL Lorg/ballerinalang/model/elements/Flag; org/ballerinalang/model/elements/Flag
staticfield org/ballerinalang/model/elements/Flag TESTABLE Lorg/ballerinalang/model/elements/Flag; org/ballerinalang/model/elements/Flag
staticfield org/ballerinalang/model/elements/Flag CLIENT Lorg/ballerinalang/model/elements/Flag; org/ballerinalang/model/elements/Flag
staticfield org/ballerinalang/model/elements/Flag RESOURCE Lorg/ballerinalang/model/elements/Flag; org/ballerinalang/model/elements/Flag
staticfield org/ballerinalang/model/elements/Flag ISOLATED Lorg/ballerinalang/model/elements/Flag; org/ballerinalang/model/elements/Flag
staticfield org/ballerinalang/model/elements/Flag SERVICE Lorg/ballerinalang/model/elements/Flag; org/ballerinalang/model/elements/Flag
staticfield org/ballerinalang/model/elements/Flag CONSTANT Lorg/ballerinalang/model/elements/Flag; org/ballerinalang/model/elements/Flag
staticfield org/ballerinalang/model/elements/Flag TYPE_PARAM Lorg/ballerinalang/model/elements/Flag; org/ballerinalang/model/elements/Flag
staticfield org/ballerinalang/model/elements/Flag LANG_LIB Lorg/ballerinalang/model/elements/Flag; org/ballerinalang/model/elements/Flag
staticfield org/ballerinalang/model/elements/Flag FORKED Lorg/ballerinalang/model/elements/Flag; org/ballerinalang/model/elements/Flag
staticfield org/ballerinalang/model/elements/Flag DISTINCT Lorg/ballerinalang/model/elements/Flag; org/ballerinalang/model/elements/Flag
staticfield org/ballerinalang/model/elements/Flag CLASS Lorg/ballerinalang/model/elements/Flag; org/ballerinalang/model/elements/Flag
staticfield org/ballerinalang/model/elements/Flag CONFIGURABLE Lorg/ballerinalang/model/elements/Flag; org/ballerinalang/model/elements/Flag
staticfield org/ballerinalang/model/elements/Flag OBJECT_CTOR Lorg/ballerinalang/model/elements/Flag; org/ballerinalang/model/elements/Flag
staticfield org/ballerinalang/model/elements/Flag ENUM Lorg/ballerinalang/model/elements/Flag; org/ballerinalang/model/elements/Flag
staticfield org/ballerinalang/model/elements/Flag INCLUDED Lorg/ballerinalang/model/elements/Flag; org/ballerinalang/model/elements/Flag
staticfield org/ballerinalang/model/elements/Flag REQUIRED_PARAM Lorg/ballerinalang/model/elements/Flag; org/ballerinalang/model/elements/Flag
staticfield org/ballerinalang/model/elements/Flag DEFAULTABLE_PARAM Lorg/ballerinalang/model/elements/Flag; org/ballerinalang/model/elements/Flag
staticfield org/ballerinalang/model/elements/Flag REST_PARAM Lorg/ballerinalang/model/elements/Flag; org/ballerinalang/model/elements/Flag
staticfield org/ballerinalang/model/elements/Flag FIELD Lorg/ballerinalang/model/elements/Flag; org/ballerinalang/model/elements/Flag
staticfield org/ballerinalang/model/elements/Flag ANY_FUNCTION Lorg/ballerinalang/model/elements/Flag; org/ballerinalang/model/elements/Flag
staticfield org/ballerinalang/model/elements/Flag NEVER_ALLOWED Lorg/ballerinalang/model/elements/Flag; org/ballerinalang/model/elements/Flag
staticfield org/ballerinalang/model/elements/Flag ENUM_MEMBER Lorg/ballerinalang/model/elements/Flag; org/ballerinalang/model/elements/Flag
staticfield org/ballerinalang/model/elements/Flag QUERY_LAMBDA Lorg/ballerinalang/model/elements/Flag; org/ballerinalang/model/elements/Flag
staticfield org/ballerinalang/model/elements/Flag $VALUES [Lorg/ballerinalang/model/elements/Flag; 41 [Lorg/ballerinalang/model/elements/Flag;
ciInstanceKlass org/ballerinalang/model/symbols/Symbol 1 0 27 100 1 100 1 1 1 1 1 1 1 1 1 1 1 1 1 1 1 1 1 1 1 1 1 1 1
instanceKlass org/wso2/ballerinalang/compiler/semantics/model/symbols/BLetSymbol
instanceKlass org/wso2/ballerinalang/compiler/semantics/model/symbols/BResourcePathSegmentSymbol
instanceKlass org/wso2/ballerinalang/compiler/semantics/model/symbols/BXMLNSSymbol
instanceKlass org/wso2/ballerinalang/compiler/semantics/model/symbols/BXMLAttributeSymbol
instanceKlass org/wso2/ballerinalang/compiler/semantics/model/symbols/BTypeDefinitionSymbol
instanceKlass org/wso2/ballerinalang/compiler/semantics/model/symbols/BServiceSymbol
instanceKlass org/wso2/ballerinalang/compiler/semantics/model/symbols/BAnnotationAttachmentSymbol
instanceKlass org/wso2/ballerinalang/compiler/semantics/model/symbols/BVarSymbol
instanceKlass org/wso2/ballerinalang/compiler/semantics/model/symbols/BTypeSymbol
ciInstanceKlass org/wso2/ballerinalang/compiler/semantics/model/symbols/BSymbol 1 1 124 10 7 12 1 1 1 9 7 12 1 1 1 9 12 1 9 12 1 1 9 12 1 9 12 1 1 9 12 1 1 9 12 1 1 9 12 1 1 9 12 1 1 9 12 1 1 10 100 12 1 1 1 9 100 12 1 1 1 10 100 12 1 1 1 100 1 10 12 1 10 12 1 10 12 1 1 10 12 1 1 10 12 1 1 10 12 1 100 1 1 1 1 1 1 1 1 1 1 1 1 1 1 1 1 1 1 1 1 1 1 1 1 1 1 1 1 1 1 1 1 1 1 1
ciInstanceKlass org/ballerinalang/model/symbols/TypeSymbol 1 0 9 100 1 100 1 100 1 1 1
instanceKlass org/wso2/ballerinalang/compiler/semantics/model/symbols/BAnnotationSymbol
instanceKlass org/wso2/ballerinalang/compiler/semantics/model/symbols/BEnumSymbol
instanceKlass org/wso2/ballerinalang/compiler/semantics/model/symbols/BPackageSymbol
instanceKlass org/wso2/ballerinalang/compiler/semantics/model/symbols/BStructureTypeSymbol
instanceKlass org/wso2/ballerinalang/compiler/semantics/model/symbols/BErrorTypeSymbol
instanceKlass org/wso2/ballerinalang/compiler/semantics/model/symbols/BInvokableTypeSymbol
ciInstanceKlass org/wso2/ballerinalang/compiler/semantics/model/symbols/BTypeSymbol 1 1 99 10 7 12 1 1 1 10 7 1 9 12 1 1 9 100 12 1 1 9 12 1 10 12 1 1 9 12 1 1 9 100 12 1 1 9 9 100 12 1 1 1 10 12 1 1 10 100 12 1 1 1 18 12 1 1 100 1 1 1 1 1 1 1 1 1 1 1 1 1 1 1 1 1 1 1 1 1 1 1 1 1 1 1 1 8 1 15 10 100 12 1 1 1 100 1 100 1 1
ciInstanceKlass org/ballerinalang/model/types/Type 1 0 13 100 1 100 1 1 1 1 1 1 1 1 1
ciInstanceKlass org/ballerinalang/model/types/ValueType 1 0 9 100 1 100 1 100 1 1 1
instanceKlass org/wso2/ballerinalang/compiler/semantics/model/types/BSequenceType
instanceKlass org/wso2/ballerinalang/compiler/semantics/model/types/BAnnotationType
instanceKlass org/wso2/ballerinalang/compiler/semantics/model/types/BPackageType
instanceKlass org/wso2/ballerinalang/compiler/semantics/model/types/BNilType
instanceKlass org/wso2/ballerinalang/compiler/semantics/model/types/BNeverType
instanceKlass org/wso2/ballerinalang/compiler/semantics/model/types/BFiniteType
instanceKlass org/wso2/ballerinalang/compiler/semantics/model/types/BRegexpType
instanceKlass org/wso2/ballerinalang/compiler/semantics/model/types/BStringSubType
instanceKlass org/wso2/ballerinalang/compiler/semantics/model/types/BIntSubType
instanceKlass org/wso2/ballerinalang/compiler/semantics/model/types/BXMLSubType
instanceKlass org/wso2/ballerinalang/compiler/semantics/model/types/BReadonlyType
instanceKlass org/wso2/ballerinalang/compiler/semantics/model/types/BHandleType
instanceKlass org/wso2/ballerinalang/compiler/semantics/model/types/BAnyType
instanceKlass org/wso2/ballerinalang/compiler/semantics/model/types/BNoType
instanceKlass org/wso2/ballerinalang/compiler/semantics/model/types/BIntersectionType
instanceKlass org/wso2/ballerinalang/compiler/semantics/model/types/BStructureType
instanceKlass org/wso2/ballerinalang/compiler/semantics/model/types/BArrayType
instanceKlass org/wso2/ballerinalang/compiler/semantics/model/types/BUnionType
instanceKlass org/wso2/ballerinalang/compiler/semantics/model/types/BErrorType
instanceKlass org/wso2/ballerinalang/compiler/semantics/model/types/BXMLType
instanceKlass org/wso2/ballerinalang/compiler/semantics/model/types/BTypedescType
instanceKlass org/wso2/ballerinalang/compiler/semantics/model/types/BMapType
instanceKlass org/wso2/ballerinalang/compiler/semantics/model/types/BFutureType
instanceKlass org/wso2/ballerinalang/compiler/semantics/model/types/BTypeReferenceType
instanceKlass org/wso2/ballerinalang/compiler/semantics/model/types/BParameterizedType
instanceKlass org/wso2/ballerinalang/compiler/semantics/model/types/BInvokableType
instanceKlass org/wso2/ballerinalang/compiler/semantics/model/types/BStreamType
instanceKlass org/wso2/ballerinalang/compiler/semantics/model/types/BTableType
instanceKlass org/wso2/ballerinalang/compiler/semantics/model/types/BTupleType
ciInstanceKlass org/wso2/ballerinalang/compiler/semantics/model/types/BType 1 1 203 100 1 9 7 12 1 1 1 10 7 12 1 1 1 10 7 12 1 1 9 12 1 1 9 12 1 1 9 12 1 1 9 12 1 1 9 12 1 1 7 1 10 7 1 10 10 12 1 10 7 12 1 1 1 11 100 12 1 1 1 9 100 12 1 1 1 9 12 1 9 12 1 9 12 1 9 12 1 9 12 1 9 12 1 9 12 1 9 12 1 9 12 1 9 12 1 9 12 1 9 12 1 10 100 12 1 1 10 12 1 1 10 12 1 1 9 100 12 1 1 1 10 100 12 1 1 9 12 10 100 12 1 1 1 18 12 1 1 10 12 1 100 1 1 1 1 1 1 1 1 1 1 1 1 1 1 1 1 1 1 1 1 1 1 1 1 1 1 1 1 1 1 1 1 1 1 1 1 1 1 1 1 1 1 100 1 1 8 1 15 10 100 12 1 1 1 1 100 1 100 1 1
ciInstanceKlass org/ballerinalang/model/types/SelectivelyImmutableReferenceType 1 0 7 100 1 100 1 1 1
ciInstanceKlass org/ballerinalang/model/types/TupleType 1 0 13 100 1 100 1 100 1 1 1 1 1 1 1
ciInstanceKlass org/wso2/ballerinalang/compiler/semantics/model/types/BTupleType 1 1 412 100 1 10 7 12 1 1 1 9 7 12 1 1 1 9 12 1 9 12 1 1 9 12 1 1 9 12 1 1 10 12 1 9 12 1 1 10 12 1 100 1 5 0 10 12 1 1 9 12 1 1 9 100 12 1 1 1 9 12 1 100 1 11 100 12 1 1 1 10 12 1 18 12 1 1 11 12 1 1 11 100 12 1 1 1 9 100 12 1 1 1 10 100 12 1 1 10 12 1 1 10 100 12 1 1 1 10 100 12 1 1 1 10 12 1 8 1 11 12 1 1 18 12 1 1 11 100 12 1 1 1 8 1 10 100 12 1 1 1 11 12 1 1 11 8 1 10 18 12 1 1 8 1 18 10 12 1 1 10 100 12 1 1 1 8 1 10 12 1 1 9 100 12 1 1 10 12 1 10 10 12 1 1 11 12 1 10 10 12 1 10 12 1 1 9 12 1 100 1 10 12 1 100 1 9 12 1 100 1 9 12 1 100 1 9 11 12 1 1 11 100 12 1 1 11 12 1 1 100 1 10 100 12 1 1 1 10 10 12 1 9 100 12 1 1 1 10 12 1 1 9 100 12 1 1 1 9 12 1 100 1 8 1 10 12 1 10 12 1 1 11 12 1 1 9 12 1 10 100 12 1 1 1 100 1 10 12 1 10 10 12 1 10 10 7 12 1 1 100 1 1 1 1 1 1 1 1 1 1 1 1 1 1 1 1 1 1 1 1 1 1 1 1 100 1 1 1 1 1 1 1 1 1 1 1 1 1 1 1 1 1 1 1 1 1 1 1 1 1 1 1 1 1 1 1 1 1 1 1 1 1 1 1 1 1 1 1 1 1 1 1 1 1 16 1 15 10 12 16 16 1 15 10 16 1 8 1 8 1 15 10 100 12 1 1 1 15 10 100 12 1 1 1 100 1 1 100 1 100 1 1
staticfield org/wso2/ballerinalang/compiler/semantics/model/types/BTupleType $assertionsDisabled Z 1
ciInstanceKlass org/ballerinalang/model/types/TableType 1 0 9 100 1 100 1 100 1 1 1
ciInstanceKlass org/wso2/ballerinalang/compiler/semantics/model/types/BTableType 1 1 300 100 1 10 7 12 1 1 1 7 1 10 12 1 9 7 12 1 1 1 9 12 1 1 9 12 1 1 10 12 1 9 12 1 1 11 100 12 1 1 1 10 12 1 1 100 1 5 0 10 7 12 1 1 1 10 12 1 1 8 1 10 7 12 1 1 1 100 1 10 11 7 12 1 1 1 11 12 1 1 11 100 12 1 1 11 12 1 1 10 10 8 1 10 12 1 1 10 12 1 1 18 12 1 1 9 12 1 18 12 8 1 18 10 12 1 9 100 12 1 1 1 10 100 12 1 1 10 12 1 1 9 7 12 1 1 10 7 12 1 1 1 10 7 12 1 1 1 9 12 1 1 9 12 1 7 1 10 12 1 1 11 100 1 7 1 9 12 1 10 12 9 12 1 10 7 12 1 1 1 18 12 1 1 11 12 1 1 7 1 10 12 1 1 10 12 1 1 10 12 1 1 100 1 1 1 1 1 1 1 1 1 1 1 1 1 1 1 1 1 1 1 1 1 1 1 1 1 1 1 1 1 1 1 1 1 1 1 1 1 1 1 1 1 1 1 1 1 1 100 1 1 1 1 1 1 1 1 1 1 1 1 1 1 1 1 1 1 1 8 1 8 1 8 1 16 1 15 10 12 16 15 10 100 12 1 1 15 10 7 12 1 1 1 1 100 1 100 1 1
ciInstanceKlass org/ballerinalang/model/types/ConstrainedType 1 0 9 100 1 100 1 1 1 1 1
ciInstanceKlass org/ballerinalang/model/types/StreamType 1 0 11 100 1 100 1 100 1 1 1 1 1
ciInstanceKlass org/wso2/ballerinalang/compiler/semantics/model/types/BStreamType 1 1 149 10 7 12 1 1 1 9 7 12 1 1 1 9 12 1 1 10 12 1 1 9 12 1 9 12 1 1 11 100 12 1 1 1 9 100 12 1 1 1 9 12 1 1 100 1 10 12 1 1 10 100 12 1 1 1 8 1 18 12 1 1 18 12 1 10 100 12 1 1 100 1 9 100 12 1 1 10 100 12 1 1 1 10 12 1 10 12 1 1 10 12 1 1 10 12 1 100 1 1 1 1 1 1 1 1 1 1 100 1 100 1 1 1 1 1 1 1 1 1 1 1 1 1 1 1 1 1 1 1 1 1 1 8 1 8 1 15 10 100 12 1 1 1 100 1 100 1 1
ciInstanceKlass org/ballerinalang/model/types/InvokableType 1 0 15 100 1 100 1 100 1 1 1 1 1 1 1 1 1
ciInstanceKlass org/wso2/ballerinalang/compiler/semantics/model/types/BInvokableType 1 1 551 100 1 100 1 5 0 10 7 12 1 1 1 10 7 12 1 1 1 9 7 12 1 1 1 9 12 1 1 100 1 9 12 1 1 100 1 10 12 1 9 12 1 1 9 12 1 9 12 1 1 10 12 1 11 7 12 1 1 1 100 1 10 12 1 11 12 1 1 9 100 12 1 1 1 11 100 12 1 1 1 8 1 10 12 1 1 5 0 10 100 12 1 1 1 8 1 5 0 18 12 1 1 5 0 18 10 12 1 1 18 12 1 11 12 1 9 12 1 1 10 7 1 11 12 1 1 10 8 1 10 12 1 1 9 12 1 10 12 1 18 11 12 1 1 18 9 12 1 10 100 12 1 1 1 18 10 12 1 1 18 12 1 100 1 10 11 12 1 1 11 100 12 1 1 11 12 1 1 10 12 1 1 11 12 1 8 1 10 12 1 10 10 100 12 1 1 9 12 1 1 10 12 1 10 100 12 1 1 1 100 1 10 9 100 12 1 1 1 9 12 1 10 12 1 1 9 12 10 12 1 1 11 12 1 1 18 12 1 1 11 100 12 1 1 1 11 12 1 10 12 1 1 10 12 1 10 12 1 1 100 1 10 9 100 12 1 1 1 10 12 1 1 10 100 12 1 1 1 10 12 1 9 12 100 1 100 1 10 10 12 1 1 10 100 12 1 1 1 9 12 1 10 12 1 1 11 100 12 1 1 11 100 1 100 1 10 12 1 1 10 100 1 18 12 1 1 11 12 1 1 100 1 9 12 1 100 1 9 12 1 1 10 100 12 1 1 1 11 100 1 18 9 12 1 100 1 10 12 1 18 18 100 1 9 100 1 9 100 1 9 10 12 1 10 12 1 1 9 100 12 1 1 10 7 12 1 1 100 1 1 1 1 1 1 1 1 1 1 100 1 100 1 1 1 1 1 1 1 1 1 1 1 1 1 1 1 1 1 1 1 1 1 1 1 1 1 1 1 1 1 1 1 1 1 1 1 1 1 1 1 1 1 1 1 1 1 1 1 1 1 1 1 1 1 1 1 1 1 100 1 1 1 1 1 1 1 1 1 1 1 1 1 1 1 1 1 1 1 1 1 1 1 1 1 1 1 1 1 1 1 1 1 1 8 1 8 1 8 1 8 1 8 1 8 1 8 1 16 1 15 16 16 15 10 12 16 1 15 10 12 16 1 15 10 12 15 10 12 15 10 100 12 1 1 15 10 100 12 1 1 1 1 100 1 1 100 1 100 1 1
staticfield org/wso2/ballerinalang/compiler/semantics/model/types/BInvokableType $assertionsDisabled Z 1
ciInstanceKlass org/wso2/ballerinalang/compiler/semantics/model/symbols/BInvokableTypeSymbol 1 1 70 9 7 12 1 1 1 10 7 12 1 1 1 7 1 10 12 1 9 7 12 1 1 1 9 12 1 7 1 10 9 12 1 1 9 100 12 1 1 1 1 1 1 1 1 1 1 1 1 1 1 1 1 1 1 1 1 1 1 1 1 1 1 1 1 1 1 1 1 1
ciInstanceKlass org/ballerinalang/model/symbols/Annotatable 1 0 13 100 1 100 1 1 1 1 1 1 1 1 1
ciInstanceKlass org/ballerinalang/model/symbols/InvokableSymbol 1 0 15 100 1 100 1 100 1 1 1 1 1 1 1 1 1
ciInstanceKlass org/ballerinalang/model/symbols/VariableSymbol 1 0 11 100 1 100 1 100 1 1 1 1 1
instanceKlass org/wso2/ballerinalang/compiler/semantics/model/symbols/BSequenceSymbol
instanceKlass org/wso2/ballerinalang/compiler/semantics/model/symbols/BConstantSymbol
instanceKlass org/wso2/ballerinalang/compiler/semantics/model/symbols/BWorkerSymbol
instanceKlass org/wso2/ballerinalang/compiler/semantics/model/symbols/BInvokableSymbol
ciInstanceKlass org/wso2/ballerinalang/compiler/semantics/model/symbols/BVarSymbol 1 1 102 100 1 5 0 10 7 12 1 1 1 9 7 12 1 1 1 9 12 1 9 7 12 1 1 1 9 12 1 7 1 10 12 1 9 12 1 1 9 7 12 1 1 1 9 12 1 10 12 1 100 1 11 100 12 1 1 1 100 1 100 1 1 1 1 1 1 1 1 1 1 1 1 1 1 1 1 1 1 1 1 1 1 1 1 1 1 1 1 1 1 1 1 1 1 1 1 1 1 1 1 1
instanceKlass org/wso2/ballerinalang/compiler/semantics/model/symbols/BOperatorSymbol
ciInstanceKlass org/wso2/ballerinalang/compiler/semantics/model/symbols/BInvokableSymbol 1 1 162 10 7 12 1 1 1 10 7 12 1 1 9 12 1 1 9 7 12 1 1 1 9 12 1 9 12 1 1 7 1 10 12 1 9 12 1 1 9 12 1 7 1 10 9 12 1 1 7 1 10 9 12 1 1 9 7 12 1 1 1 9 12 1 9 12 1 1 100 1 100 1 10 100 12 1 1 1 18 12 1 1 10 12 1 9 12 1 9 12 1 10 12 1 1 10 12 1 1 100 1 1 1 1 1 1 1 1 1 1 1 1 1 1 1 1 1 1 1 1 1 1 1 1 1 1 1 1 1 1 1 1 1 1 1 1 1 1 1 1 1 1 1 1 1 1 1 1 8 1 15 10 100 12 1 1 1 100 1 100 1 1
ciInstanceKlass org/wso2/ballerinalang/compiler/semantics/model/types/BParameterizedType 1 1 77 100 1 10 7 12 1 1 1 9 7 12 1 1 1 9 12 1 1 9 12 1 1 9 12 1 1 9 100 12 1 1 10 100 12 1 1 1 10 100 12 1 1 1 11 100 12 1 1 10 12 1 1 1 1 1 1 1 1 1 1 1 1 1 1 1 1 1 1 1 1 1 1 1 1 1 1
ciInstanceKlass org/wso2/ballerinalang/compiler/semantics/model/types/BTypeReferenceType 1 1 105 100 1 10 7 12 1 1 1 9 7 12 1 1 1 10 7 12 1 1 1 10 7 12 1 1 1 9 12 1 1 10 12 1 1 11 100 12 1 1 1 9 12 1 1 11 100 1 10 100 12 1 1 1 8 1 10 12 1 1 10 12 1 9 12 1 1 10 10 100 12 1 1 9 100 12 1 1 1 1 1 1 1 1 1 1 1 1 1 1 1 1 1 1 1 1 1 1 1 1 1 1 1 1 1
ciInstanceKlass org/wso2/ballerinalang/compiler/semantics/model/types/BFutureType 1 1 132 100 1 10 7 12 1 1 1 9 7 12 1 1 1 9 12 1 1 10 12 1 9 12 1 1 9 12 1 1 11 100 12 1 1 1 9 100 12 1 1 1 9 12 1 1 10 12 1 1 10 100 12 1 1 1 18 12 1 1 10 100 12 1 1 100 1 9 100 12 1 1 10 12 1 10 100 12 1 1 1 10 12 1 1 100 1 1 1 1 1 1 1 1 1 1 1 1 1 1 1 1 1 1 1 1 1 1 1 1 1 1 1 1 1 1 1 1 8 1 15 10 100 12 1 1 1 100 1 100 1 1
ciInstanceKlass org/wso2/ballerinalang/compiler/semantics/model/types/BMapType 1 1 209 10 7 12 1 1 1 9 7 12 1 1 1 9 12 1 1 9 12 1 1 10 12 1 11 100 12 1 1 1 9 100 12 1 1 1 9 12 1 1 100 1 10 12 1 1 10 100 12 1 1 1 18 12 1 1 10 12 1 1 100 1 5 0 10 7 12 1 1 1 8 1 10 12 1 1 10 100 12 1 1 7 1 10 7 12 1 1 1 10 12 1 10 12 1 1 11 7 12 1 1 1 9 100 12 1 1 1 10 12 1 1 10 12 1 1 9 12 1 9 7 12 1 1 1 9 12 1 10 12 1 10 12 1 1 10 12 1 10 12 1 10 12 1 1 100 1 100 1 1 1 1 1 1 1 1 1 1 1 1 1 1 1 1 1 1 1 1 1 1 1 1 1 1 1 1 1 1 1 1 1 1 1 1 1 100 1 1 1 1 1 1 8 1 15 10 100 12 1 1 1 100 1 1 100 1 100 1 1
ciInstanceKlass org/wso2/ballerinalang/compiler/semantics/model/types/BTypedescType 1 1 129 100 1 100 1 5 0 10 7 12 1 1 1 9 7 12 1 1 1 9 12 1 1 10 12 1 9 12 1 1 11 100 12 1 1 1 9 100 12 1 1 1 9 12 1 1 10 12 1 1 10 100 12 1 1 1 18 12 1 1 10 100 12 1 1 100 1 9 100 12 1 1 10 12 1 10 100 12 1 1 1 10 12 1 1 100 1 1 1 1 1 1 1 1 1 1 1 1 1 1 1 1 1 1 1 1 1 1 1 1 1 1 1 1 1 8 1 15 10 100 12 1 1 1 100 1 100 1 1
ciInstanceKlass org/wso2/ballerinalang/compiler/semantics/model/types/BXMLType 1 1 189 100 1 10 7 12 1 1 1 9 7 12 1 1 1 10 12 1 9 12 1 1 100 1 10 12 1 1 10 100 12 1 1 1 9 100 12 1 1 1 9 100 12 1 1 1 10 100 12 1 1 1 18 12 1 1 10 12 1 1 100 1 5 0 10 7 12 1 1 1 8 1 10 12 1 1 11 100 12 1 1 1 9 100 12 1 1 10 100 12 1 1 9 12 1 1 9 7 12 1 1 7 1 9 12 1 10 12 1 10 7 12 1 1 1 9 12 1 10 7 12 1 1 1 9 12 1 10 12 1 1 100 1 1 1 1 1 1 1 1 1 1 1 1 1 1 1 1 1 1 1 1 1 1 1 1 1 1 1 1 1 1 1 1 1 1 1 1 1 1 100 1 1 1 1 8 1 15 10 100 12 1 1 1 100 1 100 1 1
ciInstanceKlass org/ballerinalang/model/types/ErrorType 1 0 9 100 1 100 1 1 1 1 1
ciInstanceKlass org/wso2/ballerinalang/compiler/semantics/model/types/BErrorType 1 1 251 100 1 100 1 5 0 10 7 12 1 1 1 9 7 12 1 1 1 9 12 1 1 10 7 12 1 1 1 9 12 1 1 9 12 1 1 7 1 10 12 1 9 12 1 1 11 100 12 1 1 1 10 100 12 1 1 9 12 1 1 9 100 12 1 1 1 9 100 12 1 1 1 8 1 10 100 12 1 1 1 10 12 1 1 10 12 1 1 18 12 1 1 10 12 1 1 5 0 10 100 12 1 1 1 10 100 12 1 1 1 10 12 1 1 10 12 1 1 10 12 1 1 11 100 12 1 1 1 18 12 1 1 11 100 12 1 1 1 18 12 1 11 12 1 1 100 1 9 12 1 1 10 12 9 100 12 1 1 1 10 100 12 1 1 10 12 1 1 100 1 1 1 8 1 1 8 1 1 1 1 1 1 1 1 1 1 1 1 1 1 1 1 1 1 1 1 1 1 1 1 1 1 1 1 1 1 1 1 1 8 1 16 1 15 10 12 1 1 16 1 16 1 15 10 100 12 1 1 1 16 15 10 100 12 1 1 15 10 100 12 1 1 1 1 1 100 1 100 1 1
ciInstanceKlass org/wso2/ballerinalang/compiler/semantics/model/symbols/BErrorTypeSymbol 1 1 40 10 7 12 1 1 1 9 7 12 1 1 1 9 7 12 1 1 1 1 1 1 1 1 1 1 1 1 1 1 1 1 1 1 1 1 1 1 1 1
ciInstanceKlass org/ballerinalang/model/types/UnionType 1 0 14 100 1 100 1 100 1 1 1 1 1 1 1 1
instanceKlass org/wso2/ballerinalang/compiler/semantics/model/types/BAnydataType
instanceKlass org/wso2/ballerinalang/compiler/semantics/model/types/BJSONType
ciInstanceKlass org/wso2/ballerinalang/compiler/semantics/model/types/BUnionType 1 1 571 100 1 10 7 12 1 1 1 10 7 12 1 1 9 12 1 1 9 12 1 100 1 5 0 10 12 1 1 9 12 1 1 9 7 12 1 1 1 9 12 1 1 9 12 1 9 12 1 1 9 12 1 10 7 12 1 1 1 100 1 10 12 1 10 12 1 9 100 12 1 1 1 10 100 12 1 1 1 11 100 12 1 1 8 1 10 12 1 9 12 1 1 10 12 1 1 10 12 1 10 12 1 10 12 1 10 12 1 1 10 12 1 1 11 7 12 1 1 11 12 1 1 10 12 1 1 10 12 1 1 10 12 1 1 10 7 12 1 1 1 10 12 1 1 10 12 1 10 7 12 1 1 1 10 12 1 1 10 12 1 1 9 12 1 1 10 12 1 10 12 1 10 10 12 1 10 12 1 1 9 12 1 1 7 1 9 12 1 1 7 1 9 12 1 7 1 9 18 12 1 1 11 100 12 1 1 1 10 12 1 1 10 12 1 10 12 1 10 12 10 12 1 1 9 10 12 1 9 12 1 1 10 10 12 1 9 9 10 10 12 1 9 10 10 12 1 10 12 1 1 18 12 1 1 11 7 12 1 1 1 18 12 1 1 10 7 12 1 1 1 11 12 1 1 10 12 1 7 1 9 12 1 7 1 9 12 1 9 5 0 10 100 12 1 1 8 1 10 12 1 18 12 1 1 10 12 1 1 10 100 12 1 1 1 10 9 12 1 1 10 100 12 1 1 9 12 1 1 10 7 12 1 1 1 10 100 12 1 1 9 12 1 8 1 10 12 1 100 1 10 12 1 1 10 12 1 10 12 1 10 8 1 10 12 1 1 8 1 10 12 1 10 12 1 10 12 1 1 10 12 1 10 12 1 10 12 1 1 18 12 1 10 10 9 100 12 1 1 1 9 12 1 18 10 12 1 1 9 7 12 1 1 1 10 12 10 7 12 1 1 1 10 12 1 11 12 1 1 10 7 12 1 1 8 1 10 12 1 1 8 1 100 1 1 1 1 1 1 1 1 1 1 1 1 1 1 1 1 1 1 100 1 1 1 1 1 1 1 1 1 1 1 1 1 1 1 1 1 1 1 1 1 1 1 1 1 1 1 1 1 1 1 1 1 1 1 1 1 1 1 1 1 1 1 1 1 1 1 1 1 1 1 1 1 1 1 1 1 1 1 1 100 1 1 1 1 1 1 1 1 1 16 1 15 16 16 1 15 10 12 16 16 15 10 16 8 1 8 1 8 1 15 10 7 12 1 1 1 15 10 100 12 1 1 1 100 1 100 1 1
staticfield org/wso2/ballerinalang/compiler/semantics/model/types/BUnionType pCloneable Ljava/util/regex/Pattern; java/util/regex/Pattern
staticfield org/wso2/ballerinalang/compiler/semantics/model/types/BUnionType pCloneableType Ljava/util/regex/Pattern; java/util/regex/Pattern
staticfield org/wso2/ballerinalang/compiler/semantics/model/types/BUnionType $assertionsDisabled Z 1
ciInstanceKlass org/ballerinalang/model/types/ArrayType 1 0 13 100 1 100 1 100 1 1 1 1 1 1 1
ciInstanceKlass org/wso2/ballerinalang/compiler/semantics/model/types/BArrayType 1 1 265 100 1 10 7 12 1 1 1 7 1 9 12 1 1 9 7 12 1 1 1 9 12 1 9 12 1 1 9 12 1 1 9 12 1 1 10 12 1 9 100 12 1 1 1 10 100 12 1 1 1 11 100 12 1 1 100 1 10 12 1 1 10 12 1 9 12 1 8 1 10 100 12 1 1 1 9 12 1 8 1 10 12 1 1 18 12 1 1 10 12 1 1 8 1 10 12 1 1 8 1 10 12 1 1 100 1 5 0 10 7 12 1 1 1 10 8 1 7 1 10 7 12 1 1 1 10 12 1 10 12 1 1 9 100 12 1 1 1 10 12 1 1 10 12 1 1 9 12 1 9 7 12 1 1 1 9 12 1 11 7 12 1 1 1 10 100 12 1 1 1 10 12 1 11 12 1 10 12 1 1 10 12 1 10 12 1 10 12 1 1 100 1 1 1 3 1 1 1 1 1 1 1 1 1 1 1 1 1 1 1 1 1 1 1 1 1 1 1 1 1 1 1 1 1 1 1 1 1 1 1 1 1 1 1 1 1 1 1 1 1 100 1 1 1 1 1 1 8 1 15 10 100 12 1 1 1 100 1 1 100 1 100 1 1
instanceKlass org/wso2/ballerinalang/compiler/semantics/model/symbols/BRecordTypeSymbol
instanceKlass org/wso2/ballerinalang/compiler/semantics/model/symbols/BObjectTypeSymbol
ciInstanceKlass org/wso2/ballerinalang/compiler/semantics/model/symbols/BStructureTypeSymbol 1 1 49 10 7 12 1 1 1 7 1 10 12 1 9 7 12 1 1 1 9 12 1 1 1 1 1 1 1 1 1 1 1 1 1 1 1 1 1 1 1 1 1 1 1 1 1 1 1 1 1
instanceKlass org/wso2/ballerinalang/compiler/semantics/model/symbols/BClassSymbol
ciInstanceKlass org/wso2/ballerinalang/compiler/semantics/model/symbols/BObjectTypeSymbol 1 1 61 9 7 12 1 1 1 10 7 12 1 1 1 7 1 10 12 1 9 7 12 1 1 1 7 1 10 12 1 9 12 1 1 1 1 1 1 1 1 1 1 1 1 1 1 1 1 1 1 1 1 1 1 1 1 1 1 1 1 1 1
ciInstanceKlass org/ballerinalang/model/types/ObjectType 1 0 9 100 1 100 1 100 1 1 1
instanceKlass org/wso2/ballerinalang/compiler/semantics/model/types/BRecordType
instanceKlass org/wso2/ballerinalang/compiler/semantics/model/types/BObjectType
ciInstanceKlass org/wso2/ballerinalang/compiler/semantics/model/types/BStructureType 1 1 102 10 7 12 1 1 1 7 1 10 12 1 9 7 12 1 1 1 7 1 10 9 12 1 1 10 12 1 10 100 12 1 1 1 9 12 1 1 9 100 12 1 1 1 9 100 12 1 1 1 10 100 12 1 1 1 8 1 10 12 1 1 9 12 1 1 100 1 5 0 10 100 12 1 1 1 8 1 1 1 1 1 1 1 1 1 1 1 1 1 1 1 1 1 1 1 1 1 1 1 1 1
ciInstanceKlass org/wso2/ballerinalang/compiler/semantics/model/types/BObjectType 1 1 542 100 1 10 7 12 1 1 1 9 7 12 1 1 1 9 12 1 1 7 1 10 12 1 9 12 1 1 9 12 1 1 9 12 1 1 100 1 10 9 12 1 1 7 1 10 12 1 9 12 1 1 10 12 1 9 100 12 1 1 1 10 100 12 1 1 1 11 100 12 1 1 9 12 1 1 10 100 12 1 1 1 11 100 12 1 1 1 18 12 1 1 11 100 12 1 1 1 10 12 1 1 10 12 1 1 10 12 1 1 11 100 1 18 12 1 1 11 12 1 1 18 12 1 11 12 1 1 100 1 10 100 12 1 1 1 10 10 12 1 1 8 1 10 12 1 100 1 10 12 1 1 10 12 1 10 12 1 1 100 1 10 11 12 1 1 11 100 12 1 1 11 12 1 1 100 1 10 100 12 1 1 10 12 1 1 10 100 12 1 1 1 18 12 1 1 10 100 12 1 1 1 9 12 1 1 100 1 9 12 1 1 11 100 1 10 12 1 10 12 1 1 9 12 1 1 9 100 12 1 1 1 9 12 1 1 9 100 12 1 1 1 100 1 5 0 10 100 12 1 1 1 18 12 1 1 11 100 12 1 1 1 10 12 1 1 11 12 1 9 100 12 1 1 1 9 12 1 10 12 1 8 1 10 100 12 1 1 1 8 1 100 1 9 100 12 1 1 1 10 12 1 10 12 1 1 9 12 1 9 12 1 9 100 1 9 12 1 1 10 100 1 9 100 12 1 1 1 5 0 9 12 1 1 10 12 1 1 9 12 1 9 100 1 5 0 5 0 9 100 12 1 1 1 5 0 9 12 1 9 12 1 10 12 1 10 12 1 100 1 10 8 1 10 12 1 1 8 1 8 1 8 1 8 1 5 0 8 1 5 0 8 1 10 12 1 8 1 10 12 1 1 8 1 8 1 10 12 1 1 10 100 1 10 7 12 1 1 100 1 1 1 1 1 1 1 1 1 8 1 1 1 1 1 1 1 1 100 1 1 1 1 1 1 1 1 1 1 1 1 1 1 1 1 1 1 1 1 1 1 1 1 1 1 1 1 1 1 1 1 1 1 1 1 100 1 1 1 1 1 1 1 1 1 1 1 1 1 1 1 1 1 1 16 15 10 12 16 16 15 10 100 12 1 1 1 16 1 16 1 15 16 16 15 11 16 1 8 1 15 10 100 12 1 1 1 15 10 100 12 1 1 1 1 1 1 1 100 1 100 1 1
staticfield org/wso2/ballerinalang/compiler/semantics/model/types/BObjectType $assertionsDisabled Z 1
ciInstanceKlass org/wso2/ballerinalang/compiler/semantics/model/symbols/BRecordTypeSymbol 1 1 49 9 7 12 1 1 1 10 7 12 1 1 1 7 1 10 12 1 9 7 12 1 1 1 1 1 1 1 1 1 1 1 1 1 1 1 1 1 1 1 1 1 1 1 1 1 1 1 1
ciInstanceKlass org/ballerinalang/model/types/RecordType 1 0 9 100 1 100 1 100 1 1 1
ciInstanceKlass org/wso2/ballerinalang/compiler/semantics/model/types/BRecordType 1 1 323 100 1 10 7 12 1 1 1 9 7 12 1 1 1 9 12 1 1 10 12 1 9 100 12 1 1 1 10 100 12 1 1 1 11 100 12 1 1 10 12 1 1 100 1 10 12 1 8 1 10 12 1 1 8 1 8 1 9 12 1 1 10 100 12 1 1 1 11 100 12 1 1 1 11 100 12 1 1 11 12 1 1 100 1 9 12 1 1 9 100 12 1 1 1 100 1 5 0 10 100 12 1 1 1 8 1 9 12 1 1 8 1 10 12 1 9 12 1 1 10 12 1 1 8 1 8 1 8 1 9 12 1 1 8 1 10 12 1 1 10 12 1 1 8 1 10 100 12 1 1 1 9 12 1 9 12 1 1 10 100 1 100 1 10 100 12 1 1 1 10 10 12 1 11 100 12 1 1 1 9 100 12 1 1 1 10 12 1 1 10 100 12 1 1 1 9 12 1 100 1 10 12 1 1 10 12 1 10 100 12 1 1 1 10 12 1 10 100 12 1 1 1 9 100 12 1 1 1 10 100 12 1 1 1 11 12 1 9 100 12 1 1 1 9 12 1 10 12 1 10 12 1 1 10 12 1 10 12 1 100 1 1 1 1 1 1 1 1 1 1 1 1 1 1 1 1 1 1 1 1 1 1 1 1 1 1 1 1 1 1 1 1 1 1 1 1 1 1 1 1 1 1 1 1 1 1 1 1 1 1 1 1 1 100 1 1 1 1 1 100 1 1
ciInstanceKlass org/wso2/ballerinalang/compiler/semantics/model/symbols/BPackageSymbol 1 1 157 100 1 5 0 9 7 12 1 1 1 10 7 12 1 1 1 7 1 10 12 1 9 7 12 1 1 1 9 12 1 1 9 12 1 9 12 1 7 1 10 12 1 9 12 1 1 10 12 1 9 12 1 1 9 100 12 1 1 1 10 7 12 1 1 1 9 12 1 1 10 12 1 1 10 100 12 1 1 1 10 7 12 1 1 1 10 7 12 1 1 1 10 12 1 1 9 12 1 1 1 1 1 1 1 1 1 1 1 1 1 1 1 1 1 1 1 1 1 1 1 1 1 1 1 1 1 1 1 1 1 1 1 1 1 1 1 1 1 1 1 1 1 1 100 1 100 1 1 100 1 100 1 1 100 1 1
ciInstanceKlass org/wso2/ballerinalang/compiler/semantics/model/types/BJSONType 1 1 162 9 7 12 1 1 1 9 12 1 1 7 1 7 1 10 12 1 1 10 12 1 1 100 1 5 0 10 7 12 1 1 1 10 12 1 9 12 1 1 10 12 1 1 100 1 9 12 1 1 9 12 1 9 12 1 1 9 7 1 10 12 1 1 10 12 1 10 10 12 1 10 12 1 1 10 100 12 1 1 1 8 1 10 100 12 1 1 1 9 12 1 1 10 100 12 1 1 1 11 100 12 1 1 10 100 12 1 1 1 9 100 12 1 1 1 10 12 1 1 1 1 3 1 1 1 1 1 1 1 1 1 1 1 1 1 1 1 1 1 1 1 1 1 1 1 1 1 1 1 1 1 1 1 1 1 1 1 100 1 1 1
instanceKlass org/wso2/ballerinalang/compiler/semantics/model/symbols/BAnnotationAttachmentSymbol$BConstAnnotationAttachmentSymbol
ciInstanceKlass org/wso2/ballerinalang/compiler/semantics/model/symbols/BAnnotationAttachmentSymbol 1 1 62 100 1 5 0 9 7 12 1 1 1 10 7 12 1 1 1 9 100 12 1 1 1 9 7 12 1 1 9 12 1 9 12 1 100 1 1 1 1 1 1 1 1 1 1 1 1 1 1 1 1 1 1 1 1 1 1 1 100 1 1 1
ciInstanceKlass org/wso2/ballerinalang/compiler/semantics/model/types/BAnydataType 1 1 184 9 7 12 1 1 1 7 1 7 1 10 12 1 1 10 7 12 1 1 100 1 9 12 1 1 10 12 1 1 9 12 1 1 9 12 1 1 9 12 1 9 12 1 1 9 9 12 1 1 9 12 1 1 10 12 1 1 10 12 1 1 100 1 5 0 10 7 12 1 1 1 9 10 12 1 1 10 12 1 1 10 12 1 10 10 12 1 10 12 1 1 10 100 12 1 1 1 8 1 10 100 12 1 1 1 9 12 1 1 10 100 12 1 1 1 11 100 12 1 1 10 100 12 1 1 1 9 100 12 1 1 1 10 12 1 1 9 12 1 1 10 12 1 1 1 3 1 1 1 1 1 1 1 1 1 1 1 1 1 1 1 1 1 1 1 1 1 1 1 1 1 1 1 1 1 1 1 1 1 100 1 1 1
ciInstanceKlass org/ballerinalang/model/types/IntersectionType 1 0 13 100 1 100 1 100 1 1 1 1 1 1 1
ciInstanceKlass org/wso2/ballerinalang/compiler/semantics/model/types/BIntersectionType 1 1 238 100 1 10 7 12 1 1 1 10 7 12 1 1 1 9 12 1 1 10 7 12 1 1 1 11 7 12 1 1 1 11 12 1 1 9 12 1 1 100 1 5 0 10 12 1 1 9 12 1 1 10 12 1 10 100 12 1 1 1 9 100 12 1 1 1 10 100 12 1 1 1 11 100 12 1 1 9 12 1 1 9 100 12 1 1 1 9 12 1 1 5 0 10 100 12 1 1 1 9 100 12 1 1 1 10 100 12 1 1 100 1 8 1 8 1 8 1 10 12 1 8 1 10 12 1 1 10 12 1 1 10 10 12 1 10 12 1 10 12 1 1 9 12 1 1 10 12 1 1 9 100 12 1 1 1 10 12 1 1 11 100 1 10 12 10 100 12 1 1 1 10 100 12 1 1 1 100 1 10 12 1 1 100 1 10 100 1 1 1 1 1 1 1 1 1 1 1 1 1 1 1 1 1 1 1 1 1 1 1 1 1 1 1 1 1 1 1 1 1 1 1 1 1 1 1 1 1 1 1 1 1 1 1 100 1 1 1
ciInstanceKlass org/wso2/ballerinalang/compiler/semantics/model/SymbolTable 1 1 1363 9 7 12 1 1 1 10 7 12 1 1 1 10 12 1 1 10 7 12 1 1 7 1 100 1 10 12 1 9 12 1 1 10 7 12 1 1 1 9 12 1 10 12 1 9 12 1 100 1 5 0 9 7 12 1 1 1 10 12 1 9 12 1 9 12 1 1 9 12 1 9 12 1 9 12 1 9 12 1 9 12 1 9 12 1 9 12 1 9 12 1 9 12 1 7 1 10 9 12 1 7 1 9 7 12 1 1 1 10 12 1 9 12 1 1 7 1 10 9 12 1 7 1 10 9 12 1 9 12 1 10 12 1 9 12 1 9 12 1 10 12 1 9 12 1 9 7 12 1 1 1 9 12 1 9 12 1 9 12 1 9 12 1 9 12 1 9 12 1 9 12 1 9 12 1 9 12 1 9 12 1 9 12 1 9 7 12 1 1 1 9 12 1 9 7 12 1 1 1 9 12 1 9 12 1 9 12 1 9 12 1 9 12 1 9 12 1 9 12 1 7 1 10 9 12 1 1 7 1 10 12 1 9 12 1 9 12 1 7 1 10 9 12 1 1 9 12 1 9 12 1 10 12 1 1 10 7 12 1 1 1 9 12 1 1 10 7 12 1 1 9 12 1 1 10 12 1 1 10 7 12 1 1 1 7 1 9 12 1 1 7 1 9 7 12 1 1 1 9 12 1 10 12 1 9 12 1 1 7 1 9 12 1 1 9 7 12 1 1 1 10 12 1 9 12 1 1 9 12 1 9 12 1 7 1 10 12 1 9 12 1 1 9 12 1 9 7 1 100 1 9 12 1 9 12 1 10 12 1 9 12 1 1 9 7 12 1 1 10 12 1 1 10 12 1 1 9 12 9 12 9 12 9 12 9 12 9 12 1 9 12 1 9 12 9 12 1 9 12 1 9 12 9 12 10 12 1 1 9 12 9 12 9 12 9 12 9 12 9 12 9 12 9 12 9 12 1 9 12 9 12 9 12 9 12 1 9 12 1 7 1 10 10 12 1 1 9 7 12 1 1 1 9 12 1 9 12 1 7 1 10 12 1 9 12 1 1 9 12 1 9 12 1 9 12 1 7 1 10 10 12 1 9 12 1 1 9 12 1 9 12 1 10 7 12 1 1 1 9 12 1 9 12 1 7 1 7 1 10 12 1 10 7 12 1 1 1 10 12 1 9 12 1 7 1 10 12 1 9 12 1 7 1 11 7 12 1 1 10 12 1 9 12 1 9 12 1 7 1 9 12 1 10 12 1 9 12 1 1 7 1 9 12 1 10 9 12 1 1 9 12 9 12 9 12 10 12 1 5 0 8 1 10 12 1 1 9 12 1 9 12 1 10 7 12 1 1 1 10 7 12 1 1 1 10 7 12 1 1 1 9 12 1 8 1 9 12 1 10 7 12 1 1 1 9 12 1 1 9 7 12 1 1 9 12 1 1 11 7 12 1 1 5 0 10 12 1 1 5 0 9 10 12 1 1 9 7 12 1 1 1 9 12 1 9 12 1 9 12 1 1 10 12 1 9 12 1 1 9 12 1 1 9 12 1 1 9 12 1 9 12 1 10 100 12 1 1 1 8 1 10 12 1 1 8 1 8 1 8 1 8 1 8 1 8 1 8 1 8 1 8 1 8 1 8 1 100 1 18 12 1 1 10 12 1 7 1 9 12 9 12 1 11 7 12 1 1 1 9 12 9 12 1 9 12 1 9 12 1 9 12 9 12 1 9 12 1 9 12 1 9 12 9 12 1 9 12 9 12 1 9 12 9 12 1 9 12 1 9 12 1 9 12 1 9 12 1 9 12 9 12 1 9 12 1 9 12 1 9 12 1 9 12 1 9 12 9 12 1 9 12 9 12 1 11 12 1 1 10 12 1 7 1 5 0 10 10 12 1 5 0 9 12 10 12 1 1 10 12 1 10 12 1 10 12 1 10 12 1 9 9 9 9 9 9 12 1 10 12 1 10 12 1 10 12 1 10 12 1 10 12 1 9 7 12 1 1 1 10 12 1 1 9 12 1 10 12 1 9 12 1 10 12 1 9 12 1 10 12 1 10 12 1 10 12 1 9 12 1 10 12 1 1 9 12 1 9 12 1 9 12 1 9 12 1 10 12 1 10 12 1 10 12 1 10 12 1 9 12 1 9 12 1 1 9 12 1 9 12 1 9 12 1 9 12 1 9 12 1 9 12 1 9 12 1 9 12 1 9 12 1 9 12 1 10 12 1 10 12 1 1 9 12 1 9 12 1 10 12 1 1 9 12 1 9 12 1 9 12 1 9 12 1 1 9 12 1 10 12 10 12 1 1 10 12 1 7 1 10 12 1 9 10 12 1 10 12 1 10 12 1 9 12 1 10 12 1 1 5 0 9 12 1 9 9 12 1 7 1 10 12 1 7 1 5 0 10 9 9 12 1 9 12 1 9 12 1 9 12 1 9 12 1 9 9 12 1 7 1 10 12 1 7 1 10 12 1 9 12 9 12 10 12 1 9 12 1 1 7 1 10 12 1 1 10 12 1 10 12 1 1 10 7 12 1 1 1 10 12 1 10 12 1 1 9 12 1 9 9 12 1 9 12 1 7 1 10 9 12 1 9 9 12 1 9 12 1 9 12 1 9 12 1 100 1 10 10 7 12 1 1 7 1 10 9 12 1 9 12 1 10 12 1 9 12 10 7 12 1 1 1 9 12 1 1 9 12 1 3 9 12 1 3 9 12 1 9 12 1 9 12 1 9 12 1 9 12 1 5 0 10 7 12 1 1 9 12 1 1 3 9 12 1 9 12 1 1 1 1 1 1 1 1 1 1 1 1 1 1 1 1 1 1 1 1 1 1 1 1 1 1 1 1 1 1 1 1 1 1 1 1 1 1 1 1 1 1 1 1 1 1 100 1 1 1 100 1 1 1 1 1 1 1 1 1 1 1 1 1 1 1 1 1 1 1 1 1 1 1 1 1 1 1 1 1 1 1 100 1 1 1 1 1 1 1 1 1 1 1 1 1 1 1 1 1 1 1 1 1 1 1 1 1 1 1 1 8 1 15 10 100 12 1 1 1 1 1 100 1 100 1 1
staticfield org/wso2/ballerinalang/compiler/semantics/model/SymbolTable SYM_TABLE_KEY Lorg/wso2/ballerinalang/compiler/util/CompilerContext$Key; org/wso2/ballerinalang/compiler/util/CompilerContext$Key
staticfield org/wso2/ballerinalang/compiler/semantics/model/SymbolTable TRANSACTION Lorg/ballerinalang/model/elements/PackageID; org/ballerinalang/model/elements/PackageID
staticfield org/wso2/ballerinalang/compiler/semantics/model/SymbolTable BBYTE_MIN_VALUE Ljava/lang/Integer; java/lang/Integer
staticfield org/wso2/ballerinalang/compiler/semantics/model/SymbolTable BBYTE_MAX_VALUE Ljava/lang/Integer; java/lang/Integer
staticfield org/wso2/ballerinalang/compiler/semantics/model/SymbolTable SIGNED32_MAX_VALUE Ljava/lang/Integer; java/lang/Integer
staticfield org/wso2/ballerinalang/compiler/semantics/model/SymbolTable SIGNED32_MIN_VALUE Ljava/lang/Integer; java/lang/Integer
staticfield org/wso2/ballerinalang/compiler/semantics/model/SymbolTable SIGNED16_MAX_VALUE Ljava/lang/Integer; java/lang/Integer
staticfield org/wso2/ballerinalang/compiler/semantics/model/SymbolTable SIGNED16_MIN_VALUE Ljava/lang/Integer; java/lang/Integer
staticfield org/wso2/ballerinalang/compiler/semantics/model/SymbolTable SIGNED8_MAX_VALUE Ljava/lang/Integer; java/lang/Integer
staticfield org/wso2/ballerinalang/compiler/semantics/model/SymbolTable SIGNED8_MIN_VALUE Ljava/lang/Integer; java/lang/Integer
staticfield org/wso2/ballerinalang/compiler/semantics/model/SymbolTable UNSIGNED32_MAX_VALUE Ljava/lang/Long; java/lang/Long
staticfield org/wso2/ballerinalang/compiler/semantics/model/SymbolTable UNSIGNED16_MAX_VALUE Ljava/lang/Integer; java/lang/Integer
staticfield org/wso2/ballerinalang/compiler/semantics/model/SymbolTable UNSIGNED8_MAX_VALUE Ljava/lang/Integer; java/lang/Integer
staticfield org/wso2/ballerinalang/compiler/semantics/model/SymbolTable $assertionsDisabled Z 1
ciInstanceKlass io/ballerina/types/SemType 1 0 9 100 1 100 1 1 1 1 1
ciInstanceKlass org/wso2/ballerinalang/compiler/semantics/model/types/BAnyType 1 1 145 9 7 12 1 1 1 10 7 12 1 1 1 100 1 5 0 10 7 12 1 1 1 9 12 1 1 10 7 12 1 1 1 10 12 1 100 1 10 7 12 1 1 9 12 1 1 9 12 1 1 10 12 1 1 9 12 1 10 12 1 9 7 12 1 1 10 12 1 1 10 7 12 1 1 1 10 12 1 11 100 12 1 1 1 10 100 12 1 1 10 12 1 1 10 12 1 1 8 1 10 100 12 1 1 1 100 1 1 1 1 1 1 1 1 1 1 100 1 100 1 1 1 1 1 1 1 1 1 1 1 1 1 1 1 1 1 1 1 1 1 1 1 1 1
ciInstanceKlass org/wso2/ballerinalang/compiler/semantics/model/types/BReadonlyType 1 1 80 9 7 12 1 1 1 10 7 12 1 1 1 100 1 100 1 5 0 10 7 12 1 1 9 12 1 1 9 12 1 1 10 100 12 1 1 1 11 100 12 1 1 1 9 100 12 1 1 1 1 1 1 1 1 1 1 1 1 1 1 1 1 1 1 1 1 1 1 1 1 1 1 1 1 1 1 1 1 1
ciInstanceKlass org/wso2/ballerinalang/compiler/semantics/model/types/BXMLSubType 1 1 197 100 1 10 7 12 1 1 1 10 7 12 1 1 9 12 1 1 9 12 1 1 11 7 12 1 1 1 8 1 10 7 12 1 1 1 10 7 12 1 1 1 10 12 1 1 100 1 5 0 9 12 1 1 9 7 12 1 1 10 7 12 1 1 1 11 100 12 1 1 1 9 100 12 1 1 1 9 12 1 9 100 12 1 1 1 9 12 1 10 12 1 1 18 12 1 1 9 12 1 9 12 1 9 12 1 9 12 1 18 12 1 100 1 9 12 1 9 7 12 1 10 12 1 9 12 1 9 12 1 9 12 9 12 9 12 1 9 12 9 12 9 12 1 9 12 9 12 100 1 1 1 1 1 1 1 1 1 1 1 1 1 1 1 1 1 1 1 1 1 1 1 1 1 1 1 1 1 1 1 1 8 1 8 1 15 10 100 12 1 1 1 100 1 100 1 1
staticfield org/wso2/ballerinalang/compiler/semantics/model/types/BXMLSubType XML_ELEMENT Lorg/wso2/ballerinalang/compiler/semantics/model/types/BXMLSubType; org/wso2/ballerinalang/compiler/semantics/model/types/BXMLSubType
staticfield org/wso2/ballerinalang/compiler/semantics/model/types/BXMLSubType XML_PI Lorg/wso2/ballerinalang/compiler/semantics/model/types/BXMLSubType; org/wso2/ballerinalang/compiler/semantics/model/types/BXMLSubType
staticfield org/wso2/ballerinalang/compiler/semantics/model/types/BXMLSubType XML_COMMENT Lorg/wso2/ballerinalang/compiler/semantics/model/types/BXMLSubType; org/wso2/ballerinalang/compiler/semantics/model/types/BXMLSubType
staticfield org/wso2/ballerinalang/compiler/semantics/model/types/BXMLSubType XML_TEXT Lorg/wso2/ballerinalang/compiler/semantics/model/types/BXMLSubType; org/wso2/ballerinalang/compiler/semantics/model/types/BXMLSubType
ciInstanceKlass org/wso2/ballerinalang/compiler/semantics/model/types/BIntSubType 1 1 171 100 1 5 0 10 7 12 1 1 1 11 100 12 1 1 1 9 100 12 1 1 1 9 7 12 1 1 9 100 12 1 1 1 9 12 1 10 100 12 1 1 1 9 7 12 1 1 1 18 12 1 1 9 12 1 9 12 1 9 12 1 9 12 1 18 12 1 100 1 9 12 1 9 7 12 1 1 1 10 12 1 9 12 1 9 12 1 9 12 1 9 12 9 12 1 9 12 1 9 12 9 12 1 9 12 1 9 12 9 12 1 9 12 1 9 12 9 12 1 9 12 1 9 12 1 1 1 1 1 1 1 1 1 1 1 1 1 1 1 1 1 1 1 1 1 1 1 1 1 1 1 1 1 1 8 1 8 1 15 10 100 12 1 1 1 100 1 100 1 1
staticfield org/wso2/ballerinalang/compiler/semantics/model/types/BIntSubType SIGNED32 Lorg/wso2/ballerinalang/compiler/semantics/model/types/BIntSubType; org/wso2/ballerinalang/compiler/semantics/model/types/BIntSubType
staticfield org/wso2/ballerinalang/compiler/semantics/model/types/BIntSubType SIGNED16 Lorg/wso2/ballerinalang/compiler/semantics/model/types/BIntSubType; org/wso2/ballerinalang/compiler/semantics/model/types/BIntSubType
staticfield org/wso2/ballerinalang/compiler/semantics/model/types/BIntSubType SIGNED8 Lorg/wso2/ballerinalang/compiler/semantics/model/types/BIntSubType; org/wso2/ballerinalang/compiler/semantics/model/types/BIntSubType
staticfield org/wso2/ballerinalang/compiler/semantics/model/types/BIntSubType UNSIGNED32 Lorg/wso2/ballerinalang/compiler/semantics/model/types/BIntSubType; org/wso2/ballerinalang/compiler/semantics/model/types/BIntSubType
staticfield org/wso2/ballerinalang/compiler/semantics/model/types/BIntSubType UNSIGNED16 Lorg/wso2/ballerinalang/compiler/semantics/model/types/BIntSubType; org/wso2/ballerinalang/compiler/semantics/model/types/BIntSubType
staticfield org/wso2/ballerinalang/compiler/semantics/model/types/BIntSubType UNSIGNED8 Lorg/wso2/ballerinalang/compiler/semantics/model/types/BIntSubType; org/wso2/ballerinalang/compiler/semantics/model/types/BIntSubType
ciInstanceKlass org/wso2/ballerinalang/compiler/semantics/model/types/BStringSubType 1 1 133 100 1 9 7 12 1 1 1 100 1 5 0 9 7 12 1 1 10 7 12 1 1 1 11 100 12 1 1 1 9 100 12 1 1 1 10 100 12 1 1 9 12 9 100 12 1 1 1 9 12 1 10 100 12 1 1 1 9 7 12 1 1 1 18 12 1 1 9 12 1 9 12 1 9 12 1 9 12 1 18 12 1 10 12 1 9 12 1 1 1 1 1 1 1 1 1 1 1 1 1 1 1 1 1 1 1 1 1 1 1 1 1 1 1 1 1 8 1 8 1 15 10 100 12 1 1 1 100 1 100 1 1
staticfield org/wso2/ballerinalang/compiler/semantics/model/types/BStringSubType CHAR Lorg/wso2/ballerinalang/compiler/semantics/model/types/BStringSubType; org/wso2/ballerinalang/compiler/semantics/model/types/BStringSubType
ciInstanceKlass org/wso2/ballerinalang/compiler/semantics/model/types/BRegexpType 1 1 126 100 1 9 7 12 1 1 1 100 1 5 0 9 7 12 1 1 1 10 7 12 1 1 1 11 100 12 1 1 1 9 100 12 1 1 10 100 12 1 1 9 12 9 100 12 1 1 1 9 12 1 10 100 12 1 1 1 9 100 12 1 1 1 18 12 1 1 9 12 1 9 12 1 9 12 1 9 12 1 18 12 1 1 1 1 1 1 1 1 1 1 1 1 1 1 1 1 1 1 1 1 1 1 1 1 1 1 1 1 8 1 8 1 15 10 100 12 1 1 1 100 1 100 1 1
ciInstanceKlass org/wso2/ballerinalang/compiler/semantics/model/types/BFiniteType 1 1 336 100 1 100 1 5 0 10 7 12 1 1 1 9 7 12 1 1 1 9 12 1 1 10 12 1 1 100 1 10 12 1 7 1 10 7 12 1 1 1 10 12 1 10 12 1 10 12 1 1 10 100 12 1 1 1 10 12 1 1 9 100 12 1 1 1 9 12 1 10 12 1 1 9 100 12 1 1 1 10 100 12 1 1 1 10 100 12 1 1 1 11 100 12 1 1 100 1 8 1 10 12 1 10 12 1 9 12 1 10 100 12 1 1 1 9 100 12 1 1 1 9 100 12 1 1 1 10 12 1 1 100 1 10 12 1 1 100 1 9 12 1 10 12 1 1 9 100 12 1 1 1 10 12 1 1 10 100 12 1 1 1 10 12 1 1 100 1 10 12 1 9 12 1 9 12 1 9 12 1 9 12 1 10 100 12 1 1 100 1 10 12 1 1 10 12 1 1 9 12 1 9 12 1 10 100 12 1 1 100 1 10 12 1 1 10 12 1 100 1 18 12 1 1 9 12 1 9 12 1 10 100 12 1 1 100 1 10 12 1 1 18 9 12 1 9 12 1 10 100 12 1 1 18 100 1 10 12 1 1 18 10 12 1 10 12 10 7 12 1 1 1 1 1 1 1 1 1 1 100 1 100 1 1 1 1 1 1 1 1 100 1 1 1 1 1 1 1 1 1 1 1 1 1 1 1 1 1 1 1 1 1 1 1 1 1 8 1 8 1 8 1 8 1 15 10 100 12 1 1 1 100 1 100 1 1
staticfield org/wso2/ballerinalang/compiler/semantics/model/types/BFiniteType $assertionsDisabled Z 1
ciInstanceKlass org/ballerinalang/model/elements/PackageID 1 1 393 10 7 12 1 1 1 9 7 12 1 1 1 9 12 1 9 12 1 9 12 1 1 9 12 1 1 9 12 1 9 12 1 1 7 1 11 7 12 1 1 1 18 12 1 1 11 7 12 1 1 1 8 1 10 7 12 1 1 1 11 12 1 1 7 1 10 12 1 9 12 1 9 12 1 9 12 1 10 12 1 1 10 12 1 10 12 1 9 7 12 1 1 10 7 12 1 1 1 9 12 1 8 1 10 12 1 1 10 7 12 1 1 18 11 12 1 1 9 12 1 100 1 10 12 1 11 12 1 1 9 12 1 11 12 1 1 10 12 1 1 10 12 1 10 12 1 1 9 12 1 8 1 10 12 1 1 9 12 1 18 12 1 1 9 12 1 9 12 1 18 12 1 10 12 1 1 9 12 1 11 12 1 9 12 1 9 12 1 9 12 1 1 9 12 1 10 12 1 9 12 9 12 1 9 12 9 12 9 12 1 9 12 9 12 1 9 12 9 12 1 9 12 9 12 1 9 12 9 12 1 9 12 9 12 1 9 12 9 12 1 9 12 9 12 1 9 12 9 12 1 9 12 9 12 1 9 12 9 12 1 9 12 9 12 1 9 12 9 12 1 9 12 9 12 1 9 12 9 12 1 9 12 9 12 1 9 12 9 12 1 9 12 9 12 1 9 12 9 12 1 9 12 9 12 1 9 12 1 9 12 1 9 12 1 9 12 1 9 12 1 1 1 1 1 1 1 1 1 1 1 1 1 1 1 1 1 1 1 1 1 1 1 1 1 1 1 1 1 1 1 1 1 1 1 1 1 1 1 16 1 15 10 12 1 16 1 15 16 1 8 1 8 1 15 10 7 12 1 1 1 15 10 7 12 1 1 1 100 1 100 1 1
staticfield org/ballerinalang/model/elements/PackageID DEFAULT Lorg/ballerinalang/model/elements/PackageID; org/ballerinalang/model/elements/PackageID
staticfield org/ballerinalang/model/elements/PackageID INTERNAL Lorg/ballerinalang/model/elements/PackageID; org/ballerinalang/model/elements/PackageID
staticfield org/ballerinalang/model/elements/PackageID ANNOTATIONS Lorg/ballerinalang/model/elements/PackageID; org/ballerinalang/model/elements/PackageID
staticfield org/ballerinalang/model/elements/PackageID JAVA Lorg/ballerinalang/model/elements/PackageID; org/ballerinalang/model/elements/PackageID
staticfield org/ballerinalang/model/elements/PackageID ARRAY Lorg/ballerinalang/model/elements/PackageID; org/ballerinalang/model/elements/PackageID
staticfield org/ballerinalang/model/elements/PackageID DECIMAL Lorg/ballerinalang/model/elements/PackageID; org/ballerinalang/model/elements/PackageID
staticfield org/ballerinalang/model/elements/PackageID ERROR Lorg/ballerinalang/model/elements/PackageID; org/ballerinalang/model/elements/PackageID
staticfield org/ballerinalang/model/elements/PackageID FLOAT Lorg/ballerinalang/model/elements/PackageID; org/ballerinalang/model/elements/PackageID
staticfield org/ballerinalang/model/elements/PackageID FUNCTION Lorg/ballerinalang/model/elements/PackageID; org/ballerinalang/model/elements/PackageID
staticfield org/ballerinalang/model/elements/PackageID FUTURE Lorg/ballerinalang/model/elements/PackageID; org/ballerinalang/model/elements/PackageID
staticfield org/ballerinalang/model/elements/PackageID INT Lorg/ballerinalang/model/elements/PackageID; org/ballerinalang/model/elements/PackageID
staticfield org/ballerinalang/model/elements/PackageID MAP Lorg/ballerinalang/model/elements/PackageID; org/ballerinalang/model/elements/PackageID
staticfield org/ballerinalang/model/elements/PackageID OBJECT Lorg/ballerinalang/model/elements/PackageID; org/ballerinalang/model/elements/PackageID
staticfield org/ballerinalang/model/elements/PackageID STREAM Lorg/ballerinalang/model/elements/PackageID; org/ballerinalang/model/elements/PackageID
staticfield org/ballerinalang/model/elements/PackageID STRING Lorg/ballerinalang/model/elements/PackageID; org/ballerinalang/model/elements/PackageID
staticfield org/ballerinalang/model/elements/PackageID TABLE Lorg/ballerinalang/model/elements/PackageID; org/ballerinalang/model/elements/PackageID
staticfield org/ballerinalang/model/elements/PackageID TYPEDESC Lorg/ballerinalang/model/elements/PackageID; org/ballerinalang/model/elements/PackageID
staticfield org/ballerinalang/model/elements/PackageID VALUE Lorg/ballerinalang/model/elements/PackageID; org/ballerinalang/model/elements/PackageID
staticfield org/ballerinalang/model/elements/PackageID XML Lorg/ballerinalang/model/elements/PackageID; org/ballerinalang/model/elements/PackageID
staticfield org/ballerinalang/model/elements/PackageID BOOLEAN Lorg/ballerinalang/model/elements/PackageID; org/ballerinalang/model/elements/PackageID
staticfield org/ballerinalang/model/elements/PackageID QUERY Lorg/ballerinalang/model/elements/PackageID; org/ballerinalang/model/elements/PackageID
staticfield org/ballerinalang/model/elements/PackageID RUNTIME Lorg/ballerinalang/model/elements/PackageID; org/ballerinalang/model/elements/PackageID
staticfield org/ballerinalang/model/elements/PackageID TRANSACTION Lorg/ballerinalang/model/elements/PackageID; org/ballerinalang/model/elements/PackageID
staticfield org/ballerinalang/model/elements/PackageID TRANSACTION_INTERNAL Lorg/ballerinalang/model/elements/PackageID; org/ballerinalang/model/elements/PackageID
staticfield org/ballerinalang/model/elements/PackageID OBSERVE_INTERNAL Lorg/ballerinalang/model/elements/PackageID; org/ballerinalang/model/elements/PackageID
staticfield org/ballerinalang/model/elements/PackageID REGEXP Lorg/ballerinalang/model/elements/PackageID; org/ballerinalang/model/elements/PackageID
ciInstanceKlass io/ballerina/types/PredefinedType 1 1 722 7 1 10 7 12 1 1 1 10 7 12 1 1 1 9 7 12 1 1 1 9 12 1 1 10 12 1 1 7 1 10 7 12 1 1 7 1 10 12 1 11 7 12 1 1 1 100 1 8 1 10 100 12 1 1 1 18 12 1 1 8 1 10 12 1 9 7 12 1 1 1 9 12 1 8 1 10 12 1 1 9 12 1 8 1 9 12 1 8 1 9 12 1 8 1 9 12 1 8 1 9 12 1 8 1 9 12 1 8 1 9 12 1 8 1 9 12 1 8 1 9 12 1 8 1 9 12 1 8 1 9 12 1 8 1 9 12 1 8 1 9 12 1 8 1 9 12 1 8 1 9 12 1 8 1 9 12 1 8 1 9 12 1 8 1 9 12 1 8 1 9 12 1 8 1 9 12 1 8 1 10 12 1 1 10 12 1 1 10 7 12 1 1 1 9 12 1 1 10 12 1 9 12 1 10 12 1 1 9 12 1 9 12 1 9 12 1 9 12 1 9 12 1 9 12 1 9 12 1 9 12 1 9 12 1 9 12 1 9 12 1 9 12 1 9 12 1 9 12 1 9 12 1 9 12 1 9 12 1 9 12 1 9 12 1 9 12 1 9 12 1 9 12 1 9 12 1 9 12 1 10 7 12 1 1 1 9 12 1 1 10 7 12 1 1 1 9 12 1 10 12 1 9 12 1 9 12 1 10 12 1 1 9 12 1 9 12 1 10 7 12 1 1 1 10 7 12 1 1 1 9 12 1 1 10 12 1 1 9 12 1 1 10 12 1 1 9 12 1 1 10 12 1 1 9 12 1 1 10 12 1 9 12 1 10 12 1 9 12 1 10 12 1 9 12 1 10 12 1 9 12 1 10 12 1 9 12 1 10 12 1 9 12 1 9 12 1 1 7 1 10 7 12 1 1 9 12 1 1 10 7 12 1 1 1 10 7 12 1 1 9 12 1 1 10 12 1 9 12 1 10 12 1 9 12 1 9 12 1 10 12 1 1 9 12 1 10 12 1 9 12 1 9 12 1 10 12 1 9 12 1 10 12 1 9 12 1 9 12 1 10 12 1 9 12 1 10 12 1 9 12 1 9 12 1 9 12 1 9 12 1 10 12 1 9 12 1 9 12 1 10 12 1 9 12 1 9 12 1 10 12 1 9 12 1 9 12 1 10 12 1 9 12 1 9 12 1 9 12 1 10 12 1 9 12 1 9 12 1 9 12 1 1 9 12 1 9 12 1 10 12 1 9 12 1 9 12 1 10 12 1 9 12 1 9 12 1 9 12 1 9 7 12 1 1 1 9 12 1 10 7 12 1 1 1 9 12 1 10 12 1 9 12 1 10 12 1 9 12 1 9 12 1 10 12 1 9 12 1 9 12 1 10 12 1 9 12 1 9 12 1 10 12 1 9 12 1 9 12 1 10 12 1 9 12 1 10 12 1 9 12 1 9 12 1 9 12 1 10 12 1 9 12 1 9 12 1 10 12 1 9 12 1 9 12 1 10 12 1 1 9 12 1 10 12 1 9 12 1 10 12 1 9 12 1 1 1 3 1 3 1 1 1 1 1 1 1 1 1 1 1 1 1 1 1 1 1 8 1 15 10 100 12 1 1 1 100 1 100 1 1
staticfield io/ballerina/types/PredefinedType predefinedTypeEnv Lio/ballerina/types/PredefinedTypeEnv; io/ballerina/types/PredefinedTypeEnv
staticfield io/ballerina/types/PredefinedType NEVER Lio/ballerina/types/BasicTypeBitSet; io/ballerina/types/BasicTypeBitSet
staticfield io/ballerina/types/PredefinedType NIL Lio/ballerina/types/BasicTypeBitSet; io/ballerina/types/BasicTypeBitSet
staticfield io/ballerina/types/PredefinedType BOOLEAN Lio/ballerina/types/BasicTypeBitSet; io/ballerina/types/BasicTypeBitSet
staticfield io/ballerina/types/PredefinedType INT Lio/ballerina/types/BasicTypeBitSet; io/ballerina/types/BasicTypeBitSet
staticfield io/ballerina/types/PredefinedType FLOAT Lio/ballerina/types/BasicTypeBitSet; io/ballerina/types/BasicTypeBitSet
staticfield io/ballerina/types/PredefinedType DECIMAL Lio/ballerina/types/BasicTypeBitSet; io/ballerina/types/BasicTypeBitSet
staticfield io/ballerina/types/PredefinedType STRING Lio/ballerina/types/BasicTypeBitSet; io/ballerina/types/BasicTypeBitSet
staticfield io/ballerina/types/PredefinedType ERROR Lio/ballerina/types/BasicTypeBitSet; io/ballerina/types/BasicTypeBitSet
staticfield io/ballerina/types/PredefinedType LIST Lio/ballerina/types/BasicTypeBitSet; io/ballerina/types/BasicTypeBitSet
staticfield io/ballerina/types/PredefinedType MAPPING Lio/ballerina/types/BasicTypeBitSet; io/ballerina/types/BasicTypeBitSet
staticfield io/ballerina/types/PredefinedType TABLE Lio/ballerina/types/BasicTypeBitSet; io/ballerina/types/BasicTypeBitSet
staticfield io/ballerina/types/PredefinedType CELL Lio/ballerina/types/BasicTypeBitSet; io/ballerina/types/BasicTypeBitSet
staticfield io/ballerina/types/PredefinedType UNDEF Lio/ballerina/types/BasicTypeBitSet; io/ballerina/types/BasicTypeBitSet
staticfield io/ballerina/types/PredefinedType REGEXP Lio/ballerina/types/BasicTypeBitSet; io/ballerina/types/BasicTypeBitSet
staticfield io/ballerina/types/PredefinedType FUNCTION Lio/ballerina/types/BasicTypeBitSet; io/ballerina/types/BasicTypeBitSet
staticfield io/ballerina/types/PredefinedType TYPEDESC Lio/ballerina/types/BasicTypeBitSet; io/ballerina/types/BasicTypeBitSet
staticfield io/ballerina/types/PredefinedType HANDLE Lio/ballerina/types/BasicTypeBitSet; io/ballerina/types/BasicTypeBitSet
staticfield io/ballerina/types/PredefinedType XML Lio/ballerina/types/BasicTypeBitSet; io/ballerina/types/BasicTypeBitSet
staticfield io/ballerina/types/PredefinedType OBJECT Lio/ballerina/types/BasicTypeBitSet; io/ballerina/types/BasicTypeBitSet
staticfield io/ballerina/types/PredefinedType STREAM Lio/ballerina/types/BasicTypeBitSet; io/ballerina/types/BasicTypeBitSet
staticfield io/ballerina/types/PredefinedType FUTURE Lio/ballerina/types/BasicTypeBitSet; io/ballerina/types/BasicTypeBitSet
staticfield io/ballerina/types/PredefinedType VAL Lio/ballerina/types/BasicTypeBitSet; io/ballerina/types/BasicTypeBitSet
staticfield io/ballerina/types/PredefinedType INNER Lio/ballerina/types/BasicTypeBitSet; io/ballerina/types/BasicTypeBitSet
staticfield io/ballerina/types/PredefinedType ANY Lio/ballerina/types/BasicTypeBitSet; io/ballerina/types/BasicTypeBitSet
staticfield io/ballerina/types/PredefinedType SIMPLE_OR_STRING Lio/ballerina/types/BasicTypeBitSet; io/ballerina/types/BasicTypeBitSet
staticfield io/ballerina/types/PredefinedType NUMBER Lio/ballerina/types/BasicTypeBitSet; io/ballerina/types/BasicTypeBitSet
staticfield io/ballerina/types/PredefinedType BYTE Lio/ballerina/types/SemType; io/ballerina/types/ComplexSemTypeImpl
staticfield io/ballerina/types/PredefinedType STRING_CHAR Lio/ballerina/types/SemType; io/ballerina/types/ComplexSemTypeImpl
staticfield io/ballerina/types/PredefinedType XML_ELEMENT Lio/ballerina/types/SemType; io/ballerina/types/ComplexSemTypeImpl
staticfield io/ballerina/types/PredefinedType XML_COMMENT Lio/ballerina/types/SemType; io/ballerina/types/ComplexSemTypeImpl
staticfield io/ballerina/types/PredefinedType XML_TEXT Lio/ballerina/types/SemType; io/ballerina/types/ComplexSemTypeImpl
staticfield io/ballerina/types/PredefinedType XML_PI Lio/ballerina/types/SemType; io/ballerina/types/ComplexSemTypeImpl
staticfield io/ballerina/types/PredefinedType BDD_SUBTYPE_RO Lio/ballerina/types/subtypedata/BddNode; io/ballerina/types/subtypedata/BddNodeSimple
staticfield io/ballerina/types/PredefinedType MAPPING_RO Lio/ballerina/types/ComplexSemType; io/ballerina/types/ComplexSemTypeImpl
staticfield io/ballerina/types/PredefinedType CELL_ATOMIC_VAL Lio/ballerina/types/CellAtomicType; io/ballerina/types/CellAtomicType
staticfield io/ballerina/types/PredefinedType ATOM_CELL_VAL Lio/ballerina/types/TypeAtom; io/ballerina/types/TypeAtom
staticfield io/ballerina/types/PredefinedType CELL_ATOMIC_NEVER Lio/ballerina/types/CellAtomicType; io/ballerina/types/CellAtomicType
staticfield io/ballerina/types/PredefinedType ATOM_CELL_NEVER Lio/ballerina/types/TypeAtom; io/ballerina/types/TypeAtom
staticfield io/ballerina/types/PredefinedType CELL_ATOMIC_INNER Lio/ballerina/types/CellAtomicType; io/ballerina/types/CellAtomicType
staticfield io/ballerina/types/PredefinedType ATOM_CELL_INNER Lio/ballerina/types/TypeAtom; io/ballerina/types/TypeAtom
staticfield io/ballerina/types/PredefinedType CELL_ATOMIC_UNDEF Lio/ballerina/types/CellAtomicType; io/ballerina/types/CellAtomicType
staticfield io/ballerina/types/PredefinedType ATOM_CELL_UNDEF Lio/ballerina/types/TypeAtom; io/ballerina/types/TypeAtom
staticfield io/ballerina/types/PredefinedType CELL_SEMTYPE_INNER Lio/ballerina/types/CellSemType; io/ballerina/types/CellSemType
staticfield io/ballerina/types/PredefinedType MAPPING_ATOMIC_INNER Lio/ballerina/types/MappingAtomicType; io/ballerina/types/MappingAtomicType
staticfield io/ballerina/types/PredefinedType LIST_ATOMIC_INNER Lio/ballerina/types/ListAtomicType; io/ballerina/types/ListAtomicType
staticfield io/ballerina/types/PredefinedType CELL_ATOMIC_INNER_MAPPING Lio/ballerina/types/CellAtomicType; io/ballerina/types/CellAtomicType
staticfield io/ballerina/types/PredefinedType ATOM_CELL_INNER_MAPPING Lio/ballerina/types/TypeAtom; io/ballerina/types/TypeAtom
staticfield io/ballerina/types/PredefinedType CELL_SEMTYPE_INNER_MAPPING Lio/ballerina/types/CellSemType; io/ballerina/types/CellSemType
staticfield io/ballerina/types/PredefinedType LIST_ATOMIC_MAPPING Lio/ballerina/types/ListAtomicType; io/ballerina/types/ListAtomicType
staticfield io/ballerina/types/PredefinedType ATOM_LIST_MAPPING Lio/ballerina/types/TypeAtom; io/ballerina/types/TypeAtom
staticfield io/ballerina/types/PredefinedType LIST_SUBTYPE_MAPPING Lio/ballerina/types/subtypedata/BddNode; io/ballerina/types/subtypedata/BddNodeSimple
staticfield io/ballerina/types/PredefinedType CELL_ATOMIC_INNER_MAPPING_RO Lio/ballerina/types/CellAtomicType; io/ballerina/types/CellAtomicType
staticfield io/ballerina/types/PredefinedType ATOM_CELL_INNER_MAPPING_RO Lio/ballerina/types/TypeAtom; io/ballerina/types/TypeAtom
staticfield io/ballerina/types/PredefinedType CELL_SEMTYPE_INNER_MAPPING_RO Lio/ballerina/types/CellSemType; io/ballerina/types/CellSemType
staticfield io/ballerina/types/PredefinedType LIST_ATOMIC_MAPPING_RO Lio/ballerina/types/ListAtomicType; io/ballerina/types/ListAtomicType
staticfield io/ballerina/types/PredefinedType ATOM_LIST_MAPPING_RO Lio/ballerina/types/TypeAtom; io/ballerina/types/TypeAtom
staticfield io/ballerina/types/PredefinedType LIST_SUBTYPE_MAPPING_RO Lio/ballerina/types/subtypedata/BddNode; io/ballerina/types/subtypedata/BddNodeSimple
staticfield io/ballerina/types/PredefinedType CELL_SEMTYPE_VAL Lio/ballerina/types/CellSemType; io/ballerina/types/CellSemType
staticfield io/ballerina/types/PredefinedType CELL_SEMTYPE_UNDEF Lio/ballerina/types/CellSemType; io/ballerina/types/CellSemType
staticfield io/ballerina/types/PredefinedType ATOM_CELL_OBJECT_MEMBER_KIND Lio/ballerina/types/TypeAtom; io/ballerina/types/TypeAtom
staticfield io/ballerina/types/PredefinedType CELL_SEMTYPE_OBJECT_MEMBER_KIND Lio/ballerina/types/CellSemType; io/ballerina/types/CellSemType
staticfield io/ballerina/types/PredefinedType ATOM_CELL_OBJECT_MEMBER_VISIBILITY Lio/ballerina/types/TypeAtom; io/ballerina/types/TypeAtom
staticfield io/ballerina/types/PredefinedType CELL_SEMTYPE_OBJECT_MEMBER_VISIBILITY Lio/ballerina/types/CellSemType; io/ballerina/types/CellSemType
staticfield io/ballerina/types/PredefinedType ATOM_MAPPING_OBJECT_MEMBER Lio/ballerina/types/TypeAtom; io/ballerina/types/TypeAtom
staticfield io/ballerina/types/PredefinedType MAPPING_SEMTYPE_OBJECT_MEMBER Lio/ballerina/types/ComplexSemType; io/ballerina/types/ComplexSemTypeImpl
staticfield io/ballerina/types/PredefinedType ATOM_CELL_OBJECT_MEMBER Lio/ballerina/types/TypeAtom; io/ballerina/types/TypeAtom
staticfield io/ballerina/types/PredefinedType CELL_SEMTYPE_OBJECT_MEMBER Lio/ballerina/types/CellSemType; io/ballerina/types/CellSemType
staticfield io/ballerina/types/PredefinedType CELL_SEMTYPE_OBJECT_QUALIFIER Lio/ballerina/types/CellSemType; io/ballerina/types/CellSemType
staticfield io/ballerina/types/PredefinedType ATOM_MAPPING_OBJECT Lio/ballerina/types/TypeAtom; io/ballerina/types/TypeAtom
staticfield io/ballerina/types/PredefinedType MAPPING_SUBTYPE_OBJECT Lio/ballerina/types/subtypedata/BddNode; io/ballerina/types/subtypedata/BddNodeSimple
staticfield io/ballerina/types/PredefinedType OBJECT_RO_REC_ATOM Lio/ballerina/types/RecAtom; io/ballerina/types/RecAtom
staticfield io/ballerina/types/PredefinedType MAPPING_SUBTYPE_OBJECT_RO Lio/ballerina/types/subtypedata/BddNode; io/ballerina/types/subtypedata/BddNodeSimple
staticfield io/ballerina/types/PredefinedType MAPPING_ARRAY_RO Lio/ballerina/types/ComplexSemType; io/ballerina/types/ComplexSemTypeImpl
staticfield io/ballerina/types/PredefinedType ATOM_CELL_MAPPING_ARRAY_RO Lio/ballerina/types/TypeAtom; io/ballerina/types/TypeAtom
staticfield io/ballerina/types/PredefinedType CELL_SEMTYPE_LIST_SUBTYPE_MAPPING_RO Lio/ballerina/types/CellSemType; io/ballerina/types/CellSemType
staticfield io/ballerina/types/PredefinedType ATOM_LIST_THREE_ELEMENT_RO Lio/ballerina/types/TypeAtom; io/ballerina/types/TypeAtom
staticfield io/ballerina/types/PredefinedType LIST_SUBTYPE_THREE_ELEMENT_RO Lio/ballerina/types/subtypedata/BddNode; io/ballerina/types/subtypedata/BddNodeSimple
staticfield io/ballerina/types/PredefinedType VAL_READONLY Lio/ballerina/types/SemType; io/ballerina/types/ComplexSemTypeImpl
staticfield io/ballerina/types/PredefinedType INNER_READONLY Lio/ballerina/types/SemType; io/ballerina/types/ComplexSemTypeImpl
staticfield io/ballerina/types/PredefinedType CELL_ATOMIC_INNER_RO Lio/ballerina/types/CellAtomicType; io/ballerina/types/CellAtomicType
staticfield io/ballerina/types/PredefinedType ATOM_CELL_INNER_RO Lio/ballerina/types/TypeAtom; io/ballerina/types/TypeAtom
staticfield io/ballerina/types/PredefinedType CELL_SEMTYPE_INNER_RO Lio/ballerina/types/CellSemType; io/ballerina/types/CellSemType
staticfield io/ballerina/types/PredefinedType ATOM_CELL_VAL_RO Lio/ballerina/types/TypeAtom; io/ballerina/types/TypeAtom
staticfield io/ballerina/types/PredefinedType CELL_SEMTYPE_VAL_RO Lio/ballerina/types/CellSemType; io/ballerina/types/CellSemType
staticfield io/ballerina/types/PredefinedType ATOM_MAPPING_OBJECT_MEMBER_RO Lio/ballerina/types/TypeAtom; io/ballerina/types/TypeAtom
staticfield io/ballerina/types/PredefinedType MAPPING_SEMTYPE_OBJECT_MEMBER_RO Lio/ballerina/types/ComplexSemType; io/ballerina/types/ComplexSemTypeImpl
staticfield io/ballerina/types/PredefinedType ATOM_CELL_OBJECT_MEMBER_RO Lio/ballerina/types/TypeAtom; io/ballerina/types/TypeAtom
staticfield io/ballerina/types/PredefinedType CELL_SEMTYPE_OBJECT_MEMBER_RO Lio/ballerina/types/CellSemType; io/ballerina/types/CellSemType
staticfield io/ballerina/types/PredefinedType LIST_ATOMIC_TWO_ELEMENT Lio/ballerina/types/ListAtomicType; io/ballerina/types/ListAtomicType
staticfield io/ballerina/types/PredefinedType ATOM_LIST_TWO_ELEMENT Lio/ballerina/types/TypeAtom; io/ballerina/types/TypeAtom
staticfield io/ballerina/types/PredefinedType LIST_SUBTYPE_TWO_ELEMENT Lio/ballerina/types/subtypedata/BddNode; io/ballerina/types/subtypedata/BddNodeSimple
staticfield io/ballerina/types/PredefinedType MAPPING_ARRAY Lio/ballerina/types/ComplexSemType; io/ballerina/types/ComplexSemTypeImpl
staticfield io/ballerina/types/PredefinedType ATOM_CELL_MAPPING_ARRAY Lio/ballerina/types/TypeAtom; io/ballerina/types/TypeAtom
staticfield io/ballerina/types/PredefinedType CELL_SEMTYPE_LIST_SUBTYPE_MAPPING Lio/ballerina/types/CellSemType; io/ballerina/types/CellSemType
staticfield io/ballerina/types/PredefinedType ATOM_LIST_THREE_ELEMENT Lio/ballerina/types/TypeAtom; io/ballerina/types/TypeAtom
staticfield io/ballerina/types/PredefinedType LIST_SUBTYPE_THREE_ELEMENT Lio/ballerina/types/subtypedata/BddNode; io/ballerina/types/subtypedata/BddNodeSimple
staticfield io/ballerina/types/PredefinedType MAPPING_ATOMIC_RO Lio/ballerina/types/MappingAtomicType; io/ballerina/types/MappingAtomicType
staticfield io/ballerina/types/PredefinedType MAPPING_ATOMIC_OBJECT_RO Lio/ballerina/types/MappingAtomicType; io/ballerina/types/MappingAtomicType
staticfield io/ballerina/types/PredefinedType LIST_ATOMIC_RO Lio/ballerina/types/ListAtomicType; io/ballerina/types/ListAtomicType
ciInstanceKlass io/ballerina/types/Atom 1 1 34 7 1 11 7 12 1 1 1 11 12 1 1 10 12 1 1 100 1 1 1 1 1 1 1 1 1 1 1 100 1 1 1 1
ciInstanceKlass io/ballerina/types/ProperSubtypeData 1 0 9 100 1 100 1 100 1 1 1
ciInstanceKlass io/ballerina/types/ComplexSemType 1 1 138 10 7 12 1 1 1 11 7 12 1 1 1 9 7 12 1 1 1 9 12 1 1 10 100 12 1 1 1 7 1 10 12 1 1 7 1 10 12 1 11 7 12 1 1 1 11 7 12 1 1 1 11 12 1 1 7 1 9 12 1 1 10 12 1 1 9 12 1 18 12 1 1 10 12 1 1 7 1 11 12 1 7 1 100 1 100 1 1 1 1 1 1 1 1 1 1 1 1 1 1 1 1 1 1 1 1 1 1 1 1 1 1 1 1 1 1 1 1 16 1 15 11 12 16 15 10 7 12 1 1 1 1 100 1 100 1 1
ciInstanceKlass io/ballerina/types/BasicTypeBitSet 1 1 70 10 7 12 1 1 1 9 7 12 1 1 1 9 7 12 1 1 1 10 7 12 1 1 1 9 12 1 1 10 12 1 10 12 1 10 12 1 1 10 100 12 1 1 1 100 1 1 1 1 1 1 1 1 1 1 1 1 1 1 1 1 1 1 1 1 1 1 1 1
ciInstanceKlass io/ballerina/types/subtypedata/IntSubtype 1 1 217 10 7 12 1 1 1 10 7 12 1 1 1 7 1 9 7 12 1 1 10 12 1 7 1 10 12 1 9 7 12 1 1 1 10 12 1 1 10 7 12 1 1 1 8 1 8 1 18 12 1 1 10 12 1 1 5 0 8 1 5 0 8 1 100 1 10 12 1 10 12 1 1 9 12 1 1 100 1 9 12 1 1 10 12 1 1 5 0 5 0 9 12 1 5 0 10 100 12 1 1 1 10 100 12 1 1 1 10 12 1 1 10 12 1 1 100 1 8 1 8 1 8 1 10 12 1 10 12 1 1 18 12 1 10 12 1 1 10 12 1 1 18 12 10 100 12 1 100 1 1 1 1 1 1 1 1 1 1 1 1 1 1 1 1 1 1 1 1 1 1 1 1 1 1 1 1 1 1 1 1 1 1 1 1 1 1 1 1 1 1 1 100 1 1 1 1 1 1 8 1 8 1 8 1 15 10 100 12 1 1 1 100 1 100 1 1
ciInstanceKlass io/ballerina/types/subtypedata/StringSubtype 1 1 167 9 7 12 1 1 1 9 12 1 1 10 7 12 1 1 1 10 12 1 100 1 10 12 1 1 10 7 12 1 1 1 9 7 12 1 1 1 10 100 12 1 1 1 10 7 12 1 1 1 11 100 12 1 1 1 9 12 1 1 9 7 12 1 1 10 7 12 1 1 9 10 12 1 1 10 12 1 10 12 1 10 100 12 1 1 1 9 12 1 1 10 12 1 1 9 10 12 1 1 10 12 1 9 12 1 10 12 1 9 12 1 9 7 12 1 1 1 10 7 12 1 1 1 100 1 1 1 1 1 1 1 1 1 1 1 1 1 1 1 1 1 1 1 1 1 1 1 1 1 1 1 1 1 1 1 1 1 1 1 1 1 1 100 1 1 1
staticfield io/ballerina/types/subtypedata/StringSubtype EMPTY_STRING_ARR [Lio/ballerina/types/EnumerableString; 0 [Lio/ballerina/types/EnumerableString;
staticfield io/ballerina/types/subtypedata/StringSubtype EMPTY_CHAR_ARR [Lio/ballerina/types/EnumerableCharString; 0 [Lio/ballerina/types/EnumerableCharString;
ciInstanceKlass io/ballerina/types/subtypedata/XmlSubtype 1 1 192 7 1 10 7 12 1 1 1 9 12 1 1 9 12 1 1 10 12 1 10 7 12 1 1 1 10 12 1 1 10 12 1 1 9 12 1 1 9 7 12 1 1 1 10 7 12 1 1 1 100 1 10 10 12 1 1 10 12 1 1 10 12 1 1 7 1 7 1 9 7 12 1 1 1 10 12 1 1 7 1 10 12 1 1 10 7 12 1 1 1 10 7 12 1 1 1 10 12 1 1 10 12 1 1 9 12 1 7 1 10 12 1 1 10 12 1 10 12 1 1 10 12 1 10 12 1 10 12 1 10 12 1 1 10 7 12 1 1 1 1 3 1 3 1 3 1 3 1 3 1 3 1 3 1 3 1 3 1 3 1 3 1 3 1 3 1 1 1 1 1 1 1 1 1 1 1 1 100 1 1 1 1 1 100 1 1 1 1 1 1 1
staticfield io/ballerina/types/subtypedata/XmlSubtype $assertionsDisabled Z 1
ciInstanceKlass io/ballerina/types/Bdd 1 0 9 100 1 100 1 100 1 1 1
ciInstanceKlass io/ballerina/types/subtypedata/BddAllOrNothing 1 1 54 10 7 12 1 1 1 9 7 12 1 1 1 9 12 1 1 9 12 1 3 10 100 12 1 1 1 10 12 1 100 1 1 1 1 1 1 1 1 1 1 1 1 1 1 1 1 1 1 1 1 1 1 1
staticfield io/ballerina/types/subtypedata/BddAllOrNothing all Lio/ballerina/types/subtypedata/BddAllOrNothing; io/ballerina/types/subtypedata/BddAllOrNothing
staticfield io/ballerina/types/subtypedata/BddAllOrNothing nothing Lio/ballerina/types/subtypedata/BddAllOrNothing; io/ballerina/types/subtypedata/BddAllOrNothing
ciInstanceKlass io/ballerina/types/Core 1 1 1033 100 1 10 100 12 1 1 1 100 1 10 12 1 1 100 1 7 1 9 12 1 1 10 12 1 1 7 1 11 12 1 1 11 12 1 9 7 12 1 1 10 7 12 1 1 7 1 10 7 1 10 12 1 10 12 1 1 11 7 12 1 1 1 11 12 1 1 7 1 9 12 1 1 9 12 1 1 9 12 1 9 7 12 1 1 1 9 12 1 11 7 12 1 1 1 11 12 1 1 7 1 7 1 10 7 12 1 1 11 7 12 1 1 1 10 12 1 11 12 1 11 12 1 1 11 12 1 1 10 100 12 1 1 1 10 12 1 10 12 1 1 10 12 1 10 12 1 9 7 12 1 1 1 100 1 10 11 12 1 11 12 1 10 12 1 1 10 100 12 1 1 1 10 12 1 1 9 12 1 1 10 12 1 9 100 12 1 1 1 10 12 1 1 10 100 12 1 1 1 9 12 1 10 12 1 10 12 1 1 11 9 9 12 1 11 12 1 10 12 1 10 12 1 1 9 12 1 10 12 1 1 9 12 1 10 12 1 10 100 12 1 1 10 12 1 1 9 12 1 9 12 1 9 12 1 9 12 1 9 12 1 9 12 1 10 12 1 1 10 100 12 1 1 1 9 12 1 10 12 1 1 100 1 10 100 12 1 1 1 9 12 1 1 9 12 1 7 1 10 12 1 1 9 12 1 1 10 12 1 1 10 12 1 1 10 7 12 1 1 100 1 10 12 1 100 1 11 12 1 1 10 100 12 1 1 1 10 12 1 1 11 12 1 1 10 12 1 1 18 12 1 1 11 12 1 1 100 1 10 12 1 1 11 12 1 11 12 1 10 12 1 1 10 100 12 1 1 1 5 0 9 12 1 10 12 1 1 5 0 10 12 1 1 10 12 1 1 10 12 1 10 12 1 18 100 1 10 100 12 1 1 1 10 100 12 1 1 11 12 1 10 12 1 100 1 10 12 1 1 10 12 1 11 12 1 1 11 12 1 1 10 12 1 1 10 12 1 1 9 12 1 1 9 12 1 9 12 1 1 9 12 1 10 12 1 1 100 1 10 10 100 12 1 1 1 10 12 1 10 12 1 9 12 1 10 100 12 1 1 9 12 1 1 10 12 1 1 10 10 12 1 9 12 1 9 12 1 1 9 12 1 10 12 1 1 10 12 1 1 11 10 12 1 11 11 10 12 1 1 9 12 1 10 100 12 1 1 10 100 12 1 1 1 10 12 1 1 10 12 1 1 10 10 12 1 9 12 1 10 100 12 1 1 9 12 1 10 100 12 1 1 9 12 1 10 100 12 1 1 9 12 1 10 100 12 1 1 100 1 10 12 1 1 100 1 10 12 1 1 10 12 1 1 100 1 10 12 1 1 100 1 10 12 1 10 12 1 1 100 1 10 12 1 1 10 7 12 1 1 18 12 1 1 10 12 1 10 12 1 10 12 1 1 10 12 1 1 10 12 1 1 10 12 1 1 10 12 1 1 9 12 1 10 12 1 1 10 12 1 1 10 100 12 1 1 10 12 1 1 10 100 12 1 1 10 12 1 1 10 12 1 1 9 12 1 10 12 10 12 1 9 12 1 1 100 1 10 100 1 10 9 12 1 10 12 1 1 10 10 12 10 12 1 1 10 12 1 1 9 12 1 10 100 12 1 1 9 12 1 9 12 1 9 12 1 9 12 1 9 12 1 100 1 9 100 12 1 1 1 10 12 1 100 1 10 10 100 12 1 1 10 12 1 1 9 12 1 9 12 1 10 12 11 12 1 10 10 12 1 1 100 1 10 10 10 12 1 10 10 10 12 1 11 12 1 11 12 1 1 1 1 1 1 1 1 1 1 1 1 1 1 1 1 1 1 1 1 1 1 1 1 1 1 1 1 1 1 1 1 100 1 100 1 1 1 100 1 1 1 1 1 1 1 1 1 1 1 1 1 1 1 1 1 1 1 1 1 1 1 1 1 1 1 1 1 1 1 1 1 1 1 1 1 1 1 1 1 1 1 1 1 1 1 1 1 1 1 1 1 1 1 1 1 1 1 1 1 1 1 1 1 100 1 1 1 1 1 1 1 1 1 1 1 1 1 1 1 1 1 1 1 1 1 1 1 1 1 1 1 1 1 1 1 1 1 1 1 1 1 1 1 1 1 1 1 1 1 1 1 1 1 1 1 1 1 1 1 1 1 1 1 1 1 1 1 1 1 1 1 1 1 1 1 1 1 1 1 1 1 1 1 1 1 1 1 1 1 1 1 16 1 15 10 12 16 15 10 12 16 8 1 15 10 100 12 1 1 1 15 10 100 12 1 1 1 1 1 100 1 100 1 1
staticfield io/ballerina/types/Core LIST_MEMBER_TYPES_ALL Lio/ballerina/types/ListMemberTypes; io/ballerina/types/ListMemberTypes
staticfield io/ballerina/types/Core LIST_MEMBER_TYPES_NONE Lio/ballerina/types/ListMemberTypes; io/ballerina/types/ListMemberTypes
staticfield io/ballerina/types/Core $assertionsDisabled Z 1
ciInstanceKlass io/ballerina/types/RecAtom 1 1 106 100 1 10 7 12 1 1 1 9 7 12 1 1 1 9 12 1 1 9 12 1 1 10 12 1 9 7 12 1 1 10 12 1 9 12 1 100 1 8 1 10 12 1 10 12 1 1 10 7 12 1 1 1 10 100 12 1 1 1 18 12 1 1 100 1 1 1 1 1 1 1 1 1 1 1 1 1 1 1 1 1 1 1 1 1 1 1 1 1 8 1 15 10 100 12 1 1 1 1 1 100 1 100 1 1
staticfield io/ballerina/types/RecAtom ZERO Lio/ballerina/types/RecAtom; io/ballerina/types/RecAtom
ciInstanceKlass io/ballerina/types/subtypedata/BddNode 1 1 51 11 7 12 1 1 1 7 1 10 12 1 1 7 1 10 12 1 7 1 10 12 1 1 10 12 1 100 1 100 1 1 1 1 1 1 1 1 1 1 1 1 1 1 1 1 1 1 1 1 1
ciInstanceKlass io/ballerina/types/TypeAtom 1 1 100 10 7 12 1 1 1 9 7 12 1 1 1 9 12 1 1 9 12 1 1 100 1 10 10 12 1 10 12 1 1 10 7 12 1 1 1 11 7 12 1 1 1 18 12 1 1 18 12 1 1 10 7 12 1 1 1 100 1 1 1 1 1 1 1 1 1 1 1 1 1 1 1 1 1 1 1 1 1 8 1 15 15 15 10 100 12 1 1 1 1 1 100 1 1 100 1 100 1 1
staticfield io/ballerina/types/TypeAtom $assertionsDisabled Z 1
ciInstanceKlass io/ballerina/types/subtypedata/DecimalSubtype 1 1 155 100 1 10 7 12 1 1 1 10 7 12 1 1 9 12 1 1 9 12 1 1 9 100 12 1 1 1 10 12 1 1 10 12 1 10 100 12 1 1 1 100 1 10 100 12 1 1 1 9 12 1 1 10 12 1 1 10 12 1 1 11 100 12 1 1 1 10 12 1 1 10 12 1 100 1 8 1 8 1 8 1 18 12 1 1 8 1 10 12 1 10 100 12 1 1 1 10 12 1 1 10 12 1 1 100 1 1 1 1 1 1 1 1 1 1 1 1 1 1 1 100 1 1 1 1 1 1 1 1 1 100 1 1 1 1 1 1 1 1 1 8 1 15 10 100 12 1 1 1 100 1 100 1 1
ciInstanceKlass io/ballerina/types/subtypedata/FloatSubtype 1 1 160 100 1 10 7 12 1 1 1 10 7 12 1 1 9 12 1 1 9 12 1 1 9 100 12 1 1 1 10 12 1 1 10 12 1 10 100 12 1 1 1 100 1 10 100 12 1 1 1 9 12 1 1 10 100 12 1 1 1 10 12 1 1 10 12 1 1 11 100 12 1 1 1 10 12 1 1 10 12 1 100 1 8 1 8 1 8 1 18 12 1 1 8 1 10 12 1 10 100 12 1 1 10 12 1 1 10 12 1 1 100 1 1 1 1 1 1 1 1 1 1 1 1 1 1 1 100 1 1 1 1 1 1 1 1 1 100 1 1 1 1 1 1 1 1 1 8 1 15 10 100 12 1 1 1 100 1 100 1 1
instanceKlass org/ballerinalang/model/symbols/SymbolOrigin$4
instanceKlass org/ballerinalang/model/symbols/SymbolOrigin$3
instanceKlass org/ballerinalang/model/symbols/SymbolOrigin$2
instanceKlass org/ballerinalang/model/symbols/SymbolOrigin$1
ciInstanceKlass org/ballerinalang/model/symbols/SymbolOrigin 1 1 104 7 1 9 12 1 1 9 12 1 9 12 1 9 12 1 9 12 1 1 10 100 12 1 1 10 7 12 1 1 1 10 12 1 1 100 1 18 12 1 1 10 12 1 7 1 8 10 7 1 8 10 7 1 8 10 7 1 8 10 10 12 1 1 1 1 1 1 1 1 1 1 1 1 1 1 1 1 1 1 1 1 1 1 1 1 1 1 1 1 8 1 15 10 100 12 1 1 1 100 1 100 1 1
staticfield org/ballerinalang/model/symbols/SymbolOrigin BUILTIN Lorg/ballerinalang/model/symbols/SymbolOrigin; org/ballerinalang/model/symbols/SymbolOrigin$1
staticfield org/ballerinalang/model/symbols/SymbolOrigin SOURCE Lorg/ballerinalang/model/symbols/SymbolOrigin; org/ballerinalang/model/symbols/SymbolOrigin$2
staticfield org/ballerinalang/model/symbols/SymbolOrigin COMPILED_SOURCE Lorg/ballerinalang/model/symbols/SymbolOrigin; org/ballerinalang/model/symbols/SymbolOrigin$3
staticfield org/ballerinalang/model/symbols/SymbolOrigin VIRTUAL Lorg/ballerinalang/model/symbols/SymbolOrigin; org/ballerinalang/model/symbols/SymbolOrigin$4
staticfield org/ballerinalang/model/symbols/SymbolOrigin $VALUES [Lorg/ballerinalang/model/symbols/SymbolOrigin; 4 [Lorg/ballerinalang/model/symbols/SymbolOrigin;
ciInstanceKlass org/ballerinalang/model/symbols/SymbolOrigin$3 1 1 28 10 7 12 1 1 1 9 100 12 1 1 1 1 1 1 1 1 1 1 1 1 1 1 1 1 1 1
ciInstanceKlass io/ballerina/compiler/api/symbols/DiagnosticState 1 1 55 7 1 9 12 1 1 9 12 1 9 12 1 9 12 1 1 10 100 12 1 1 10 7 12 1 1 1 10 12 1 1 8 10 8 8 10 12 1 1 1 1 1 1 1 1 1 1 1 1 1 1 1 1 1
staticfield io/ballerina/compiler/api/symbols/DiagnosticState VALID Lio/ballerina/compiler/api/symbols/DiagnosticState; io/ballerina/compiler/api/symbols/DiagnosticState
staticfield io/ballerina/compiler/api/symbols/DiagnosticState REDECLARED Lio/ballerina/compiler/api/symbols/DiagnosticState; io/ballerina/compiler/api/symbols/DiagnosticState
staticfield io/ballerina/compiler/api/symbols/DiagnosticState UNKNOWN_TYPE Lio/ballerina/compiler/api/symbols/DiagnosticState; io/ballerina/compiler/api/symbols/DiagnosticState
staticfield io/ballerina/compiler/api/symbols/DiagnosticState $VALUES [Lio/ballerina/compiler/api/symbols/DiagnosticState; 3 [Lio/ballerina/compiler/api/symbols/DiagnosticState;
ciInstanceKlass org/ballerinalang/model/symbols/SymbolKind 1 1 191 7 1 9 12 1 1 9 12 1 9 12 1 9 12 1 9 12 1 9 12 1 9 12 1 9 12 1 9 12 1 9 12 1 9 12 1 9 12 1 9 12 1 9 12 1 9 12 1 9 12 1 9 12 1 9 12 1 9 12 1 9 12 1 9 12 1 9 12 1 9 12 1 9 12 1 9 12 1 9 12 1 9 12 1 9 12 1 9 12 1 9 12 1 9 12 1 9 12 1 9 12 1 9 12 1 9 12 1 9 12 1 9 12 1 9 12 1 1 10 100 12 1 1 10 7 12 1 1 1 10 12 1 1 8 10 8 8 8 8 8 8 8 8 8 8 8 8 8 8 8 8 8 8 8 8 8 8 8 8 8 8 8 8 8 8 8 8 8 8 8 8 10 12 1 1 1 1 1 1 1 1 1 1 1 1 1 1 1 1 1
staticfield org/ballerinalang/model/symbols/SymbolKind PACKAGE Lorg/ballerinalang/model/symbols/SymbolKind; org/ballerinalang/model/symbols/SymbolKind
staticfield org/ballerinalang/model/symbols/SymbolKind STRUCT Lorg/ballerinalang/model/symbols/SymbolKind; org/ballerinalang/model/symbols/SymbolKind
staticfield org/ballerinalang/model/symbols/SymbolKind OBJECT Lorg/ballerinalang/model/symbols/SymbolKind; org/ballerinalang/model/symbols/SymbolKind
staticfield org/ballerinalang/model/symbols/SymbolKind RECORD Lorg/ballerinalang/model/symbols/SymbolKind; org/ballerinalang/model/symbols/SymbolKind
staticfield org/ballerinalang/model/symbols/SymbolKind CONNECTOR Lorg/ballerinalang/model/symbols/SymbolKind; org/ballerinalang/model/symbols/SymbolKind
staticfield org/ballerinalang/model/symbols/SymbolKind ACTION Lorg/ballerinalang/model/symbols/SymbolKind; org/ballerinalang/model/symbols/SymbolKind
staticfield org/ballerinalang/model/symbols/SymbolKind SERVICE Lorg/ballerinalang/model/symbols/SymbolKind; org/ballerinalang/model/symbols/SymbolKind
staticfield org/ballerinalang/model/symbols/SymbolKind RESOURCE Lorg/ballerinalang/model/symbols/SymbolKind; org/ballerinalang/model/symbols/SymbolKind
staticfield org/ballerinalang/model/symbols/SymbolKind FUNCTION Lorg/ballerinalang/model/symbols/SymbolKind; org/ballerinalang/model/symbols/SymbolKind
staticfield org/ballerinalang/model/symbols/SymbolKind WORKER Lorg/ballerinalang/model/symbols/SymbolKind; org/ballerinalang/model/symbols/SymbolKind
staticfield org/ballerinalang/model/symbols/SymbolKind ANNOTATION Lorg/ballerinalang/model/symbols/SymbolKind; org/ballerinalang/model/symbols/SymbolKind
staticfield org/ballerinalang/model/symbols/SymbolKind ANNOTATION_ATTRIBUTE Lorg/ballerinalang/model/symbols/SymbolKind; org/ballerinalang/model/symbols/SymbolKind
staticfield org/ballerinalang/model/symbols/SymbolKind CONSTANT Lorg/ballerinalang/model/symbols/SymbolKind; org/ballerinalang/model/symbols/SymbolKind
staticfield org/ballerinalang/model/symbols/SymbolKind VARIABLE Lorg/ballerinalang/model/symbols/SymbolKind; org/ballerinalang/model/symbols/SymbolKind
staticfield org/ballerinalang/model/symbols/SymbolKind PACKAGE_VARIABLE Lorg/ballerinalang/model/symbols/SymbolKind; org/ballerinalang/model/symbols/SymbolKind
staticfield org/ballerinalang/model/symbols/SymbolKind TRANSFORMER Lorg/ballerinalang/model/symbols/SymbolKind; org/ballerinalang/model/symbols/SymbolKind
staticfield org/ballerinalang/model/symbols/SymbolKind TYPE_DEF Lorg/ballerinalang/model/symbols/SymbolKind; org/ballerinalang/model/symbols/SymbolKind
staticfield org/ballerinalang/model/symbols/SymbolKind ENUM Lorg/ballerinalang/model/symbols/SymbolKind; org/ballerinalang/model/symbols/SymbolKind
staticfield org/ballerinalang/model/symbols/SymbolKind ERROR Lorg/ballerinalang/model/symbols/SymbolKind; org/ballerinalang/model/symbols/SymbolKind
staticfield org/ballerinalang/model/symbols/SymbolKind PARAMETER Lorg/ballerinalang/model/symbols/SymbolKind; org/ballerinalang/model/symbols/SymbolKind
staticfield org/ballerinalang/model/symbols/SymbolKind PATH_PARAMETER Lorg/ballerinalang/model/symbols/SymbolKind; org/ballerinalang/model/symbols/SymbolKind
staticfield org/ballerinalang/model/symbols/SymbolKind PATH_REST_PARAMETER Lorg/ballerinalang/model/symbols/SymbolKind; org/ballerinalang/model/symbols/SymbolKind
staticfield org/ballerinalang/model/symbols/SymbolKind LOCAL_VARIABLE Lorg/ballerinalang/model/symbols/SymbolKind; org/ballerinalang/model/symbols/SymbolKind
staticfield org/ballerinalang/model/symbols/SymbolKind SERVICE_VARIABLE Lorg/ballerinalang/model/symbols/SymbolKind; org/ballerinalang/model/symbols/SymbolKind
staticfield org/ballerinalang/model/symbols/SymbolKind CONNECTOR_VARIABLE Lorg/ballerinalang/model/symbols/SymbolKind; org/ballerinalang/model/symbols/SymbolKind
staticfield org/ballerinalang/model/symbols/SymbolKind CAST_OPERATOR Lorg/ballerinalang/model/symbols/SymbolKind; org/ballerinalang/model/symbols/SymbolKind
staticfield org/ballerinalang/model/symbols/SymbolKind CONVERSION_OPERATOR Lorg/ballerinalang/model/symbols/SymbolKind; org/ballerinalang/model/symbols/SymbolKind
staticfield org/ballerinalang/model/symbols/SymbolKind TYPEOF_OPERATOR Lorg/ballerinalang/model/symbols/SymbolKind; org/ballerinalang/model/symbols/SymbolKind
staticfield org/ballerinalang/model/symbols/SymbolKind XMLNS Lorg/ballerinalang/model/symbols/SymbolKind; org/ballerinalang/model/symbols/SymbolKind
staticfield org/ballerinalang/model/symbols/SymbolKind SCOPE Lorg/ballerinalang/model/symbols/SymbolKind; org/ballerinalang/model/symbols/SymbolKind
staticfield org/ballerinalang/model/symbols/SymbolKind OTHER Lorg/ballerinalang/model/symbols/SymbolKind; org/ballerinalang/model/symbols/SymbolKind
staticfield org/ballerinalang/model/symbols/SymbolKind INVOKABLE_TYPE Lorg/ballerinalang/model/symbols/SymbolKind; org/ballerinalang/model/symbols/SymbolKind
staticfield org/ballerinalang/model/symbols/SymbolKind RESOURCE_PATH_IDENTIFIER_SEGMENT Lorg/ballerinalang/model/symbols/SymbolKind; org/ballerinalang/model/symbols/SymbolKind
staticfield org/ballerinalang/model/symbols/SymbolKind RESOURCE_PATH_PARAM_SEGMENT Lorg/ballerinalang/model/symbols/SymbolKind; org/ballerinalang/model/symbols/SymbolKind
staticfield org/ballerinalang/model/symbols/SymbolKind RESOURCE_PATH_REST_PARAM_SEGMENT Lorg/ballerinalang/model/symbols/SymbolKind; org/ballerinalang/model/symbols/SymbolKind
staticfield org/ballerinalang/model/symbols/SymbolKind RESOURCE_ROOT_PATH_SEGMENT Lorg/ballerinalang/model/symbols/SymbolKind; org/ballerinalang/model/symbols/SymbolKind
staticfield org/ballerinalang/model/symbols/SymbolKind SEQUENCE Lorg/ballerinalang/model/symbols/SymbolKind; org/ballerinalang/model/symbols/SymbolKind
staticfield org/ballerinalang/model/symbols/SymbolKind $VALUES [Lorg/ballerinalang/model/symbols/SymbolKind; 37 [Lorg/ballerinalang/model/symbols/SymbolKind;
ciInstanceKlass org/wso2/ballerinalang/compiler/semantics/analyzer/Types 1 1 3071 100 1 100 1 9 7 12 1 1 1 10 7 12 1 1 1 10 12 1 1 7 1 10 12 1 10 12 1 10 7 1 9 12 1 1 10 12 1 1 10 7 12 1 1 1 9 12 1 1 10 7 12 1 1 1 9 12 1 1 10 7 12 1 1 9 12 1 1 10 7 12 1 1 9 12 1 1 10 7 12 1 1 9 12 1 1 10 7 12 1 1 9 12 1 1 9 100 12 1 1 1 10 12 1 1 10 7 12 1 1 1 10 12 1 1 9 12 1 1 10 7 12 1 1 1 10 100 12 1 1 1 9 12 1 1 10 12 1 10 12 1 10 12 1 1 9 12 1 10 12 1 1 9 12 1 9 100 12 1 1 1 10 100 12 1 1 1 10 12 1 1 9 12 1 1 7 1 10 10 12 1 1 11 7 12 1 1 1 11 7 12 1 1 11 12 1 1 10 12 1 10 12 1 1 10 12 1 10 12 1 1 10 10 12 1 10 12 1 1 10 12 1 1 10 12 1 1 10 12 1 1 10 100 12 1 1 9 12 1 10 12 1 1 10 12 1 10 12 1 1 10 12 1 1 9 12 1 1 10 12 1 1 10 7 1 10 12 100 1 11 12 1 1 18 12 1 1 11 100 12 1 1 1 11 100 1 10 12 10 12 1 10 18 12 1 1 11 12 1 1 18 12 1 11 12 1 10 12 1 10 12 1 10 12 1 10 12 1 1 10 100 12 1 1 1 9 12 1 9 12 1 10 12 1 10 100 1 10 100 12 1 1 1 10 12 1 1 9 12 1 10 100 1 100 1 9 100 12 1 1 1 9 100 1 9 10 12 1 10 100 1 10 12 1 1 9 100 12 1 1 1 100 1 9 12 1 9 12 1 9 100 12 1 1 10 12 1 1 100 1 9 12 1 1 10 7 12 1 1 1 9 12 1 1 9 100 12 1 1 10 12 1 18 12 1 1 9 12 1 18 100 1 10 12 1 1 10 12 1 100 1 10 12 1 1 10 12 1 9 12 1 1 10 12 1 1 10 12 1 1 9 12 1 10 12 1 1 10 100 12 1 1 1 10 12 1 1 9 12 1 9 9 10 10 12 1 9 12 1 9 12 1 1 9 9 12 1 9 9 9 12 1 9 100 1 9 12 1 100 1 9 12 1 1 9 100 12 1 1 10 12 1 1 100 1 10 12 1 1 10 12 1 1 10 12 1 1 9 100 1 10 12 1 10 100 1 100 1 9 12 1 10 12 1 1 10 12 1 10 12 1 10 12 1 9 12 1 10 12 10 12 1 10 12 1 10 12 1 1 10 12 1 1 10 12 1 1 9 100 12 1 1 1 10 12 1 1 100 1 10 12 1 1 10 12 1 1 9 12 1 10 12 1 10 12 1 100 1 100 1 11 12 1 1 11 100 12 1 1 9 100 12 1 1 1 9 12 1 1 11 12 1 1 11 12 1 11 12 1 11 12 1 10 12 10 12 10 12 1 1 11 7 12 1 1 100 1 11 18 12 1 18 11 12 1 1 11 12 1 1 11 11 18 12 1 11 12 1 10 12 1 7 1 9 12 1 10 12 1 7 1 9 12 1 7 1 9 12 1 10 12 1 1 9 12 1 1 10 12 1 1 100 1 9 9 12 1 10 9 9 12 1 9 12 1 100 1 10 10 12 1 1 10 12 1 7 1 11 10 12 1 1 10 12 1 7 1 9 12 1 9 12 1 1 10 12 1 11 9 12 1 11 9 12 1 9 12 1 1 10 100 1 9 12 1 10 12 1 1 11 100 1 9 9 12 1 9 100 12 1 1 1 100 1 5 0 10 100 12 1 1 1 7 1 9 9 12 1 100 1 9 9 12 1 7 1 9 9 12 1 9 100 12 1 1 1 18 9 12 1 10 12 1 1 10 100 12 1 1 9 100 12 1 1 9 12 1 1 10 12 1 1 10 12 1 1 10 12 1 9 12 1 9 12 1 9 12 1 9 12 1 1 100 1 9 9 12 1 1 9 12 1 10 12 1 1 18 10 12 1 1 10 12 1 1 8 10 10 12 1 1 9 12 1 9 12 1 100 1 8 10 12 1 1 9 12 1 1 10 12 1 1 100 1 9 10 12 1 1 9 100 1 10 12 1 1 9 9 9 10 12 1 1 9 12 1 11 9 12 1 9 12 1 9 12 1 10 12 1 9 12 1 9 12 1 1 100 1 9 12 1 100 1 9 12 1 1 9 100 12 1 10 10 12 1 1 9 12 1 10 12 1 1 9 8 10 12 1 10 12 1 18 11 12 1 18 10 12 1 1 9 12 1 10 10 12 1 100 1 10 12 1 1 10 100 12 1 1 9 12 1 10 12 11 11 100 1 5 0 9 100 12 1 1 1 10 100 12 1 1 1 10 12 1 1 9 12 1 9 9 100 12 1 1 1 9 12 1 9 12 1 9 100 12 1 1 1 10 12 1 1 9 10 12 1 1 10 12 1 9 100 12 1 1 1 9 12 1 10 12 1 1 9 12 1 9 12 1 10 12 1 18 12 1 18 10 12 1 1 10 12 10 12 1 10 12 1 10 12 10 12 1 1 9 12 1 10 12 1 10 12 1 10 12 1 10 12 1 100 1 9 100 1 10 12 1 10 12 1 1 9 12 1 11 12 1 1 100 1 10 10 12 1 1 9 10 100 1 10 12 1 1 10 12 1 1 9 12 1 10 12 1 1 10 12 1 1 100 1 10 100 12 1 1 1 7 1 10 9 7 12 1 1 1 10 12 1 10 10 12 1 10 12 1 1 10 12 1 1 10 12 1 1 100 1 10 12 1 1 9 12 1 8 1 10 100 12 1 1 11 12 1 10 12 1 10 12 1 1 11 12 1 10 12 1 10 12 1 9 12 1 9 12 1 1 10 12 1 1 9 12 1 9 12 1 1 10 100 12 1 1 9 12 1 9 12 1 9 12 1 10 12 1 1 10 12 1 1 9 12 1 9 12 1 9 12 1 9 12 1 9 12 1 9 12 1 9 12 1 1 9 12 1 9 12 1 10 12 1 1 11 100 12 1 1 100 1 9 12 1 1 10 12 1 10 100 1 11 10 12 1 1 5 0 9 18 12 1 9 18 12 1 11 12 1 1 100 10 12 1 9 10 12 1 100 1 10 18 12 1 1 10 12 1 1 10 10 12 1 10 12 1 10 12 1 10 12 9 12 1 10 12 1 1 9 12 1 10 100 1 9 12 1 9 12 1 10 12 1 1 9 12 1 9 12 1 10 12 1 1 10 18 12 1 10 12 1 10 12 1 10 12 1 18 12 1 11 10 12 1 18 10 12 1 1 10 12 1 10 12 1 10 12 1 10 12 1 10 10 10 12 1 1 10 12 1 10 12 1 100 1 10 12 1 10 12 1 10 12 1 1 9 12 1 10 12 1 10 12 1 1 100 1 10 12 1 10 12 5 0 10 12 1 10 12 1 10 12 1 10 12 10 12 1 1 10 12 1 1 9 100 12 1 1 11 9 12 10 12 1 1 9 12 1 1 10 12 1 10 10 12 1 1 10 12 1 100 1 9 12 1 10 12 1 18 18 12 1 18 9 100 12 1 1 1 9 100 12 1 1 10 12 1 9 10 100 12 1 1 1 10 12 1 10 12 1 1 10 12 1 1 10 12 1 1 10 12 1 1 10 10 12 1 10 12 1 1 10 12 1 1 10 12 1 10 12 1 1 10 12 1 1 9 12 1 9 12 1 10 12 1 9 12 1 9 12 1 9 12 1 1 9 100 12 1 1 10 12 1 10 12 1 9 12 10 12 1 1 9 12 1 9 10 100 12 1 1 1 10 12 1 1 9 100 1 10 12 10 12 1 1 10 12 1 10 12 1 1 10 12 1 10 12 1 1 10 12 1 1 10 12 1 1 10 12 1 1 9 12 1 9 100 12 1 1 1 9 12 1 10 100 12 1 1 1 10 12 1 1 10 12 1 5 0 5 0 9 9 12 9 9 12 1 10 12 1 100 1 9 12 1 9 9 12 1 9 9 12 1 9 9 9 10 12 1 10 12 9 9 12 1 10 12 1 9 9 10 12 1 1 10 12 1 1 9 100 1 11 12 10 12 1 9 10 12 1 1 10 12 1 9 10 12 1 9 10 12 1 10 12 1 9 12 1 9 12 1 1 10 100 12 1 1 10 12 1 5 0 10 12 1 1 9 100 1 10 12 1 9 10 9 10 12 1 1 9 12 1 9 12 1 9 12 1 10 12 1 1 11 12 1 1 11 12 1 18 10 12 1 1 11 12 1 11 9 12 1 10 9 18 100 1 10 12 1 1 10 100 12 1 1 1 100 1 10 12 1 1 10 12 1 1 10 12 10 100 12 1 1 18 12 1 10 12 1 10 12 1 10 12 1 1 10 12 1 10 12 1 10 12 1 10 12 1 10 12 1 10 12 1 10 12 1 9 100 12 1 1 1 10 100 1 10 12 1 9 10 10 10 12 1 1 10 12 1 10 12 10 12 1 10 12 9 12 1 18 5 0 9 12 1 1 9 12 1 10 12 1 10 12 1 9 100 12 1 1 10 12 1 10 12 1 10 12 1 10 12 1 9 12 1 10 100 12 1 1 10 12 1 8 1 9 10 12 1 10 12 1 10 12 1 9 12 1 100 1 10 9 12 1 10 9 12 1 10 12 1 1 10 12 1 1 10 12 1 1 10 100 12 1 1 100 1 10 12 1 10 12 1 10 100 12 1 1 9 12 1 1 10 12 1 10 12 1 18 100 1 18 10 12 1 1 10 100 12 1 1 1 10 12 1 10 100 12 1 1 1 11 9 12 1 9 12 1 10 12 1 10 12 1 10 12 1 5 0 10 100 12 1 1 1 10 12 1 1 10 12 1 100 1 10 9 12 1 9 12 1 10 12 1 7 1 10 11 10 8 1 10 12 1 8 1 8 1 9 7 12 1 1 10 18 9 12 9 12 9 12 9 12 9 12 9 12 9 12 1 9 12 9 12 9 12 1 9 12 1 9 12 1 9 12 9 12 1 9 12 10 12 1 9 12 1 9 12 1 9 12 100 1 11 12 1 11 12 1 9 100 12 1 1 9 100 12 1 1 1 9 12 1 9 12 9 12 1 9 12 9 12 1 10 12 1 1 8 1 10 12 1 10 12 1 1 10 100 12 1 1 1 9 100 12 1 1 1 10 12 1 1 10 100 12 1 1 1 10 12 1 1 8 1 10 12 1 1 8 1 8 1 8 1 10 12 1 10 12 1 1 10 12 1 9 5 0 9 12 1 1 10 12 1 9 12 1 100 1 9 12 1 9 10 12 1 1 18 12 1 10 100 12 1 1 10 12 1 1 10 12 1 1 10 7 12 1 1 7 1 10 8 1 8 1 8 1 1 1 1 1 1 1 1 1 1 1 1 1 1 1 1 1 1 1 1 1 1 1 1 1 1 1 1 1 1 1 1 1 1 1 1 1 1 1 1 1 1 1 1 1 1 1 1 1 1 1 1 1 1 1 1 1 1 1 1 1 1 1 1 1 1 1 1 1 1 1 1 1 1 1 1 1 1 1 1 1 1 1 1 1 1 1 1 1 1 1 1 1 1 1 1 1 1 1 1 1 1 1 1 1 1 1 1 1 1 1 1 1 1 1 1 1 1 1 1 1 1 1 1 1 1 1 1 100 1 1 1 1 1 1 1 1 1 1 1 1 1 1 1 1 1 1 1 1 1 1 1 1 1 1 1 1 1 1 1 1 1 1 1 1 1 1 1 1 1 1 1 1 1 1 1 1 1 1 1 1 1 1 1 1 1 1 1 1 1 1 1 1 1 1 1 1 1 1 1 1 1 1 1 1 1 1 1 1 1 1 1 1 1 1 1 1 1 1 1 1 1 1 1 1 1 1 1 1 1 1 1 1 1 1 1 1 1 1 1 1 1 1 1 100 1 1 1 1 1 1 1 1 1 1 1 1 1 1 1 1 1 1 1 1 1 1 1 1 1 1 1 1 1 1 1 1 1 1 1 1 1 1 1 1 1 1 1 1 1 1 1 1 1 1 1 1 1 1 1 1 1 1 1 1 1 1 1 1 1 1 1 1 1 1 1 1 1 1 1 1 1 1 1 1 1 1 1 1 1 1 1 1 1 1 1 1 1 1 1 1 1 1 1 1 1 1 1 1 1 1 1 1 1 1 1 1 1 1 1 1 1 1 1 1 1 1 1 1 1 1 1 1 1 1 1 1 1 1 1 1 1 1 1 1 1 1 1 1 1 1 1 1 1 1 1 1 1 1 1 1 1 1 1 1 1 1 1 1 1 1 1 1 1 1 1 1 1 1 1 1 1 1 1 1 1 1 1 1 1 1 1 1 1 1 1 100 1 1 1 1 1 1 1 1 1 1 1 1 1 1 1 1 1 1 1 1 1 1 1 1 1 1 1 1 1 1 1 1 1 1 1 1 1 1 1 1 100 1 1 1 1 100 1 1 1 1 1 1 1 1 1 1 1 1 1 1 1 1 1 1 1 1 1 1 1 1 1 1 1 1 1 1 1 1 1 1 1 1 1 1 1 1 1 1 1 1 1 1 1 1 1 1 1 1 1 1 1 1 100 1 100 1 1 16 15 10 12 16 16 15 10 12 16 1 15 10 12 16 8 1 8 1 15 10 12 16 1 15 10 12 1 16 1 15 10 12 15 10 12 16 15 10 12 15 10 12 15 10 12 15 10 12 15 10 12 8 1 16 15 10 12 16 16 1 15 10 12 16 15 10 12 15 10 12 15 10 12 15 10 12 15 10 12 16 15 10 12 15 10 12 15 10 12 15 10 12 15 10 12 16 15 10 12 8 1 15 10 12 15 10 100 12 1 1 1 15 10 100 12 1 1 1 1 1 1 1 1 1 1 1 1 1 100 1 100 1 1
staticfield org/wso2/ballerinalang/compiler/semantics/analyzer/Types TYPES_KEY Lorg/wso2/ballerinalang/compiler/util/CompilerContext$Key; org/wso2/ballerinalang/compiler/util/CompilerContext$Key
staticfield org/wso2/ballerinalang/compiler/semantics/analyzer/Types DECIMAL_MAX Ljava/math/BigDecimal; java/math/BigDecimal
staticfield org/wso2/ballerinalang/compiler/semantics/analyzer/Types DECIMAL_MIN Ljava/math/BigDecimal; java/math/BigDecimal
staticfield org/wso2/ballerinalang/compiler/semantics/analyzer/Types MIN_DECIMAL_MAGNITUDE Ljava/math/BigDecimal; java/math/BigDecimal
staticfield org/wso2/ballerinalang/compiler/semantics/analyzer/Types $assertionsDisabled Z 1
ciInstanceKlass io/ballerina/types/Env 1 1 370 10 7 12 1 1 1 9 7 12 1 1 1 7 1 10 9 12 1 1 7 1 10 9 12 1 1 9 12 1 9 12 1 7 1 10 9 12 1 1 7 1 10 12 1 9 12 1 1 10 7 12 1 1 1 10 12 1 1 11 7 12 1 1 1 10 12 1 10 12 1 11 12 1 1 10 7 12 1 1 1 9 7 12 1 1 1 10 12 1 1 9 12 1 1 11 12 1 1 11 12 1 100 1 10 12 1 1 11 7 12 1 1 7 1 10 12 1 7 1 11 10 12 1 1 10 12 1 1 7 1 10 12 1 11 12 1 1 100 1 10 12 1 1 100 1 100 1 10 100 12 1 1 1 18 12 1 1 10 12 1 10 12 1 1 10 12 1 1 10 12 1 1 9 12 1 9 12 1 100 1 10 10 12 1 10 100 12 1 1 1 10 100 12 1 1 1 10 12 1 10 12 1 1 9 100 12 1 1 1 10 12 1 1 10 12 1 100 1 10 12 1 10 12 1 1 10 12 10 100 12 1 1 10 12 1 10 12 1 10 12 1 10 12 1 1 10 12 1 100 1 10 1 1 3 1 1 1 1 1 1 1 1 1 1 1 1 1 1 1 1 1 1 1 100 1 1 1 1 1 1 1 1 1 1 1 1 1 1 1 1 1 1 1 1 1 1 1 1 100 1 1 1 1 1 1 1 1 1 1 1 1 1 1 1 1 1 1 1 1 1 1 1 1 1 1 1 1 1 1 1 1 1 1 1 1 1 1 1 1 1 1 1 1 1 1 1 1 1 1 1 8 1 15 10 100 12 1 1 1 1 100 1 1 1 100 1 100 1 1
ciInstanceKlass io/ballerina/types/Context 1 1 102 10 7 12 1 1 1 7 1 10 9 7 12 1 1 1 9 12 1 9 12 1 9 12 1 7 1 10 9 12 1 1 9 12 1 1 9 12 1 1 10 12 1 100 1 10 100 12 1 1 1 100 1 10 12 1 1 100 1 10 12 1 1 100 1 10 12 1 1 100 1 1 1 1 1 1 1 1 1 1 1 1 1 1 1 1 1 1 100 1 1 1 1 1 1 1 1 1 1 1 1 1
ciInstanceKlass org/wso2/ballerinalang/compiler/PackageCache 1 1 232 9 7 12 1 1 1 10 7 12 1 1 1 10 12 1 1 10 12 1 1 10 7 12 1 1 7 1 10 9 12 1 1 9 12 1 10 12 1 1 11 7 12 1 1 100 1 9 12 1 1 11 12 1 11 12 1 10 7 12 1 1 1 9 7 12 1 1 1 9 7 12 1 1 1 10 7 12 1 1 1 11 12 1 11 12 1 1 11 100 12 1 1 1 11 100 12 1 1 1 11 12 1 1 10 12 1 1 9 7 12 1 1 10 12 1 1 9 12 1 10 12 1 18 12 1 1 10 7 12 1 1 1 11 12 1 1 11 100 1 18 12 1 1 11 12 1 1 9 12 1 7 1 10 7 1 10 1 1 1 1 1 1 1 1 1 1 1 1 1 1 1 1 1 1 1 1 1 1 1 1 1 1 1 1 1 1 1 1 1 1 1 1 100 1 1 1 1 1 1 1 1 1 1 1 8 1 16 15 10 12 16 15 10 100 12 1 1 15 10 7 12 1 1 1 1 1 100 1 100 1 1
staticfield org/wso2/ballerinalang/compiler/PackageCache PACKAGE_CACHE_KEY Lorg/wso2/ballerinalang/compiler/util/CompilerContext$Key; org/wso2/ballerinalang/compiler/util/CompilerContext$Key
ciInstanceKlass org/wso2/ballerinalang/compiler/semantics/model/symbols/BEnumSymbol 1 1 94 100 1 5 0 10 7 12 1 1 1 9 7 12 1 1 1 9 7 12 1 1 1 9 12 1 7 1 10 12 1 9 12 1 10 12 1 100 1 11 100 12 1 1 1 11 12 1 1 100 1 1 1 1 1 1 1 1 1 1 1 1 1 1 1 1 1 1 1 1 1 1 1 1 1 1 1 1 1 1 1 1 1 1 1 1 1 1 1 1 1 1 1 1
ciInstanceKlass org/wso2/ballerinalang/compiler/semantics/model/symbols/BClassSymbol 1 1 71 10 7 12 1 1 1 7 1 10 12 1 9 7 12 1 1 1 9 12 1 100 1 11 100 12 1 1 1 9 12 1 1 100 1 1 1 1 1 1 1 1 1 1 1 1 1 1 1 1 1 1 1 1 1 1 1 1 1 1 1 1 1 1 1 1 1 1 1 1 1
ciInstanceKlass org/wso2/ballerinalang/compiler/semantics/model/symbols/BConstantSymbol 1 1 64 100 1 10 7 12 1 1 1 10 7 12 1 1 5 0 9 12 1 1 9 12 1 1 9 7 12 1 1 1 9 12 1 9 12 1 1 100 1 1 1 1 1 1 1 1 1 1 1 1 1 1 1 1 1 1 1 1 1 1 1 1 1 1
ciInstanceKlass org/wso2/ballerinalang/compiler/parser/BLangAnonymousModelHelper 1 1 357 7 1 100 1 10 7 12 1 1 1 9 12 1 1 10 7 12 1 1 1 7 1 10 9 12 1 1 9 12 1 9 12 1 9 12 1 9 12 1 9 12 1 9 12 1 9 12 1 9 12 1 9 12 1 9 12 1 9 12 1 10 12 1 1 10 12 1 11 100 12 1 1 100 1 10 100 12 1 1 1 10 12 1 1 10 12 1 10 12 1 1 11 12 1 9 100 12 1 1 1 10 12 1 1 18 12 1 1 18 11 100 12 1 1 1 10 12 1 1 10 12 1 1 100 1 8 1 10 12 1 11 12 1 1 11 100 12 1 1 11 12 1 1 100 1 10 12 1 1 8 1 18 12 1 1 11 12 1 1 10 12 1 1 11 12 1 10 12 1 18 12 1 18 18 18 18 10 11 12 1 9 100 12 1 1 1 18 18 18 18 9 100 12 1 1 1 10 12 1 1 18 18 7 1 10 1 1 1 1 1 8 1 1 1 8 1 1 8 1 1 8 1 1 8 1 1 8 1 1 8 1 1 8 1 1 8 1 1 8 1 1 8 1 1 8 1 1 8 1 1 1 1 1 1 1 1 1 1 1 1 1 1 1 1 1 1 1 1 1 1 1 1 1 1 1 1 1 1 1 1 1 1 1 1 1 1 1 1 1 1 1 1 1 1 1 1 1 1 1 1 1 1 1 1 1 8 1 8 1 16 15 10 12 16 8 1 8 1 8 1 8 1 8 1 8 1 8 1 8 1 8 1 8 1 8 1 15 10 100 12 1 1 15 10 100 12 1 1 1 1 1 100 1 100 1 1
staticfield org/wso2/ballerinalang/compiler/parser/BLangAnonymousModelHelper ANONYMOUS_MODEL_HELPER_KEY Lorg/wso2/ballerinalang/compiler/util/CompilerContext$Key; org/wso2/ballerinalang/compiler/util/CompilerContext$Key
ciInstanceKlass org/ballerinalang/model/Scope 1 0 7 100 1 100 1 1 1
ciInstanceKlass org/wso2/ballerinalang/compiler/semantics/model/Scope 1 1 75 10 7 12 1 1 1 9 7 12 1 1 1 7 1 10 12 1 9 12 1 1 11 7 12 1 1 1 7 1 9 12 1 1 10 12 1 11 12 1 1 100 1 1 1 1 3 1 1 1 1 1 1 1 1 1 1 1 1 1 1 1 1 1 1 1 1 1 1 1 1 1 1 1 1
staticfield org/wso2/ballerinalang/compiler/semantics/model/Scope NOT_FOUND_ENTRY Lorg/wso2/ballerinalang/compiler/semantics/model/Scope$ScopeEntry; org/wso2/ballerinalang/compiler/semantics/model/Scope$ScopeEntry
ciInstanceKlass org/wso2/ballerinalang/compiler/semantics/model/Scope$ScopeEntry 1 1 31 10 7 12 1 1 1 9 7 12 1 1 1 9 12 1 1 100 1 1 1 1 1 1 1 1 1 100 1 1 1
ciInstanceKlass org/ballerinalang/model/types/TypeKind 1 1 300 7 1 9 12 1 1 9 12 1 9 12 1 9 12 1 9 12 1 9 12 1 9 12 1 9 12 1 9 12 1 9 12 1 9 12 1 9 12 1 9 12 1 9 12 1 9 12 1 9 12 1 9 12 1 9 12 1 9 12 1 9 12 1 9 12 1 9 12 1 9 12 1 9 12 1 9 12 1 9 12 1 9 12 1 9 12 1 9 12 1 9 12 1 9 12 1 9 12 1 9 12 1 9 12 1 9 12 1 9 12 1 9 12 1 9 12 1 9 12 1 9 12 1 9 12 1 9 12 1 9 12 1 1 10 100 12 1 1 10 7 12 1 1 1 10 12 1 1 9 12 1 1 8 8 1 10 12 1 8 8 1 8 8 1 8 8 1 8 8 1 8 8 1 8 8 1 8 8 1 8 8 1 8 8 1 8 8 1 8 8 1 8 8 1 8 8 1 8 8 1 8 8 1 8 8 1 8 8 1 8 8 1 8 8 1 8 8 1 8 8 1 8 8 1 8 8 1 8 8 1 8 8 1 8 8 1 8 8 1 8 8 1 8 8 8 1 8 8 1 8 8 1 8 8 1 8 8 1 8 8 1 8 8 1 8 8 1 8 8 1 8 8 1 8 8 1 8 8 1 10 12 1 1 1 1 1 1 1 1 1 1 1 1 1 1 1 1 1 1
staticfield org/ballerinalang/model/types/TypeKind INT Lorg/ballerinalang/model/types/TypeKind; org/ballerinalang/model/types/TypeKind
staticfield org/ballerinalang/model/types/TypeKind BYTE Lorg/ballerinalang/model/types/TypeKind; org/ballerinalang/model/types/TypeKind
staticfield org/ballerinalang/model/types/TypeKind FLOAT Lorg/ballerinalang/model/types/TypeKind; org/ballerinalang/model/types/TypeKind
staticfield org/ballerinalang/model/types/TypeKind DECIMAL Lorg/ballerinalang/model/types/TypeKind; org/ballerinalang/model/types/TypeKind
staticfield org/ballerinalang/model/types/TypeKind STRING Lorg/ballerinalang/model/types/TypeKind; org/ballerinalang/model/types/TypeKind
staticfield org/ballerinalang/model/types/TypeKind BOOLEAN Lorg/ballerinalang/model/types/TypeKind; org/ballerinalang/model/types/TypeKind
staticfield org/ballerinalang/model/types/TypeKind BLOB Lorg/ballerinalang/model/types/TypeKind; org/ballerinalang/model/types/TypeKind
staticfield org/ballerinalang/model/types/TypeKind TYPEDESC Lorg/ballerinalang/model/types/TypeKind; org/ballerinalang/model/types/TypeKind
staticfield org/ballerinalang/model/types/TypeKind TYPEREFDESC Lorg/ballerinalang/model/types/TypeKind; org/ballerinalang/model/types/TypeKind
staticfield org/ballerinalang/model/types/TypeKind STREAM Lorg/ballerinalang/model/types/TypeKind; org/ballerinalang/model/types/TypeKind
staticfield org/ballerinalang/model/types/TypeKind TABLE Lorg/ballerinalang/model/types/TypeKind; org/ballerinalang/model/types/TypeKind
staticfield org/ballerinalang/model/types/TypeKind JSON Lorg/ballerinalang/model/types/TypeKind; org/ballerinalang/model/types/TypeKind
staticfield org/ballerinalang/model/types/TypeKind XML Lorg/ballerinalang/model/types/TypeKind; org/ballerinalang/model/types/TypeKind
staticfield org/ballerinalang/model/types/TypeKind ANY Lorg/ballerinalang/model/types/TypeKind; org/ballerinalang/model/types/TypeKind
staticfield org/ballerinalang/model/types/TypeKind ANYDATA Lorg/ballerinalang/model/types/TypeKind; org/ballerinalang/model/types/TypeKind
staticfield org/ballerinalang/model/types/TypeKind MAP Lorg/ballerinalang/model/types/TypeKind; org/ballerinalang/model/types/TypeKind
staticfield org/ballerinalang/model/types/TypeKind FUTURE Lorg/ballerinalang/model/types/TypeKind; org/ballerinalang/model/types/TypeKind
staticfield org/ballerinalang/model/types/TypeKind PACKAGE Lorg/ballerinalang/model/types/TypeKind; org/ballerinalang/model/types/TypeKind
staticfield org/ballerinalang/model/types/TypeKind SERVICE Lorg/ballerinalang/model/types/TypeKind; org/ballerinalang/model/types/TypeKind
staticfield org/ballerinalang/model/types/TypeKind CONNECTOR Lorg/ballerinalang/model/types/TypeKind; org/ballerinalang/model/types/TypeKind
staticfield org/ballerinalang/model/types/TypeKind ENDPOINT Lorg/ballerinalang/model/types/TypeKind; org/ballerinalang/model/types/TypeKind
staticfield org/ballerinalang/model/types/TypeKind FUNCTION Lorg/ballerinalang/model/types/TypeKind; org/ballerinalang/model/types/TypeKind
staticfield org/ballerinalang/model/types/TypeKind ANNOTATION Lorg/ballerinalang/model/types/TypeKind; org/ballerinalang/model/types/TypeKind
staticfield org/ballerinalang/model/types/TypeKind ARRAY Lorg/ballerinalang/model/types/TypeKind; org/ballerinalang/model/types/TypeKind
staticfield org/ballerinalang/model/types/TypeKind UNION Lorg/ballerinalang/model/types/TypeKind; org/ballerinalang/model/types/TypeKind
staticfield org/ballerinalang/model/types/TypeKind INTERSECTION Lorg/ballerinalang/model/types/TypeKind; org/ballerinalang/model/types/TypeKind
staticfield org/ballerinalang/model/types/TypeKind VOID Lorg/ballerinalang/model/types/TypeKind; org/ballerinalang/model/types/TypeKind
staticfield org/ballerinalang/model/types/TypeKind NIL Lorg/ballerinalang/model/types/TypeKind; org/ballerinalang/model/types/TypeKind
staticfield org/ballerinalang/model/types/TypeKind NEVER Lorg/ballerinalang/model/types/TypeKind; org/ballerinalang/model/types/TypeKind
staticfield org/ballerinalang/model/types/TypeKind NONE Lorg/ballerinalang/model/types/TypeKind; org/ballerinalang/model/types/TypeKind
staticfield org/ballerinalang/model/types/TypeKind OTHER Lorg/ballerinalang/model/types/TypeKind; org/ballerinalang/model/types/TypeKind
staticfield org/ballerinalang/model/types/TypeKind ERROR Lorg/ballerinalang/model/types/TypeKind; org/ballerinalang/model/types/TypeKind
staticfield org/ballerinalang/model/types/TypeKind TUPLE Lorg/ballerinalang/model/types/TypeKind; org/ballerinalang/model/types/TypeKind
staticfield org/ballerinalang/model/types/TypeKind OBJECT Lorg/ballerinalang/model/types/TypeKind; org/ballerinalang/model/types/TypeKind
staticfield org/ballerinalang/model/types/TypeKind RECORD Lorg/ballerinalang/model/types/TypeKind; org/ballerinalang/model/types/TypeKind
staticfield org/ballerinalang/model/types/TypeKind FINITE Lorg/ballerinalang/model/types/TypeKind; org/ballerinalang/model/types/TypeKind
staticfield org/ballerinalang/model/types/TypeKind CHANNEL Lorg/ballerinalang/model/types/TypeKind; org/ballerinalang/model/types/TypeKind
staticfield org/ballerinalang/model/types/TypeKind HANDLE Lorg/ballerinalang/model/types/TypeKind; org/ballerinalang/model/types/TypeKind
staticfield org/ballerinalang/model/types/TypeKind READONLY Lorg/ballerinalang/model/types/TypeKind; org/ballerinalang/model/types/TypeKind
staticfield org/ballerinalang/model/types/TypeKind TYPEPARAM Lorg/ballerinalang/model/types/TypeKind; org/ballerinalang/model/types/TypeKind
staticfield org/ballerinalang/model/types/TypeKind PARAMETERIZED Lorg/ballerinalang/model/types/TypeKind; org/ballerinalang/model/types/TypeKind
staticfield org/ballerinalang/model/types/TypeKind REGEXP Lorg/ballerinalang/model/types/TypeKind; org/ballerinalang/model/types/TypeKind
staticfield org/ballerinalang/model/types/TypeKind $VALUES [Lorg/ballerinalang/model/types/TypeKind; 42 [Lorg/ballerinalang/model/types/TypeKind;
ciInstanceKlass org/wso2/ballerinalang/compiler/util/BArrayState 1 1 95 7 1 9 12 1 1 9 12 1 9 12 1 9 12 1 1 10 7 12 1 1 10 7 12 1 1 1 10 12 1 1 9 12 1 1 9 12 1 1 10 7 12 1 1 11 7 12 1 1 1 8 10 12 1 8 8 10 12 1 1 10 12 1 7 1 10 12 1 11 12 1 1 1 1 1 1 1 1 1 1 1 1 1 1 1 1 1 1 1 1 1 1 1 1
staticfield org/wso2/ballerinalang/compiler/util/BArrayState CLOSED Lorg/wso2/ballerinalang/compiler/util/BArrayState; org/wso2/ballerinalang/compiler/util/BArrayState
staticfield org/wso2/ballerinalang/compiler/util/BArrayState INFERRED Lorg/wso2/ballerinalang/compiler/util/BArrayState; org/wso2/ballerinalang/compiler/util/BArrayState
staticfield org/wso2/ballerinalang/compiler/util/BArrayState OPEN Lorg/wso2/ballerinalang/compiler/util/BArrayState; org/wso2/ballerinalang/compiler/util/BArrayState
staticfield org/wso2/ballerinalang/compiler/util/BArrayState map Ljava/util/Map; java/util/HashMap
staticfield org/wso2/ballerinalang/compiler/util/BArrayState $VALUES [Lorg/wso2/ballerinalang/compiler/util/BArrayState; 3 [Lorg/wso2/ballerinalang/compiler/util/BArrayState;
ciInstanceKlass  @bci org/wso2/ballerinalang/compiler/semantics/model/types/BUnionType toFlatTypeSet (Ljava/util/LinkedHashSet;)Ljava/util/LinkedHashSet; 4 <appendix> argL0 ; 1 1 23 1 7 1 7 1 100 1 1 12 10 1 1 1 7 1 7 1 1 12 10 1 1
ciInstanceKlass  @bci org/wso2/ballerinalang/compiler/semantics/model/types/BUnionType toFlatTypeSet (Ljava/util/LinkedHashSet;)Ljava/util/LinkedHashSet; 14 <appendix> argL0 ; 1 1 18 1 7 1 7 1 100 1 1 12 10 1 1 1 7 10 1 1
ciInstanceKlass org/wso2/ballerinalang/compiler/semantics/model/symbols/Symbols 1 1 337 10 100 12 1 1 1 7 1 9 7 12 1 1 1 9 12 1 1 10 12 1 10 7 12 1 1 1 10 12 1 9 12 1 1 9 7 12 1 1 10 12 1 1 9 12 1 1 9 12 1 7 1 10 12 1 7 1 100 1 5 0 10 12 1 9 7 12 1 1 1 9 12 1 7 1 10 9 9 12 1 1 7 1 5 0 10 9 12 1 9 100 1 5 0 10 7 1 10 12 1 9 12 1 9 5 0 10 12 1 1 9 12 1 9 7 1 5 0 9 12 1 9 12 1 10 12 1 1 10 100 12 1 1 1 9 100 12 1 1 1 100 1 10 12 1 1 100 1 9 12 1 1 9 7 12 1 1 7 1 10 12 1 7 1 10 12 1 10 12 1 10 100 1 10 12 1 7 1 10 12 1 100 1 10 9 7 12 1 1 1 9 7 12 1 1 1 18 12 1 1 9 7 12 1 1 1 100 1 5 0 5 0 5 0 5 0 5 0 5 0 9 12 5 0 5 0 1 1 1 1 1 1 1 1 1 1 1 1 1 1 1 1 1 1 1 1 1 1 1 1 1 1 1 1 1 1 1 1 1 1 1 1 1 1 1 1 1 1 1 1 1 1 1 1 1 1 1 1 1 1 1 1 1 1 1 1 1 1 1 1 1 1 1 1 1 1 1 1 1 1 1 1 1 1 1 1 1 1 1 1 1 1 1 1 1 1 1 1 1 1 1 1 8 1 15 10 7 12 1 1 1 100 1 100 1 1
ciInstanceKlass org/wso2/ballerinalang/compiler/semantics/model/types/BTupleMember 1 1 31 10 7 12 1 1 1 9 7 12 1 1 1 9 12 1 1 10 100 12 1 1 1 1 1 1 1 1 1 1 1
ciInstanceKlass io/ballerina/types/definition/ListDefinition 1 1 260 10 7 12 1 1 1 9 7 12 1 1 1 9 12 1 1 10 7 12 1 1 1 10 12 1 1 11 7 12 1 1 1 10 12 1 1 9 7 12 1 1 1 9 7 12 1 1 1 10 12 1 9 12 1 1 100 1 10 11 12 1 1 18 12 1 1 11 7 12 1 1 1 11 12 1 1 9 12 1 10 7 12 1 1 1 10 12 1 1 10 7 12 1 1 1 10 12 1 1 9 12 1 11 12 10 12 1 11 12 1 1 10 7 12 1 1 1 10 12 1 1 10 7 12 1 1 10 12 1 1 10 12 1 1 10 12 1 11 12 1 1 7 1 11 12 1 1 10 12 1 10 7 12 1 1 1 9 7 12 1 1 1 10 12 1 1 10 7 12 1 1 1 100 1 1 1 1 1 1 1 1 1 1 1 1 100 1 1 1 1 1 1 1 1 1 1 1 1 1 1 1 1 1 1 1 1 1 1 1 1 1 1 1 1 1 1 100 1 100 1 100 1 1 1 1 1 1 1 1 1 1 1 1 1 1 1 16 1 15 10 12 16 1 15 10 7 12 1 1 1 1 100 1 1 100 1 100 1 1
staticfield io/ballerina/types/definition/ListDefinition $assertionsDisabled Z 1
ciInstanceKlass io/ballerina/types/definition/MappingDefinition 1 1 306 10 7 12 1 1 1 9 7 12 1 1 1 9 12 1 1 10 7 12 1 1 1 10 12 1 1 9 7 12 1 1 1 10 12 1 1 9 7 12 1 1 1 18 12 1 1 11 7 12 1 1 1 7 1 9 12 1 18 7 1 10 7 12 1 1 1 10 12 1 1 10 12 1 1 9 100 12 1 1 1 10 12 1 1 7 1 11 12 1 1 10 12 1 11 12 1 1 11 7 12 1 1 1 11 12 1 1 100 1 10 12 1 1 10 12 1 1 10 12 1 9 12 1 10 7 12 1 1 1 10 12 1 9 12 1 10 7 12 1 1 1 10 7 12 1 1 11 12 1 1 10 12 1 1 10 12 1 1 10 7 12 1 1 1 9 7 12 1 1 1 10 12 1 1 18 7 1 18 12 1 11 7 12 1 1 1 10 7 12 1 1 1 10 10 10 12 1 1 10 12 1 7 1 7 1 100 1 1 1 1 1 1 1 1 1 1 1 1 100 1 1 1 1 1 1 1 1 1 1 1 1 1 100 1 100 1 1 1 1 1 1 1 1 1 1 1 1 1 1 1 1 1 1 1 1 1 1 1 1 1 1 1 1 1 1 1 1 1 1 16 1 15 10 12 16 15 10 12 16 15 10 12 16 16 1 15 10 12 16 15 10 7 12 1 1 1 1 100 1 1 100 1 100 1 1
ciInstanceKlass org/wso2/ballerinalang/compiler/semantics/model/types/BTypeIdSet 1 1 181 10 7 12 1 1 1 9 12 1 1 11 7 12 1 1 1 9 12 1 10 7 1 9 12 1 1 9 12 1 9 12 1 7 1 10 100 1 10 100 1 10 12 1 10 10 12 1 1 10 12 1 1 11 12 1 1 10 12 1 11 12 1 1 11 100 12 1 1 1 11 12 1 1 100 1 10 10 100 12 1 1 1 10 12 1 1 10 12 1 10 12 1 10 12 1 1 10 12 1 11 12 1 11 12 1 11 10 12 1 1 11 100 1 8 1 8 1 8 1 10 12 1 10 12 1 1 10 12 1 10 1 1 1 1 1 1 1 1 1 1 1 1 1 1 1 1 1 1 1 1 1 1 1 1 1 1 1 1 1 1 1 1 1 1 1 1 1 1 1 1 1 1 1 1 1 1 1 1 1 1
ciInstanceKlass org/wso2/ballerinalang/compiler/semantics/model/types/BErrorType$DistinctIdSupplier 1 1 156 9 7 12 1 1 1 10 7 12 1 1 1 9 12 1 1 9 12 1 1 9 12 1 1 7 1 10 11 7 12 1 1 1 11 12 1 1 9 7 12 1 1 1 10 100 12 1 1 1 11 100 12 1 1 1 18 12 1 1 11 100 12 1 1 1 11 12 1 1 10 12 18 12 1 11 12 1 1 100 1 10 100 12 1 1 1 10 12 1 1 7 1 10 10 7 12 1 1 1 100 1 1 1 1 1 1 1 1 1 1 1 1 1 1 1 1 1 1 1 1 1 1 1 1 1 1 1 1 1 1 16 15 10 12 16 15 10 12 15 10 100 12 1 1 1 1 1 100 1 1 100 1 100 1 1
staticfield org/wso2/ballerinalang/compiler/semantics/model/types/BErrorType$DistinctIdSupplier allocatedIds Ljava/util/Map; java/util/Collections$SynchronizedMap
ciInstanceKlass io/ballerina/types/subtypedata/BooleanSubtype 1 1 79 10 7 12 1 1 1 9 7 12 1 1 1 10 12 1 100 1 10 12 1 1 10 12 1 1 9 7 12 1 1 1 10 7 12 1 1 1 10 100 12 1 1 1 10 100 12 1 1 1 10 12 1 1 100 1 1 1 1 1 1 1 1 1 1 1 1 1 1 1 1 1 1 1 1 1 1 1 1
ciInstanceKlass org/wso2/ballerinalang/compiler/semantics/model/types/SemNamedType 1 1 69 10 7 12 1 1 1 9 7 12 1 1 1 9 12 1 1 18 12 1 1 18 12 1 1 18 12 1 1 1 1 1 1 1 1 1 1 1 1 1 1 1 1 1 1 1 1 1 1 1 1 1 8 1 15 15 15 10 100 12 1 1 1 1 100 1 100 1 1
ciInstanceKlass org/wso2/ballerinalang/compiler/util/ImmutableTypeCloner 1 1 1026 10 100 12 1 1 1 9 100 12 1 1 1 9 100 12 1 1 1 9 12 1 1 9 100 12 1 1 1 7 1 10 10 7 12 1 1 1 9 7 12 1 1 1 9 100 12 1 1 1 9 7 1 10 12 1 1 9 12 1 1 10 100 12 1 1 1 11 100 12 1 1 1 100 1 10 9 100 12 1 1 11 100 1 11 7 12 1 1 1 11 12 1 1 100 1 9 12 1 1 9 100 12 1 1 1 11 100 12 1 1 1 9 12 1 100 1 9 12 1 9 7 1 11 12 1 1 9 12 1 10 7 12 1 1 1 9 12 1 1 9 12 1 1 10 12 1 9 100 1 10 12 1 1 9 12 1 1 7 1 5 0 9 9 7 12 1 1 1 11 100 12 1 1 1 9 7 12 1 1 10 7 12 1 1 1 5 0 10 7 12 1 1 1 10 12 1 1 10 12 1 1 7 1 9 12 1 1 100 1 10 12 1 1 10 7 12 1 1 10 12 10 12 1 1 7 1 10 12 1 1 10 12 1 1 10 12 1 1 7 1 10 12 1 1 7 1 10 12 1 1 100 1 10 12 1 1 7 1 10 12 1 1 100 1 10 12 1 1 10 12 1 1 7 1 10 12 1 1 7 1 10 12 1 1 7 1 10 12 1 1 10 12 1 9 10 12 1 1 10 12 1 1 10 10 12 1 10 12 1 9 12 1 10 12 1 9 12 1 9 12 1 1 9 12 1 9 12 1 1 9 12 1 9 12 1 1 9 9 10 10 12 1 9 12 1 9 9 10 12 1 1 9 12 1 1 10 10 12 1 9 12 1 9 12 1 9 10 10 12 1 9 12 1 9 9 10 12 1 1 10 12 1 100 1 11 12 1 10 12 1 9 12 1 9 12 1 10 12 1 1 8 1 9 10 12 1 1 9 7 12 1 1 10 7 12 1 1 10 12 1 1 10 12 1 1 9 12 1 100 1 9 10 12 1 1 10 12 1 1 10 12 1 9 12 1 10 12 1 10 12 1 9 10 10 12 1 1 10 12 1 10 100 12 1 1 1 100 1 10 10 100 12 1 1 1 9 100 12 1 1 5 0 9 12 1 1 9 12 9 100 1 10 12 1 1 9 12 1 9 100 12 1 1 10 12 1 1 10 12 1 1 10 12 1 1 9 12 1 9 10 100 1 10 12 1 1 9 12 1 9 12 1 10 12 1 1 9 12 1 100 1 10 12 1 1 9 12 1 9 12 1 9 9 9 7 12 1 1 1 10 12 1 1 100 1 11 12 1 9 12 1 10 12 1 9 12 1 10 12 1 1 9 100 12 1 1 10 12 1 9 100 1 10 10 12 1 10 12 1 9 10 10 12 1 1 100 1 9 5 0 10 12 1 1 9 10 12 1 1 10 10 9 12 1 1 9 10 12 1 1 9 11 12 1 1 9 12 1 11 100 1 9 9 12 1 10 12 1 1 10 12 1 9 12 1 9 10 100 12 1 1 1 9 10 12 1 11 10 12 1 1 9 10 12 1 1 10 12 1 1 10 12 1 1 10 12 1 1 100 1 10 9 7 1 10 12 1 1 7 1 10 12 1 1 9 10 12 1 10 12 1 1 9 100 12 1 1 1 10 12 1 9 10 10 12 1 1 7 1 10 10 9 10 12 1 1 9 10 10 12 10 10 12 1 9 12 9 9 12 1 10 12 1 1 9 9 7 12 1 1 9 12 1 10 12 1 9 9 12 1 9 12 1 10 12 1 1 9 12 1 9 12 1 9 12 1 10 100 12 1 1 1 18 12 1 1 100 1 5 0 9 12 1 9 12 1 10 7 12 1 1 10 12 1 1 7 1 10 12 1 10 12 1 1 1 1 1 1 1 1 1 1 1 1 1 1 1 1 1 1 1 1 1 1 1 1 1 1 1 1 1 1 1 1 1 1 1 1 1 1 1 1 1 1 1 1 1 1 1 100 1 100 1 1 1 1 1 1 1 1 1 1 1 1 1 1 1 1 1 1 1 1 1 1 1 1 1 1 1 1 1 1 1 1 1 1 1 1 1 1 1 1 1 1 1 1 1 1 1 1 1 1 1 1 1 1 1 1 1 1 1 1 1 1 1 1 1 1 1 1 1 1 1 1 1 1 1 1 1 1 1 1 1 1 1 1 1 1 1 1 1 1 1 1 1 1 1 1 1 1 1 1 1 1 1 1 1 1 1 1 1 1 1 1 1 1 1 1 1 1 1 1 1 1 1 1 1 1 1 1 1 1 1 1 1 1 1 1 1 1 1 8 1 15 10 100 12 1 1 1 100 1 100 1 1
ciInstanceKlass org/wso2/ballerinalang/compiler/util/ImmutableTypeCloner$1 1 1 44 9 7 12 1 1 1 9 12 1 1 10 7 12 1 1 1 10 12 1 1 9 7 12 1 1 1 1 1 1 1 1 1 1 1 1 1 100 1 12 1 1 1 1
ciInstanceKlass org/wso2/ballerinalang/util/Flags 1 1 221 100 1 10 100 12 1 1 1 11 7 12 1 1 1 11 7 12 1 1 1 11 12 1 1 7 1 9 7 12 1 1 1 10 12 1 1 5 0 5 0 5 0 5 0 5 0 5 0 5 0 5 0 5 0 5 0 5 0 5 0 5 0 5 0 5 0 5 0 5 0 5 0 5 0 5 0 5 0 5 0 5 0 5 0 5 0 5 0 5 0 5 0 5 0 5 0 5 0 5 0 5 0 5 0 5 0 5 0 5 0 5 0 100 1 10 10 12 1 1 10 12 1 1 5 0 11 12 1 1 1 1 1 5 0 1 1 1 1 5 0 1 1 1 1 1 1 1 1 1 1 1 1 1 1 1 1 1 1 1 1 1 1 5 0 1 1 1 1 5 0 1 1 1 1 1 1 1 1 1 1 5 0 1 1 1 5 0 1 5 0 1 1 1 1 1 1 1 1 1 1 1 1 1 1 1 1 1 1 1 1 100 1 1 1 1 1 1 1 1 1
ciInstanceKlass org/wso2/ballerinalang/util/Flags$1 1 1 152 10 7 12 1 1 1 9 7 12 1 1 1 9 12 1 1 10 12 1 1 100 1 9 12 1 9 12 1 9 12 1 9 12 1 9 12 1 9 12 1 9 12 1 9 12 1 9 12 1 9 12 1 9 12 1 9 12 1 9 12 1 9 12 1 9 12 1 9 12 1 9 12 1 9 12 1 9 12 1 9 12 1 9 12 1 9 12 1 9 12 1 9 12 1 9 12 1 9 12 1 9 12 1 9 12 1 9 12 1 9 12 1 9 12 1 9 12 1 9 12 1 9 12 1 9 12 1 9 12 1 9 12 1 9 12 1 100 1 1 1 1 1 1 1 1 1 1 100 1 1 1
staticfield org/wso2/ballerinalang/util/Flags$1 $SwitchMap$org$ballerinalang$model$elements$Flag [I 41
instanceKlass org/wso2/ballerinalang/compiler/semantics/model/symbols/BResourceFunction
ciInstanceKlass org/wso2/ballerinalang/compiler/semantics/model/symbols/BAttachedFunction 1 1 83 10 7 12 1 1 1 9 7 12 1 1 1 9 12 1 1 9 12 1 1 9 12 1 1 100 1 10 10 100 12 1 1 1 100 1 5 0 10 100 12 1 1 1 8 1 10 12 1 1 5 0 8 1 8 1 10 12 1 8 1 10 12 1 1 10 12 1 10 12 1 1 1 1 1 1 1 1 1 1 1 1 1
ciInstanceKlass org/wso2/ballerinalang/compiler/semantics/analyzer/TypeParamAnalyzer 1 1 1259 9 7 12 1 1 1 10 7 12 1 1 1 10 12 1 1 10 7 12 1 1 10 12 1 1 10 7 12 1 1 1 9 12 1 1 10 7 12 1 1 9 12 1 1 10 7 12 1 1 9 12 1 1 10 7 12 1 1 9 12 1 1 10 7 12 1 1 9 12 1 1 10 7 12 1 1 1 100 1 5 0 10 100 12 1 1 1 9 12 1 1 9 100 12 1 1 1 100 1 10 10 12 1 1 10 12 1 1 100 1 10 10 12 1 1 9 100 12 1 1 1 11 100 12 1 1 1 10 12 1 1 9 12 1 1 10 12 1 1 9 100 12 1 1 1 9 12 1 10 12 1 1 10 12 1 10 12 1 1 10 12 1 10 12 1 1 9 12 1 1 100 1 9 12 1 100 1 10 12 1 1 11 12 1 1 11 100 12 1 1 11 12 1 1 100 1 9 12 1 100 1 9 100 1 9 9 12 1 100 1 9 12 1 1 10 100 12 1 1 1 11 100 1 100 1 10 12 1 1 100 1 10 5 0 9 12 1 9 12 1 100 1 9 9 100 1 9 12 1 100 1 9 12 1 7 1 10 12 1 1 10 100 1 100 1 9 12 1 100 1 9 10 12 1 1 10 12 1 100 1 10 12 1 10 12 1 1 100 1 10 12 1 10 12 1 1 10 12 1 1 9 12 1 9 12 1 10 12 1 1 10 12 1 1 10 12 1 100 1 5 0 9 12 1 1 9 12 1 1 9 12 1 1 9 100 12 1 1 1 10 12 1 9 100 1 9 12 1 1 9 100 12 1 1 7 1 10 12 1 1 10 12 1 9 7 12 1 1 10 12 1 1 18 12 1 1 10 7 12 1 1 1 9 12 1 10 12 1 10 12 1 100 1 10 12 1 10 12 1 10 12 1 9 12 1 1 10 12 1 10 12 1 10 12 1 1 9 100 12 1 1 1 10 12 1 1 10 12 1 10 12 1 1 100 1 9 10 12 1 10 12 1 1 10 12 1 1 10 12 1 1 10 12 1 1 10 12 1 1 10 12 1 1 10 12 1 1 10 12 1 1 10 12 1 1 10 100 12 1 1 1 9 100 12 1 1 1 100 1 9 12 1 1 10 100 12 1 1 10 12 1 1 10 12 1 1 10 12 1 9 12 1 1 10 12 1 1 100 1 9 12 1 11 12 1 1 11 12 1 100 1 9 12 1 9 12 1 9 12 1 10 12 1 1 10 12 1 11 9 12 1 10 10 10 12 1 10 9 12 1 9 12 1 100 1 10 11 12 1 1 18 12 1 1 11 100 12 1 1 1 18 12 1 1 11 12 1 1 18 12 1 10 100 12 1 1 1 18 12 1 11 12 1 100 1 9 10 12 1 18 12 1 11 9 12 1 10 9 12 1 10 12 1 1 9 18 9 9 100 12 1 1 1 10 12 1 10 12 11 18 18 12 1 10 100 12 1 1 1 11 12 1 1 9 12 1 18 12 1 11 12 1 1 18 10 12 1 10 12 1 10 12 1 10 18 12 1 18 9 100 12 1 1 1 10 12 1 1 9 12 1 10 12 1 9 12 1 1 9 9 12 1 10 12 1 9 12 1 10 12 1 1 10 12 1 1 10 12 1 1 10 12 1 1 10 12 1 1 10 12 1 1 9 12 1 1 9 10 10 12 1 1 10 12 1 1 9 12 1 11 100 1 10 12 1 5 0 9 12 1 1 9 100 12 1 1 10 12 1 1 9 10 100 12 1 1 1 100 1 10 12 1 10 12 1 9 100 1 9 9 9 9 12 1 1 9 100 1 9 9 12 1 10 12 1 1 10 12 1 1 9 12 1 9 12 1 9 12 1 10 12 1 9 10 9 9 10 12 1 10 12 1 9 12 1 1 10 12 1 1 10 12 1 9 10 10 9 12 1 9 5 0 9 12 1 9 100 1 9 10 12 1 1 100 1 9 12 1 10 12 1 10 12 1 9 12 1 9 9 5 0 10 9 10 12 1 1 9 9 9 9 10 9 9 9 100 1 9 12 1 9 12 9 9 10 9 10 12 1 10 12 1 9 9 9 10 12 1 1 10 12 1 1 9 12 1 10 12 1 1 10 12 1 1 100 1 9 9 12 1 9 12 1 9 12 1 10 12 1 9 12 1 10 12 1 100 1 5 0 9 9 12 1 10 9 9 10 12 1 9 10 12 1 10 12 1 1 10 12 1 1 10 12 1 1 7 1 10 1 1 1 1 1 1 1 1 1 1 1 1 1 1 1 1 1 1 1 1 1 1 1 1 1 1 1 1 1 1 1 1 1 1 1 1 1 1 1 1 1 1 1 1 1 1 1 1 1 1 1 1 1 1 1 1 1 1 1 1 1 1 1 1 1 1 1 1 1 1 1 1 1 1 1 1 1 1 1 1 1 1 1 1 1 1 1 1 1 1 1 1 1 1 1 1 1 1 1 1 1 1 1 1 100 1 1 1 1 1 1 1 1 1 1 1 1 1 1 1 1 1 1 1 1 1 1 1 1 1 1 1 1 1 1 1 1 1 1 1 1 1 1 1 1 1 1 1 1 1 1 1 1 1 1 1 1 1 1 1 1 1 1 1 1 1 1 1 1 1 1 1 1 1 1 1 1 1 1 1 1 1 1 1 1 1 1 1 1 1 1 1 1 1 1 1 1 16 1 15 10 12 16 1 16 15 10 12 16 1 16 15 10 12 1 16 1 15 10 12 16 15 16 1 15 10 12 16 15 10 12 15 10 12 16 16 15 16 15 10 12 16 1 15 10 12 16 15 10 12 16 15 10 12 15 10 7 12 1 1 1 1 1 1 1 100 1 100 1 1
staticfield org/wso2/ballerinalang/compiler/semantics/analyzer/TypeParamAnalyzer TYPE_PARAM_ANALYZER_KEY Lorg/wso2/ballerinalang/compiler/util/CompilerContext$Key; org/wso2/ballerinalang/compiler/util/CompilerContext$Key
ciInstanceKlass org/wso2/ballerinalang/compiler/BIRPackageSymbolEnter 1 1 1474 9 7 12 1 1 1 10 7 12 1 1 1 10 12 1 1 10 7 12 1 1 9 12 1 1 7 1 10 9 12 1 1 7 1 10 9 12 1 1 10 12 1 1 10 7 12 1 1 1 9 12 1 1 10 7 12 1 1 9 12 1 1 10 7 12 1 1 9 12 1 1 10 7 12 1 1 9 12 1 1 10 7 12 1 1 9 12 1 1 10 7 12 1 1 9 12 1 1 10 12 1 1 9 12 1 9 12 1 1 7 1 10 12 1 10 12 1 1 10 7 12 1 1 1 7 1 10 9 7 12 1 1 1 9 12 1 9 12 1 1 11 7 12 1 1 7 1 9 12 1 1 10 12 1 1 11 12 1 7 1 10 12 1 9 12 1 1 7 1 10 9 12 1 1 10 12 1 10 12 1 7 1 10 12 1 1 100 1 10 7 12 1 1 1 10 12 1 18 12 1 1 8 1 18 12 1 10 12 1 10 12 1 1 9 12 1 1 10 12 1 1 10 12 1 18 10 12 1 10 12 1 1 18 12 1 10 12 1 1 9 12 1 1 10 12 1 7 1 9 12 1 1 7 1 9 12 1 1 9 12 1 9 12 1 9 12 1 10 12 1 1 9 7 12 1 1 1 10 7 12 1 1 1 9 12 1 10 7 12 1 1 1 18 12 1 1 10 7 12 1 1 1 10 12 1 1 18 7 1 10 9 12 1 1 18 18 10 12 1 1 18 18 18 10 12 1 9 12 1 1 11 7 12 1 1 1 11 7 12 1 1 1 11 12 1 1 7 1 9 12 1 1 10 12 1 1 9 7 12 1 1 100 1 7 1 9 12 1 9 12 1 1 9 7 12 1 1 1 9 7 12 1 1 7 1 9 12 1 7 1 9 12 1 1 10 12 1 1 9 12 1 1 9 7 1 9 12 1 10 12 1 10 12 1 1 9 9 10 7 12 1 1 1 9 12 1 1 9 11 12 1 1 9 12 1 18 7 1 10 12 1 1 10 7 12 1 1 1 10 12 1 1 9 7 12 1 1 1 10 12 1 7 1 10 12 1 1 10 12 1 7 1 10 12 1 1 10 12 1 100 1 10 12 1 10 12 1 7 1 10 10 10 12 1 9 12 1 10 7 12 1 1 1 10 12 1 1 7 1 10 12 1 100 1 10 12 18 10 10 12 1 11 7 12 1 1 10 12 1 1 10 12 1 1 10 12 1 18 9 10 12 1 1 9 12 1 1 11 7 1 10 12 1 1 10 12 1 1 7 1 9 12 1 100 1 5 0 10 12 1 1 10 12 1 1 10 12 1 1 11 7 12 1 1 1 10 7 12 1 1 9 7 12 1 1 9 12 1 9 9 12 1 1 9 9 10 7 1 9 12 1 1 10 12 1 7 1 10 12 1 11 12 1 10 12 1 1 9 12 1 9 100 1 9 12 1 10 12 1 9 12 1 10 12 9 12 1 9 12 1 1 9 12 1 9 12 1 10 12 1 1 10 12 1 1 9 10 12 1 1 7 1 9 12 1 10 12 1 1 11 12 1 1 10 12 1 1 10 12 1 10 12 1 1 10 12 1 10 12 9 12 1 10 7 12 1 1 9 7 1 9 9 12 1 100 1 5 0 10 12 1 10 12 1 10 12 1 1 9 12 1 1 5 0 5 0 5 0 9 7 1 10 12 1 1 7 1 9 12 1 1 9 12 1 9 12 1 9 9 12 5 0 7 1 9 12 1 9 9 9 12 1 1 9 10 12 1 5 0 9 9 12 1 9 12 1 1 9 12 1 7 1 10 9 12 1 9 12 1 9 12 1 10 12 1 1 9 12 1 9 12 1 9 12 1 1 7 1 10 12 1 7 1 9 12 1 7 7 1 10 12 1 10 12 1 1 10 12 1 1 10 12 1 10 12 1 1 9 7 1 10 12 1 1 7 1 10 10 7 12 1 1 1 10 10 12 1 1 7 1 10 12 1 9 9 12 1 9 12 1 7 1 10 12 1 7 1 10 12 1 10 12 1 1 9 12 1 9 7 1 9 12 1 7 1 10 12 1 9 10 12 1 9 10 12 1 1 10 7 12 1 1 9 12 1 10 12 1 10 12 1 1 9 12 1 10 12 1 9 12 1 9 12 1 9 12 1 10 7 12 1 1 9 12 1 9 12 1 7 1 10 7 1 9 12 1 100 1 18 10 9 100 12 1 100 1 100 1 10 12 1 10 12 1 10 12 1 10 12 1 1 5 0 10 9 12 1 9 9 12 1 9 9 5 0 9 9 9 9 12 1 5 0 9 12 1 1 10 5 0 10 12 1 1 18 10 12 1 1 9 9 11 12 1 1 10 12 1 10 12 1 1 7 1 9 12 1 9 12 1 5 0 9 9 9 9 12 1 10 12 1 9 100 1 11 12 1 1 100 1 9 12 1 7 1 9 12 1 100 1 10 12 1 9 7 1 9 9 12 1 100 1 9 9 12 1 7 1 10 12 1 1 10 7 1 7 1 10 12 1 9 12 9 12 9 12 1 10 7 12 1 1 10 12 1 18 10 12 1 10 12 1 1 9 10 12 1 8 1 5 0 9 10 7 12 1 1 1 7 1 10 1 1 1 1 1 1 1 1 1 1 1 1 1 1 1 1 1 1 1 1 1 1 1 1 1 1 1 1 1 100 1 1 1 1 1 100 1 1 1 1 1 1 1 1 1 1 1 1 1 1 1 1 1 1 1 1 1 1 1 1 1 1 1 100 1 1 1 1 1 1 1 1 1 1 1 1 1 1 1 1 1 1 1 1 1 1 1 1 1 1 1 1 1 1 1 1 1 1 1 1 1 1 1 1 1 1 1 1 1 1 1 1 1 1 1 1 1 1 1 1 1 1 1 1 1 1 1 1 1 1 1 1 1 1 1 1 1 1 1 1 1 1 1 1 1 1 1 1 1 1 1 1 1 1 1 1 1 1 1 1 1 1 1 1 1 1 1 1 1 1 1 1 1 1 1 1 1 1 1 1 1 1 1 1 1 1 1 1 1 1 1 1 1 1 1 1 1 1 1 1 1 1 1 1 1 1 1 1 1 1 1 1 1 1 1 1 1 1 1 1 1 1 1 1 1 1 1 1 1 1 1 1 1 100 1 100 1 1 8 1 8 1 8 1 8 1 16 15 10 12 16 15 10 12 15 10 12 15 10 12 15 10 12 15 10 12 15 10 12 15 8 1 8 1 8 1 8 1 8 1 15 10 100 12 1 1 15 10 7 12 1 1 1 1 1 1 100 1 1 1 1 1 100 1 1 1 1 1 1 1 1 1 1 1 1 1 1 100 1 100 1 1
staticfield org/wso2/ballerinalang/compiler/BIRPackageSymbolEnter COMPILED_PACKAGE_SYMBOL_ENTER_KEY Lorg/wso2/ballerinalang/compiler/util/CompilerContext$Key; org/wso2/ballerinalang/compiler/util/CompilerContext$Key
instanceKlass org/wso2/ballerinalang/compiler/bir/writer/CPEntry$ShapeCPEntry
instanceKlass org/wso2/ballerinalang/compiler/bir/writer/CPEntry$ByteCPEntry
instanceKlass org/wso2/ballerinalang/compiler/bir/writer/CPEntry$PackageCPEntry
instanceKlass org/wso2/ballerinalang/compiler/bir/writer/CPEntry$StringCPEntry
instanceKlass org/wso2/ballerinalang/compiler/bir/writer/CPEntry$BooleanCPEntry
instanceKlass org/wso2/ballerinalang/compiler/bir/writer/CPEntry$FloatCPEntry
instanceKlass org/wso2/ballerinalang/compiler/bir/writer/CPEntry$IntegerCPEntry
ciInstanceKlass org/wso2/ballerinalang/compiler/bir/writer/CPEntry 1 1 47 10 7 12 1 1 1 9 7 12 1 1 1 1 1 1 1 1 1 1 1 1 100 1 100 1 100 1 100 1 100 1 100 1 100 1 100 1 1 1 1 1 1 1 1 1 1
ciInstanceKlass org/wso2/ballerinalang/compiler/bir/writer/CPEntry$StringCPEntry 1 1 54 9 7 12 1 1 1 10 7 12 1 1 1 9 7 12 1 1 1 10 100 12 1 1 1 10 100 12 1 1 1 10 12 1 1 1 1 1 1 1 1 1 1 1 1 1 1 1 1 1 1 1 1 1
ciInstanceKlass org/wso2/ballerinalang/compiler/bir/writer/CPEntry$PackageCPEntry 1 1 66 9 7 12 1 1 1 10 7 12 1 1 1 9 7 12 1 1 1 9 12 1 9 12 1 9 12 1 10 100 12 1 1 1 10 100 12 1 1 1 10 100 12 1 1 1 1 1 1 1 1 1 1 1 1 1 1 1 1 1 1 1 1 1 1 1
ciInstanceKlass org/wso2/ballerinalang/compiler/BIRPackageSymbolEnter$BIRPackageSymbolEnv 1 1 47 10 7 12 1 1 1 7 1 10 9 7 12 1 1 1 7 1 10 9 12 1 1 1 1 1 1 1 1 1 1 1 1 1 1 1 1 1 1 1 100 1 1 1 100 1 1
ciInstanceKlass org/wso2/ballerinalang/compiler/bir/writer/CPEntry$Type 1 1 85 7 1 9 12 1 1 9 12 1 9 12 1 9 12 1 9 12 1 9 12 1 9 12 1 9 12 1 1 10 7 12 1 1 10 7 12 1 1 1 10 12 1 1 9 12 1 1 8 10 12 1 8 8 8 8 8 8 10 12 1 1 1 1 1 1 1 1 1 1 1 1 1 1 1 1 1 1 1 1 1 100 1 1 1
staticfield org/wso2/ballerinalang/compiler/bir/writer/CPEntry$Type CP_ENTRY_INTEGER Lorg/wso2/ballerinalang/compiler/bir/writer/CPEntry$Type; org/wso2/ballerinalang/compiler/bir/writer/CPEntry$Type
staticfield org/wso2/ballerinalang/compiler/bir/writer/CPEntry$Type CP_ENTRY_FLOAT Lorg/wso2/ballerinalang/compiler/bir/writer/CPEntry$Type; org/wso2/ballerinalang/compiler/bir/writer/CPEntry$Type
staticfield org/wso2/ballerinalang/compiler/bir/writer/CPEntry$Type CP_ENTRY_BOOLEAN Lorg/wso2/ballerinalang/compiler/bir/writer/CPEntry$Type; org/wso2/ballerinalang/compiler/bir/writer/CPEntry$Type
staticfield org/wso2/ballerinalang/compiler/bir/writer/CPEntry$Type CP_ENTRY_STRING Lorg/wso2/ballerinalang/compiler/bir/writer/CPEntry$Type; org/wso2/ballerinalang/compiler/bir/writer/CPEntry$Type
staticfield org/wso2/ballerinalang/compiler/bir/writer/CPEntry$Type CP_ENTRY_PACKAGE Lorg/wso2/ballerinalang/compiler/bir/writer/CPEntry$Type; org/wso2/ballerinalang/compiler/bir/writer/CPEntry$Type
staticfield org/wso2/ballerinalang/compiler/bir/writer/CPEntry$Type CP_ENTRY_BYTE Lorg/wso2/ballerinalang/compiler/bir/writer/CPEntry$Type; org/wso2/ballerinalang/compiler/bir/writer/CPEntry$Type
staticfield org/wso2/ballerinalang/compiler/bir/writer/CPEntry$Type CP_ENTRY_SHAPE Lorg/wso2/ballerinalang/compiler/bir/writer/CPEntry$Type; org/wso2/ballerinalang/compiler/bir/writer/CPEntry$Type
staticfield org/wso2/ballerinalang/compiler/bir/writer/CPEntry$Type $VALUES [Lorg/wso2/ballerinalang/compiler/bir/writer/CPEntry$Type; 7 [Lorg/wso2/ballerinalang/compiler/bir/writer/CPEntry$Type;
ciInstanceKlass org/wso2/ballerinalang/compiler/BIRPackageSymbolEnter$BIRTypeReader 1 1 1486 7 1 9 7 12 1 1 1 10 7 12 1 1 1 10 7 12 1 1 1 9 12 1 1 9 12 1 1 10 7 12 1 1 1 9 7 12 1 1 1 7 1 10 7 12 1 1 1 10 12 1 1 10 12 1 1 10 12 1 1 10 12 1 1 10 12 1 1 7 1 10 7 12 1 1 1 9 12 1 1 9 12 1 1 9 7 12 1 1 1 9 7 12 1 1 1 10 12 1 7 1 5 0 9 12 1 1 10 12 1 1 9 12 1 1 11 7 12 1 1 1 9 12 1 1 9 12 1 1 10 12 1 1 9 12 1 1 11 7 12 1 1 1 10 12 1 1 9 12 1 10 7 12 1 1 1 9 7 12 1 1 10 7 12 1 1 9 12 1 9 10 12 1 1 9 12 1 1 9 12 1 10 7 12 1 1 1 9 12 1 9 12 1 9 12 1 9 12 1 9 12 1 10 12 1 1 9 12 1 1 10 12 1 1 7 1 9 12 1 9 10 12 1 5 0 10 12 1 1 10 12 1 1 9 12 1 9 12 1 10 7 12 1 1 1 9 12 1 1 10 7 12 1 1 9 12 1 9 12 1 1 9 100 1 9 7 1 9 12 1 1 10 12 1 9 7 12 1 1 1 10 7 12 1 1 1 10 12 1 1 9 12 1 1 9 7 12 1 1 1 9 7 1 10 12 1 1 7 1 10 12 1 9 7 12 1 1 1 7 1 10 12 1 1 10 12 1 9 9 12 1 1 10 7 12 1 1 1 10 12 1 1 9 12 1 9 12 1 9 9 10 12 1 1 7 1 9 12 1 9 12 1 10 12 1 9 12 1 1 9 9 12 1 1 10 7 1 10 12 1 1 10 12 1 1 9 12 1 9 10 12 1 1 9 12 1 100 1 10 10 7 1 9 12 1 9 12 1 1 10 7 12 1 1 1 11 12 1 1 7 1 10 12 1 1 7 1 9 12 1 1 9 10 12 1 9 12 1 10 12 1 100 1 5 0 10 12 1 1 7 1 10 12 1 9 12 1 7 1 10 12 1 9 12 1 10 9 12 1 1 7 1 100 1 9 12 1 10 12 1 9 9 12 1 10 7 1 9 12 1 10 12 1 9 7 1 10 12 1 9 12 1 9 12 1 5 0 9 7 1 9 12 1 1 9 10 12 1 9 9 12 1 11 12 10 12 1 5 0 10 12 1 1 10 9 12 1 9 12 1 9 10 12 1 1 10 7 12 1 1 1 10 12 1 9 12 1 9 12 1 5 0 7 1 10 7 12 1 1 1 10 12 1 9 12 1 5 0 9 12 1 1 10 7 1 7 1 10 10 7 12 1 1 1 9 12 1 10 9 12 1 10 12 1 10 10 12 1 1 10 12 1 1 9 12 1 5 0 7 1 10 12 1 7 1 5 0 10 12 1 7 1 10 12 1 9 12 1 10 9 9 9 12 1 9 12 1 5 0 9 12 1 1 10 12 1 1 9 12 1 1 5 0 7 1 10 12 1 7 1 10 12 1 10 9 7 1 9 12 1 1 9 10 9 10 5 0 9 7 1 10 12 1 1 7 1 10 12 1 10 5 0 10 12 1 1 10 12 1 1 9 7 1 7 1 10 10 9 9 9 10 12 1 9 12 1 1 10 12 1 1 9 9 9 12 1 1 9 12 1 9 12 1 9 12 1 9 12 1 9 12 1 9 12 1 1 9 12 1 1 9 12 1 9 12 1 9 12 1 9 12 1 1 7 1 10 10 12 1 1 11 7 1 7 1 10 12 1 7 1 10 12 1 9 10 12 1 1 10 9 12 1 1 10 7 12 1 1 7 1 7 1 9 7 1 10 12 1 9 9 10 12 1 1 7 1 10 12 1 10 12 1 1 10 12 1 5 0 9 9 12 1 9 12 1 10 7 12 1 1 10 12 1 1 10 12 1 1 10 12 1 10 12 1 10 7 12 1 1 1 7 1 10 12 1 1 10 12 1 1 10 12 1 1 10 12 1 1 10 7 12 1 1 10 12 1 1 10 12 1 1 10 12 1 1 10 12 1 1 100 1 8 1 10 12 1 10 12 1 1 10 100 12 1 1 1 10 12 1 9 100 12 1 1 1 9 12 1 9 12 1 8 1 10 12 1 1 10 12 1 100 1 10 12 1 10 12 1 1 10 12 1 1 10 12 1 1 10 100 12 1 1 1 11 100 12 1 1 10 100 12 1 1 1 100 1 9 12 1 1 10 100 12 1 1 9 100 12 1 1 1 100 1 10 12 1 9 12 1 100 1 10 12 1 9 12 1 8 1 10 12 1 1 10 100 12 1 1 1 10 12 1 1 10 12 1 10 12 1 1 10 12 1 1 10 12 1 1 10 12 1 1 8 1 10 12 1 1 10 12 1 1 10 12 1 10 12 10 12 1 1 9 100 12 1 1 1 10 10 12 1 8 1 10 100 12 1 1 10 100 12 1 1 100 1 10 12 1 10 100 12 1 1 10 12 1 9 12 1 1 9 12 1 10 12 1 11 7 12 1 1 10 12 1 1 10 12 7 1 10 12 1 10 7 12 1 1 1 7 1 10 12 1 1 10 12 1 10 7 12 1 1 1 7 1 10 12 1 1 7 1 7 1 10 12 1 10 12 1 10 12 1 10 7 12 1 1 1 10 12 1 1 10 12 1 1 10 7 12 1 1 7 1 10 12 1 10 7 12 1 1 7 1 10 12 1 10 7 12 1 1 10 100 12 1 1 10 7 12 1 1 1 1 1 1 1 1 1 1 100 1 1 1 1 1 1 1 1 1 1 1 1 1 1 1 1 1 1 1 100 1 1 1 1 1 1 1 1 1 1 1 1 1 1 1 1 1 1 1 1 1 1 1 1 1 1 1 1 1 1 1 1 1 1 1 1 1 1 1 1 1 1 1 1 1 1 1 1 1 1 1 1 1 1 1 1 1 1 1 1 1 1 1 1 1 1 1 1 1 1 1 1 1 1 1 1 1 1 1 1 1 1 1 1 1 1 1 1 1 1 1 1 1 1 1 1 1 1 1 1 1 1 1 1 100 1 1 1 1 1 1 1 1 1 1 1 1 1 1 1 1 1 1 1 1 1 1 1 1 1 1 1 1 1 1 1 1 1 1 1 1 1 1 1 1 1 1 100 1 1 100 1 1 1 1 1 1 1 1 1 1 100 1 1 1 1 1 1 100 1 1 1 1 1 1 1 1 1 1 1 1 1 1 1 100 100 1 1 1 1 1 1 1 1 100 1 1 1 1 1 1 100 1 1 1 100 1 1 1 1 1 1 100 1 1 1 1 1 100 1 100 1 1 1 1 1 1 1 1 1 1 1 1 1 1
staticfield org/wso2/ballerinalang/compiler/BIRPackageSymbolEnter$BIRTypeReader $assertionsDisabled Z 1
ciInstanceKlass org/wso2/ballerinalang/compiler/bir/writer/CPEntry$ShapeCPEntry 1 1 54 9 7 12 1 1 1 10 7 12 1 1 1 9 7 12 1 1 1 10 100 12 1 1 1 10 100 12 1 1 1 10 12 1 1 1 1 1 1 1 1 1 1 1 1 1 1 1 1 1 1 1 1 1
ciInstanceKlass org/ballerinalang/model/elements/MarkdownDocAttachment 1 1 42 10 7 12 1 1 1 7 1 10 12 1 9 7 12 1 1 1 10 9 12 1 1 1 1 1 1 1 1 1 1 1 1 1 1 1 1 1 100 1 1 1
ciInstanceKlass org/ballerinalang/model/types/Field 1 0 11 100 1 100 1 1 1 1 1 1 1
ciInstanceKlass org/wso2/ballerinalang/compiler/semantics/model/types/NamedNode 1 0 9 100 1 100 1 1 1 1 1
ciInstanceKlass org/wso2/ballerinalang/compiler/semantics/model/types/BField 1 1 84 10 7 12 1 1 1 9 7 12 1 1 1 9 12 1 1 9 12 1 1 9 7 12 1 1 1 9 10 12 1 1 10 100 12 1 1 1 9 100 12 1 1 1 10 100 12 1 1 1 10 100 12 1 1 1 10 12 1 1 10 12 1 1 100 1 100 1 1 1 1 1 1 1 1 1 1 1 1 1 1 1 1 1
ciInstanceKlass org/wso2/ballerinalang/compiler/semantics/model/SymbolEnv 1 1 327 10 7 12 1 1 1 9 7 12 1 1 1 9 12 1 1 9 12 1 1 9 12 1 1 9 12 1 1 9 12 1 1 9 12 1 1 9 12 1 1 9 12 1 1 9 12 1 1 9 12 1 10 12 1 1 9 12 1 1 9 12 1 1 10 12 1 10 12 1 1 10 12 1 9 12 1 10 12 1 1 10 12 1 1 9 100 1 10 12 1 10 12 1 1 10 12 1 9 100 12 1 1 1 9 100 1 10 12 1 100 1 9 12 1 1 10 12 1 9 100 1 9 100 1 9 100 1 9 100 1 100 1 10 9 12 1 1 11 100 12 1 1 1 11 100 12 1 1 1 18 12 1 1 11 100 12 1 1 1 18 12 1 1 11 12 1 1 11 100 12 1 1 1 100 1 11 12 1 100 1 11 12 1 1 9 12 1 9 100 12 1 1 1 100 1 5 0 100 1 9 12 1 1 1 1 1 1 1 1 1 1 1 1 1 1 1 1 1 1 1 1 1 1 1 1 1 1 1 1 1 1 1 1 1 1 1 1 1 1 1 1 1 1 1 1 1 1 1 1 1 1 1 1 1 1 1 1 1 1 1 1 1 1 1 1 1 1 1 1 1 1 1 1 1 1 1 1 1 1 1 1 1 1 1 1 1 1 1 1 1 1 1 1 1 100 1 1 16 1 15 10 12 16 16 1 15 10 12 16 1 15 10 100 12 1 1 1 1 1 1 1 100 1 100 1 1
ciInstanceKlass org/wso2/ballerinalang/compiler/util/CompilerUtils 1 1 276 100 1 10 100 12 1 1 1 7 1 8 1 10 100 12 1 1 1 10 100 12 1 1 1 10 12 1 1 8 1 9 100 12 1 1 1 9 100 12 1 1 1 10 7 12 1 1 1 9 12 1 1 10 100 12 1 1 1 10 100 12 1 1 1 10 12 1 1 10 12 1 1 8 1 10 12 1 1 9 7 12 1 1 1 9 7 12 1 10 7 1 9 8 1 9 12 1 9 12 1 10 12 1 9 12 1 18 12 1 1 9 12 1 9 12 1 9 12 1 10 12 1 18 12 1 11 100 12 1 1 1 11 100 12 1 1 11 12 1 1 100 1 9 12 1 9 100 12 1 1 1 10 100 12 1 1 1 9 100 12 1 1 1 100 1 9 12 1 10 100 12 1 1 1 10 100 12 1 1 1 9 100 12 1 1 1 100 1 100 1 9 12 1 1 9 12 1 10 100 12 1 1 100 1 9 10 12 1 1 1 1 1 1 1 1 1 1 1 1 1 1 1 1 1 1 1 1 1 1 1 1 1 1 1 1 1 1 1 1 1 1 1 1 1 1 1 1 1 1 1 1 1 1 1 1 1 1 1 1 8 1 8 1 15 10 7 12 1 1 1 100 1 100 1 1
ciInstanceKlass org/wso2/ballerinalang/compiler/semantics/model/types/BObjectType$DistinctIdSupplier 1 1 156 9 7 12 1 1 1 10 7 12 1 1 1 9 12 1 1 9 12 1 1 9 12 1 1 7 1 10 11 7 12 1 1 1 11 12 1 1 9 7 12 1 1 1 10 100 12 1 1 1 11 100 12 1 1 1 18 12 1 1 11 100 12 1 1 1 11 12 1 1 10 12 18 12 1 11 12 1 1 100 1 10 100 12 1 1 1 10 12 1 1 7 1 10 10 7 12 1 1 1 100 1 1 1 1 1 1 1 1 1 1 1 1 1 1 1 1 1 1 1 1 1 1 1 1 1 1 1 1 1 1 16 15 10 12 16 15 10 12 15 10 100 12 1 1 1 1 1 100 1 1 100 1 100 1 1
staticfield org/wso2/ballerinalang/compiler/semantics/model/types/BObjectType$DistinctIdSupplier allocatedIds Ljava/util/Map; java/util/Collections$SynchronizedMap
ciInstanceKlass org/wso2/ballerinalang/compiler/semantics/model/types/BTypeIdSet$BTypeId 1 1 78 10 7 12 1 1 1 9 7 12 1 1 1 9 12 1 1 9 12 1 1 10 7 12 1 1 1 10 7 12 1 1 1 10 12 1 1 10 100 12 1 1 1 18 12 1 1 1 1 1 1 1 1 1 1 1 1 1 1 1 100 1 1 8 1 15 10 100 12 1 1 1 1 100 1 100 1 1
ciInstanceKlass org/apache/commons/text/translate/NumericEntityUnescaper$OPTION 1 1 56 9 10 7 7 10 10 8 10 9 8 9 8 9 7 1 1 1 1 1 1 1 1 1 1 1 1 1 1 1 1 1 1 1 1 1 1 1 1 1 1 12 7 12 100 1 12 12 12 12 12 1 1 1 1 1
staticfield org/apache/commons/text/translate/NumericEntityUnescaper$OPTION semiColonRequired Lorg/apache/commons/text/translate/NumericEntityUnescaper$OPTION; org/apache/commons/text/translate/NumericEntityUnescaper$OPTION
staticfield org/apache/commons/text/translate/NumericEntityUnescaper$OPTION semiColonOptional Lorg/apache/commons/text/translate/NumericEntityUnescaper$OPTION; org/apache/commons/text/translate/NumericEntityUnescaper$OPTION
staticfield org/apache/commons/text/translate/NumericEntityUnescaper$OPTION errorIfNoSemiColon Lorg/apache/commons/text/translate/NumericEntityUnescaper$OPTION; org/apache/commons/text/translate/NumericEntityUnescaper$OPTION
staticfield org/apache/commons/text/translate/NumericEntityUnescaper$OPTION $VALUES [Lorg/apache/commons/text/translate/NumericEntityUnescaper$OPTION; 3 [Lorg/apache/commons/text/translate/NumericEntityUnescaper$OPTION;
ciMethod java/lang/Object <init> ()V 1024 0 960989 0 128
ciMethod java/lang/Object getClass ()Ljava/lang/Class; 256 0 128 0 -1
ciMethod java/lang/Object hashCode ()I 256 0 128 0 -1
ciMethod java/lang/Object equals (Ljava/lang/Object;)Z 1024 0 5963 0 -1
ciMethod java/lang/String length ()I 630 0 406860 0 -1
ciMethod java/lang/String isEmpty ()Z 512 0 148370 0 112
ciMethod java/lang/String charAt (I)C 530 0 514120 0 -1
ciMethod java/lang/String equals (Ljava/lang/Object;)Z 794 0 6577 0 416
ciMethod java/lang/String indexOf (I)I 518 0 49907 0 -1
ciMethod java/lang/String split (Ljava/lang/String;IZ)[Ljava/lang/String; 770 0 12968 0 -1
ciMethod java/lang/String split (CIZ)[Ljava/lang/String; 1024 8 12959 0 -1
ciMethod java/lang/String split (Ljava/lang/String;)[Ljava/lang/String; 770 0 12960 0 -1
ciMethod java/lang/String valueOf (Ljava/lang/Object;)Ljava/lang/String; 344 0 21321 0 -1
ciMethod java/lang/Class getSuperclass ()Ljava/lang/Class; 256 0 128 0 -1
ciMethod java/lang/System arraycopy (Ljava/lang/Object;ILjava/lang/Object;II)V 256 0 128 0 -1
ciMethod java/lang/RuntimeException <init> (Ljava/lang/String;)V 0 0 705 0 -1
ciMethod java/lang/ClassCastException <init> (Ljava/lang/String;)V 0 0 1 0 -1
ciMethod java/lang/Thread currentThread ()Ljava/lang/Thread; 0 0 1 0 -1
ciMethod java/lang/Thread isVirtual ()Z 108 0 236 0 -1
ciMethod java/util/Map containsKey (Ljava/lang/Object;)Z 0 0 1 0 -1
ciMethod java/util/Map get (Ljava/lang/Object;)Ljava/lang/Object; 0 0 1 0 -1
ciMethod java/util/Map put (Ljava/lang/Object;Ljava/lang/Object;)Ljava/lang/Object; 0 0 1 0 -1
ciMethod java/util/Map values ()Ljava/util/Collection; 0 0 1 0 -1
ciMethod java/util/Map putIfAbsent (Ljava/lang/Object;Ljava/lang/Object;)Ljava/lang/Object; 514 0 651 0 -1
ciMethod java/lang/invoke/MethodHandle asType (Ljava/lang/invoke/MethodType;)Ljava/lang/invoke/MethodHandle; 266 0 1215 0 -1
ciMethod java/lang/invoke/VarHandle asDirect ()Ljava/lang/invoke/VarHandle; 0 0 1 0 -1
ciMethod java/lang/invoke/VarHandle checkAccessModeThenIsDirect (Ljava/lang/invoke/VarHandle$AccessDescriptor;)Z 1024 0 309902 0 -1
ciMethod java/lang/invoke/VarHandle throwWrongMethodTypeException (Ljava/lang/invoke/VarHandle$AccessDescriptor;)V 0 0 1 0 -1
ciMethod java/lang/invoke/VarHandle accessModeType (I)Ljava/lang/invoke/MethodType; 1024 0 51497 0 -1
ciMethod java/lang/invoke/VarHandle getMethodHandle (I)Ljava/lang/invoke/MethodHandle; 0 0 1 0 -1
ciMethod java/lang/StringBuilder <init> ()V 12 0 45924 0 -1
ciMethod java/lang/StringBuilder append (Ljava/lang/Object;)Ljava/lang/StringBuilder; 314 0 7911 0 -1
ciMethod java/lang/StringBuilder append (Ljava/lang/String;)Ljava/lang/StringBuilder; 16 0 87979 0 -1
ciMethod java/lang/StringBuilder append (I)Ljava/lang/StringBuilder; 8 0 9696 0 -1
ciMethod java/lang/StringBuilder append (F)Ljava/lang/StringBuilder; 0 0 1 0 -1
ciMethod java/lang/StringBuilder toString ()Ljava/lang/String; 14 0 45388 0 -1
ciMethod jdk/internal/misc/Unsafe compareAndSetReference (Ljava/lang/Object;JLjava/lang/Object;Ljava/lang/Object;)Z 256 0 128 0 -1
ciMethod jdk/internal/misc/Unsafe compareAndSetInt (Ljava/lang/Object;JII)Z 256 0 128 0 -1
ciMethod jdk/internal/misc/Unsafe unpark (Ljava/lang/Object;)V 38 0 19 0 -1
ciMethod jdk/internal/misc/Unsafe getAndBitwiseAndInt (Ljava/lang/Object;JI)I 68 0 34 0 -1
ciMethod jdk/internal/misc/Unsafe getLongUnaligned (Ljava/lang/Object;J)J 512 0 1487 0 -1
ciMethod jdk/internal/misc/Unsafe getLongUnaligned (Ljava/lang/Object;JZ)J 302 0 5430 0 136
ciMethod jdk/internal/misc/Unsafe getIntUnaligned (Ljava/lang/Object;J)I 832 0 2318 0 -1
ciMethod jdk/internal/misc/Unsafe getIntUnaligned (Ljava/lang/Object;JZ)I 1024 0 12975 0 120
ciMethod jdk/internal/misc/Unsafe convEndian (ZI)I 1024 0 19598 0 0
ciMethod jdk/internal/misc/Unsafe convEndian (ZJ)J 778 0 6239 0 0
ciMethod java/io/ByteArrayInputStream <init> ([B)V 22 0 19812 0 -1
ciMethod java/io/ByteArrayInputStream read ()I 604 0 40673 0 488
ciMethod java/io/ByteArrayInputStream read ([BII)I 860 0 19379 0 1008
ciMethod java/io/InputStream read ()I 0 0 1 0 -1
ciMethod java/io/InputStream read ([BII)I 0 0 1 0 -1
ciMethod java/io/InputStream available ()I 0 0 1 0 -1
ciMethod java/lang/Enum ordinal ()I 454 0 227 0 -1
ciMethod java/lang/Enum getDeclaringClass ()Ljava/lang/Class; 420 0 6680 0 -1
ciMethod java/util/concurrent/ConcurrentHashMap <init> ()V 132 0 1034 0 0
ciMethod java/util/AbstractMap <init> ()V 1024 0 65550 0 80
ciMethod java/util/Collection size ()I 0 0 1 0 -1
ciMethod java/util/Collection iterator ()Ljava/util/Iterator; 0 0 1 0 -1
ciMethod java/util/Collection spliterator ()Ljava/util/Spliterator; 0 0 1 0 -1
ciMethod java/util/Collection stream ()Ljava/util/stream/Stream; 526 0 3360 0 -1
ciMethod java/util/List add (Ljava/lang/Object;)Z 0 0 1 0 -1
ciMethod java/util/List addAll (Ljava/util/Collection;)Z 0 0 1 0 -1
ciMethod java/util/List of ()Ljava/util/List; 1024 0 3677 0 0
ciMethod java/util/ArrayList <init> (I)V 10 0 5169 0 808
ciMethod java/util/ArrayList <init> ()V 1024 0 84354 0 272
ciMethod java/util/ArrayList add (Ljava/lang/Object;[Ljava/lang/Object;I)V 512 0 48228 0 -1
ciMethod java/util/ArrayList add (Ljava/lang/Object;)Z 512 0 48228 0 1944
ciMethod java/util/AbstractList <init> ()V 1024 0 99007 0 88
ciMethod java/util/AbstractCollection <init> ()V 768 0 172121 0 0
ciMethod java/util/AbstractCollection add (Ljava/lang/Object;)Z 0 0 1 0 -1
ciMethod java/util/AbstractCollection addAll (Ljava/util/Collection;)Z 432 2048 8494 0 -1
ciMethod java/nio/Buffer capacity ()I 256 0 128 0 -1
ciMethod java/util/concurrent/locks/AbstractOwnableSynchronizer setExclusiveOwnerThread (Ljava/lang/Thread;)V 266 0 133 0 0
ciMethod java/util/concurrent/locks/AbstractOwnableSynchronizer getExclusiveOwnerThread ()Ljava/lang/Thread; 258 0 129 0 0
ciMethod java/lang/Float isNaN (F)Z 512 0 16716 0 0
ciMethod java/lang/Byte valueOf (B)Ljava/lang/Byte; 70 0 1146 0 -1
ciMethod java/lang/Integer toHexString (I)Ljava/lang/String; 10 0 13 0 -1
ciMethod java/lang/Integer valueOf (I)Ljava/lang/Integer; 144 0 16569 0 -1
ciMethod java/lang/Integer numberOfLeadingZeros (I)I 130 0 5196 0 -1
ciMethod java/lang/Integer reverseBytes (I)I 1024 0 12334 0 -1
ciMethod java/lang/Long reverseBytes (J)J 780 0 1425 0 -1
ciMethod java/util/Iterator hasNext ()Z 0 0 1 0 -1
ciMethod java/util/Iterator next ()Ljava/lang/Object; 0 0 1 0 -1
ciMethod java/util/Set iterator ()Ljava/util/Iterator; 0 0 1 0 -1
ciMethod java/util/Set add (Ljava/lang/Object;)Z 0 0 1 0 -1
ciMethod java/util/Objects checkFromIndexSize (III)I 744 0 42033 0 160
ciMethod java/lang/StringLatin1 equals ([B[B)Z 536 470 5450 0 -1
ciMethod java/lang/Math max (II)I 516 0 154630 0 -1
ciMethod java/lang/Math max (JJ)J 512 0 7692 0 -1
ciMethod java/lang/Math min (II)I 524 0 94504 0 -1
ciMethod java/util/HashMap hash (Ljava/lang/Object;)I 1024 0 49443 0 -1
ciMethod java/util/HashMap tableSizeFor (I)I 522 0 17131 0 0
ciMethod java/util/HashMap <init> (IF)V 882 0 16493 0 0
ciMethod java/util/HashMap <init> (I)V 794 0 4796 0 0
ciMethod java/util/HashMap <init> ()V 1024 0 36704 0 88
ciMethod java/util/HashMap size ()I 258 0 129 0 -1
ciMethod java/util/HashMap isEmpty ()Z 514 0 3624 0 -1
ciMethod java/util/HashMap get (Ljava/lang/Object;)Ljava/lang/Object; 1024 0 9082 0 1160
ciMethod java/util/HashMap getNode (Ljava/lang/Object;)Ljava/util/HashMap$Node; 844 20 7723 0 -1
ciMethod java/util/HashMap put (Ljava/lang/Object;Ljava/lang/Object;)Ljava/lang/Object; 786 0 32330 0 1976
ciMethod java/util/HashMap putVal (ILjava/lang/Object;Ljava/lang/Object;ZZ)Ljava/lang/Object; 754 92 26791 0 -1
ciMethod java/util/HashMap keySet ()Ljava/util/Set; 1024 0 4932 0 -1
ciMethod java/util/HashMap calculateHashMapCapacity (I)I 1024 0 3793 0 -1
ciMethod jdk/internal/util/ArraysSupport newLength (III)I 768 0 5945 0 -1
ciMethod java/util/HashMap$TreeNode getTreeNode (ILjava/lang/Object;)Ljava/util/HashMap$TreeNode; 0 0 1 0 -1
ciMethod jdk/internal/util/Preconditions outOfBoundsCheckFromIndexSize (Ljava/util/function/BiFunction;III)Ljava/lang/RuntimeException; 0 0 1 0 -1
ciMethod jdk/internal/util/Preconditions checkIndex (IILjava/util/function/BiFunction;)I 846 0 5621 0 -1
ciMethod jdk/internal/util/Preconditions checkFromIndexSize (IIILjava/util/function/BiFunction;)I 512 0 73049 0 168
ciMethod java/util/concurrent/locks/ReentrantLock lock ()V 10 0 15169 0 408
ciMethod java/util/concurrent/locks/ReentrantLock unlock ()V 8 0 15168 0 352
ciMethod java/util/concurrent/locks/LockSupport unpark (Ljava/lang/Thread;)V 12 0 22 0 0
ciMethod java/util/AbstractSet <init> ()V 1024 0 63211 0 -1
ciMethod java/io/FileInputStream available ()I 34 0 17 0 0
ciMethod java/io/FileInputStream available0 ()I 34 0 17 0 -1
ciMethod java/io/BufferedInputStream getInIfOpen ()Ljava/io/InputStream; 26 0 26 0 0
ciMethod java/io/BufferedInputStream getBufIfOpen (Z)[B 698 0 4965 0 0
ciMethod java/io/BufferedInputStream getBufIfOpen ()[B 658 0 4943 0 0
ciMethod java/io/BufferedInputStream ensureOpen ()V 1024 0 4912 0 0
ciMethod java/io/BufferedInputStream fill ()V 26 0 20 0 0
ciMethod java/io/BufferedInputStream read ()I 24 0 12 0 0
ciMethod java/io/BufferedInputStream implRead ()I 24 0 12 0 0
ciMethod java/io/BufferedInputStream read1 ([BII)I 1024 0 4915 0 0
ciMethod java/io/BufferedInputStream read ([BII)I 1024 0 3641 0 0
ciMethod java/io/BufferedInputStream implRead ([BII)I 1024 0 4911 0 0
ciMethod jdk/internal/misc/InternalLock lock ()V 542 0 14187 0 488
ciMethod jdk/internal/misc/InternalLock unlock ()V 768 0 14187 0 368
ciMethod java/util/concurrent/locks/ReentrantLock$NonfairSync initialTryLock ()Z 784 0 7658 0 368
ciMethod java/util/concurrent/locks/ReentrantLock$Sync initialTryLock ()Z 0 0 1 0 -1
ciMethod java/util/concurrent/locks/ReentrantLock$Sync lock ()V 10 0 15169 0 0
ciMethod java/util/concurrent/locks/ReentrantLock$Sync tryRelease (I)Z 10 0 7277 0 224
ciMethod java/util/concurrent/locks/AbstractQueuedSynchronizer getState ()I 258 0 129 0 0
ciMethod java/util/concurrent/locks/AbstractQueuedSynchronizer setState (I)V 266 0 133 0 0
ciMethod java/util/concurrent/locks/AbstractQueuedSynchronizer compareAndSetState (II)Z 980 0 1515 0 104
ciMethod java/util/concurrent/locks/AbstractQueuedSynchronizer signalNext (Ljava/util/concurrent/locks/AbstractQueuedSynchronizer$Node;)V 10 0 7289 0 152
ciMethod java/util/concurrent/locks/AbstractQueuedSynchronizer acquire (Ljava/util/concurrent/locks/AbstractQueuedSynchronizer$Node;IZZZJ)I 124 126 62 0 -1
ciMethod java/util/concurrent/locks/AbstractQueuedSynchronizer tryAcquire (I)Z 0 0 1 0 -1
ciMethod java/util/concurrent/locks/AbstractQueuedSynchronizer tryRelease (I)Z 0 0 1 0 -1
ciMethod java/util/concurrent/locks/AbstractQueuedSynchronizer acquire (I)V 0 0 109 0 0
ciMethod java/util/concurrent/locks/AbstractQueuedSynchronizer release (I)Z 10 0 15223 0 0
ciMethod java/nio/ByteBuffer wrap ([B)Ljava/nio/ByteBuffer; 768 0 2630 0 -1
ciMethod java/nio/ByteBuffer position (I)Ljava/nio/ByteBuffer; 514 0 9636 0 -1
ciMethod java/nio/ByteBuffer limit (I)Ljava/nio/ByteBuffer; 774 0 11932 0 -1
ciMethodData java/lang/Object <init> ()V 2 960636 orig 80 1 0 0 0 0 0 0 0 0 0 0 0 0 0 0 0 0 0 0 0 0 0 0 0 0 0 0 0 0 0 0 0 0 0 0 0 0 0 0 0 0 0 0 0 0 0 0 0 0 0 0 0 0 0 0 0 0 0 0 0 0 0 0 0 0 0 0 0 0 0 0 0 0 0 0 0 0 0 0 0 data 4 0x0 0x9 0x1 0x0 oops 0 methods 0
ciMethod jdk/internal/misc/Blocker begin ()J 512 0 6400 0 -1
ciMethod jdk/internal/misc/Blocker end (J)V 768 0 5508 0 -1
ciMethod java/util/Collections unmodifiableList (Ljava/util/List;)Ljava/util/List; 512 0 8502 0 -1
ciMethod java/lang/IllegalArgumentException <init> (Ljava/lang/String;)V 0 0 705 0 -1
ciMethod java/util/HashSet <init> ()V 770 0 13979 0 -1
ciMethod java/util/HashSet <init> (IFZ)V 988 0 12587 0 -1
ciMethod java/util/HashSet iterator ()Ljava/util/Iterator; 1024 0 8609 0 -1
ciMethod java/util/HashSet size ()I 578 0 5943 0 -1
ciMethod java/util/HashSet isEmpty ()Z 514 0 3355 0 -1
ciMethod java/util/HashSet add (Ljava/lang/Object;)Z 1024 0 12906 0 5152
ciMethodData java/lang/String equals (Ljava/lang/Object;)Z 2 6180 orig 80 0 0 0 0 0 0 0 0 0 0 0 0 0 0 0 0 0 0 0 0 0 0 0 0 0 0 0 0 0 0 0 0 0 0 0 0 0 0 0 0 0 0 0 0 0 0 0 0 0 0 0 0 0 0 0 0 0 0 0 0 0 0 0 0 0 0 0 0 0 0 0 0 0 0 0 0 0 0 0 0 data 49 0x20007 0x13d3 0x20 0x451 0x80104 0x0 0x0 0x1b37766d0a8 0x13d2 0x0 0x0 0xb0007 0x1 0xe0 0x13d2 0xf0004 0x0 0x0 0x1b37766d0a8 0x13d2 0x0 0x0 0x160007 0x0 0x40 0x13d2 0x210007 0x0 0x68 0x13d2 0x2c0002 0x13d2 0x2f0007 0x12ee 0x38 0xe4 0x330003 0xe4 0x18 0x0 0x0 0x0 0x0 0x0 0x0 0x9 0x2 0x0 0x0 oops 2 7 java/lang/String 18 java/lang/String methods 0
ciMethodData java/lang/String length ()I 2 406545 orig 80 0 0 0 0 0 0 0 0 0 0 0 0 0 0 0 0 0 0 0 0 0 0 0 0 0 0 0 0 0 0 0 0 0 0 0 0 0 0 0 0 0 0 0 0 0 0 0 0 0 0 0 0 0 0 0 0 0 0 0 0 0 0 0 0 0 0 0 0 0 0 0 0 0 0 0 0 0 0 0 0 data 16 0x60005 0x63411 0x0 0x0 0x0 0x0 0x0 0x0 0x0 0x0 0x0 0x0 0x0 0x9 0x1 0x0 oops 0 methods 0
ciMethod java/util/Optional empty ()Ljava/util/Optional; 642 0 3675 0 -1
ciMethod java/util/Optional of (Ljava/lang/Object;)Ljava/util/Optional; 124 0 1512 0 -1
ciMethod java/util/Optional get ()Ljava/lang/Object; 1024 0 3078 0 -1
ciMethod java/util/Optional isPresent ()Z 1024 0 4130 0 -1
ciMethod java/util/Optional isEmpty ()Z 512 0 3141 0 -1
ciMethod java/util/Optional ifPresent (Ljava/util/function/Consumer;)V 194 0 97 0 -1
ciMethodData java/lang/String isEmpty ()Z 2 148189 orig 80 0 0 0 0 0 0 0 0 0 0 0 0 0 0 0 0 0 0 0 0 0 0 0 0 0 0 0 0 0 0 0 0 0 0 0 0 0 0 0 0 0 0 0 0 0 0 0 0 0 0 0 0 0 0 0 0 0 0 0 0 0 0 0 0 0 0 0 0 0 0 0 0 0 0 0 0 0 0 0 0 data 14 0x50007 0x1c88d 0x38 0x7a4f 0x90003 0x7a4f 0x18 0x0 0x0 0x0 0x0 0x9 0x1 0x0 oops 0 methods 0
ciMethod java/util/stream/StreamSupport stream (Ljava/util/Spliterator;Z)Ljava/util/stream/Stream; 1024 0 5642 0 -1
ciMethod java/util/stream/Stream flatMap (Ljava/util/function/Function;)Ljava/util/stream/Stream; 0 0 1 0 -1
ciMethod java/util/stream/Stream collect (Ljava/util/stream/Collector;)Ljava/lang/Object; 0 0 1 0 -1
ciMethod java/lang/invoke/Invokers$Holder linkToTargetMethod (Ljava/lang/Object;Ljava/lang/Object;Ljava/lang/Object;)Ljava/lang/Object; 1024 0 7766 0 -1
ciMethod java/lang/invoke/Invokers$Holder linkToTargetMethod (Ljava/lang/Object;Ljava/lang/Object;Ljava/lang/Object;Ljava/lang/Object;Ljava/lang/Object;)Ljava/lang/Object; 518 0 2355 0 -1
ciMethod java/lang/invoke/Invokers$Holder linkToTargetMethod (Ljava/lang/Object;)Ljava/lang/Object; 516 0 29539 0 -1
ciMethod java/util/concurrent/locks/AbstractQueuedSynchronizer$Node getAndUnsetStatus (I)I 14 0 34 0 0
ciMethodData java/util/AbstractCollection <init> ()V 2 171749 orig 80 0 0 0 0 0 0 0 0 0 0 0 0 0 0 0 0 0 0 0 0 0 0 0 0 0 0 0 0 0 0 0 0 0 0 0 0 0 0 0 0 0 0 0 0 0 0 0 0 0 0 0 0 0 0 0 0 0 0 0 0 0 0 0 0 0 0 0 0 0 0 0 0 0 0 0 0 0 0 0 0 data 7 0x10002 0x29ee5 0x0 0x0 0x9 0x1 0x0 oops 0 methods 0
ciMethod java/util/stream/Collectors toCollection (Ljava/util/function/Supplier;)Ljava/util/stream/Collector; 30 0 107 0 -1
ciMethod java/util/EnumSet noneOf (Ljava/lang/Class;)Ljava/util/EnumSet; 470 0 9845 0 -1
ciMethod java/util/EnumSet of (Ljava/lang/Enum;)Ljava/util/EnumSet; 412 0 5551 0 0
ciMethod java/util/EnumSet typeCheck (Ljava/lang/Enum;)V 1024 0 7383 0 -1
ciMethod java/util/RegularEnumSet add (Ljava/lang/Enum;)Z 452 0 7383 0 -1
ciMethod java/util/RegularEnumSet add (Ljava/lang/Object;)Z 452 0 7383 0 -1
ciMethodData java/util/HashMap hash (Ljava/lang/Object;)I 2 48939 orig 80 0 0 0 0 0 0 0 0 0 0 0 0 0 0 0 0 0 0 0 0 0 0 0 0 0 0 0 0 0 0 0 0 0 0 0 0 0 0 0 0 0 0 0 0 0 0 0 0 0 0 0 0 0 0 0 0 0 0 0 0 0 0 0 0 0 0 0 0 0 0 0 0 0 0 0 0 0 0 0 0 data 23 0x10007 0xbf2a 0x38 0x2 0x50003 0x2 0x50 0x90005 0x5cd0 0x0 0x1b37766d0a8 0x6247 0x1b37dac8d00 0x13 0x0 0x0 0x0 0x0 0x0 0x0 0x9 0x1 0xffffffffffffffff oops 2 10 java/lang/String 12 jdk/internal/module/ModuleReferenceImpl methods 0
ciMethodData java/util/HashMap putVal (ILjava/lang/Object;Ljava/lang/Object;ZZ)Ljava/lang/Object; 2 26414 orig 80 2 0 0 0 1 0 0 0 0 0 0 0 0 0 0 0 0 0 0 0 0 0 0 5 0 0 0 0 0 0 0 0 0 0 0 0 0 0 0 2 0 0 0 0 0 0 0 0 0 0 0 0 0 0 0 0 0 0 0 0 0 0 0 0 0 0 0 0 0 0 0 0 0 0 0 0 0 0 0 0 data 198 0x70007 0x1b27 0x40 0x4c07 0x100007 0x4c07 0x58 0x0 0x140005 0x1b27 0x0 0x0 0x0 0x0 0x0 0x2c0007 0x1c57 0xa8 0x4ad7 0x380005 0x36 0x0 0x1b37f66d968 0x26a1 0x1b37f66d808 0x2400 0x3b0004 0x0 0x0 0x1b37cf75588 0x26d7 0x1b37d18a080 0x2400 0x3c0003 0x4ad7 0x410 0x450007 0x16fb 0xd0 0x55c 0x510007 0x1d1 0x98 0x38b 0x550007 0x0 0x90 0x38b 0x5b0005 0x355 0x0 0x1b37766d0a8 0x35 0x1b37d18a130 0x1 0x5e0007 0x4 0x38 0x387 0x650003 0x558 0x2a8 0x6a0004 0xffffffffffffe901 0x0 0x1b37cf75588 0x52 0x1b37d18a080 0x25 0x6d0007 0x16ff 0xa8 0x0 0x720004 0x0 0x0 0x0 0x0 0x0 0x0 0x7b0005 0x0 0x0 0x0 0x0 0x0 0x0 0x800003 0x0 0x1c8 0x8e0007 0x61a 0xc8 0x15cd 0x980005 0x20 0x0 0x1b37f66d968 0xc45 0x1b37f66d808 0x968 0x8000000600a20007 0x15cd 0x158 0x1 0xa90005 0x1 0x0 0x0 0x0 0x0 0x0 0xac0003 0x1 0x100 0x8000000600b50007 0x4e5 0xd0 0x136 0xc10007 0x24 0xc8 0x112 0xc50007 0x0 0x90 0x112 0x8000000700cb0005 0x101 0x0 0x1b37766d0a8 0x11 0x1b37766eb58 0x5 0xce0007 0x3 0x38 0x114 0xd10003 0x114 0x30 0xdb0003 0x4e8 0xfffffffffffffe68 0xe00007 0x15ce 0x98 0x690 0xec0007 0x68c 0x40 0x4 0xf10007 0x4 0x20 0x0 0xfd0005 0x0 0x0 0x1b37f66d968 0x4d0 0x1b37f66d808 0x1c0 0x11c0007 0x5ab6 0x58 0x5ef 0x1200005 0x5ef 0x0 0x0 0x0 0x0 0x0 0x1270005 0x56 0x0 0x1b37f66d968 0x32e7 0x1b37f66d808 0x2d68 0x0 0x0 0x0 0x0 0x0 0x0 0x0 0x0 0x0 0x9 0x6 0x0 0x0 0x0 0x0 0x0 0x0 oops 16 22 java/util/HashMap 24 java/util/LinkedHashMap 29 java/util/HashMap$Node 31 java/util/LinkedHashMap$Entry 51 java/lang/String 53 sun/rmi/transport/tcp/TCPEndpoint 65 java/util/HashMap$Node 67 java/util/LinkedHashMap$Entry 97 java/util/HashMap 99 java/util/LinkedHashMap 130 java/lang/String 132 java/lang/reflect/Method 159 java/util/HashMap 161 java/util/LinkedHashMap 177 java/util/HashMap 179 java/util/LinkedHashMap methods 0
ciMethod java/io/IOException <init> (Ljava/lang/String;)V 4 0 529 0 -1
ciMethod java/util/LinkedHashSet <init> (I)V 536 0 6836 0 0
ciMethod java/util/LinkedHashSet <init> ()V 1024 0 1015 0 -1
ciMethod java/util/LinkedHashSet <init> (Ljava/util/Collection;)V 250 0 2682 0 -1
ciMethodData java/util/HashMap put (Ljava/lang/Object;Ljava/lang/Object;)Ljava/lang/Object; 2 31937 orig 80 2 0 0 0 0 0 0 0 0 0 0 0 0 0 0 0 0 0 0 0 0 0 0 0 0 0 0 0 0 0 0 0 0 0 0 0 0 0 0 0 0 0 0 0 0 0 0 0 0 0 0 0 0 0 0 0 0 0 0 0 0 0 0 0 0 0 0 0 0 0 0 0 0 0 0 0 0 0 0 0 data 20 0x20002 0x7cc1 0x90005 0x7cc1 0x0 0x0 0x0 0x0 0x0 0x0 0x0 0x0 0x0 0x0 0x0 0x9 0x3 0xffffffffffffffff 0xffffffffffffffff 0xffffffffffffffff oops 0 methods 0
ciMethod java/util/LinkedHashMap <init> (IF)V 1024 0 13372 0 -1
ciMethod java/util/LinkedHashMap <init> (I)V 460 0 3795 0 0
ciMethod java/util/LinkedHashMap <init> ()V 772 0 4720 0 0
ciMethodData java/util/HashMap getNode (Ljava/lang/Object;)Ljava/util/HashMap$Node; 2 7301 orig 80 0 0 0 0 0 0 0 0 0 0 0 0 0 0 0 0 0 0 0 0 0 0 0 0 0 0 0 0 0 0 0 0 0 0 0 0 0 0 0 0 0 0 0 0 0 0 0 0 0 0 0 0 0 0 0 0 0 0 0 0 0 0 0 0 0 0 0 0 0 0 0 0 0 0 0 0 0 0 0 0 data 103 0x60007 0x2d6 0x2e8 0x19af 0xe0007 0x0 0x2c8 0x19af 0x170002 0x19af 0x210007 0x631 0x298 0x137e 0x2a0007 0x3e0 0xb8 0xf9e 0x350007 0x5c2 0x98 0x9dc 0x390007 0x0 0x78 0x9dc 0x3f0005 0x1b 0x0 0x1b37766d0a8 0x9a1 0x1b37dac7a10 0x20 0x420007 0x1 0x20 0x9db 0x4e0007 0x1f3 0x1c0 0x1ee 0x520004 0xfffffffffffffe12 0x0 0x1b37cf75588 0x9 0x0 0x0 0x550007 0x1ee 0x90 0x0 0x590004 0x0 0x0 0x0 0x0 0x0 0x0 0x5f0005 0x0 0x0 0x0 0x0 0x0 0x0 0x6a0007 0xf3 0xb8 0x16d 0x760007 0xe9 0x98 0x84 0x7a0007 0x0 0x78 0x84 0x800005 0x0 0x0 0x1b37766d0a8 0x80 0x1b37dac7a10 0x4 0x830007 0x0 0x20 0x84 0x910007 0x72 0xffffffffffffff48 0x81 0x0 0x0 0x0 0x0 0x0 0x0 0x9 0x2 0x0 0xffffffffffffffff oops 5 29 java/lang/String 31 java/lang/PublicMethods$Key 44 java/util/HashMap$Node 81 java/lang/String 83 java/lang/PublicMethods$Key methods 0
ciMethodData java/util/HashMap get (Ljava/lang/Object;)Ljava/lang/Object; 2 8662 orig 80 0 0 0 0 0 0 0 0 0 0 0 0 0 0 0 0 0 0 0 0 0 0 0 0 0 0 0 0 0 0 0 0 0 0 0 0 0 0 0 0 0 0 0 0 0 0 0 0 0 0 0 0 0 0 0 0 0 0 0 0 0 0 0 0 0 0 0 0 0 0 0 0 0 0 0 0 0 0 0 0 data 24 0x20005 0x21d7 0x0 0x0 0x0 0x0 0x0 0x70007 0x139d 0x38 0xe3a 0xb0003 0xe3a 0x18 0x0 0x0 0x0 0x0 0x0 0x0 0x9 0x2 0x0 0xffffffffffffffff oops 0 methods 0
ciMethodData java/util/HashSet add (Ljava/lang/Object;)Z 2 14625 orig 80 0 0 0 0 0 0 0 0 0 0 0 0 0 0 0 0 0 0 0 0 0 0 0 0 0 0 0 0 0 0 0 0 0 0 0 0 0 0 0 0 0 0 0 0 0 0 0 0 0 0 0 0 0 0 0 0 0 0 0 0 0 0 0 0 0 0 0 0 0 0 0 0 0 0 0 0 0 0 0 0 data 24 0x80005 0x0 0x0 0x1b37f66d968 0xa3e 0x1b37f66d808 0x2ee4 0xb0007 0x61c 0x38 0x3306 0xf0003 0x3306 0x18 0x0 0x0 0x0 0x0 0x0 0x0 0x9 0x2 0x0 0xffffffffffffffff oops 2 3 java/util/HashMap 5 java/util/LinkedHashMap methods 0
ciMethodData java/util/AbstractMap <init> ()V 2 65059 orig 80 0 0 0 0 0 0 0 0 0 0 0 0 0 0 0 0 0 0 0 0 0 0 0 0 0 0 0 0 0 0 0 0 0 0 0 0 0 0 0 0 0 0 0 0 0 0 0 0 0 0 0 0 0 0 0 0 0 0 0 0 0 0 0 0 0 0 0 0 0 0 0 0 0 0 0 0 0 0 0 0 data 7 0x10002 0xfe24 0x0 0x0 0x9 0x1 0x0 oops 0 methods 0
ciMethodData java/util/AbstractSet <init> ()V 2 62699 orig 80 0 0 0 0 0 0 0 0 0 0 0 0 0 0 0 0 0 0 0 0 0 0 0 0 0 0 0 0 0 0 0 0 0 0 0 0 0 0 0 0 0 0 0 0 0 0 0 0 0 0 0 0 0 0 0 0 0 0 0 0 0 0 0 0 0 0 0 0 0 0 0 0 0 0 0 0 0 0 0 0 data 7 0x10002 0xf4ec 0x0 0x0 0x9 0x1 0x0 oops 0 methods 0
ciMethodData jdk/internal/util/Preconditions checkFromIndexSize (IIILjava/util/function/BiFunction;)I 2 72793 orig 80 0 0 0 0 0 0 0 0 0 0 0 0 0 0 0 0 0 0 0 0 0 0 0 0 0 0 0 0 0 0 0 0 0 0 0 0 0 0 0 0 0 0 0 0 0 0 0 0 0 0 0 0 0 0 0 0 0 0 0 0 0 0 0 0 0 0 0 0 0 0 0 0 0 0 0 0 0 0 0 0 data 22 0x50007 0x0 0x40 0x11c59 0xc0007 0x11c59 0x30 0x0 0x130002 0x0 0x0 0x0 0x0 0x0 0x0 0x0 0x9 0x4 0x0 0x0 0x0 0x0 oops 0 methods 0
ciMethodData java/util/Objects checkFromIndexSize (III)I 2 41661 orig 80 0 0 0 0 0 0 0 0 0 0 0 0 0 0 0 0 0 0 0 0 0 0 0 0 0 0 0 0 0 0 0 0 0 0 0 0 0 0 0 0 0 0 0 0 0 0 0 0 0 0 0 0 0 0 0 0 0 0 0 0 0 0 0 0 0 0 0 0 0 0 0 0 0 0 0 0 0 0 0 0 data 13 0x40002 0xa2bd 0x0 0x0 0x0 0x0 0x0 0x0 0x9 0x3 0x0 0x0 0x0 oops 0 methods 0
ciMethodData java/util/ArrayList add (Ljava/lang/Object;)Z 2 49122 orig 80 0 0 0 0 0 0 0 0 0 0 0 0 0 0 0 0 0 0 0 0 0 0 0 0 0 0 0 0 0 0 0 0 0 0 0 0 0 0 0 0 0 0 0 0 0 0 0 0 0 0 0 0 0 0 0 0 0 0 0 0 0 0 0 0 0 0 0 0 0 0 0 0 0 0 0 0 0 0 0 0 data 17 0x140005 0xbfe2 0x0 0x0 0x0 0x0 0x0 0x0 0x0 0x0 0x0 0x0 0x0 0x9 0x2 0xe 0x0 oops 0 methods 0
ciMethodData java/util/concurrent/locks/ReentrantLock lock ()V 2 15164 orig 80 0 0 0 0 0 0 0 0 0 0 0 0 179 1 0 0 0 0 0 0 0 0 0 0 0 0 0 0 0 0 0 0 0 0 0 0 0 0 0 0 0 0 0 0 0 0 0 0 0 0 0 0 0 0 0 0 0 0 0 0 0 0 0 0 0 0 0 0 0 0 0 0 0 0 0 0 0 0 0 0 data 16 0x40005 0x3b3c 0x0 0x0 0x0 0x0 0x0 0x0 0x0 0x0 0x0 0x0 0x0 0x9 0x1 0x0 oops 0 methods 0
ciMethodData java/util/concurrent/locks/ReentrantLock$Sync lock ()V 2 15164 orig 80 0 0 0 0 0 0 0 0 0 0 0 0 179 1 0 0 0 0 0 0 0 0 0 0 0 0 0 0 0 0 0 0 0 0 0 0 0 0 0 0 0 0 0 0 0 0 0 0 0 0 0 0 0 0 0 0 0 0 0 0 0 0 0 0 0 0 0 0 0 0 0 0 0 0 0 0 0 0 0 0 data 27 0x10005 0x0 0x0 0x1b37ee980c8 0x3b3c 0x0 0x0 0x40007 0x3af2 0x58 0x4b 0x90005 0x4b 0x0 0x0 0x0 0x0 0x0 0x0 0x0 0x0 0x0 0x0 0x0 0x9 0x1 0x0 oops 1 3 java/util/concurrent/locks/ReentrantLock$NonfairSync methods 0
ciMethodData java/util/concurrent/locks/AbstractQueuedSynchronizer acquire (I)V 1 109 orig 80 0 0 0 0 0 0 0 0 0 0 0 0 179 1 0 0 0 0 0 0 0 0 0 0 0 0 0 0 0 0 0 0 0 0 0 0 0 0 0 0 0 0 0 0 0 0 0 0 0 0 0 0 0 0 0 0 0 0 0 0 0 0 0 0 0 0 0 0 0 0 0 0 0 0 0 0 0 0 0 0 data 28 0x20005 0x7 0x0 0x1b37ebb5c48 0x1b 0x1b37ee980c8 0x4b 0x50007 0x3c 0x58 0x31 0xf0005 0x31 0x0 0x0 0x0 0x0 0x0 0x0 0x0 0x0 0x0 0x0 0x0 0x9 0x2 0xffffffffffffffff 0x0 oops 2 3 java/util/concurrent/locks/ReentrantReadWriteLock$FairSync 5 java/util/concurrent/locks/ReentrantLock$NonfairSync methods 0
ciMethodData java/util/concurrent/locks/ReentrantLock unlock ()V 2 15164 orig 80 0 0 0 0 0 0 0 0 0 0 0 0 179 1 0 0 0 0 0 0 0 0 0 0 0 0 0 0 0 0 0 0 0 0 0 0 0 0 0 0 0 0 0 0 0 0 0 0 0 0 0 0 0 0 0 0 0 0 0 0 0 0 0 0 0 0 0 0 0 0 0 0 0 0 0 0 0 0 0 0 data 16 0x50005 0x3b3c 0x0 0x0 0x0 0x0 0x0 0x0 0x0 0x0 0x0 0x0 0x0 0x9 0x1 0x0 oops 0 methods 0
ciMethodData java/util/concurrent/locks/AbstractQueuedSynchronizer release (I)Z 2 15218 orig 80 0 0 0 0 0 0 0 0 0 0 0 0 179 1 0 0 0 0 0 0 0 0 0 0 0 0 0 0 0 0 0 0 0 0 0 0 0 0 0 0 0 0 0 0 0 0 0 0 0 0 0 0 0 0 0 0 0 0 0 0 0 0 0 0 0 0 0 0 0 0 0 0 0 0 0 0 0 0 0 0 data 23 0x20005 0xd 0x0 0x1b37ee980c8 0x3b4a 0x1b37ebb5c48 0x1b 0x50007 0x2f 0x30 0x3b42 0xc0002 0x3b42 0x0 0x0 0x0 0x0 0x0 0x0 0x9 0x2 0x0 0x0 oops 2 3 java/util/concurrent/locks/ReentrantLock$NonfairSync 5 java/util/concurrent/locks/ReentrantReadWriteLock$FairSync methods 0
ciMethodData java/util/concurrent/locks/ReentrantLock$Sync tryRelease (I)Z 2 7272 orig 80 0 0 0 0 0 0 0 0 0 0 0 0 179 1 0 0 0 0 0 0 0 0 0 0 0 0 0 0 0 0 0 0 0 0 0 0 0 0 0 0 0 0 0 0 0 0 0 0 0 0 0 0 0 0 0 0 0 0 0 0 0 0 0 0 0 0 0 0 0 0 0 0 0 0 0 0 0 0 0 0 data 57 0x10005 0x1c68 0x0 0x0 0x0 0x0 0x0 0x80005 0x1c68 0x0 0x0 0x0 0x0 0x0 0xb0002 0x1c68 0xe0007 0x1c68 0x30 0x0 0x150002 0x0 0x1a0007 0x26 0x38 0x1c42 0x1e0003 0x1c42 0x18 0x240007 0x26 0x58 0x1c42 0x290005 0x1c42 0x0 0x0 0x0 0x0 0x0 0x2e0005 0x1c68 0x0 0x0 0x0 0x0 0x0 0x0 0x0 0x0 0x0 0x0 0x0 0x9 0x2 0x0 0x0 oops 0 methods 0
ciMethodData java/util/concurrent/locks/AbstractQueuedSynchronizer signalNext (Ljava/util/concurrent/locks/AbstractQueuedSynchronizer$Node;)V 2 7284 orig 80 0 0 0 0 0 0 0 0 0 0 0 0 179 1 0 0 0 0 0 0 0 0 0 0 0 0 0 0 0 0 0 0 0 0 0 0 0 0 0 0 0 0 0 0 0 0 0 0 0 0 0 0 0 0 0 0 0 0 0 0 0 0 0 0 0 0 0 0 0 0 0 0 0 0 0 0 0 0 0 0 data 30 0x10007 0x1a2d 0xa8 0x248 0xa0007 0x19e 0x88 0xaa 0x110007 0x9d 0x68 0xd 0x160005 0xd 0x0 0x0 0x0 0x0 0x0 0x1e0002 0xd 0x0 0x0 0x0 0x0 0x0 0x0 0x9 0x1 0x0 oops 0 methods 0
ciMethodData java/util/ArrayList <init> (I)V 2 5164 orig 80 0 0 0 0 0 0 0 0 0 0 0 0 179 1 0 0 0 0 0 0 0 0 0 0 0 0 0 0 0 0 0 0 0 0 0 0 0 0 0 0 0 0 0 0 0 0 0 0 0 0 0 0 0 0 0 0 0 0 0 0 0 0 0 0 0 0 0 0 0 0 0 0 0 0 0 0 0 0 0 0 data 51 0x10002 0x142c 0x50007 0x10 0x38 0x141c 0x100003 0x141c 0x118 0x140007 0x0 0x38 0x10 0x1e0003 0x10 0xe0 0x290002 0x0 0x2e0005 0x0 0x0 0x0 0x0 0x0 0x0 0x320005 0x0 0x0 0x0 0x0 0x0 0x0 0x350005 0x0 0x0 0x0 0x0 0x0 0x0 0x380002 0x0 0x0 0x0 0x0 0x0 0x0 0x0 0x9 0x2 0xe 0x0 oops 0 methods 0
ciMethod java/lang/invoke/VarHandleGuards guard_LI_I (Ljava/lang/invoke/VarHandle;Ljava/lang/Object;ILjava/lang/invoke/VarHandle$AccessDescriptor;)I 1024 0 244852 0 -1
ciMethod java/lang/invoke/VarHandleGuards guard_LI_J (Ljava/lang/invoke/VarHandle;Ljava/lang/Object;ILjava/lang/invoke/VarHandle$AccessDescriptor;)J 302 0 52186 0 -1
ciMethod java/lang/invoke/VarForm getMemberName (I)Ljava/lang/invoke/MemberName; 1024 0 309306 0 -1
ciMethod java/lang/invoke/VarForm resolveMemberName (I)Ljava/lang/invoke/MemberName; 36 0 18 0 -1
ciMethod java/util/Collections$UnmodifiableList <init> (Ljava/util/List;)V 512 0 8695 0 -1
ciMethod java/util/Collections$UnmodifiableRandomAccessList <init> (Ljava/util/List;)V 512 0 8689 0 -1
ciMethodData java/util/HashMap <init> ()V 2 36214 orig 80 0 0 0 0 0 0 0 0 0 0 0 0 0 0 0 0 0 0 0 0 0 0 0 0 0 0 0 0 0 0 0 0 0 0 0 0 0 0 0 0 0 0 0 0 0 0 0 0 0 0 0 0 0 0 0 0 0 0 0 0 0 0 0 0 0 0 0 0 0 0 0 0 0 0 0 0 0 0 0 0 data 9 0x10002 0x8d77 0x0 0x0 0x0 0x0 0x9 0x1 0x10 oops 0 methods 0
ciMethodData java/lang/Float isNaN (F)Z 2 16460 orig 80 0 0 0 0 0 0 0 0 0 0 0 0 0 0 0 0 0 0 0 0 0 0 0 0 0 0 0 0 0 0 0 0 0 0 0 0 0 0 0 0 0 0 0 0 0 0 0 0 0 0 0 0 0 0 0 0 0 0 0 0 0 0 0 0 0 0 0 0 0 0 0 0 0 0 0 0 0 0 0 0 data 11 0x30007 0x404c 0x38 0x0 0x70003 0x0 0x18 0x0 0x9 0x1 0x0 oops 0 methods 0
ciMethodData java/util/HashMap tableSizeFor (I)I 2 16870 orig 80 0 0 0 0 0 0 0 0 0 0 0 0 0 0 0 0 0 0 0 0 0 0 0 0 0 0 0 0 0 0 0 0 0 0 0 0 0 0 0 0 0 0 0 0 0 0 0 0 0 0 0 0 0 0 0 0 0 0 0 0 0 0 0 0 0 0 0 0 0 0 0 0 0 0 0 0 0 0 0 0 data 25 0x40002 0x41e6 0xa0007 0x3710 0x38 0xad6 0xe0003 0xad6 0x50 0x140007 0x3710 0x38 0x0 0x190003 0x0 0x18 0x0 0x0 0x0 0x0 0x0 0x0 0x9 0x1 0x0 oops 0 methods 0
ciMethod java/nio/channels/SeekableByteChannel position ()J 0 0 1 0 -1
ciMethod java/nio/channels/SeekableByteChannel size ()J 0 0 1 0 -1
ciMethod java/util/regex/Pattern$Start <init> (Ljava/util/regex/Pattern$Node;)V 322 0 1587 0 -1
ciMethod java/util/Collections$SynchronizedMap putIfAbsent (Ljava/lang/Object;Ljava/lang/Object;)Ljava/lang/Object; 1024 0 621 0 0
ciMethod java/util/regex/Pattern compile (Ljava/lang/String;)Ljava/util/regex/Pattern; 1024 0 2327 0 -1
ciMethod java/util/regex/Pattern split (Ljava/lang/CharSequence;I)[Ljava/lang/String; 0 0 9 0 -1
ciMethod java/util/regex/Pattern splitWithDelimiters (Ljava/lang/CharSequence;I)[Ljava/lang/String; 0 0 1 0 -1
ciMethod java/util/regex/Pattern split (Ljava/lang/CharSequence;IZ)[Ljava/lang/String; 0 0 365 0 -1
ciMethod java/util/regex/Pattern <init> (Ljava/lang/String;I)V 1024 0 2335 0 -1
ciMethod java/util/regex/Pattern compile ()V 356 4122 2314 0 -1
ciMethod java/util/regex/Pattern error (Ljava/lang/String;)Ljava/util/regex/PatternSyntaxException; 0 0 1 0 -1
ciMethod sun/nio/ch/ChannelInputStream read (Ljava/nio/ByteBuffer;)I 412 0 3166 0 -1
ciMethod sun/nio/ch/ChannelInputStream read ([BII)I 512 0 3728 0 0
ciMethod sun/nio/ch/ChannelInputStream available ()I 768 0 2018 0 0
ciMethodData java/util/AbstractList <init> ()V 2 98513 orig 80 0 0 0 0 0 0 0 0 0 0 0 0 0 0 0 0 0 0 0 0 0 0 0 0 0 0 0 0 0 0 0 0 0 0 0 0 0 0 0 0 0 0 0 0 0 0 0 0 0 0 0 0 0 0 0 0 0 0 0 0 0 0 0 0 0 0 0 0 0 0 0 0 0 0 0 0 0 0 0 0 data 9 0x10002 0x180d2 0x0 0x0 0x0 0x0 0x9 0x1 0x6 oops 0 methods 0
ciMethodData java/util/ArrayList <init> ()V 2 84214 orig 80 0 0 0 0 0 0 0 0 0 0 0 0 0 0 0 0 0 0 0 0 0 0 0 0 0 0 0 0 0 0 0 0 0 0 0 0 0 0 0 0 0 0 0 0 0 0 0 0 0 0 0 0 0 0 0 0 0 0 0 0 0 0 0 0 0 0 0 0 0 0 0 0 0 0 0 0 0 0 0 0 data 9 0x10002 0x148f7 0x0 0x0 0x0 0x0 0x9 0x1 0x0 oops 0 methods 0
ciMethodData java/util/List of ()Ljava/util/List; 2 4228 orig 80 0 0 0 0 0 0 0 0 0 0 0 0 0 0 0 0 0 0 0 0 0 0 0 0 0 0 0 0 0 0 0 0 0 0 0 0 0 0 0 0 0 0 0 0 0 0 0 0 0 0 0 0 0 0 0 0 0 0 0 0 0 0 0 0 0 0 0 0 0 0 0 0 0 0 0 0 0 0 0 0 data 4 0x0 0x0 0x9 0x0 oops 0 methods 0
ciMethod java/lang/IllegalStateException <init> (Ljava/lang/String;)V 0 0 1 0 -1
ciMethod java/util/LinkedList linkFirst (Ljava/lang/Object;)V 408 0 5119 0 0
ciMethod java/util/LinkedList unlinkFirst (Ljava/util/LinkedList$Node;)Ljava/lang/Object; 408 0 5329 0 -1
ciMethod java/util/LinkedList removeFirst ()Ljava/lang/Object; 408 0 5329 0 0
ciMethod java/util/LinkedList addFirst (Ljava/lang/Object;)V 408 0 5109 0 0
ciMethod java/util/LinkedList push (Ljava/lang/Object;)V 408 0 4523 0 0
ciMethod java/util/LinkedList pop ()Ljava/lang/Object; 408 0 4523 0 0
ciMethod java/util/LinkedList$Node <init> (Ljava/util/LinkedList$Node;Ljava/lang/Object;Ljava/util/LinkedList$Node;)V 946 0 5282 0 0
ciMethod java/lang/invoke/VarHandleByteArrayAsInts$ArrayHandle index ([BI)I 1024 0 247203 0 -1
ciMethod java/lang/invoke/VarHandleByteArrayAsInts$ArrayHandle get (Ljava/lang/invoke/VarHandle;Ljava/lang/Object;I)I 1024 0 234188 0 -1
ciMethod java/lang/invoke/VarHandleByteArrayAsLongs$ArrayHandle index ([BI)I 312 0 53396 0 -1
ciMethod java/lang/invoke/VarHandleByteArrayAsLongs$ArrayHandle get (Ljava/lang/invoke/VarHandle;Ljava/lang/Object;I)J 302 0 52573 0 -1
ciMethodData jdk/internal/misc/Unsafe getIntUnaligned (Ljava/lang/Object;JZ)I 2 12463 orig 80 1 0 0 0 0 0 0 0 0 0 0 0 0 0 0 0 0 0 0 0 0 0 0 0 0 0 0 0 0 0 0 0 0 0 0 0 0 0 0 0 0 0 0 0 0 0 0 0 0 0 0 0 0 0 0 0 0 0 0 0 0 0 0 0 0 0 0 0 0 0 0 0 0 0 0 0 0 0 0 0 data 25 0x5000b 0x5eb 0x0 0x0 0x0 0x0 0x0 0x2 0x1 0x1b37768ade0 0x80002 0x30b0 0x0 0x0 0x0 0x0 0x0 0x0 0x9 0x5 0x0 0x0 0x0 0x0 0x0 oops 1 9 [B methods 0
ciMethodData jdk/internal/misc/Unsafe convEndian (ZI)I 2 19086 orig 80 0 0 0 0 0 0 0 0 0 0 0 0 0 0 0 0 0 0 0 0 0 0 0 0 0 0 0 0 0 0 0 0 0 0 0 0 0 0 0 1 0 0 0 0 0 0 0 0 0 0 0 0 0 0 0 0 0 0 0 0 0 0 0 0 0 0 0 0 0 0 0 0 0 0 0 0 0 0 0 0 data 19 0x8000000600040007 0x2e2f 0x38 0x1c61 0x80003 0x1c61 0x28 0xc0002 0x2e2f 0x0 0x0 0x0 0x0 0x0 0x0 0x9 0x2 0x0 0x0 oops 0 methods 0
ciMethodData java/lang/invoke/VarHandle checkAccessModeThenIsDirect (Ljava/lang/invoke/VarHandle$AccessDescriptor;)Z 2 309734 orig 80 1 0 0 0 1 0 0 0 0 0 0 0 0 0 0 0 0 0 0 0 0 0 0 0 0 0 0 0 0 0 0 0 0 0 0 0 0 0 0 2 0 0 0 0 0 0 0 0 0 0 0 0 0 0 0 0 0 0 0 0 0 0 0 0 0 0 0 0 0 0 0 0 0 0 0 0 0 0 0 0 data 32 0x8000000600040007 0x3f2ba 0xb0 0xc72f 0xc0005 0xc72f 0x0 0x0 0x0 0x0 0x0 0x130007 0xc72f 0x58 0x0 0x180005 0x0 0x0 0x0 0x0 0x0 0x0 0x0 0x0 0x0 0x0 0x0 0x0 0x9 0x2 0x0 0x0 oops 0 methods 0
ciMethodData java/lang/invoke/VarForm getMemberName (I)Ljava/lang/invoke/MemberName; 2 309132 orig 80 0 0 0 0 0 0 0 0 0 0 0 0 0 0 0 0 0 0 0 0 0 0 0 0 0 0 0 0 0 0 0 0 0 0 0 0 0 0 0 0 0 0 0 0 0 0 0 0 0 0 0 0 0 0 0 0 0 0 0 0 0 0 0 0 0 0 0 0 0 0 0 0 0 0 0 0 0 0 0 0 data 27 0x80007 0x4b78b 0x88 0x2 0xd0005 0x2 0x0 0x0 0x0 0x0 0x0 0x120007 0x2 0x30 0x0 0x190002 0x0 0x0 0x0 0x0 0x0 0x0 0x0 0x9 0x2 0x0 0x0 oops 0 methods 0
ciMethodData java/lang/invoke/VarHandleGuards guard_LI_I (Ljava/lang/invoke/VarHandle;Ljava/lang/Object;ILjava/lang/invoke/VarHandle$AccessDescriptor;)I 2 244680 orig 80 1 0 0 0 0 0 0 0 0 0 0 0 0 0 0 0 0 0 0 0 0 0 0 0 0 0 0 0 0 0 0 0 0 0 0 0 0 0 0 0 0 0 0 0 0 0 0 0 0 0 0 0 0 0 0 0 0 0 0 0 0 0 0 0 0 0 0 0 0 0 0 0 0 0 0 0 0 0 0 0 data 93 0x2000b 0x2164 0x0 0x1b37ebb9ff0 0x39009 0x1b37ebbc680 0xa5c 0x2 0x1 0x1b37ebb9cf8 0x90007 0x0 0xc0 0x3bbca 0x1c0007 0x0 0xa0 0x3bbca 0x2a000b 0x3bbca 0x0 0x0 0x0 0x0 0x0 0x1 0x1b37766f6f8 0x2d000a 0x3bbca 0x4 0x0 0x2 0x1 0x1b37768ade0 0x36000b 0x0 0x0 0x0 0x0 0x0 0x0 0x1 0x0 0x41000b 0x0 0x0 0x0 0x0 0x0 0x0 0x3 0x1 0x1b37766f938 0x0 0x45000b 0x0 0x0 0x0 0x0 0x0 0x0 0x1 0x0 0x4a000b 0x0 0x0 0x0 0x0 0x0 0x0 0x4 0x1 0x0 0x2 0x0 0x0 0x0 0x0 0x0 0x0 0x0 0x9 0x4 0x0 0x0 0x0 0x0 0xc 0x4 0x0 0x2 0x1 0x1b37768ade0 oops 7 3 java/lang/invoke/VarHandleByteArrayAsInts$ArrayHandle 5 java/lang/invoke/VarHandleByteArrayAsShorts$ArrayHandle 9 java/lang/invoke/VarHandle$AccessDescriptor 26 java/lang/invoke/MemberName 33 [B 52 java/lang/invoke/MethodType 92 [B methods 0
ciMethodData java/lang/invoke/VarHandleByteArrayAsInts$ArrayHandle get (Ljava/lang/invoke/VarHandle;Ljava/lang/Object;I)I 2 233711 orig 80 0 0 0 0 0 0 0 0 0 0 0 0 0 0 0 0 0 0 0 0 0 0 0 0 0 0 0 0 0 0 0 0 0 0 0 0 0 0 0 0 0 0 0 0 0 0 0 0 0 0 0 0 0 0 0 0 0 0 0 0 0 0 0 0 0 0 0 0 0 0 0 0 0 0 0 0 0 0 0 0 data 37 0x10004 0x0 0x0 0x1b37ebb9ff0 0x19a1 0x0 0x0 0x60004 0x0 0x0 0x1b37768ade0 0x19a1 0x0 0x0 0x130002 0x390ef 0x20000b 0x390ef 0x0 0x0 0x0 0x0 0x0 0x2 0x1 0x1b37768ade0 0x0 0x0 0x0 0x0 0x0 0x0 0x9 0x3 0x0 0x0 0x0 oops 3 3 java/lang/invoke/VarHandleByteArrayAsInts$ArrayHandle 10 [B 25 [B methods 0
ciMethodData java/lang/invoke/VarHandleByteArrayAsInts$ArrayHandle index ([BI)I 2 246878 orig 80 0 0 0 0 0 0 0 0 0 0 0 0 0 0 0 0 0 0 0 0 0 0 0 0 0 0 0 0 0 0 0 0 0 0 0 0 0 0 0 0 0 0 0 0 0 0 0 0 0 0 0 0 0 0 0 0 0 0 0 0 0 0 0 0 0 0 0 0 0 0 0 0 0 0 0 0 0 0 0 0 data 12 0x80002 0x3c45b 0x0 0x0 0x0 0x0 0x0 0x0 0x9 0x2 0x0 0x0 oops 0 methods 0
ciMethod jdk/internal/util/ByteArray getInt ([BI)I 614 0 196495 0 0
ciMethod jdk/internal/util/ByteArray getLong ([BI)J 302 0 47313 0 0
ciMethod java/util/NoSuchElementException <init> ()V 0 0 1 0 -1
ciMethodData java/util/HashSet iterator ()Ljava/util/Iterator; 2 8312 orig 80 0 0 0 0 0 0 0 0 0 0 0 0 0 0 0 0 0 0 0 0 0 0 0 0 0 0 0 0 0 0 0 0 0 0 0 0 0 0 0 0 0 0 0 0 0 0 0 0 0 0 0 0 0 0 0 0 0 0 0 0 0 0 0 0 0 0 0 0 0 0 0 0 0 0 0 0 0 0 0 0 data 23 0x40005 0x0 0x0 0x1b37f66d968 0xfda 0x1b37f66d808 0x109f 0x70005 0x0 0x0 0x1b37ddeb938 0xfda 0x1b37ddeb9e8 0x109f 0x0 0x0 0x0 0x0 0x0 0x0 0x9 0x1 0x0 oops 4 3 java/util/HashMap 5 java/util/LinkedHashMap 10 java/util/HashMap$KeySet 12 java/util/LinkedHashMap$LinkedKeySet methods 0
ciMethod java/lang/AssertionError <init> ()V 0 0 1 0 -1
ciMethodData java/util/concurrent/locks/AbstractQueuedSynchronizer compareAndSetState (II)Z 2 1025 orig 80 0 0 0 0 0 0 0 0 0 0 0 0 0 0 0 0 0 0 0 0 0 0 0 0 0 0 0 0 0 0 0 0 0 0 0 0 0 0 0 0 0 0 0 0 0 0 0 0 0 0 0 0 0 0 0 0 0 0 0 0 0 0 0 0 0 0 0 0 0 0 0 0 0 0 0 0 0 0 0 0 data 18 0x90005 0x0 0x0 0x0 0x0 0x0 0x0 0x0 0x0 0x0 0x0 0x0 0x0 0x9 0x3 0x0 0x0 0x0 oops 0 methods 0
ciMethodData java/util/concurrent/locks/AbstractQueuedSynchronizer$Node getAndUnsetStatus (I)I 1 27 orig 80 0 0 0 0 0 0 0 0 0 0 0 0 179 1 0 0 0 0 0 0 0 0 0 0 0 0 0 0 0 0 0 0 0 0 0 0 0 0 0 0 0 0 0 0 0 0 0 0 0 0 0 0 0 0 0 0 0 0 0 0 0 0 0 0 0 0 0 0 0 0 0 0 0 0 0 0 0 0 0 0 data 20 0xa000b 0x1b 0x0 0x0 0x0 0x0 0x0 0x2 0x1 0x2 0x0 0x0 0x0 0x0 0x0 0x0 0x9 0x2 0xffffffffffffffff 0x0 oops 0 methods 0
ciMethodData java/util/concurrent/locks/LockSupport unpark (Ljava/lang/Thread;)V 1 16 orig 80 0 0 0 0 0 0 0 0 0 0 0 0 179 1 0 0 0 0 0 0 0 0 0 0 0 0 0 0 0 0 0 0 0 0 0 0 0 0 0 0 0 0 0 0 0 0 0 0 0 0 0 0 0 0 0 0 0 0 0 0 0 0 0 0 0 0 0 0 0 0 0 0 0 0 0 0 0 0 0 0 data 36 0x10007 0x1 0xd8 0xf 0x50005 0xf 0x0 0x0 0x0 0x0 0x0 0x80007 0xf 0x48 0x0 0xc0002 0x0 0xf0003 0x0 0x50 0x160005 0xf 0x0 0x0 0x0 0x0 0x0 0x0 0x0 0x0 0x0 0x0 0x0 0x9 0x1 0xffffffffffffffff oops 0 methods 0
ciMethodData java/util/concurrent/locks/ReentrantLock$NonfairSync initialTryLock ()Z 2 7266 orig 80 0 0 0 0 0 0 0 0 0 0 0 0 0 0 0 0 0 0 0 0 0 0 0 0 0 0 0 0 0 0 0 0 0 0 0 0 0 0 0 0 0 0 0 0 0 0 0 0 0 0 0 0 0 0 0 0 0 0 0 0 0 0 0 0 0 0 0 0 0 0 0 0 0 0 0 0 0 0 0 0 data 60 0x2 0x1c62 0x70005 0x1c62 0x0 0x0 0x0 0x0 0x0 0xa0007 0x8 0x58 0x1c5b 0xf0005 0x1c5b 0x0 0x0 0x0 0x0 0x0 0x150005 0x8 0x0 0x0 0x0 0x0 0x0 0x190007 0x6 0xc0 0x2 0x1d0005 0x2 0x0 0x0 0x0 0x0 0x0 0x240007 0x2 0x30 0x0 0x2d0002 0x0 0x330005 0x2 0x0 0x0 0x0 0x0 0x0 0x0 0x0 0x0 0x0 0x0 0x0 0x9 0x1 0x0 oops 0 methods 0
ciMethodData java/util/LinkedHashMap <init> ()V 2 4338 orig 80 0 0 0 0 0 0 0 0 0 0 0 0 0 0 0 0 0 0 0 0 0 0 0 0 0 0 0 0 0 0 0 0 0 0 0 0 0 0 0 0 0 0 0 0 0 0 0 0 0 0 0 0 0 0 0 0 0 0 0 0 0 0 0 0 0 0 0 0 0 0 0 0 0 0 0 0 0 0 0 0 data 9 0x10002 0x10f2 0x0 0x0 0x0 0x0 0x9 0x1 0x70 oops 0 methods 0
ciMethodData java/util/regex/Pattern compile ()V 2 2136 orig 80 0 0 0 0 0 0 0 0 0 0 0 0 0 0 0 0 0 0 0 0 0 0 0 0 0 0 0 0 0 0 0 0 0 0 0 0 0 0 0 0 0 0 0 0 0 0 0 0 0 0 0 0 0 0 0 0 0 0 0 0 0 0 0 0 0 0 0 0 0 0 0 0 0 0 0 0 0 0 0 0 data 318 0x40005 0x858 0x0 0x0 0x0 0x0 0x0 0x70007 0x858 0xa0 0x0 0xd0005 0x0 0x0 0x0 0x0 0x0 0x0 0x100007 0x0 0x48 0x0 0x180002 0x0 0x1e0003 0x0 0x18 0x2e0005 0x858 0x0 0x0 0x0 0x0 0x0 0x4e0007 0x858 0xb0 0x80ea 0x560005 0x80ea 0x0 0x0 0x0 0x0 0x0 0x5b0002 0x80ea 0x5e0007 0x80ea 0x20 0x0 0x720002 0x80ea 0x770003 0x80ea 0xffffffffffffff68 0x820005 0x858 0x0 0x0 0x0 0x0 0x0 0x850007 0x0 0x58 0x858 0x890005 0x858 0x0 0x0 0x0 0x0 0x0 0xa90002 0x858 0xb20005 0x858 0x0 0x0 0x0 0x0 0x0 0xb50007 0x858 0x70 0x0 0xc60005 0x0 0x0 0x0 0x0 0x0 0x0 0xd60003 0x0 0x1b0 0xde0005 0x858 0x0 0x0 0x0 0x0 0x0 0xec0007 0x858 0x160 0x0 0xf00005 0x0 0x0 0x0 0x0 0x0 0x0 0xf50007 0x0 0x58 0x0 0xfc0005 0x0 0x0 0x0 0x0 0x0 0x0 0x10a0007 0x0 0x78 0x0 0x11a0007 0x0 0x58 0x0 0x1210005 0x0 0x0 0x0 0x0 0x0 0x0 0x1290005 0x0 0x0 0x0 0x0 0x0 0x0 0x1310004 0xfffffffffffffb16 0x0 0x1b37f283208 0x36e 0x0 0x0 0x1340007 0x4ea 0xc0 0x36e 0x13c0002 0x36e 0x14a0007 0x36e 0x1b0 0x0 0x1520007 0x0 0x48 0x0 0x15d0002 0x0 0x1600003 0x0 0x28 0x16b0002 0x0 0x1710003 0x0 0x138 0x1780004 0xfffffffffffffd2d 0x0 0x1b37f2832b8 0x217 0x0 0x0 0x17b0007 0x217 0x78 0x2d3 0x1820004 0xfffffffffffffd2d 0x0 0x0 0x0 0x0 0x0 0x1850007 0x2d3 0x38 0x0 0x1900003 0x217 0x70 0x1980007 0x2d0 0x48 0x3 0x1a30002 0x3 0x1a60003 0x3 0x28 0x1b10002 0x2d0 0x1bb0007 0x0 0x1c8 0x858 0x1c20005 0x0 0x0 0x1b377670b08 0x858 0x0 0x0 0x1c90005 0x0 0x0 0x1b37f283368 0x8f4 0x0 0x0 0x1ce0007 0x858 0x138 0x9c 0x1d20005 0x0 0x0 0x1b37f283368 0x9c 0x0 0x0 0x1d70004 0x0 0x0 0x1b37f283418 0x9c 0x0 0x0 0x1de0004 0x0 0x0 0x1b37f283418 0x9c 0x0 0x0 0x1e10007 0x0 0x58 0x9c 0x1e60004 0x0 0x0 0x1b37f283418 0x9c 0x0 0x0 0x1f70003 0x9c 0xfffffffffffffea8 0x0 0x0 0x0 0x0 0x0 0x0 0x0 0x0 0x0 0x0 0x0 0x0 0x0 0x0 0x0 0x0 0x0 0x0 0x0 0x0 0x0 0x0 0x0 0x0 0x0 0x0 0x0 0x0 0x0 0x0 0x0 0x0 0x0 0x0 0x0 0x0 0x0 0x0 0x0 0x0 0x0 0x0 0x0 0x9 0x1 0x0 oops 8 151 java/util/regex/Pattern$Slice 182 java/util/regex/Pattern$Begin 222 java/util/ArrayList 229 java/util/ArrayList$Itr 240 java/util/ArrayList$Itr 247 java/util/regex/Pattern$Loop 254 java/util/regex/Pattern$Loop 265 java/util/regex/Pattern$Loop methods 0
ciMethodData java/util/Collections unmodifiableList (Ljava/util/List;)Ljava/util/List; 2 8436 orig 80 0 0 0 0 0 0 0 0 0 0 0 0 0 0 0 0 0 0 0 0 0 0 0 0 0 0 0 0 0 0 0 0 0 0 0 0 0 0 0 0 0 0 0 0 0 0 0 0 0 0 0 0 0 0 0 0 0 0 0 0 0 0 0 0 0 0 0 0 0 0 0 0 0 0 0 0 0 0 0 0 data 49 0x10005 0x10b1 0x0 0x1b377670b08 0x101a 0x1b37cff2a88 0x29 0x80007 0x0 0x78 0x20f4 0xc0005 0x10b1 0x0 0x1b377670b08 0x101a 0x1b37cff2a88 0x29 0x130007 0x20f4 0x20 0x0 0x190004 0xfffffffffffffffa 0x0 0x1b377670b08 0x101a 0x1b37cff2a88 0x29 0x1c0007 0x6 0x48 0x20ee 0x240002 0x20ee 0x270003 0x20ee 0x28 0x2f0002 0x6 0x0 0x0 0x0 0x0 0x0 0x0 0x9 0x1 0xffffffffffffffff oops 6 3 java/util/ArrayList 5 java/util/Arrays$ArrayList 14 java/util/ArrayList 16 java/util/Arrays$ArrayList 25 java/util/ArrayList 27 java/util/Arrays$ArrayList methods 0
ciMethodData java/util/regex/Pattern <init> (Ljava/lang/String;I)V 2 1823 orig 80 0 0 0 0 0 0 0 0 0 0 0 0 0 0 0 0 0 0 0 0 0 0 0 0 0 0 0 0 0 0 0 0 0 0 0 0 0 0 0 0 0 0 0 0 0 0 0 0 0 0 0 0 0 0 0 0 0 0 0 0 0 0 0 0 0 0 0 0 0 0 0 0 0 0 0 0 0 0 0 0 data 83 0x10002 0x720 0x90007 0x720 0xf8 0x0 0x140002 0x0 0x190005 0x0 0x0 0x0 0x0 0x0 0x0 0x1d0002 0x0 0x200005 0x0 0x0 0x0 0x0 0x0 0x0 0x230005 0x0 0x0 0x0 0x0 0x0 0x0 0x260002 0x0 0x3c0007 0x720 0x20 0x0 0x650005 0x720 0x0 0x0 0x0 0x0 0x0 0x680007 0x251 0xa8 0x4cf 0x6c0005 0x4cf 0x0 0x0 0x0 0x0 0x0 0x6f0003 0x4cf 0x60 0x760005 0x0 0x0 0x0 0x0 0x0 0x0 0x820002 0x251 0x0 0x0 0x0 0x0 0x0 0x0 0x0 0x0 0x0 0x0 0x0 0x9 0x3 0xffffffffffffffff 0x0 0x0 oops 0 methods 0
ciMethodData java/util/regex/Pattern compile (Ljava/lang/String;)Ljava/util/regex/Pattern; 2 1815 orig 80 0 0 0 0 0 0 0 0 0 0 0 0 0 0 0 0 0 0 0 0 0 0 0 0 0 0 0 0 0 0 0 0 0 0 0 0 0 0 0 0 0 0 0 0 0 0 0 0 0 0 0 0 0 0 0 0 0 0 0 0 0 0 0 0 0 0 0 0 0 0 0 0 0 0 0 0 0 0 0 0 data 8 0x60002 0x718 0x0 0x0 0x0 0x9 0x1 0x0 oops 0 methods 0
ciMethodData java/util/HashMap <init> (I)V 2 4399 orig 80 0 0 0 0 0 0 0 0 0 0 0 0 0 0 0 0 0 0 0 0 0 0 0 0 0 0 0 0 0 0 0 0 0 0 0 0 0 0 0 0 0 0 0 0 0 0 0 0 0 0 0 0 0 0 0 0 0 0 0 0 0 0 0 0 0 0 0 0 0 0 0 0 0 0 0 0 0 0 0 0 data 9 0x40002 0x112f 0x0 0x0 0x0 0x9 0x2 0x18 0x0 oops 0 methods 0
ciMethodData java/util/HashMap <init> (IF)V 2 16052 orig 80 0 0 0 0 0 0 0 0 0 0 0 0 179 1 0 0 0 0 0 0 0 0 0 0 0 0 0 0 0 0 0 0 0 0 0 0 0 0 0 0 0 0 0 0 0 0 0 0 0 0 0 0 0 0 0 0 0 0 0 0 0 0 0 0 0 0 0 0 0 0 0 0 0 0 0 0 0 0 0 0 data 83 0x10002 0x3eb4 0x50007 0x3eb4 0xe8 0x0 0x100002 0x0 0x150005 0x0 0x0 0x0 0x0 0x0 0x0 0x190005 0x0 0x0 0x0 0x0 0x0 0x0 0x1c0005 0x0 0x0 0x0 0x0 0x0 0x0 0x1f0002 0x0 0x260007 0x3eb4 0x20 0x0 0x2f0007 0x0 0x50 0x3eb4 0x330002 0x3eb4 0x360007 0x3eb4 0xe8 0x0 0x410002 0x0 0x460005 0x0 0x0 0x0 0x0 0x0 0x0 0x4a0005 0x0 0x0 0x0 0x0 0x0 0x0 0x4d0005 0x0 0x0 0x0 0x0 0x0 0x0 0x500002 0x0 0x5b0002 0x3eb4 0x0 0x0 0x0 0x0 0x0 0x0 0x9 0x3 0x18 0x0 0x0 oops 0 methods 0
ciMethodData java/lang/String split (Ljava/lang/String;)[Ljava/lang/String; 2 12575 orig 80 0 0 0 0 0 0 0 0 0 0 0 0 0 0 0 0 0 0 0 0 0 0 0 0 0 0 0 0 0 0 0 0 0 0 0 0 0 0 0 0 0 0 0 0 0 0 0 0 0 0 0 0 0 0 0 0 0 0 0 0 0 0 0 0 0 0 0 0 0 0 0 0 0 0 0 0 0 0 0 0 data 17 0x40005 0x311f 0x0 0x0 0x0 0x0 0x0 0x0 0x0 0x0 0x0 0x0 0x0 0x9 0x2 0xffffffffffffffff 0x0 oops 0 methods 0
ciMethodData java/lang/String split (Ljava/lang/String;IZ)[Ljava/lang/String; 2 12583 orig 80 0 0 0 0 0 0 0 0 0 0 0 0 179 1 0 0 0 0 0 0 0 0 0 0 0 0 0 0 0 0 0 0 0 0 0 0 0 0 0 0 0 0 0 0 0 0 0 0 0 0 0 0 0 0 0 0 0 0 0 0 0 0 0 0 0 0 0 0 0 0 0 0 0 0 0 0 0 0 0 0 data 120 0x40005 0x3127 0x0 0x0 0x0 0x0 0x0 0x80007 0x2a87 0xb0 0x6a0 0x100005 0x6a0 0x0 0x0 0x0 0x0 0x0 0x160005 0x6a0 0x0 0x0 0x0 0x0 0x0 0x1a0007 0x6a0 0x168 0x0 0x1e0005 0x2a87 0x0 0x0 0x0 0x0 0x0 0x220007 0x8 0x188 0x2a7f 0x270005 0x2a7f 0x0 0x0 0x0 0x0 0x0 0x2c0007 0x1 0x130 0x2a7e 0x310005 0x2a7e 0x0 0x0 0x0 0x0 0x0 0x400007 0x0 0xd8 0x2a7e 0x4e0007 0x0 0xb8 0x2a7e 0x5c0007 0x0 0x98 0x2a7e 0x640007 0x311e 0x40 0x0 0x6c0007 0x0 0x58 0x0 0x740005 0x311e 0x0 0x0 0x0 0x0 0x0 0x790002 0x9 0x7f0007 0x9 0x70 0x0 0x860005 0x0 0x0 0x0 0x0 0x0 0x0 0x890003 0x0 0x50 0x900005 0x9 0x0 0x0 0x0 0x0 0x0 0x0 0x0 0x0 0x0 0x0 0x0 0x9 0x4 0xffffffffffffffff 0x0 0x0 0x0 oops 0 methods 0
ciMethodData java/util/concurrent/ConcurrentHashMap <init> ()V 1 968 orig 80 0 0 0 0 0 0 0 0 0 0 0 0 179 1 0 0 0 0 0 0 0 0 0 0 0 0 0 0 0 0 0 0 0 0 0 0 0 0 0 0 0 0 0 0 0 0 0 0 0 0 0 0 0 0 0 0 0 0 0 0 0 0 0 0 0 0 0 0 0 0 0 0 0 0 0 0 0 0 0 0 data 7 0x10002 0x3c8 0x0 0x0 0x9 0x1 0x0 oops 0 methods 0
ciMethodData java/util/regex/Pattern split (Ljava/lang/CharSequence;IZ)[Ljava/lang/String; 1 365 orig 80 0 0 0 0 0 0 0 0 0 0 0 0 179 1 0 0 0 0 0 0 0 0 0 0 0 0 0 0 0 0 0 0 0 0 0 0 0 0 0 0 0 0 0 0 0 0 0 0 0 0 0 0 0 0 0 0 0 0 0 0 0 0 0 0 0 0 0 0 0 0 0 0 0 0 0 0 0 0 0 0 data 313 0x70007 0x165 0x38 0x8 0xb0003 0x8 0x18 0x150002 0x16d 0x1c0005 0x16d 0x0 0x0 0x0 0x0 0x0 0x230005 0x5c1 0x0 0x0 0x0 0x0 0x0 0x260007 0x16d 0x500 0x454 0x2b0007 0x446 0x40 0xe 0x330007 0x6 0x370 0x8 0x380007 0x425 0x120 0x29 0x3f0005 0x29 0x0 0x0 0x0 0x0 0x0 0x420007 0x20 0xc8 0x9 0x470005 0x9 0x0 0x0 0x0 0x0 0x0 0x4c0005 0x9 0x0 0x0 0x0 0x0 0x0 0x4f0007 0x9 0x38 0x0 0x520003 0x0 0xfffffffffffffe60 0x5a0005 0x44e 0x0 0x0 0x0 0x0 0x0 0x5d0005 0x0 0x0 0x1b37766d0a8 0x44e 0x0 0x0 0x620005 0x0 0x0 0x1b37766d0a8 0x44e 0x0 0x0 0x6d0005 0x0 0x0 0x1b377670b08 0x44e 0x0 0x0 0x730005 0x44e 0x0 0x0 0x0 0x0 0x0 0x790007 0x44e 0x100 0x0 0x810005 0x0 0x0 0x0 0x0 0x0 0x0 0x860005 0x0 0x0 0x0 0x0 0x0 0x0 0x8b0005 0x0 0x0 0x0 0x0 0x0 0x0 0x900005 0x0 0x0 0x0 0x0 0x0 0x0 0x970003 0x44e 0xfffffffffffffc30 0x9f0007 0x0 0xfffffffffffffc18 0x6 0xa60005 0x0 0x0 0x1b37766d0a8 0x6 0x0 0x0 0xab0005 0x0 0x0 0x1b37766d0a8 0x6 0x0 0x0 0xb00005 0x0 0x0 0x1b37766d0a8 0x6 0x0 0x0 0xbb0005 0x0 0x0 0x1b377670b08 0x6 0x0 0x0 0xc10005 0x6 0x0 0x0 0x0 0x0 0x0 0xc90003 0x6 0xfffffffffffffae0 0xce0007 0x29 0x90 0x144 0xd80005 0x0 0x0 0x1b37766d0a8 0x144 0x0 0x0 0xdd0004 0x0 0x0 0x1b37766d0a8 0x144 0x0 0x0 0xe10007 0x21 0x40 0x8 0xe70007 0x6 0x100 0x2 0xf00005 0x0 0x0 0x1b37766d0a8 0x23 0x0 0x0 0xf50005 0x0 0x0 0x1b37766d0a8 0x23 0x0 0x0 0xfa0005 0x0 0x0 0x1b37766d0a8 0x23 0x0 0x0 0xff0005 0x0 0x0 0x1b377670b08 0x23 0x0 0x0 0x1050005 0x0 0x0 0x1b377670b08 0x29 0x0 0x0 0x10b0007 0x8 0x120 0x21 0x1100007 0x0 0x100 0x21 0x1190005 0x0 0x0 0x1b377670b08 0x21 0x0 0x0 0x11c0004 0x0 0x0 0x1b37766d0a8 0x21 0x0 0x0 0x11f0005 0x21 0x0 0x0 0x0 0x0 0x0 0x1220007 0x21 0x38 0x0 0x1280003 0x0 0xffffffffffffff18 0x1370005 0x0 0x0 0x1b377670b08 0x29 0x0 0x0 0x13c0005 0x0 0x0 0x1b37f284938 0x29 0x0 0x0 0x1410004 0x0 0x0 0x1b37daca9d8 0x29 0x0 0x0 0x0 0x0 0x0 0x0 0x0 0x0 0x9 0x4 0x0 0x0 0x0 0x0 oops 19 81 java/lang/String 88 java/lang/String 95 java/util/ArrayList 148 java/lang/String 155 java/lang/String 162 java/lang/String 169 java/util/ArrayList 190 java/lang/String 197 java/lang/String 212 java/lang/String 219 java/lang/String 226 java/lang/String 233 java/util/ArrayList 240 java/util/ArrayList 255 java/util/ArrayList 262 java/lang/String 283 java/util/ArrayList 290 java/util/ArrayList$SubList 297 [Ljava/lang/String; methods 0
ciMethodData java/util/regex/Pattern split (Ljava/lang/CharSequence;I)[Ljava/lang/String; 1 9 orig 80 0 0 0 0 0 0 0 0 0 0 0 0 179 1 0 0 0 0 0 0 0 0 0 0 0 0 0 0 0 0 0 0 0 0 0 0 0 0 0 0 0 0 0 0 0 0 0 0 0 0 0 0 0 0 0 0 0 0 0 0 0 0 0 0 0 0 0 0 0 0 0 0 0 0 0 0 0 0 0 0 data 18 0x40005 0x9 0x0 0x0 0x0 0x0 0x0 0x0 0x0 0x0 0x0 0x0 0x0 0x9 0x3 0xffffffffffffffff 0xffffffffffffffff 0x0 oops 0 methods 0
ciMethodData java/util/AbstractCollection addAll (Ljava/util/Collection;)Z 2 8278 orig 80 0 0 0 0 0 0 0 0 0 0 0 0 0 0 0 0 0 0 0 0 0 0 0 0 0 0 0 0 0 0 0 0 0 0 0 0 0 0 0 0 0 0 0 0 0 0 0 0 0 0 0 0 0 0 0 0 0 0 0 0 0 0 0 0 0 0 0 0 0 0 0 0 0 0 0 0 0 0 0 0 data 49 0x30005 0x1e0f 0x0 0x1b37cff2a88 0x91 0x1b37f66e048 0x1b6 0xa0005 0x25ba 0x0 0x1b37dded408 0x250 0x1b37ec759a8 0x64a 0xf0007 0x2056 0xc8 0xdfe 0x130005 0xc3c 0x0 0x1b37dded408 0x1bf 0x1b37dded4b8 0x3 0x1d0005 0xd1 0x0 0x1b37d174020 0x7be 0x1b37f66e048 0x56f 0x200007 0x65 0x20 0xd99 0x250003 0xdfe 0xffffffffffffff18 0x0 0x0 0x0 0x0 0x0 0x0 0x9 0x2 0xffffffffffffffff 0xffffffffffffffff oops 8 3 java/util/Arrays$ArrayList 5 java/util/LinkedHashSet 10 java/util/Arrays$ArrayItr 12 java/util/LinkedHashMap$LinkedKeyIterator 21 java/util/Arrays$ArrayItr 23 java/util/Collections$1 28 java/util/HashSet 30 java/util/LinkedHashSet methods 0
ciMethod java/lang/MatchException <init> (Ljava/lang/String;Ljava/lang/Throwable;)V 0 0 1 0 -1
ciMethod java/io/EOFException <init> ()V 0 0 1 0 -1
ciMethodData jdk/internal/misc/InternalLock lock ()V 2 13916 orig 80 0 0 0 0 0 0 0 0 0 0 0 0 0 0 0 0 0 0 0 0 0 0 0 0 0 0 0 0 0 0 0 0 0 0 0 0 0 0 0 0 0 0 0 0 0 0 0 0 0 0 0 0 0 0 0 0 0 0 0 0 0 0 0 0 0 0 0 0 0 0 0 0 0 0 0 0 0 0 0 0 data 16 0x40005 0x0 0x0 0x1b37ca23aa8 0x365c 0x0 0x0 0x0 0x0 0x0 0x0 0x0 0x0 0x9 0x1 0x0 oops 1 3 java/util/concurrent/locks/ReentrantLock methods 0
ciMethod org/wso2/ballerinalang/compiler/util/Names fromString (Ljava/lang/String;)Lorg/wso2/ballerinalang/compiler/util/Name; 572 0 61367 0 544
ciMethod org/wso2/ballerinalang/compiler/util/Name <init> (Ljava/lang/String;)V 574 0 66844 0 272
ciMethod org/wso2/ballerinalang/compiler/util/Name getValue ()Ljava/lang/String; 258 0 129 0 0
ciMethod org/wso2/ballerinalang/compiler/util/Name equals (Ljava/lang/Object;)Z 836 0 9391 0 -1
ciMethod org/wso2/ballerinalang/compiler/semantics/analyzer/SymbolResolver lookupSymbol (Lorg/wso2/ballerinalang/compiler/semantics/model/SymbolEnv;Lorg/wso2/ballerinalang/compiler/util/Name;J)Lorg/wso2/ballerinalang/compiler/semantics/model/symbols/BSymbol; 702 0 351 0 -1
ciMethod org/wso2/ballerinalang/compiler/semantics/analyzer/SymbolResolver isFieldRefFromWithinARecord (Lorg/wso2/ballerinalang/compiler/semantics/model/symbols/BSymbol;Lorg/wso2/ballerinalang/compiler/semantics/model/SymbolEnv;)Z 668 0 334 0 -1
ciMethod org/wso2/ballerinalang/compiler/semantics/analyzer/SymbolResolver lookupSymbolInMainSpace (Lorg/wso2/ballerinalang/compiler/semantics/model/SymbolEnv;Lorg/wso2/ballerinalang/compiler/util/Name;)Lorg/wso2/ballerinalang/compiler/semantics/model/symbols/BSymbol; 24 0 324 0 -1
ciMethod org/ballerinalang/model/tree/Node getKind ()Lorg/ballerinalang/model/tree/NodeKind; 0 0 1 0 -1
ciMethod org/wso2/ballerinalang/compiler/semantics/model/symbols/BSymbol <init> (JJLorg/wso2/ballerinalang/compiler/util/Name;Lorg/wso2/ballerinalang/compiler/util/Name;Lorg/ballerinalang/model/elements/PackageID;Lorg/wso2/ballerinalang/compiler/semantics/model/types/BType;Lorg/wso2/ballerinalang/compiler/semantics/model/symbols/BSymbol;Lio/ballerina/tools/diagnostics/Location;Lorg/ballerinalang/model/symbols/SymbolOrigin;)V 838 0 11944 0 1720
ciMethod org/wso2/ballerinalang/compiler/semantics/model/symbols/BSymbol getName ()Lorg/wso2/ballerinalang/compiler/util/Name; 274 0 137 0 -1
ciMethod org/wso2/ballerinalang/compiler/semantics/model/symbols/BTypeSymbol <init> (JJLorg/wso2/ballerinalang/compiler/util/Name;Lorg/ballerinalang/model/elements/PackageID;Lorg/wso2/ballerinalang/compiler/semantics/model/types/BType;Lorg/wso2/ballerinalang/compiler/semantics/model/symbols/BSymbol;Lio/ballerina/tools/diagnostics/Location;Lorg/ballerinalang/model/symbols/SymbolOrigin;)V 816 0 3324 0 -1
ciMethod org/wso2/ballerinalang/compiler/semantics/model/symbols/BTypeSymbol <init> (JJLorg/wso2/ballerinalang/compiler/util/Name;Lorg/wso2/ballerinalang/compiler/util/Name;Lorg/ballerinalang/model/elements/PackageID;Lorg/wso2/ballerinalang/compiler/semantics/model/types/BType;Lorg/wso2/ballerinalang/compiler/semantics/model/symbols/BSymbol;Lio/ballerina/tools/diagnostics/Location;Lorg/ballerinalang/model/symbols/SymbolOrigin;)V 1024 0 18226 0 -1
ciMethod org/wso2/ballerinalang/compiler/semantics/model/types/BType <init> (ILorg/wso2/ballerinalang/compiler/semantics/model/symbols/BTypeSymbol;)V 340 0 3231 0 0
ciMethod org/wso2/ballerinalang/compiler/semantics/model/types/BType <init> (ILorg/wso2/ballerinalang/compiler/semantics/model/symbols/BTypeSymbol;Lio/ballerina/types/SemType;)V 138 0 69 0 -1
ciMethod org/wso2/ballerinalang/compiler/semantics/model/types/BType <init> (ILorg/wso2/ballerinalang/compiler/semantics/model/symbols/BTypeSymbol;J)V 1024 0 14764 0 -1
ciMethod org/wso2/ballerinalang/compiler/semantics/model/types/BType <init> (ILorg/wso2/ballerinalang/compiler/semantics/model/symbols/BTypeSymbol;Lorg/ballerinalang/model/Name;J)V 0 0 1 0 -1
ciMethod org/wso2/ballerinalang/compiler/semantics/model/types/BType <init> (ILorg/wso2/ballerinalang/compiler/semantics/model/symbols/BTypeSymbol;Lorg/ballerinalang/model/Name;JLio/ballerina/types/SemType;)V 1024 0 17449 0 0
ciMethod org/wso2/ballerinalang/compiler/semantics/model/types/BType createNilType ()Lorg/wso2/ballerinalang/compiler/semantics/model/types/BType; 278 0 135 0 -1
ciMethod org/wso2/ballerinalang/compiler/semantics/model/types/BType createNeverType ()Lorg/wso2/ballerinalang/compiler/semantics/model/types/BType; 2 0 1 0 -1
ciMethod org/wso2/ballerinalang/compiler/semantics/model/types/BType getReturnType ()Lorg/wso2/ballerinalang/compiler/semantics/model/types/BType; 0 0 1 0 -1
ciMethod org/wso2/ballerinalang/compiler/semantics/model/types/BType isNullable ()Z 4 0 2 0 -1
ciMethod org/wso2/ballerinalang/compiler/semantics/model/types/BType getFlags ()J 262 0 131 0 -1
ciMethod org/wso2/ballerinalang/compiler/semantics/model/types/BType setFlags (J)V 344 0 172 0 0
ciMethod org/wso2/ballerinalang/compiler/semantics/model/types/BType addFlags (J)V 142 0 2001 0 -1
ciMethod org/wso2/ballerinalang/compiler/semantics/model/types/BTupleType <init> (Lio/ballerina/types/Env;Lorg/wso2/ballerinalang/compiler/semantics/model/symbols/BTypeSymbol;Ljava/util/List;)V 20 0 34 0 0
ciMethod org/wso2/ballerinalang/compiler/semantics/model/types/BTupleType restLd ()V 20 0 39 0 -1
ciMethod org/wso2/ballerinalang/compiler/semantics/model/types/BTupleType setFlags (J)V 20 0 34 0 0
ciMethod org/wso2/ballerinalang/compiler/semantics/model/types/BTableType <init> (Lio/ballerina/types/Env;Lorg/wso2/ballerinalang/compiler/semantics/model/types/BType;Lorg/wso2/ballerinalang/compiler/semantics/model/symbols/BTypeSymbol;J)V 28 0 148 0 0
ciMethod org/wso2/ballerinalang/compiler/semantics/model/types/BStreamType <init> (Lio/ballerina/types/Env;ILorg/wso2/ballerinalang/compiler/semantics/model/types/BType;Lorg/wso2/ballerinalang/compiler/semantics/model/types/BType;Lorg/wso2/ballerinalang/compiler/semantics/model/symbols/BTypeSymbol;)V 10 0 105 0 0
ciMethod org/wso2/ballerinalang/compiler/semantics/model/types/BInvokableType <init> (Lio/ballerina/types/Env;Ljava/util/List;Lorg/wso2/ballerinalang/compiler/semantics/model/types/BType;Lorg/wso2/ballerinalang/compiler/semantics/model/types/BType;Lorg/wso2/ballerinalang/compiler/semantics/model/symbols/BTypeSymbol;)V 214 0 5717 0 0
ciMethod org/wso2/ballerinalang/compiler/semantics/model/symbols/BInvokableTypeSymbol <init> (JJLorg/ballerinalang/model/elements/PackageID;Lorg/wso2/ballerinalang/compiler/semantics/model/types/BType;Lorg/wso2/ballerinalang/compiler/semantics/model/symbols/BSymbol;Lio/ballerina/tools/diagnostics/Location;Lorg/ballerinalang/model/symbols/SymbolOrigin;)V 790 0 6778 0 -1
ciMethod org/ballerinalang/model/symbols/Annotatable getAnnotations ()Ljava/util/List; 0 0 1 0 -1
ciMethod org/wso2/ballerinalang/compiler/semantics/model/symbols/BVarSymbol <init> (JLorg/wso2/ballerinalang/compiler/util/Name;Lorg/wso2/ballerinalang/compiler/util/Name;Lorg/ballerinalang/model/elements/PackageID;Lorg/wso2/ballerinalang/compiler/semantics/model/types/BType;Lorg/wso2/ballerinalang/compiler/semantics/model/symbols/BSymbol;Lio/ballerina/tools/diagnostics/Location;Lorg/ballerinalang/model/symbols/SymbolOrigin;)V 912 0 19303 0 2424
ciMethod org/wso2/ballerinalang/compiler/semantics/model/symbols/BVarSymbol <init> (JLorg/wso2/ballerinalang/compiler/util/Name;Lorg/ballerinalang/model/elements/PackageID;Lorg/wso2/ballerinalang/compiler/semantics/model/types/BType;Lorg/wso2/ballerinalang/compiler/semantics/model/symbols/BSymbol;Lio/ballerina/tools/diagnostics/Location;Lorg/ballerinalang/model/symbols/SymbolOrigin;)V 972 0 9627 0 0
ciMethod org/wso2/ballerinalang/compiler/semantics/model/types/BParameterizedType <init> (Lorg/wso2/ballerinalang/compiler/semantics/model/types/BType;Lorg/wso2/ballerinalang/compiler/semantics/model/symbols/BVarSymbol;Lorg/wso2/ballerinalang/compiler/semantics/model/symbols/BTypeSymbol;Lorg/wso2/ballerinalang/compiler/util/Name;I)V 4 0 56 0 0
ciMethod org/wso2/ballerinalang/compiler/semantics/model/types/BTypeReferenceType <init> (Lorg/wso2/ballerinalang/compiler/semantics/model/types/BType;Lorg/wso2/ballerinalang/compiler/semantics/model/symbols/BTypeSymbol;J)V 166 0 1740 0 0
ciMethod org/wso2/ballerinalang/compiler/semantics/model/types/BFutureType <init> (Lio/ballerina/types/Env;Lorg/wso2/ballerinalang/compiler/semantics/model/types/BType;Lorg/wso2/ballerinalang/compiler/semantics/model/symbols/BTypeSymbol;)V 2 0 2 0 0
ciMethod org/wso2/ballerinalang/compiler/semantics/model/types/BMapType <init> (Lio/ballerina/types/Env;ILorg/wso2/ballerinalang/compiler/semantics/model/types/BType;Lorg/wso2/ballerinalang/compiler/semantics/model/symbols/BTypeSymbol;J)V 90 0 635 0 0
ciMethod org/wso2/ballerinalang/compiler/semantics/model/types/BTypedescType <init> (Lio/ballerina/types/Env;Lorg/wso2/ballerinalang/compiler/semantics/model/types/BType;Lorg/wso2/ballerinalang/compiler/semantics/model/symbols/BTypeSymbol;)V 28 0 67 0 0
ciMethod org/wso2/ballerinalang/compiler/semantics/model/types/BXMLType <init> (Lorg/wso2/ballerinalang/compiler/semantics/model/types/BType;Lorg/wso2/ballerinalang/compiler/semantics/model/symbols/BTypeSymbol;)V 24 0 90 0 0
ciMethod org/wso2/ballerinalang/compiler/semantics/model/types/BErrorType <init> (Lio/ballerina/types/Env;Lorg/wso2/ballerinalang/compiler/semantics/model/symbols/BTypeSymbol;)V 30 0 343 0 0
ciMethod org/wso2/ballerinalang/compiler/semantics/model/symbols/BErrorTypeSymbol <init> (JJLorg/wso2/ballerinalang/compiler/util/Name;Lorg/ballerinalang/model/elements/PackageID;Lorg/wso2/ballerinalang/compiler/semantics/model/types/BType;Lorg/wso2/ballerinalang/compiler/semantics/model/symbols/BSymbol;Lio/ballerina/tools/diagnostics/Location;Lorg/ballerinalang/model/symbols/SymbolOrigin;)V 32 0 345 0 0
ciMethod org/wso2/ballerinalang/compiler/semantics/model/types/BUnionType <init> (Lio/ballerina/types/Env;Lorg/wso2/ballerinalang/compiler/semantics/model/symbols/BTypeSymbol;Ljava/util/LinkedHashSet;Z)V 872 0 2648 0 -1
ciMethod org/wso2/ballerinalang/compiler/semantics/model/types/BUnionType <init> (Lio/ballerina/types/Env;Lorg/wso2/ballerinalang/compiler/semantics/model/symbols/BTypeSymbol;Ljava/util/LinkedHashSet;Ljava/util/LinkedHashSet;Z)V 130 0 107 0 -1
ciMethod org/wso2/ballerinalang/compiler/semantics/model/types/BUnionType <init> (Lio/ballerina/types/Env;Lorg/wso2/ballerinalang/compiler/semantics/model/symbols/BTypeSymbol;Ljava/util/LinkedHashSet;Ljava/util/LinkedHashSet;ZZ)V 516 0 2927 0 -1
ciMethod org/wso2/ballerinalang/compiler/semantics/model/types/BUnionType setOriginalMemberTypes (Ljava/util/LinkedHashSet;)V 156 0 1936 0 0
ciMethod org/wso2/ballerinalang/compiler/semantics/model/types/BUnionType create (Lio/ballerina/types/Env;Lorg/wso2/ballerinalang/compiler/semantics/model/symbols/BTypeSymbol;Ljava/util/LinkedHashSet;)Lorg/wso2/ballerinalang/compiler/semantics/model/types/BUnionType; 178 78 2044 0 0
ciMethod org/wso2/ballerinalang/compiler/semantics/model/types/BUnionType add (Lorg/wso2/ballerinalang/compiler/semantics/model/types/BType;)V 512 0 5263 0 0
ciMethod org/wso2/ballerinalang/compiler/semantics/model/types/BUnionType setCyclicFlag (Lorg/wso2/ballerinalang/compiler/semantics/model/types/BType;)V 1024 0 7610 0 -1
ciMethod org/wso2/ballerinalang/compiler/semantics/model/types/BUnionType mergeUnionType (Lorg/wso2/ballerinalang/compiler/semantics/model/types/BUnionType;)V 8 72 14 0 -1
ciMethod org/wso2/ballerinalang/compiler/semantics/model/types/BUnionType toFlatTypeSet (Ljava/util/LinkedHashSet;)Ljava/util/LinkedHashSet; 30 0 107 0 -1
ciMethod org/wso2/ballerinalang/compiler/semantics/model/types/BUnionType isTypeParamAvailable (Lorg/wso2/ballerinalang/compiler/semantics/model/types/BType;)Z 0 0 1 0 -1
ciMethod org/wso2/ballerinalang/compiler/semantics/model/types/BUnionType isNeverType (Lorg/wso2/ballerinalang/compiler/semantics/model/types/BType;)Z 262 0 231 0 -1
ciMethod org/wso2/ballerinalang/compiler/semantics/model/types/BArrayType <init> (Lio/ballerina/types/Env;Lorg/wso2/ballerinalang/compiler/semantics/model/types/BType;Lorg/wso2/ballerinalang/compiler/semantics/model/symbols/BTypeSymbol;ILorg/wso2/ballerinalang/compiler/util/BArrayState;J)V 66 0 902 0 0
ciMethod org/wso2/ballerinalang/compiler/semantics/model/symbols/BObjectTypeSymbol <init> (JJLorg/wso2/ballerinalang/compiler/util/Name;Lorg/ballerinalang/model/elements/PackageID;Lorg/wso2/ballerinalang/compiler/semantics/model/types/BType;Lorg/wso2/ballerinalang/compiler/semantics/model/symbols/BSymbol;Lio/ballerina/tools/diagnostics/Location;Lorg/ballerinalang/model/symbols/SymbolOrigin;)V 512 0 276 0 -1
ciMethod org/wso2/ballerinalang/compiler/semantics/model/symbols/BStructureTypeSymbol <init> (Lorg/ballerinalang/model/symbols/SymbolKind;JJLorg/wso2/ballerinalang/compiler/util/Name;Lorg/ballerinalang/model/elements/PackageID;Lorg/wso2/ballerinalang/compiler/semantics/model/types/BType;Lorg/wso2/ballerinalang/compiler/semantics/model/symbols/BSymbol;Lio/ballerina/tools/diagnostics/Location;Lorg/ballerinalang/model/symbols/SymbolOrigin;)V 794 0 1986 0 -1
ciMethod org/wso2/ballerinalang/compiler/semantics/model/types/BObjectType <init> (Lio/ballerina/types/Env;Lorg/wso2/ballerinalang/compiler/semantics/model/symbols/BTypeSymbol;)V 38 0 259 0 0
ciMethod org/wso2/ballerinalang/compiler/semantics/model/types/BStructureType <init> (ILorg/wso2/ballerinalang/compiler/semantics/model/symbols/BTypeSymbol;)V 512 0 277 0 0
ciMethod org/wso2/ballerinalang/compiler/semantics/model/types/BStructureType <init> (ILorg/wso2/ballerinalang/compiler/semantics/model/symbols/BTypeSymbol;J)V 652 0 1531 0 -1
ciMethod org/wso2/ballerinalang/compiler/semantics/model/symbols/BRecordTypeSymbol <init> (JJLorg/wso2/ballerinalang/compiler/util/Name;Lorg/ballerinalang/model/elements/PackageID;Lorg/wso2/ballerinalang/compiler/semantics/model/types/BType;Lorg/wso2/ballerinalang/compiler/semantics/model/symbols/BSymbol;Lio/ballerina/tools/diagnostics/Location;Lorg/ballerinalang/model/symbols/SymbolOrigin;)V 652 0 1531 0 -1
ciMethod org/wso2/ballerinalang/compiler/semantics/model/types/BRecordType <init> (Lio/ballerina/types/Env;Lorg/wso2/ballerinalang/compiler/semantics/model/symbols/BTypeSymbol;J)V 116 0 1426 0 0
ciMethod org/wso2/ballerinalang/compiler/semantics/model/types/BAnydataType <init> (Lio/ballerina/types/Context;Lorg/wso2/ballerinalang/compiler/semantics/model/types/BUnionType;)V 26 0 13 0 -1
ciMethod org/wso2/ballerinalang/compiler/semantics/model/types/BIntersectionType <init> (Lorg/wso2/ballerinalang/compiler/semantics/model/symbols/BTypeSymbol;Ljava/util/LinkedHashSet;Lorg/wso2/ballerinalang/compiler/semantics/model/types/BType;J)V 16 0 523 0 0
ciMethod org/wso2/ballerinalang/compiler/semantics/model/types/BIntersectionType toFlatTypeSet (Ljava/util/LinkedHashSet;)Ljava/util/LinkedHashSet; 940 1880 594 0 -1
ciMethod org/wso2/ballerinalang/compiler/semantics/model/SymbolTable typeEnv ()Lio/ballerina/types/Env; 418 0 6861 0 0
ciMethod org/wso2/ballerinalang/compiler/semantics/model/types/BAnyType <init> (Lorg/ballerinalang/model/Name;J)V 14 0 57 0 0
ciMethod org/wso2/ballerinalang/compiler/semantics/model/types/BAnyType <init> (Lorg/ballerinalang/model/Name;JLio/ballerina/types/SemType;)V 130 0 62 0 -1
ciMethod org/wso2/ballerinalang/compiler/semantics/model/types/BAnyType newImmutableBAnyType ()Lorg/wso2/ballerinalang/compiler/semantics/model/types/BAnyType; 2 0 3 0 0
ciMethod org/wso2/ballerinalang/compiler/semantics/model/types/BReadonlyType <init> (J)V 0 0 1 0 -1
ciMethod org/wso2/ballerinalang/compiler/semantics/model/types/BFiniteType <init> (Lorg/wso2/ballerinalang/compiler/semantics/model/symbols/BTypeSymbol;[Lorg/wso2/ballerinalang/compiler/semantics/model/types/SemNamedType;)V 166 0 1714 0 0
ciMethod org/wso2/ballerinalang/compiler/semantics/model/types/BFiniteType validValueSpace ([Lorg/wso2/ballerinalang/compiler/semantics/model/types/SemNamedType;)Z 0 0 1 0 -1
ciMethod org/ballerinalang/model/elements/PackageID <init> (Lorg/wso2/ballerinalang/compiler/util/Name;Lorg/wso2/ballerinalang/compiler/util/Name;Lorg/wso2/ballerinalang/compiler/util/Name;Lorg/wso2/ballerinalang/compiler/util/Name;Lorg/wso2/ballerinalang/compiler/util/Name;)V 1024 0 7225 0 -1
ciMethod org/ballerinalang/model/elements/PackageID equals (Ljava/lang/Object;)Z 322 0 2793 0 0
ciMethod org/ballerinalang/model/elements/PackageID toString ()Ljava/lang/String; 106 0 1329 0 -1
ciMethod io/ballerina/types/BasicTypeBitSet from (I)Lio/ballerina/types/BasicTypeBitSet; 402 0 205 0 -1
ciMethod io/ballerina/types/subtypedata/BddAllOrNothing bddAll ()Lio/ballerina/types/subtypedata/BddAllOrNothing; 132 0 66 0 -1
ciMethod io/ballerina/types/subtypedata/BddAllOrNothing bddNothing ()Lio/ballerina/types/subtypedata/BddAllOrNothing; 280 0 140 0 -1
ciMethod io/ballerina/types/Core intersect (Lio/ballerina/types/SemType;Lio/ballerina/types/SemType;)Lio/ballerina/types/SemType; 24 48 12 0 -1
ciMethod io/ballerina/types/Core singleShape (Lio/ballerina/types/SemType;)Ljava/util/Optional; 0 0 1 0 -1
ciMethod io/ballerina/types/subtypedata/BddNode create (Lio/ballerina/types/Atom;Lio/ballerina/types/Bdd;Lio/ballerina/types/Bdd;Lio/ballerina/types/Bdd;)Lio/ballerina/types/subtypedata/BddNode; 130 0 65 0 -1
ciMethod org/wso2/ballerinalang/compiler/semantics/analyzer/Types getImpliedType (Lorg/wso2/ballerinalang/compiler/semantics/model/types/BType;)Lorg/wso2/ballerinalang/compiler/semantics/model/types/BType; 578 0 6076 0 -1
ciMethod org/wso2/ballerinalang/compiler/semantics/analyzer/Types getReferredType (Lorg/wso2/ballerinalang/compiler/semantics/model/types/BType;)Lorg/wso2/ballerinalang/compiler/semantics/model/types/BType; 614 0 6391 0 -1
ciMethod org/wso2/ballerinalang/compiler/semantics/analyzer/Types getImmutableType (Lorg/wso2/ballerinalang/compiler/semantics/model/SymbolTable;Lorg/ballerinalang/model/elements/PackageID;Lorg/ballerinalang/model/types/SelectivelyImmutableReferenceType;)Ljava/util/Optional; 620 0 310 0 -1
ciMethod org/wso2/ballerinalang/compiler/semantics/analyzer/Types getImmutableTypeName (Ljava/lang/String;)Lorg/wso2/ballerinalang/compiler/util/Name; 180 0 83 0 -1
ciMethod org/wso2/ballerinalang/compiler/semantics/analyzer/Types getPackageIdString (Lorg/ballerinalang/model/elements/PackageID;)Ljava/lang/String; 512 0 381 0 -1
ciMethod org/wso2/ballerinalang/compiler/semantics/analyzer/Types typeEnv ()Lio/ballerina/types/Env; 588 0 8847 0 0
ciMethod org/wso2/ballerinalang/compiler/semantics/analyzer/Types typeCtx ()Lio/ballerina/types/Context; 26 0 13 0 -1
ciMethod io/ballerina/types/Env deserializeTypeAtom (Lio/ballerina/types/TypeAtom;)V 0 0 1 0 -1
ciMethod org/wso2/ballerinalang/compiler/PackageCache getSymbol (Lorg/ballerinalang/model/elements/PackageID;)Lorg/wso2/ballerinalang/compiler/semantics/model/symbols/BPackageSymbol; 80 0 874 0 0
ciMethod org/wso2/ballerinalang/compiler/PackageCache getSymbol (Ljava/lang/String;)Lorg/wso2/ballerinalang/compiler/semantics/model/symbols/BPackageSymbol; 80 0 907 0 -1
ciMethod org/wso2/ballerinalang/compiler/semantics/model/symbols/BEnumSymbol <init> (Ljava/util/List;JLorg/wso2/ballerinalang/compiler/util/Name;Lorg/ballerinalang/model/elements/PackageID;Lorg/wso2/ballerinalang/compiler/semantics/model/types/BType;Lorg/wso2/ballerinalang/compiler/semantics/model/symbols/BSymbol;Lio/ballerina/tools/diagnostics/Location;Lorg/ballerinalang/model/symbols/SymbolOrigin;)V 88 0 40 0 -1
ciMethod org/wso2/ballerinalang/compiler/semantics/model/symbols/BClassSymbol <init> (JJLorg/wso2/ballerinalang/compiler/util/Name;Lorg/ballerinalang/model/elements/PackageID;Lorg/wso2/ballerinalang/compiler/semantics/model/types/BType;Lorg/wso2/ballerinalang/compiler/semantics/model/symbols/BSymbol;Lio/ballerina/tools/diagnostics/Location;Lorg/ballerinalang/model/symbols/SymbolOrigin;)V 428 0 192 0 -1
ciMethod org/wso2/ballerinalang/compiler/semantics/model/Scope <init> (Lorg/wso2/ballerinalang/compiler/semantics/model/symbols/BSymbol;)V 364 0 3694 0 0
ciMethod org/wso2/ballerinalang/compiler/semantics/model/Scope define (Lorg/wso2/ballerinalang/compiler/util/Name;Lorg/wso2/ballerinalang/compiler/semantics/model/symbols/BSymbol;)V 800 0 12245 0 0
ciMethod org/wso2/ballerinalang/compiler/semantics/model/Scope lookup (Lorg/wso2/ballerinalang/compiler/util/Name;)Lorg/wso2/ballerinalang/compiler/semantics/model/Scope$ScopeEntry; 826 0 506 0 -1
ciMethod org/wso2/ballerinalang/compiler/semantics/model/Scope$ScopeEntry <init> (Lorg/wso2/ballerinalang/compiler/semantics/model/symbols/BSymbol;Lorg/wso2/ballerinalang/compiler/semantics/model/Scope$ScopeEntry;)V 1024 0 15418 0 -1
ciMethod org/ballerinalang/model/types/TypeKind typeName ()Ljava/lang/String; 44 0 22 0 -1
ciMethod org/wso2/ballerinalang/compiler/util/BArrayState valueOf (B)Lorg/wso2/ballerinalang/compiler/util/BArrayState; 62 0 877 0 0
ciMethod org/wso2/ballerinalang/compiler/semantics/model/symbols/Symbols createObjectSymbol (JLorg/wso2/ballerinalang/compiler/util/Name;Lorg/ballerinalang/model/elements/PackageID;Lorg/wso2/ballerinalang/compiler/semantics/model/types/BType;Lorg/wso2/ballerinalang/compiler/semantics/model/symbols/BSymbol;Lio/ballerina/tools/diagnostics/Location;Lorg/ballerinalang/model/symbols/SymbolOrigin;)Lorg/wso2/ballerinalang/compiler/semantics/model/symbols/BObjectTypeSymbol; 30 0 84 0 0
ciMethod org/wso2/ballerinalang/compiler/semantics/model/symbols/Symbols createClassSymbol (JLorg/wso2/ballerinalang/compiler/util/Name;Lorg/ballerinalang/model/elements/PackageID;Lorg/wso2/ballerinalang/compiler/semantics/model/types/BType;Lorg/wso2/ballerinalang/compiler/semantics/model/symbols/BSymbol;Lio/ballerina/tools/diagnostics/Location;Lorg/ballerinalang/model/symbols/SymbolOrigin;Z)Lorg/wso2/ballerinalang/compiler/semantics/model/symbols/BClassSymbol; 8 0 176 0 0
ciMethod org/wso2/ballerinalang/compiler/semantics/model/symbols/Symbols createRecordSymbol (JLorg/wso2/ballerinalang/compiler/util/Name;Lorg/ballerinalang/model/elements/PackageID;Lorg/wso2/ballerinalang/compiler/semantics/model/types/BType;Lorg/wso2/ballerinalang/compiler/semantics/model/symbols/BSymbol;Lio/ballerina/tools/diagnostics/Location;Lorg/ballerinalang/model/symbols/SymbolOrigin;)Lorg/wso2/ballerinalang/compiler/semantics/model/symbols/BRecordTypeSymbol; 116 0 1426 0 0
ciMethod org/wso2/ballerinalang/compiler/semantics/model/symbols/Symbols createFunctionSymbol (JLorg/wso2/ballerinalang/compiler/util/Name;Lorg/wso2/ballerinalang/compiler/util/Name;Lorg/ballerinalang/model/elements/PackageID;Lorg/wso2/ballerinalang/compiler/semantics/model/types/BType;Lorg/wso2/ballerinalang/compiler/semantics/model/symbols/BSymbol;ZLio/ballerina/tools/diagnostics/Location;Lorg/ballerinalang/model/symbols/SymbolOrigin;)Lorg/wso2/ballerinalang/compiler/semantics/model/symbols/BInvokableSymbol; 864 0 5113 0 -1
ciMethod org/wso2/ballerinalang/compiler/semantics/model/symbols/Symbols createTypeSymbol (JJLorg/wso2/ballerinalang/compiler/util/Name;Lorg/ballerinalang/model/elements/PackageID;Lorg/wso2/ballerinalang/compiler/semantics/model/types/BType;Lorg/wso2/ballerinalang/compiler/semantics/model/symbols/BSymbol;Lio/ballerina/tools/diagnostics/Location;Lorg/ballerinalang/model/symbols/SymbolOrigin;)Lorg/wso2/ballerinalang/compiler/semantics/model/symbols/BTypeSymbol; 464 0 5686 0 0
ciMethod org/wso2/ballerinalang/compiler/semantics/model/symbols/Symbols createTypeSymbol (JJLorg/wso2/ballerinalang/compiler/util/Name;Lorg/wso2/ballerinalang/compiler/util/Name;Lorg/ballerinalang/model/elements/PackageID;Lorg/wso2/ballerinalang/compiler/semantics/model/types/BType;Lorg/wso2/ballerinalang/compiler/semantics/model/symbols/BSymbol;Lio/ballerina/tools/diagnostics/Location;Lorg/ballerinalang/model/symbols/SymbolOrigin;)Lorg/wso2/ballerinalang/compiler/semantics/model/symbols/BTypeSymbol; 988 0 6719 0 -1
ciMethod org/wso2/ballerinalang/compiler/semantics/model/symbols/Symbols createInvokableTypeSymbol (JJLorg/ballerinalang/model/elements/PackageID;Lorg/wso2/ballerinalang/compiler/semantics/model/types/BType;Lorg/wso2/ballerinalang/compiler/semantics/model/symbols/BSymbol;Lio/ballerina/tools/diagnostics/Location;Lorg/ballerinalang/model/symbols/SymbolOrigin;)Lorg/wso2/ballerinalang/compiler/semantics/model/symbols/BInvokableTypeSymbol; 214 0 5717 0 0
ciMethod org/wso2/ballerinalang/compiler/semantics/model/symbols/Symbols getAttachedFuncSymbolName (Ljava/lang/String;Ljava/lang/String;)Ljava/lang/String; 134 0 1232 0 -1
ciMethod org/wso2/ballerinalang/compiler/semantics/model/symbols/Symbols isFlagOn (JJ)Z 838 0 21385 0 88
ciMethod org/wso2/ballerinalang/compiler/semantics/model/types/BTupleMember <init> (Lorg/wso2/ballerinalang/compiler/semantics/model/types/BType;Lorg/wso2/ballerinalang/compiler/semantics/model/symbols/BVarSymbol;)V 30 0 59 0 0
ciMethod org/wso2/ballerinalang/compiler/semantics/model/types/BErrorType$DistinctIdSupplier <init> (Lorg/wso2/ballerinalang/compiler/semantics/model/types/BErrorType;Lio/ballerina/types/Env;)V 736 0 351 0 -1
ciMethod org/wso2/ballerinalang/compiler/semantics/model/types/BTypeIdSet <init> (Ljava/util/Set;Ljava/util/Set;)V 522 0 630 0 -1
ciMethod org/wso2/ballerinalang/compiler/semantics/model/types/BTypeIdSet <init> ()V 772 0 1240 0 0
ciMethod org/wso2/ballerinalang/compiler/semantics/model/types/BTypeIdSet emptySet ()Lorg/wso2/ballerinalang/compiler/semantics/model/types/BTypeIdSet; 736 0 351 0 -1
ciMethod io/ballerina/types/subtypedata/BooleanSubtype from (Z)Lio/ballerina/types/subtypedata/BooleanSubtype; 8 0 6 0 -1
ciMethod org/wso2/ballerinalang/compiler/semantics/model/types/SemNamedType <init> (Lio/ballerina/types/SemType;Ljava/util/Optional;)V 732 0 1740 0 -1
ciMethod org/wso2/ballerinalang/compiler/semantics/model/types/SemNamedType semType ()Lio/ballerina/types/SemType; 0 0 1 0 -1
ciMethod org/wso2/ballerinalang/compiler/util/ImmutableTypeCloner getEffectiveImmutableType (Lio/ballerina/tools/diagnostics/Location;Lorg/wso2/ballerinalang/compiler/semantics/analyzer/Types;Lorg/wso2/ballerinalang/compiler/semantics/model/types/BType;Lorg/ballerinalang/model/elements/PackageID;Lorg/wso2/ballerinalang/compiler/semantics/model/symbols/BSymbol;Lorg/wso2/ballerinalang/compiler/semantics/model/SymbolTable;Lorg/wso2/ballerinalang/compiler/parser/BLangAnonymousModelHelper;Lorg/wso2/ballerinalang/compiler/util/Names;)Lorg/wso2/ballerinalang/compiler/semantics/model/types/BType; 60 0 29 0 -1
ciMethod org/wso2/ballerinalang/compiler/util/ImmutableTypeCloner getImmutableIntersectionType (Lio/ballerina/tools/diagnostics/Location;Lorg/wso2/ballerinalang/compiler/semantics/analyzer/Types;Lorg/wso2/ballerinalang/compiler/semantics/model/types/BType;Lorg/wso2/ballerinalang/compiler/semantics/model/SymbolEnv;Lorg/ballerinalang/model/elements/PackageID;Lorg/wso2/ballerinalang/compiler/semantics/model/symbols/BSymbol;Lorg/wso2/ballerinalang/compiler/semantics/model/SymbolTable;Lorg/wso2/ballerinalang/compiler/parser/BLangAnonymousModelHelper;Lorg/wso2/ballerinalang/compiler/util/Names;Ljava/util/Set;Ljava/util/Set;)Lorg/wso2/ballerinalang/compiler/semantics/model/types/BIntersectionType; 188 0 94 0 -1
ciMethod org/wso2/ballerinalang/compiler/util/ImmutableTypeCloner setImmutableType (Lio/ballerina/tools/diagnostics/Location;Lorg/wso2/ballerinalang/compiler/semantics/analyzer/Types;Lorg/ballerinalang/model/types/SelectivelyImmutableReferenceType;Lorg/wso2/ballerinalang/compiler/semantics/model/types/BType;Lorg/wso2/ballerinalang/compiler/semantics/model/SymbolEnv;Lorg/ballerinalang/model/elements/PackageID;Lorg/wso2/ballerinalang/compiler/semantics/model/symbols/BSymbol;Lorg/wso2/ballerinalang/compiler/semantics/model/SymbolTable;Lorg/wso2/ballerinalang/compiler/parser/BLangAnonymousModelHelper;Lorg/wso2/ballerinalang/compiler/util/Names;Ljava/util/Set;Ljava/util/Set;)Lorg/wso2/ballerinalang/compiler/semantics/model/types/BIntersectionType; 142 0 71 0 -1
ciMethod org/wso2/ballerinalang/util/Flags asMask (Ljava/util/Set;)J 414 416 5322 0 0
ciMethod org/wso2/ballerinalang/compiler/semantics/model/symbols/BAttachedFunction <init> (Lorg/wso2/ballerinalang/compiler/util/Name;Lorg/wso2/ballerinalang/compiler/semantics/model/symbols/BInvokableSymbol;Lorg/wso2/ballerinalang/compiler/semantics/model/types/BInvokableType;Lio/ballerina/tools/diagnostics/Location;)V 126 0 1087 0 -1
ciMethod org/wso2/ballerinalang/compiler/semantics/analyzer/TypeParamAnalyzer getNominalType (Lorg/wso2/ballerinalang/compiler/semantics/model/types/BType;Lorg/ballerinalang/model/Name;J)Lorg/wso2/ballerinalang/compiler/semantics/model/types/BType; 32 0 189 0 0
ciMethod org/wso2/ballerinalang/compiler/semantics/analyzer/TypeParamAnalyzer createBuiltInType (Lorg/wso2/ballerinalang/compiler/semantics/model/types/BType;Lorg/ballerinalang/model/Name;J)Lorg/wso2/ballerinalang/compiler/semantics/model/types/BType; 22 0 11 0 -1
ciMethod org/wso2/ballerinalang/compiler/semantics/analyzer/TypeParamAnalyzer createAnydataType (Lorg/wso2/ballerinalang/compiler/semantics/model/types/BUnionType;Lorg/ballerinalang/model/Name;J)Lorg/wso2/ballerinalang/compiler/semantics/model/types/BAnydataType; 22 0 11 0 -1
ciMethod java/io/DataInputStream <init> (Ljava/io/InputStream;)V 642 0 19639 0 -1
ciMethod java/io/DataInputStream read ([B)I 1024 0 15917 0 0
ciMethod java/io/DataInputStream readFully ([BII)V 572 572 12676 0 2568
ciMethod java/io/DataInputStream readBoolean ()Z 292 0 43546 0 568
ciMethod java/io/DataInputStream readByte ()B 1024 0 28834 0 1224
ciMethod java/io/DataInputStream readUnsignedByte ()I 602 0 74336 0 1224
ciMethod java/io/DataInputStream readInt ()I 598 0 189027 0 192
ciMethod java/io/DataInputStream readLong ()J 302 0 44618 0 992
ciMethodData java/io/DataInputStream readFully ([BII)V 2 12390 orig 80 1 0 0 0 1 0 0 0 0 0 0 0 0 0 0 0 0 0 0 0 5 0 0 0 0 0 0 0 0 0 0 0 0 0 0 0 0 0 0 0 0 0 0 0 0 0 0 0 0 0 0 0 0 0 0 0 0 0 0 0 0 0 0 0 0 0 0 0 0 0 0 0 0 0 0 0 0 0 0 0 data 34 0x40002 0x3066 0xe0007 0x306b 0xa0 0x3066 0x80000004001e0005 0x0 0x0 0x1b377670378 0x2251 0x1b37da5a580 0xe1a 0x250007 0x306b 0x30 0x0 0x2c0002 0x0 0x370003 0x306b 0xffffffffffffff78 0x0 0x0 0x0 0x0 0x0 0x0 0x9 0x4 0x0 0xffffffffffffffff 0x0 0x0 oops 2 9 java/io/ByteArrayInputStream 11 java/io/BufferedInputStream methods 0
ciMethodData java/io/ByteArrayInputStream read ([BII)I 2 18949 orig 80 1 0 0 0 0 0 0 0 0 0 0 0 0 0 0 0 0 0 0 0 0 0 0 0 0 0 0 0 0 0 0 0 0 0 0 0 0 0 0 1 0 0 0 0 0 0 0 0 0 0 0 0 0 0 0 0 0 0 0 0 0 0 0 0 0 0 0 0 0 0 0 0 0 0 0 0 0 0 0 0 data 28 0x40002 0x4a05 0x100007 0x4a05 0x20 0x0 0x8000000600230007 0x4a05 0x20 0x1 0x2a0007 0x49fd 0x20 0x9 0x3a0002 0x49fd 0x0 0x0 0x0 0x0 0x0 0x0 0x9 0x4 0x0 0x0 0x0 0x0 oops 0 methods 0
ciMethodData java/io/DataInputStream readInt ()I 2 196284 orig 80 1 0 0 0 0 0 0 0 0 0 0 0 0 0 0 0 0 0 0 0 0 0 0 0 0 0 0 0 0 0 0 0 0 0 0 0 0 0 0 0 0 0 0 0 0 0 0 0 0 0 0 0 0 0 0 0 0 0 0 0 0 0 0 0 0 0 0 0 0 0 0 0 0 0 0 0 0 0 0 0 data 18 0x70005 0x2feba 0x0 0x0 0x0 0x0 0x0 0xf0002 0x2febb 0x0 0x0 0x0 0x0 0x0 0x0 0x9 0x1 0x0 oops 0 methods 0
ciMethodData jdk/internal/util/ByteArray getInt ([BI)I 2 196834 orig 80 0 0 0 0 0 0 0 0 0 0 0 0 179 1 0 0 0 0 0 0 0 0 0 0 0 0 0 0 0 0 0 0 0 0 0 0 0 0 0 0 0 0 0 0 0 0 0 0 0 0 0 0 0 0 0 0 0 0 0 0 0 0 0 0 0 0 0 0 0 0 0 0 0 0 0 0 0 0 0 0 data 20 0x5000b 0x300e1 0x0 0x0 0x0 0x0 0x0 0x2 0x1 0x1b37768ade0 0x0 0x0 0x0 0x0 0x0 0x0 0x9 0x2 0x0 0x0 oops 1 9 [B methods 0
ciMethodData java/io/DataInputStream readUnsignedByte ()I 2 74315 orig 80 0 0 0 0 0 0 0 0 0 0 0 0 0 0 0 0 0 0 0 0 4 0 0 0 0 0 0 0 0 0 0 0 0 0 0 0 0 0 0 0 0 0 0 0 0 0 0 0 0 0 0 0 0 0 0 0 0 0 0 0 0 0 0 0 0 0 0 0 0 0 0 0 0 0 0 0 0 0 0 0 data 22 0x8000000400040005 0x0 0x0 0x1b377670378 0x12248 0x1b37da5a580 0x7 0x90007 0x1224f 0x30 0x0 0x100002 0x0 0x0 0x0 0x0 0x0 0x0 0x0 0x9 0x1 0x0 oops 2 3 java/io/ByteArrayInputStream 5 java/io/BufferedInputStream methods 0
ciMethodData java/io/ByteArrayInputStream read ()I 2 40371 orig 80 1 0 0 0 0 0 0 0 0 0 0 0 0 0 0 0 0 0 0 0 0 0 0 0 0 0 0 0 0 0 0 0 0 0 0 0 0 0 0 1 0 0 0 0 0 0 0 0 0 0 0 0 0 0 0 0 0 0 0 0 0 0 0 0 0 0 0 0 0 0 0 0 0 0 0 0 0 0 0 0 data 14 0x8000000600080007 0x2 0x38 0x9db2 0x1f0003 0x9db2 0x18 0x0 0x0 0x0 0x0 0x9 0x1 0x0 oops 0 methods 0
ciMethodData jdk/internal/misc/InternalLock unlock ()V 2 13803 orig 80 0 0 0 0 0 0 0 0 0 0 0 0 0 0 0 0 0 0 0 0 0 0 0 0 0 0 0 0 0 0 0 0 0 0 0 0 0 0 0 0 0 0 0 0 0 0 0 0 0 0 0 0 0 0 0 0 0 0 0 0 0 0 0 0 0 0 0 0 0 0 0 0 0 0 0 0 0 0 0 0 data 16 0x40005 0x0 0x0 0x1b37ca23aa8 0x35eb 0x0 0x0 0x0 0x0 0x0 0x0 0x0 0x0 0x9 0x1 0x0 oops 1 3 java/util/concurrent/locks/ReentrantLock methods 0
ciMethodData java/lang/invoke/VarHandleByteArrayAsLongs$ArrayHandle index ([BI)I 2 53295 orig 80 0 0 0 0 0 0 0 0 0 0 0 0 179 1 0 0 0 0 0 0 0 0 0 0 0 0 0 0 0 0 0 0 0 0 0 0 0 0 0 0 0 0 0 0 0 0 0 0 0 0 0 0 0 0 0 0 0 0 0 0 0 0 0 0 0 0 0 0 0 0 0 0 0 0 0 0 0 0 0 0 data 12 0x90002 0xd02f 0x0 0x0 0x0 0x0 0x0 0x0 0x9 0x2 0x0 0x0 oops 0 methods 0
ciMethodData java/io/DataInputStream readByte ()B 2 29170 orig 80 1 0 0 0 0 0 0 0 0 0 0 0 0 0 0 0 0 0 0 0 0 0 0 0 0 0 0 0 0 0 0 0 0 0 0 0 0 0 0 0 0 0 0 0 0 0 0 0 0 0 0 0 0 0 0 0 0 0 0 0 0 0 0 0 0 0 0 0 0 0 0 0 0 0 0 0 0 0 0 0 data 16 0x10005 0x71f3 0x0 0x0 0x0 0x0 0x0 0x0 0x0 0x0 0x0 0x0 0x0 0x9 0x1 0x0 oops 0 methods 0
ciMethodData java/io/DataInputStream readLong ()J 2 47174 orig 80 0 0 0 0 0 0 0 0 0 0 0 0 179 1 0 0 0 0 0 0 0 0 0 0 0 0 0 0 0 0 0 0 0 0 0 0 0 0 0 0 0 0 0 0 0 0 0 0 0 0 0 0 0 0 0 0 0 0 0 0 0 0 0 0 0 0 0 0 0 0 0 0 0 0 0 0 0 0 0 0 data 18 0x80005 0xb846 0x0 0x0 0x0 0x0 0x0 0x100002 0xb846 0x0 0x0 0x0 0x0 0x0 0x0 0x9 0x1 0x0 oops 0 methods 0
ciMethodData jdk/internal/util/ByteArray getLong ([BI)J 2 47220 orig 80 0 0 0 0 0 0 0 0 0 0 0 0 179 1 0 0 0 0 0 0 0 0 0 0 0 0 0 0 0 0 0 0 0 0 0 0 0 0 0 0 0 0 0 0 0 0 0 0 0 0 0 0 0 0 0 0 0 0 0 0 0 0 0 0 0 0 0 0 0 0 0 0 0 0 0 0 0 0 0 0 data 20 0x5000b 0xb873 0x0 0x0 0x0 0x0 0x0 0x2 0x1 0x1b37768ade0 0x0 0x0 0x0 0x0 0x0 0x0 0x9 0x2 0x0 0x0 oops 1 9 [B methods 0
ciMethodData java/lang/invoke/VarHandleGuards guard_LI_J (Ljava/lang/invoke/VarHandle;Ljava/lang/Object;ILjava/lang/invoke/VarHandle$AccessDescriptor;)J 2 52100 orig 80 0 0 0 0 0 0 0 0 0 0 0 0 179 1 0 0 0 0 0 0 0 0 0 0 0 0 0 0 0 0 0 0 0 0 0 0 0 0 0 0 0 0 0 0 0 0 0 0 0 0 0 0 0 0 0 0 0 0 0 0 0 0 0 0 0 0 0 0 0 0 0 0 0 0 0 0 0 0 0 0 data 93 0x2000b 0x0 0x0 0x1b37ca058c0 0xcb80 0x0 0x0 0x2 0x1 0x1b37ebb9cf8 0x90007 0x0 0xc0 0xcb80 0x1c0007 0x0 0xa0 0xcb80 0x2a000b 0xcb80 0x0 0x0 0x0 0x0 0x0 0x1 0x1b37766f6f8 0x2d000a 0xcb80 0x4 0x0 0x1b37ca058c0 0x1 0x1b37768ade0 0x36000b 0x0 0x0 0x0 0x0 0x0 0x0 0x1 0x0 0x41000b 0x0 0x0 0x0 0x0 0x0 0x0 0x3 0x1 0x1b37766f938 0x0 0x45000b 0x0 0x0 0x0 0x0 0x0 0x0 0x1 0x0 0x4a000b 0x0 0x0 0x0 0x0 0x0 0x0 0x4 0x1 0x0 0x2 0x0 0x0 0x0 0x0 0x0 0x0 0x0 0x9 0x4 0x0 0x0 0x0 0x0 0xc 0x4 0x0 0x1b37ca058c0 0x1 0x1b37768ade0 oops 8 3 java/lang/invoke/VarHandleByteArrayAsLongs$ArrayHandle 9 java/lang/invoke/VarHandle$AccessDescriptor 26 java/lang/invoke/MemberName 31 java/lang/invoke/VarHandleByteArrayAsLongs$ArrayHandle 33 [B 52 java/lang/invoke/MethodType 90 java/lang/invoke/VarHandleByteArrayAsLongs$ArrayHandle 92 [B methods 0
ciMethodData java/lang/invoke/VarHandleByteArrayAsLongs$ArrayHandle get (Ljava/lang/invoke/VarHandle;Ljava/lang/Object;I)J 2 52453 orig 80 0 0 0 0 0 0 0 0 0 0 0 0 0 0 0 0 0 0 0 0 0 0 0 0 0 0 0 0 0 0 0 0 0 0 0 0 0 0 0 0 0 0 0 0 0 0 0 0 0 0 0 0 0 0 0 0 0 0 0 0 0 0 0 0 0 0 0 0 0 0 0 0 0 0 0 0 0 0 0 0 data 37 0x10004 0x0 0x0 0x1b37ca058c0 0xa13 0x0 0x0 0x60004 0x0 0x0 0x1b37768ade0 0xa13 0x0 0x0 0x130002 0xcce5 0x20000b 0xcce5 0x0 0x0 0x0 0x0 0x0 0x2 0x1 0x1b37768ade0 0x0 0x0 0x0 0x0 0x0 0x0 0x9 0x3 0x0 0x0 0x0 oops 3 3 java/lang/invoke/VarHandleByteArrayAsLongs$ArrayHandle 10 [B 25 [B methods 0
ciMethodData jdk/internal/misc/Unsafe getLongUnaligned (Ljava/lang/Object;JZ)J 2 5279 orig 80 0 0 0 0 0 0 0 0 0 0 0 0 179 1 0 0 0 0 0 0 0 0 0 0 0 0 0 0 0 0 0 0 0 0 0 0 0 0 0 0 0 0 0 0 0 0 0 0 0 0 0 0 0 0 0 0 0 0 0 0 0 0 0 0 0 0 0 0 0 0 0 0 0 0 0 0 0 0 0 0 data 25 0x5000b 0x1b6 0x0 0x0 0x0 0x0 0x0 0x2 0x1 0x1b37768ade0 0x80002 0x149f 0x0 0x0 0x0 0x0 0x0 0x0 0x9 0x5 0x0 0x0 0x0 0x0 0x0 oops 1 9 [B methods 0
ciMethodData java/io/DataInputStream readBoolean ()Z 2 53903 orig 80 0 0 0 0 0 0 0 0 0 0 0 0 179 1 0 0 0 0 0 0 0 0 0 0 0 0 0 0 0 0 0 0 0 0 0 0 0 0 0 0 0 0 0 0 0 0 0 0 0 0 0 0 0 0 0 0 0 0 0 0 0 0 0 0 0 0 0 0 0 0 0 0 0 0 0 0 0 0 0 0 data 23 0x10005 0xd28c 0x0 0x0 0x0 0x0 0x0 0x40007 0x7aef 0x38 0x579d 0x80003 0x579d 0x18 0x0 0x0 0x0 0x0 0x0 0x0 0x9 0x1 0x0 oops 0 methods 0
ciMethodData jdk/internal/misc/Unsafe convEndian (ZJ)J 2 5850 orig 80 0 0 0 0 0 0 0 0 0 0 0 0 0 0 0 0 0 0 0 0 0 0 0 0 0 0 0 0 0 0 0 0 0 0 0 0 0 0 0 0 0 0 0 0 0 0 0 0 0 0 0 0 0 0 0 0 0 0 0 0 0 0 0 0 0 0 0 0 0 0 0 0 0 0 0 0 0 0 0 0 data 20 0x40007 0x16da 0x38 0x0 0x80003 0x0 0x28 0xc0002 0x16da 0x0 0x0 0x0 0x0 0x0 0x0 0x9 0x3 0x0 0x0 0x0 oops 0 methods 0
ciMethodData java/util/HashSet isEmpty ()Z 2 3269 orig 80 0 0 0 0 0 0 0 0 0 0 0 0 0 0 0 0 0 0 0 0 0 0 0 0 0 0 0 0 0 0 0 0 0 0 0 0 0 0 0 0 0 0 0 0 0 0 0 0 0 0 0 0 0 0 0 0 0 0 0 0 0 0 0 0 0 0 0 0 0 0 0 0 0 0 0 0 0 0 0 0 data 16 0x40005 0x0 0x0 0x1b37f66d808 0xc90 0x1b37f66d968 0x35 0x0 0x0 0x0 0x0 0x0 0x0 0x9 0x1 0x0 oops 2 3 java/util/LinkedHashMap 5 java/util/HashMap methods 0
ciMethodData java/util/EnumSet of (Ljava/lang/Enum;)Ljava/util/EnumSet; 2 7003 orig 80 0 0 0 0 0 0 0 0 0 0 0 0 179 1 0 0 0 0 0 0 0 0 0 0 0 0 0 0 0 0 0 0 0 0 0 0 0 0 0 0 0 0 0 0 0 0 0 0 0 0 0 0 0 0 0 0 0 0 0 0 0 0 0 0 0 0 0 0 0 0 0 0 0 0 0 0 0 0 0 0 data 25 0x10005 0x1b5b 0x0 0x0 0x0 0x0 0x0 0x40002 0x1b5b 0xa0005 0x19ae 0x0 0x1b37e0d4350 0x1ad 0x0 0x0 0x0 0x0 0x0 0x0 0x0 0x0 0x9 0x1 0x0 oops 1 12 java/util/RegularEnumSet methods 0
ciMethodData java/lang/Enum getDeclaringClass ()Ljava/lang/Class; 2 7074 orig 80 0 0 0 0 0 0 0 0 0 0 0 0 179 1 0 0 0 0 0 0 0 0 0 0 0 0 0 0 0 0 0 0 0 0 0 0 0 0 0 0 0 0 0 0 0 0 0 0 0 0 0 0 0 0 0 0 0 0 0 0 0 0 0 0 0 0 0 0 0 0 0 0 0 0 0 0 0 0 0 0 data 30 0x10005 0x1ba2 0x0 0x0 0x0 0x0 0x0 0x60005 0x1ba2 0x0 0x0 0x0 0x0 0x0 0xd0007 0x0 0x38 0x1ba2 0x110003 0x1ba2 0x18 0x0 0x0 0x0 0x0 0x0 0x0 0x9 0x1 0x0 oops 0 methods 0
ciMethodData java/util/RegularEnumSet add (Ljava/lang/Object;)Z 2 7157 orig 80 0 0 0 0 0 0 0 0 0 0 0 0 179 1 0 0 0 0 0 0 0 0 0 0 0 0 0 0 0 0 0 0 0 0 0 0 0 0 0 0 0 0 0 0 0 0 0 0 0 0 0 0 0 0 0 0 0 0 0 0 0 0 0 0 0 0 0 0 0 0 0 0 0 0 0 0 0 0 0 0 data 24 0x20004 0x0 0x0 0x1b37ed839f8 0x13d 0x1b37de16488 0x1 0x50005 0x1bf5 0x0 0x0 0x0 0x0 0x0 0x0 0x0 0x0 0x0 0x0 0x0 0x9 0x2 0x18 0x0 oops 2 3 org/ballerinalang/model/elements/Flag 5 org/apache/commons/text/translate/NumericEntityUnescaper$OPTION methods 0
ciMethodData java/util/RegularEnumSet add (Ljava/lang/Enum;)Z 2 7157 orig 80 0 0 0 0 0 0 0 0 0 0 0 0 179 1 0 0 0 0 0 0 0 0 0 0 0 0 0 0 0 0 0 0 0 0 0 0 0 0 0 0 0 0 0 0 0 0 0 0 0 0 0 0 0 0 0 0 0 0 0 0 0 0 0 0 0 0 0 0 0 0 0 0 0 0 0 0 0 0 0 0 data 31 0x20005 0x1bf5 0x0 0x0 0x0 0x0 0x0 0x110005 0x1bf5 0x0 0x0 0x0 0x0 0x0 0x1f0007 0x0 0x38 0x1bf5 0x230003 0x1bf5 0x18 0x0 0x0 0x0 0x0 0x0 0x0 0x9 0x2 0x18 0x0 oops 0 methods 0
ciMethodData java/io/DataInputStream read ([B)I 2 15556 orig 80 0 0 0 0 0 0 0 0 0 0 0 0 0 0 0 0 0 0 0 0 0 0 0 0 0 0 0 0 0 0 0 0 0 0 0 0 0 0 0 0 0 0 0 0 0 0 0 0 0 0 0 0 0 0 0 0 0 0 0 0 0 0 0 0 0 0 0 0 0 0 0 0 0 0 0 0 0 0 0 0 data 17 0x80005 0x0 0x0 0x1b377670378 0x3cc4 0x1b37da5a580 0x1 0x0 0x0 0x0 0x0 0x0 0x0 0x9 0x2 0x0 0xffffffffffffffff oops 2 3 java/io/ByteArrayInputStream 5 java/io/BufferedInputStream methods 0
ciMethodData java/util/LinkedHashMap <init> (I)V 2 3565 orig 80 0 0 0 0 0 0 0 0 0 0 0 0 179 1 0 0 0 0 0 0 0 0 0 0 0 0 0 0 0 0 0 0 0 0 0 0 0 0 0 0 0 0 0 0 0 0 0 0 0 0 0 0 0 0 0 0 0 0 0 0 0 0 0 0 0 0 0 0 0 0 0 0 0 0 0 0 0 0 0 0 data 10 0x20002 0xded 0x0 0x0 0x0 0x0 0x9 0x2 0x78 0x0 oops 0 methods 0
ciMethodData java/util/LinkedList push (Ljava/lang/Object;)V 2 4913 orig 80 0 0 0 0 0 0 0 0 0 0 0 0 179 1 0 0 0 0 0 0 0 0 0 0 0 0 0 0 0 0 0 0 0 0 0 0 0 0 0 0 0 0 0 0 0 0 0 0 0 0 0 0 0 0 0 0 0 0 0 0 0 0 0 0 0 0 0 0 0 0 0 0 0 0 0 0 0 0 0 0 data 17 0x20005 0x0 0x0 0x1b37f66d758 0x1331 0x0 0x0 0x0 0x0 0x0 0x0 0x0 0x0 0x9 0x2 0x0 0x0 oops 1 3 java/util/LinkedList methods 0
ciMethodData java/util/LinkedList addFirst (Ljava/lang/Object;)V 2 4917 orig 80 0 0 0 0 0 0 0 0 0 0 0 0 179 1 0 0 0 0 0 0 0 0 0 0 0 0 0 0 0 0 0 0 0 0 0 0 0 0 0 0 0 0 0 0 0 0 0 0 0 0 0 0 0 0 0 0 0 0 0 0 0 0 0 0 0 0 0 0 0 0 0 0 0 0 0 0 0 0 0 0 data 17 0x20005 0x1335 0x0 0x0 0x0 0x0 0x0 0x0 0x0 0x0 0x0 0x0 0x0 0x9 0x2 0x0 0x0 oops 0 methods 0
ciMethodData java/util/LinkedList linkFirst (Ljava/lang/Object;)V 2 4920 orig 80 0 0 0 0 0 0 0 0 0 0 0 0 179 1 0 0 0 0 0 0 0 0 0 0 0 0 0 0 0 0 0 0 0 0 0 0 0 0 0 0 0 0 0 0 0 0 0 0 0 0 0 0 0 0 0 0 0 0 0 0 0 0 0 0 0 0 0 0 0 0 0 0 0 0 0 0 0 0 0 0 data 19 0xc0002 0x1338 0x160007 0xa5a 0x38 0x8de 0x1e0003 0x8de 0x18 0x0 0x0 0x0 0x0 0x0 0x0 0x9 0x2 0xe 0x0 oops 0 methods 0
ciMethodData java/util/LinkedList pop ()Ljava/lang/Object; 2 5115 orig 80 0 0 0 0 0 0 0 0 0 0 0 0 179 1 0 0 0 0 0 0 0 0 0 0 0 0 0 0 0 0 0 0 0 0 0 0 0 0 0 0 0 0 0 0 0 0 0 0 0 0 0 0 0 0 0 0 0 0 0 0 0 0 0 0 0 0 0 0 0 0 0 0 0 0 0 0 0 0 0 0 data 16 0x10005 0x0 0x0 0x1b37f66d758 0x13fb 0x0 0x0 0x0 0x0 0x0 0x0 0x0 0x0 0x9 0x1 0x0 oops 1 3 java/util/LinkedList methods 0
ciMethodData java/util/LinkedList removeFirst ()Ljava/lang/Object; 2 5656 orig 80 0 0 0 0 0 0 0 0 0 0 0 0 179 1 0 0 0 0 0 0 0 0 0 0 0 0 0 0 0 0 0 0 0 0 0 0 0 0 0 0 0 0 0 0 0 0 0 0 0 0 0 0 0 0 0 0 0 0 0 0 0 0 0 0 0 0 0 0 0 0 0 0 0 0 0 0 0 0 0 0 data 22 0x60007 0x1618 0x30 0x0 0xd0002 0x0 0x130005 0x1618 0x0 0x0 0x0 0x0 0x0 0x0 0x0 0x0 0x0 0x0 0x0 0x9 0x1 0xe oops 0 methods 0
ciMethodData java/util/LinkedList unlinkFirst (Ljava/util/LinkedList$Node;)Ljava/lang/Object; 2 5656 orig 80 0 0 0 0 0 0 0 0 0 0 0 0 179 1 0 0 0 0 0 0 0 0 0 0 0 0 0 0 0 0 0 0 0 0 0 0 0 0 0 0 0 0 0 0 0 0 0 0 0 0 0 0 0 0 0 0 0 0 0 0 0 0 0 0 0 0 0 0 0 0 0 0 0 0 0 0 0 0 0 0 data 17 0x1a0007 0xb8b 0x38 0xa8d 0x220003 0xa8d 0x18 0x0 0x0 0x0 0x0 0x0 0x0 0x9 0x2 0xe 0x6 oops 0 methods 0
ciMethodData java/util/LinkedHashSet <init> (I)V 2 9234 orig 80 0 0 0 0 0 0 0 0 0 0 0 0 179 1 0 0 0 0 0 0 0 0 0 0 0 0 0 0 0 0 0 0 0 0 0 0 0 0 0 0 0 0 0 0 0 0 0 0 0 0 0 0 0 0 0 0 0 0 0 0 0 0 0 0 0 0 0 0 0 0 0 0 0 0 0 0 0 0 0 0 data 9 0x50002 0x2412 0x0 0x0 0x0 0x9 0x2 0x6 0x0 oops 0 methods 0
ciMethodData java/util/HashSet <init> (IFZ)V 2 12878 orig 80 0 0 0 0 0 0 0 0 0 0 0 0 179 1 0 0 0 0 0 0 0 0 0 0 0 0 0 0 0 0 0 0 0 0 0 0 0 0 0 0 0 0 0 0 0 0 0 0 0 0 0 0 0 0 0 0 0 0 0 0 0 0 0 0 0 0 0 0 0 0 0 0 0 0 0 0 0 0 0 0 data 14 0x10002 0x324e 0xb0002 0x324e 0x0 0x0 0x0 0x0 0x9 0x4 0x6 0x0 0x0 0x0 oops 0 methods 0
ciMethodData java/util/LinkedHashSet <init> (Ljava/util/Collection;)V 2 2728 orig 80 0 0 0 0 0 0 0 0 0 0 0 0 179 1 0 0 0 0 0 0 0 0 0 0 0 0 0 0 0 0 0 0 0 0 0 0 0 0 0 0 0 0 0 0 0 0 0 0 0 0 0 0 0 0 0 0 0 0 0 0 0 0 0 0 0 0 0 0 0 0 0 0 0 0 0 0 0 0 0 0 data 30 0x20005 0x0 0x0 0x1b37f66e048 0xaa7 0x1b377670b08 0x1 0x90002 0xaa8 0xc0002 0xaa8 0x120002 0xaa8 0x170005 0x0 0x0 0x1b37f66e048 0xaa8 0x0 0x0 0x0 0x0 0x0 0x0 0x0 0x0 0x9 0x2 0xffffffffffffffff 0xffffffffffffffff oops 3 3 java/util/LinkedHashSet 5 java/util/ArrayList 16 java/util/LinkedHashSet methods 0
ciMethodData java/util/HashSet size ()I 2 5998 orig 80 0 0 0 0 0 0 0 0 0 0 0 0 179 1 0 0 0 0 0 0 0 0 0 0 0 0 0 0 0 0 0 0 0 0 0 0 0 0 0 0 0 0 0 0 0 0 0 0 0 0 0 0 0 0 0 0 0 0 0 0 0 0 0 0 0 0 0 0 0 0 0 0 0 0 0 0 0 0 0 0 data 16 0x40005 0x0 0x0 0x1b37f66d968 0x144 0x1b37f66d808 0x162a 0x0 0x0 0x0 0x0 0x0 0x0 0x9 0x1 0x0 oops 2 3 java/util/HashMap 5 java/util/LinkedHashMap methods 0
ciMethodData sun/nio/ch/ChannelInputStream read ([BII)I 2 3502 orig 80 0 0 0 0 0 0 0 0 0 0 0 0 0 0 0 0 0 0 0 0 0 0 0 0 0 0 0 0 0 0 0 0 0 0 0 0 0 0 0 0 0 0 0 0 0 0 0 0 0 0 0 0 0 0 0 0 0 0 0 0 0 0 0 0 0 0 0 0 0 0 0 0 0 0 0 0 0 0 0 0 data 57 0x40002 0xdae 0x90007 0xba5 0x20 0x209 0x130007 0x7cb 0x38 0x3da 0x1a0003 0x3da 0x28 0x1e0002 0x7cb 0x2a0005 0xba5 0x0 0x0 0x0 0x0 0x0 0x2d0002 0xba5 0x300005 0x0 0x0 0x1b37cfef9f0 0xba5 0x0 0x0 0x370005 0x0 0x0 0x1b37cfef9f0 0xba5 0x0 0x0 0x490005 0xba5 0x0 0x0 0x0 0x0 0x0 0x0 0x0 0x0 0x0 0x0 0x0 0x9 0x4 0xc 0x0 0x0 0x0 oops 2 27 java/nio/HeapByteBuffer 34 java/nio/HeapByteBuffer methods 0
ciMethodData java/util/Collection stream ()Ljava/util/stream/Stream; 2 3097 orig 80 0 0 0 0 0 0 0 0 0 0 0 0 0 0 0 0 0 0 0 0 0 0 0 0 0 0 0 0 0 0 0 0 0 0 0 0 0 0 0 0 0 0 0 0 0 0 0 0 0 0 0 0 0 0 0 0 0 0 0 0 0 0 0 0 0 0 0 0 0 0 0 0 0 0 0 0 0 0 0 0 data 18 0x10005 0x481 0x0 0x1b37d174020 0x62 0x1b377670b08 0x736 0x70002 0xc19 0x0 0x0 0x0 0x0 0x0 0x0 0x9 0x1 0xffffffffffffffff oops 2 3 java/util/HashSet 5 java/util/ArrayList methods 0
ciMethodData java/util/EnumSet typeCheck (Ljava/lang/Enum;)V 2 6871 orig 80 0 0 0 0 0 0 0 0 0 0 0 0 0 0 0 0 0 0 0 0 0 0 0 0 0 0 0 0 0 0 0 0 0 0 0 0 0 0 0 0 0 0 0 0 0 0 0 0 0 0 0 0 0 0 0 0 0 0 0 0 0 0 0 0 0 0 0 0 0 0 0 0 0 0 0 0 0 0 0 0 data 64 0x10005 0x1ad8 0x0 0x0 0x0 0x0 0x0 0xa0007 0x1ad6 0x178 0x2 0xe0005 0x2 0x0 0x0 0x0 0x0 0x0 0x150007 0x2 0x120 0x0 0x200002 0x0 0x240005 0x0 0x0 0x0 0x0 0x0 0x0 0x290005 0x0 0x0 0x0 0x0 0x0 0x0 0x300005 0x0 0x0 0x0 0x0 0x0 0x0 0x330005 0x0 0x0 0x0 0x0 0x0 0x0 0x360002 0x0 0x0 0x0 0x0 0x0 0x0 0x0 0x9 0x2 0x0 0x0 oops 0 methods 0
ciMethodData java/util/LinkedList$Node <init> (Ljava/util/LinkedList$Node;Ljava/lang/Object;Ljava/util/LinkedList$Node;)V 2 4816 orig 80 0 0 0 0 0 0 0 0 0 0 0 0 179 1 0 0 0 0 0 0 0 0 0 0 0 0 0 0 0 0 0 0 0 0 0 0 0 0 0 0 0 0 0 0 0 0 0 0 0 0 0 0 0 0 0 0 0 0 0 0 0 0 0 0 0 0 0 0 0 0 0 0 0 0 0 0 0 0 0 0 data 12 0x10002 0x12d0 0x0 0x0 0x0 0x0 0x9 0x4 0xe 0x0 0x0 0x0 oops 0 methods 0
ciMethod org/wso2/ballerinalang/compiler/BIRPackageSymbolEnter defineMarkDownDocAttachment (Lorg/wso2/ballerinalang/compiler/semantics/model/symbols/BSymbol;[B)V 1024 0 12344 0 0
ciMethod org/wso2/ballerinalang/compiler/BIRPackageSymbolEnter readAndSetParamDocumentation (Ljava/io/DataInputStream;Ljava/util/List;I)V 784 126 17918 0 -1
ciMethod org/wso2/ballerinalang/compiler/BIRPackageSymbolEnter setInvokableTypeSymbol (Lorg/wso2/ballerinalang/compiler/semantics/model/types/BInvokableType;)V 30 0 20 0 -1
ciMethod org/wso2/ballerinalang/compiler/BIRPackageSymbolEnter readBType (Ljava/io/DataInputStream;)Lorg/wso2/ballerinalang/compiler/semantics/model/types/BType; 980 0 6419 0 4736
ciMethod org/wso2/ballerinalang/compiler/BIRPackageSymbolEnter addShapeCP (Lorg/wso2/ballerinalang/compiler/semantics/model/types/BType;I)V 488 0 6815 0 0
ciMethod org/wso2/ballerinalang/compiler/BIRPackageSymbolEnter defineAnnotationAttachmentSymbol (Ljava/io/DataInputStream;Lorg/wso2/ballerinalang/compiler/semantics/model/symbols/BSymbol;)Lorg/wso2/ballerinalang/compiler/semantics/model/symbols/BAnnotationAttachmentSymbol; 74 0 1777 0 -1
ciMethod org/wso2/ballerinalang/compiler/BIRPackageSymbolEnter defineAnnotAttachmentSymbols (Ljava/io/DataInputStream;Lorg/ballerinalang/model/symbols/Annotatable;)V 1024 0 11057 0 0
ciMethod org/wso2/ballerinalang/compiler/BIRPackageSymbolEnter readAnnotAttachmentSymbols (Ljava/io/DataInputStream;Lorg/wso2/ballerinalang/compiler/semantics/model/symbols/BSymbol;)Ljava/util/List; 834 74 13362 0 -1
ciMethod org/wso2/ballerinalang/compiler/BIRPackageSymbolEnter getStringCPEntryValue (Ljava/io/DataInputStream;)Ljava/lang/String; 902 0 50000 0 1120
ciMethod org/wso2/ballerinalang/compiler/BIRPackageSymbolEnter getStringCPEntryValue (I)Ljava/lang/String; 514 0 10546 0 -1
ciMethod org/wso2/ballerinalang/compiler/BIRPackageSymbolEnter lookupSymbolInMainSpace (Lorg/wso2/ballerinalang/compiler/semantics/model/SymbolEnv;Lorg/wso2/ballerinalang/compiler/util/Name;)Lorg/wso2/ballerinalang/compiler/semantics/model/types/BType; 24 0 187 0 0
ciMethod org/wso2/ballerinalang/compiler/BIRPackageSymbolEnter readDocBytes (Ljava/io/DataInputStream;)[B 1024 0 12341 0 0
ciMethod org/wso2/ballerinalang/compiler/BIRPackageSymbolEnter getPackageId (I)Lorg/ballerinalang/model/elements/PackageID; 506 0 6000 0 0
ciMethod org/wso2/ballerinalang/compiler/BIRPackageSymbolEnter isImmutable (J)Z 100 0 590 0 0
ciMethod org/wso2/ballerinalang/compiler/BIRPackageSymbolEnter getEffectiveImmutableType (Lorg/wso2/ballerinalang/compiler/semantics/model/types/BType;)Lorg/wso2/ballerinalang/compiler/semantics/model/types/BType; 0 0 19 0 0
ciMethod org/wso2/ballerinalang/compiler/BIRPackageSymbolEnter getEffectiveImmutableType (Lorg/wso2/ballerinalang/compiler/semantics/model/types/BType;Lorg/ballerinalang/model/elements/PackageID;Lorg/wso2/ballerinalang/compiler/semantics/model/symbols/BSymbol;)Lorg/wso2/ballerinalang/compiler/semantics/model/types/BType; 0 0 10 0 0
ciMethod org/wso2/ballerinalang/compiler/bir/writer/CPEntry <init> (Lorg/wso2/ballerinalang/compiler/bir/writer/CPEntry$Type;)V 694 0 15216 0 0
ciMethod org/wso2/ballerinalang/compiler/BIRPackageSymbolEnter$BIRTypeReader <init> (Lorg/wso2/ballerinalang/compiler/BIRPackageSymbolEnter;Ljava/io/DataInputStream;)V 366 0 2292 0 -1
ciMethod org/wso2/ballerinalang/compiler/BIRPackageSymbolEnter$BIRTypeReader readTypeFromCp ()Lorg/wso2/ballerinalang/compiler/semantics/model/types/BType; 718 0 30189 0 136
ciMethod org/wso2/ballerinalang/compiler/BIRPackageSymbolEnter$BIRTypeReader setTSymbolForInvokableType (Lorg/wso2/ballerinalang/compiler/semantics/model/types/BInvokableType;Lorg/wso2/ballerinalang/compiler/semantics/model/types/BType;)Lorg/wso2/ballerinalang/compiler/semantics/model/types/BInvokableType; 212 294 2815 0 0
ciMethod org/wso2/ballerinalang/compiler/BIRPackageSymbolEnter$BIRTypeReader getSymbolOfClosure ()Lorg/wso2/ballerinalang/compiler/semantics/model/symbols/BInvokableSymbol; 46 82 1110 0 0
ciMethod org/wso2/ballerinalang/compiler/BIRPackageSymbolEnter$BIRTypeReader readType (I)Lorg/wso2/ballerinalang/compiler/semantics/model/types/BType; 366 514 12514 0 -1
ciMethod org/wso2/ballerinalang/compiler/BIRPackageSymbolEnter$BIRTypeReader readTypeIdSet (Ljava/io/DataInputStream;)Lorg/wso2/ballerinalang/compiler/semantics/model/types/BTypeIdSet; 68 14 599 0 0
ciMethod org/wso2/ballerinalang/compiler/BIRPackageSymbolEnter$BIRTypeReader readTypeId (Ljava/io/DataInputStream;)Lorg/wso2/ballerinalang/compiler/semantics/model/types/BTypeIdSet$BTypeId; 240 0 910 0 -1
ciMethod org/wso2/ballerinalang/compiler/BIRPackageSymbolEnter$BIRTypeReader ignoreAttachedFunc ()V 48 0 945 0 0
ciMethod org/wso2/ballerinalang/compiler/BIRPackageSymbolEnter$BIRTypeReader readTypeInclusions ()Ljava/util/List; 154 6 1680 0 0
ciMethod org/wso2/ballerinalang/compiler/BIRPackageSymbolEnter$BIRTypeReader readAndSetEnumSymbol (Lorg/wso2/ballerinalang/compiler/semantics/model/types/BUnionType;J)V 0 0 40 0 0
ciMethod org/wso2/ballerinalang/compiler/BIRPackageSymbolEnter$BIRTypeReader populateIntersectionTypeReferencedFunctions (Ljava/io/DataInputStream;Lorg/wso2/ballerinalang/compiler/semantics/model/symbols/BObjectTypeSymbol;)V 6 0 15 0 0
ciMethod org/wso2/ballerinalang/compiler/BIRPackageSymbolEnter$BIRTypeReader readNullableString ()Ljava/util/Optional; 728 0 1738 0 -1
ciMethod org/wso2/ballerinalang/compiler/BIRPackageSymbolEnter$BIRTypeReader readSemNamedType ()Lorg/wso2/ballerinalang/compiler/semantics/model/types/SemNamedType; 168 0 1723 0 0
ciMethod org/wso2/ballerinalang/compiler/BIRPackageSymbolEnter$BIRTypeReader readSemType ()Lio/ballerina/types/SemType; 728 728 1738 0 -1
ciMethod org/wso2/ballerinalang/compiler/BIRPackageSymbolEnter$BIRTypeReader readProperSubtypeData ()Lio/ballerina/types/ProperSubtypeData; 800 0 1996 0 -1
ciMethod org/wso2/ballerinalang/compiler/BIRPackageSymbolEnter$BIRTypeReader readBdd ()Lio/ballerina/types/Bdd; 0 0 1 0 -1
ciMethod org/wso2/ballerinalang/compiler/BIRPackageSymbolEnter$BIRTypeReader readAtomKind ()Lorg/wso2/ballerinalang/compiler/BIRPackageSymbolEnter$BIRTypeReader$AtomKind; 0 0 1 0 -1
ciMethod org/wso2/ballerinalang/compiler/BIRPackageSymbolEnter$BIRTypeReader readBddNode ()Lio/ballerina/types/subtypedata/BddNode; 0 0 1 0 -1
ciMethod org/wso2/ballerinalang/compiler/BIRPackageSymbolEnter$BIRTypeReader readInlinedAtom ()Lio/ballerina/types/Atom; 0 0 1 0 -1
ciMethod org/wso2/ballerinalang/compiler/BIRPackageSymbolEnter$BIRTypeReader readTypeAtom ()Lio/ballerina/types/TypeAtom; 0 0 1 0 -1
ciMethod org/wso2/ballerinalang/compiler/BIRPackageSymbolEnter$BIRTypeReader readRecAtom ()Lio/ballerina/types/RecAtom; 0 0 1 0 -1
ciMethod org/wso2/ballerinalang/compiler/BIRPackageSymbolEnter$BIRTypeReader createSemType (II[Lio/ballerina/types/ProperSubtypeData;)Lio/ballerina/types/ComplexSemType; 828 0 1996 0 -1
ciMethod org/wso2/ballerinalang/compiler/BIRPackageSymbolEnter$BIRTypeReader readIntSubtype ()Lio/ballerina/types/subtypedata/IntSubtype; 22 22 110 0 -1
ciMethod org/wso2/ballerinalang/compiler/BIRPackageSymbolEnter$BIRTypeReader readFloatSubtype ()Lio/ballerina/types/subtypedata/FloatSubtype; 8 8 4 0 -1
ciMethod org/wso2/ballerinalang/compiler/BIRPackageSymbolEnter$BIRTypeReader readDecimalSubType ()Lio/ballerina/types/subtypedata/DecimalSubtype; 0 0 7 0 -1
ciMethod org/wso2/ballerinalang/compiler/BIRPackageSymbolEnter$BIRTypeReader readStringSubtype ()Lio/ballerina/types/subtypedata/StringSubtype; 794 0 1871 0 -1
ciMethod org/wso2/ballerinalang/compiler/BIRPackageSymbolEnter$BIRTypeReader readXmlSubtype ()Lio/ballerina/types/subtypedata/XmlSubtype; 0 0 1 0 -1
ciMethod org/wso2/ballerinalang/compiler/bir/writer/CPEntry$ShapeCPEntry <init> (Lorg/wso2/ballerinalang/compiler/semantics/model/types/BType;)V 522 0 7354 0 0
ciMethod org/ballerinalang/model/elements/MarkdownDocAttachment <init> (I)V 942 0 9632 0 -1
ciMethod org/wso2/ballerinalang/compiler/semantics/model/types/BField <init> (Lorg/wso2/ballerinalang/compiler/util/Name;Lio/ballerina/tools/diagnostics/Location;Lorg/wso2/ballerinalang/compiler/semantics/model/symbols/BVarSymbol;)V 250 0 4190 0 0
ciMethodData org/wso2/ballerinalang/compiler/util/Name <init> (Ljava/lang/String;)V 2 66758 orig 80 0 0 0 0 0 0 0 0 0 0 0 0 0 0 0 0 0 0 0 0 0 0 0 0 0 0 0 0 0 0 0 0 0 0 0 0 0 0 0 0 0 0 0 0 0 0 0 0 0 0 0 0 0 0 0 0 0 0 0 0 0 0 0 0 0 0 0 0 0 0 0 0 0 0 0 0 0 0 0 0 data 10 0x10002 0x104c6 0x0 0x0 0x0 0x0 0x9 0x2 0x6 0x0 oops 0 methods 0
ciMethodData org/wso2/ballerinalang/compiler/util/Names fromString (Ljava/lang/String;)Lorg/wso2/ballerinalang/compiler/util/Name; 2 64197 orig 80 0 0 0 0 0 0 0 0 0 0 0 0 0 0 0 0 0 0 0 0 0 0 0 0 0 0 0 0 0 0 0 0 0 0 0 0 0 0 0 0 0 0 0 0 0 0 0 0 0 0 0 0 0 0 0 0 0 0 0 0 0 0 0 0 0 0 0 0 0 0 0 0 0 0 0 0 0 0 0 0 data 33 0x10005 0xfac3 0x0 0x0 0x0 0x0 0x0 0x40007 0xc5f5 0x20 0x34ce 0xe0005 0xc5f5 0x0 0x0 0x0 0x0 0x0 0x110007 0xc5f5 0x20 0x0 0x1d0002 0xc5f5 0x0 0x0 0x0 0x0 0x0 0x0 0x9 0x1 0x0 oops 0 methods 0
ciMethod org/wso2/ballerinalang/compiler/semantics/model/SymbolEnv createPkgEnv (Lorg/wso2/ballerinalang/compiler/tree/BLangPackage;Lorg/wso2/ballerinalang/compiler/semantics/model/Scope;Lorg/wso2/ballerinalang/compiler/semantics/model/SymbolEnv;)Lorg/wso2/ballerinalang/compiler/semantics/model/SymbolEnv; 170 0 79 0 -1
ciMethod org/wso2/ballerinalang/compiler/util/CompilerUtils getMajorVersion (Ljava/lang/String;)Ljava/lang/String; 672 0 1674 0 -1
ciMethodData org/wso2/ballerinalang/compiler/bir/writer/CPEntry <init> (Lorg/wso2/ballerinalang/compiler/bir/writer/CPEntry$Type;)V 2 14870 orig 80 0 0 0 0 0 0 0 0 0 0 0 0 179 1 0 0 0 0 0 0 0 0 0 0 0 0 0 0 0 0 0 0 0 0 0 0 0 0 0 0 0 0 0 0 0 0 0 0 0 0 0 0 0 0 0 0 0 0 0 0 0 0 0 0 0 0 0 0 0 0 0 0 0 0 0 0 0 0 0 0 data 10 0x10002 0x3a16 0x0 0x0 0x0 0x0 0x9 0x2 0x6 0x0 oops 0 methods 0
ciMethod org/wso2/ballerinalang/compiler/semantics/model/types/BObjectType$DistinctIdSupplier <init> (Lorg/wso2/ballerinalang/compiler/semantics/model/types/BObjectType;Lio/ballerina/types/Env;)V 512 0 276 0 0
ciMethod org/wso2/ballerinalang/compiler/semantics/model/types/BTypeIdSet$BTypeId <init> (Lorg/ballerinalang/model/elements/PackageID;Ljava/lang/String;Z)V 1024 0 928 0 -1
ciMethodData org/wso2/ballerinalang/compiler/BIRPackageSymbolEnter getStringCPEntryValue (Ljava/io/DataInputStream;)Ljava/lang/String; 2 51736 orig 80 0 0 0 0 0 0 0 0 0 0 0 0 0 0 0 0 0 0 0 0 0 0 0 0 0 0 0 0 0 0 0 0 0 0 0 0 0 0 0 0 0 0 0 0 0 0 0 0 0 0 0 0 0 0 0 0 0 0 0 0 0 0 0 0 0 0 0 0 0 0 0 0 0 0 0 0 0 0 0 0 data 24 0x10005 0xca16 0x0 0x0 0x0 0x0 0x0 0xe0004 0x0 0x0 0x1b37ca26cc8 0xca16 0x0 0x0 0x0 0x0 0x0 0x0 0x0 0x0 0x9 0x2 0x0 0x0 oops 1 10 org/wso2/ballerinalang/compiler/bir/writer/CPEntry$StringCPEntry methods 0
ciMethodData org/wso2/ballerinalang/compiler/BIRPackageSymbolEnter readBType (Ljava/io/DataInputStream;)Lorg/wso2/ballerinalang/compiler/semantics/model/types/BType; 2 5929 orig 80 0 0 0 0 0 0 0 0 0 0 0 0 0 0 0 0 0 0 0 0 0 0 0 0 0 0 0 0 0 0 0 0 0 0 0 0 0 0 0 0 0 0 0 0 0 0 0 0 0 0 0 0 0 0 0 0 0 0 0 0 0 0 0 0 0 0 0 0 0 0 0 0 0 0 0 0 0 0 0 0 data 72 0x10005 0x1729 0x0 0x0 0x0 0x0 0x0 0x130007 0x83d 0x78 0xeec 0x170004 0x0 0x0 0x1b37cf0b9f0 0xeec 0x0 0x0 0x260007 0xc3 0x20 0xe29 0x2e0007 0xc3 0x140 0x83d 0x390002 0x83d 0x3c0005 0x0 0x0 0x1b37f66d968 0x83d 0x0 0x0 0x410004 0x0 0x0 0x1b37768ade0 0x83d 0x0 0x0 0x550002 0x83d 0x580002 0x83d 0x5b0002 0x83d 0x5f0005 0x0 0x0 0x1b37f668c60 0x83d 0x0 0x0 0x680005 0x83d 0x0 0x0 0x0 0x0 0x0 0x0 0x0 0x0 0x0 0x0 0x0 0x9 0x2 0x0 0x0 oops 4 14 org/wso2/ballerinalang/compiler/bir/writer/CPEntry$ShapeCPEntry 31 java/util/HashMap 38 [B 51 org/wso2/ballerinalang/compiler/BIRPackageSymbolEnter$BIRTypeReader methods 0
ciMethodData org/wso2/ballerinalang/compiler/BIRPackageSymbolEnter$BIRTypeReader <init> (Lorg/wso2/ballerinalang/compiler/BIRPackageSymbolEnter;Ljava/io/DataInputStream;)V 2 2109 orig 80 0 0 0 0 0 0 0 0 0 0 0 0 179 1 0 0 0 0 0 0 0 0 0 0 0 0 0 0 0 0 0 0 0 0 0 0 0 0 0 0 0 0 0 0 0 0 0 0 0 0 0 0 0 0 0 0 0 0 0 0 0 0 0 0 0 0 0 0 0 0 0 0 0 0 0 0 0 0 0 0 data 15 0x60002 0x83d 0xa0002 0x83d 0x0 0x0 0x0 0x0 0x0 0x0 0x9 0x3 0xe 0x0 0x0 oops 0 methods 0
ciMethodData org/wso2/ballerinalang/compiler/BIRPackageSymbolEnter addShapeCP (Lorg/wso2/ballerinalang/compiler/semantics/model/types/BType;I)V 2 7118 orig 80 0 0 0 0 0 0 0 0 0 0 0 0 179 1 0 0 0 0 0 0 0 0 0 0 0 0 0 0 0 0 0 0 0 0 0 0 0 0 0 0 0 0 0 0 0 0 0 0 0 0 0 0 0 0 0 0 0 0 0 0 0 0 0 0 0 0 0 0 0 0 0 0 0 0 0 0 0 0 0 0 data 20 0xd0002 0x1bce 0x100004 0x0 0x0 0x1b37cf0b9f0 0x1bce 0x0 0x0 0x0 0x0 0x0 0x0 0x0 0x0 0x9 0x3 0x0 0x0 0x0 oops 1 5 org/wso2/ballerinalang/compiler/bir/writer/CPEntry$ShapeCPEntry methods 0
ciMethodData org/wso2/ballerinalang/compiler/BIRPackageSymbolEnter$BIRTypeReader readTypeFromCp ()Lorg/wso2/ballerinalang/compiler/semantics/model/types/BType; 2 40174 orig 80 0 0 0 0 0 0 0 0 0 0 0 0 0 0 0 0 0 0 0 0 0 0 0 0 0 0 0 0 0 0 0 0 0 0 0 0 0 0 0 0 0 0 0 0 0 0 0 0 0 0 0 0 0 0 0 0 0 0 0 0 0 0 0 0 0 0 0 0 0 0 0 0 0 0 0 0 0 0 0 0 data 16 0x80005 0x9cee 0x0 0x0 0x0 0x0 0x0 0x0 0x0 0x0 0x0 0x0 0x0 0x9 0x1 0x0 oops 0 methods 0
ciMethodData org/wso2/ballerinalang/compiler/bir/writer/CPEntry$ShapeCPEntry <init> (Lorg/wso2/ballerinalang/compiler/semantics/model/types/BType;)V 2 7104 orig 80 0 0 0 0 0 0 0 0 0 0 0 0 0 0 0 0 0 0 0 0 0 0 0 0 0 0 0 0 0 0 0 0 0 0 0 0 0 0 0 0 0 0 0 0 0 0 0 0 0 0 0 0 0 0 0 0 0 0 0 0 0 0 0 0 0 0 0 0 0 0 0 0 0 0 0 0 0 0 0 0 data 10 0x40002 0x1bc0 0x0 0x0 0x0 0x0 0x9 0x2 0x6 0x0 oops 0 methods 0
ciMethodData org/wso2/ballerinalang/compiler/semantics/model/symbols/BSymbol <init> (JJLorg/wso2/ballerinalang/compiler/util/Name;Lorg/wso2/ballerinalang/compiler/util/Name;Lorg/ballerinalang/model/elements/PackageID;Lorg/wso2/ballerinalang/compiler/semantics/model/types/BType;Lorg/wso2/ballerinalang/compiler/semantics/model/symbols/BSymbol;Lio/ballerina/tools/diagnostics/Location;Lorg/ballerinalang/model/symbols/SymbolOrigin;)V 2 11525 orig 80 0 0 0 0 0 0 0 0 0 0 0 0 0 0 0 0 0 0 0 0 0 0 0 0 0 0 0 0 0 0 0 0 0 0 0 0 0 0 0 0 0 0 0 0 0 0 0 0 0 0 0 0 0 0 0 0 0 0 0 0 0 0 0 0 0 0 0 0 0 0 0 0 0 0 0 0 0 0 0 0 data 22 0x10002 0x2d05 0x0 0x0 0x0 0x0 0x0 0x0 0x9 0xc 0x1fc 0x0 0x0 0x0 0x0 0x0 0x0 0x0 0x0 0x0 0x0 0x0 oops 0 methods 0
ciMethodData org/wso2/ballerinalang/compiler/semantics/model/symbols/Symbols isFlagOn (JJ)Z 2 23429 orig 80 0 0 0 0 0 0 0 0 0 0 0 0 0 0 0 0 0 0 0 0 0 0 0 0 0 0 0 0 0 0 0 0 0 0 0 0 0 0 0 0 0 0 0 0 0 0 0 0 0 0 0 0 0 0 0 0 0 0 0 0 0 0 0 0 0 0 0 0 0 0 0 0 0 0 0 0 0 0 0 0 data 14 0x50007 0x4360 0x38 0x1825 0x90003 0x1825 0x18 0x0 0x9 0x4 0x0 0x0 0x0 0x0 oops 0 methods 0
ciMethodData org/wso2/ballerinalang/compiler/semantics/model/types/BAnyType <init> (Lorg/ballerinalang/model/Name;J)V 1 58 orig 80 0 0 0 0 0 0 0 0 0 0 0 0 179 1 0 0 0 0 0 0 0 0 0 0 0 0 0 0 0 0 0 0 0 0 0 0 0 0 0 0 0 0 0 0 0 0 0 0 0 0 0 0 0 0 0 0 0 0 0 0 0 0 0 0 0 0 0 0 0 0 0 0 0 0 0 0 0 0 0 0 data 25 0x70002 0x3a 0xa0007 0x38 0x48 0x2 0x130002 0x2 0x160003 0x2 0x18 0x1c0002 0x3a 0x0 0x0 0x0 0x0 0x0 0x0 0x9 0x4 0x0 0x0 0x0 0x0 oops 0 methods 0
ciMethodData org/wso2/ballerinalang/compiler/util/BArrayState valueOf (B)Lorg/wso2/ballerinalang/compiler/util/BArrayState; 2 1103 orig 80 0 0 0 0 0 0 0 0 0 0 0 0 179 1 0 0 0 0 0 0 0 0 0 0 0 0 0 0 0 0 0 0 0 0 0 0 0 0 0 0 0 0 0 0 0 0 0 0 0 0 0 0 0 0 0 0 0 0 0 0 0 0 0 0 0 0 0 0 0 0 0 0 0 0 0 0 0 0 0 0 data 25 0x40002 0x44f 0x70005 0x0 0x0 0x1b37f66d968 0x44f 0x0 0x0 0xc0004 0x0 0x0 0x1b37de8d3e8 0x44f 0x0 0x0 0x0 0x0 0x0 0x0 0x0 0x0 0x9 0x1 0x0 oops 2 5 java/util/HashMap 12 org/wso2/ballerinalang/compiler/util/BArrayState methods 0
ciMethodData org/wso2/ballerinalang/compiler/BIRPackageSymbolEnter$BIRTypeReader setTSymbolForInvokableType (Lorg/wso2/ballerinalang/compiler/semantics/model/types/BInvokableType;Lorg/wso2/ballerinalang/compiler/semantics/model/types/BType;)Lorg/wso2/ballerinalang/compiler/semantics/model/types/BInvokableType; 2 3770 orig 80 0 0 0 0 0 0 0 0 0 0 0 0 179 1 0 0 0 0 0 0 0 0 0 0 0 0 0 0 0 0 0 0 0 0 0 0 0 0 0 0 0 0 0 0 0 0 0 0 0 0 0 0 0 0 0 0 0 0 0 0 0 0 0 0 0 0 0 0 0 0 0 0 0 0 0 0 0 0 0 0 data 193 0x40004 0x0 0x0 0x1b37ed32a10 0xeba 0x0 0x0 0xc0005 0xeba 0x0 0x0 0x0 0x0 0x0 0x130007 0xe36 0x20 0x84 0x1c0005 0xe36 0x0 0x0 0x0 0x0 0x0 0x280007 0xe36 0x1e0 0xe6d 0x330005 0xe6d 0x0 0x0 0x0 0x0 0x0 0x3c0005 0xe6d 0x0 0x0 0x0 0x0 0x0 0x490005 0xe6d 0x0 0x0 0x0 0x0 0x0 0x4f0005 0xe6d 0x0 0x0 0x0 0x0 0x0 0x5c0002 0xe6d 0x730002 0xe6d 0x840007 0xc2b 0x38 0x242 0x880003 0x242 0x18 0x970005 0xe6d 0x0 0x0 0x0 0x0 0x0 0xa00005 0x0 0x0 0x1b377670b08 0xe6d 0x0 0x0 0xa90003 0xe6d 0xfffffffffffffe38 0xb00005 0xe36 0x0 0x0 0x0 0x0 0x0 0xb70007 0xe13 0x158 0x23 0xc20005 0x23 0x0 0x0 0x0 0x0 0x0 0xcb0005 0x23 0x0 0x0 0x0 0x0 0x0 0xd80005 0x23 0x0 0x0 0x0 0x0 0x0 0xde0005 0x23 0x0 0x0 0x0 0x0 0x0 0xeb0002 0x23 0x1020002 0x23 0x10f0005 0x23 0x0 0x0 0x0 0x0 0x0 0x1210005 0xe36 0x0 0x0 0x0 0x0 0x0 0x12d0007 0xe36 0xe0 0x24c 0x1380005 0x24c 0x0 0x0 0x0 0x0 0x0 0x13e0005 0x24c 0x0 0x0 0x0 0x0 0x0 0x14b0005 0x0 0x0 0x1b37f66d968 0x24c 0x0 0x0 0x1540003 0x24c 0xffffffffffffff38 0x0 0x0 0x0 0x0 0x0 0x0 0x0 0x0 0x0 0x0 0x0 0x0 0x0 0x0 0x0 0x0 0x0 0x0 0x9 0x3 0x0 0x0 0x0 oops 3 3 org/wso2/ballerinalang/compiler/semantics/model/symbols/BInvokableTypeSymbol 78 java/util/ArrayList 163 java/util/HashMap methods 0
ciMethodData org/wso2/ballerinalang/compiler/BIRPackageSymbolEnter lookupSymbolInMainSpace (Lorg/wso2/ballerinalang/compiler/semantics/model/SymbolEnv;Lorg/wso2/ballerinalang/compiler/util/Name;)Lorg/wso2/ballerinalang/compiler/semantics/model/types/BType; 1 207 orig 80 0 0 0 0 0 0 0 0 0 0 0 0 179 1 0 0 0 0 0 0 0 0 0 0 0 0 0 0 0 0 0 0 0 0 0 0 0 0 0 0 0 0 0 0 0 0 0 0 0 0 0 0 0 0 0 0 0 0 0 0 0 0 0 0 0 0 0 0 0 0 0 0 0 0 0 0 0 0 0 0 data 18 0x60005 0x0 0x0 0x1b37cf76398 0xcf 0x0 0x0 0x0 0x0 0x0 0x0 0x0 0x0 0x9 0x3 0x0 0x0 0x0 oops 1 3 org/wso2/ballerinalang/compiler/semantics/analyzer/SymbolResolver methods 0
ciMethodData org/wso2/ballerinalang/compiler/semantics/analyzer/SymbolResolver lookupSymbolInMainSpace (Lorg/wso2/ballerinalang/compiler/semantics/model/SymbolEnv;Lorg/wso2/ballerinalang/compiler/util/Name;)Lorg/wso2/ballerinalang/compiler/semantics/model/symbols/BSymbol; 1 339 orig 80 0 0 0 0 0 0 0 0 0 0 0 0 179 1 0 0 0 0 0 0 0 0 0 0 0 0 0 0 0 0 0 0 0 0 0 0 0 0 0 0 0 0 0 0 0 0 0 0 0 0 0 0 0 0 0 0 0 0 0 0 0 0 0 0 0 0 0 0 0 0 0 0 0 0 0 0 0 0 0 0 data 18 0x60005 0x153 0x0 0x0 0x0 0x0 0x0 0x0 0x0 0x0 0x0 0x0 0x0 0x9 0x3 0x0 0x0 0xffffffffffffffff oops 0 methods 0
ciMethodData org/wso2/ballerinalang/compiler/semantics/model/types/BTypedescType <init> (Lio/ballerina/types/Env;Lorg/wso2/ballerinalang/compiler/semantics/model/types/BType;Lorg/wso2/ballerinalang/compiler/semantics/model/symbols/BTypeSymbol;)V 1 95 orig 80 0 0 0 0 0 0 0 0 0 0 0 0 179 1 0 0 0 0 0 0 0 0 0 0 0 0 0 0 0 0 0 0 0 0 0 0 0 0 0 0 0 0 0 0 0 0 0 0 0 0 0 0 0 0 0 0 0 0 0 0 0 0 0 0 0 0 0 0 0 0 0 0 0 0 0 0 0 0 0 0 data 12 0x70002 0x5f 0x0 0x0 0x0 0x0 0x9 0x4 0x3e 0x0 0x0 0x0 oops 0 methods 0
ciMethodData org/wso2/ballerinalang/compiler/semantics/model/types/BTypeReferenceType <init> (Lorg/wso2/ballerinalang/compiler/semantics/model/types/BType;Lorg/wso2/ballerinalang/compiler/semantics/model/symbols/BTypeSymbol;J)V 2 1893 orig 80 0 0 0 0 0 0 0 0 0 0 0 0 179 1 0 0 0 0 0 0 0 0 0 0 0 0 0 0 0 0 0 0 0 0 0 0 0 0 0 0 0 0 0 0 0 0 0 0 0 0 0 0 0 0 0 0 0 0 0 0 0 0 0 0 0 0 0 0 0 0 0 0 0 0 0 0 0 0 0 0 data 29 0x50002 0x765 0xf0005 0x0 0x0 0x1b37f1d41d8 0x765 0x0 0x0 0x120005 0x0 0x0 0x1b37f66d5f8 0x765 0x0 0x0 0x0 0x0 0x0 0x0 0x0 0x0 0x9 0x5 0x3e 0x0 0x0 0x0 0x0 oops 2 5 org/wso2/ballerinalang/compiler/semantics/model/symbols/BTypeSymbol 12 org/wso2/ballerinalang/compiler/util/Name methods 0
ciMethodData org/wso2/ballerinalang/compiler/semantics/model/types/BStreamType <init> (Lio/ballerina/types/Env;ILorg/wso2/ballerinalang/compiler/semantics/model/types/BType;Lorg/wso2/ballerinalang/compiler/semantics/model/types/BType;Lorg/wso2/ballerinalang/compiler/semantics/model/symbols/BTypeSymbol;)V 1 134 orig 80 0 0 0 0 0 0 0 0 0 0 0 0 179 1 0 0 0 0 0 0 0 0 0 0 0 0 0 0 0 0 0 0 0 0 0 0 0 0 0 0 0 0 0 0 0 0 0 0 0 0 0 0 0 0 0 0 0 0 0 0 0 0 0 0 0 0 0 0 0 0 0 0 0 0 0 0 0 0 0 0 data 25 0x40002 0x86 0x140007 0x86 0x38 0x0 0x190003 0x0 0x28 0x1c0002 0x86 0x0 0x0 0x0 0x0 0x0 0x0 0x9 0x6 0x7e 0x0 0x0 0x0 0x0 0x0 oops 0 methods 0
ciMethodData org/wso2/ballerinalang/compiler/semantics/model/types/BMapType <init> (Lio/ballerina/types/Env;ILorg/wso2/ballerinalang/compiler/semantics/model/types/BType;Lorg/wso2/ballerinalang/compiler/semantics/model/symbols/BTypeSymbol;J)V 1 771 orig 80 0 0 0 0 0 0 0 0 0 0 0 0 179 1 0 0 0 0 0 0 0 0 0 0 0 0 0 0 0 0 0 0 0 0 0 0 0 0 0 0 0 0 0 0 0 0 0 0 0 0 0 0 0 0 0 0 0 0 0 0 0 0 0 0 0 0 0 0 0 0 0 0 0 0 0 0 0 0 0 0 data 15 0x60002 0x303 0x0 0x0 0x0 0x0 0x9 0x7 0x7e 0x0 0x0 0x0 0x0 0x0 0x0 oops 0 methods 0
ciMethodData org/wso2/ballerinalang/compiler/semantics/model/types/BInvokableType <init> (Lio/ballerina/types/Env;Ljava/util/List;Lorg/wso2/ballerinalang/compiler/semantics/model/types/BType;Lorg/wso2/ballerinalang/compiler/semantics/model/types/BType;Lorg/wso2/ballerinalang/compiler/semantics/model/symbols/BTypeSymbol;)V 2 6861 orig 80 0 0 0 0 0 0 0 0 0 0 0 0 179 1 0 0 0 0 0 0 0 0 0 0 0 0 0 0 0 0 0 0 0 0 0 0 0 0 0 0 0 0 0 0 0 0 0 0 0 0 0 0 0 0 0 0 0 0 0 0 0 0 0 0 0 0 0 0 0 0 0 0 0 0 0 0 0 0 0 0 data 43 0x80002 0x1acd 0xd0002 0x1acd 0x160007 0x1acd 0xc8 0x0 0x1a0007 0x0 0xa8 0x0 0x1e0004 0x0 0x0 0x0 0x0 0x0 0x0 0x210007 0x0 0x50 0x0 0x2a0007 0x0 0x30 0x0 0x310002 0x0 0x0 0x0 0x0 0x0 0x0 0x0 0x9 0x6 0x7e 0x0 0xffffffffffffffff 0x0 0x0 0x0 oops 0 methods 0
ciMethodData org/wso2/ballerinalang/compiler/semantics/model/symbols/Symbols createInvokableTypeSymbol (JJLorg/ballerinalang/model/elements/PackageID;Lorg/wso2/ballerinalang/compiler/semantics/model/types/BType;Lorg/wso2/ballerinalang/compiler/semantics/model/symbols/BSymbol;Lio/ballerina/tools/diagnostics/Location;Lorg/ballerinalang/model/symbols/SymbolOrigin;)Lorg/wso2/ballerinalang/compiler/semantics/model/symbols/BInvokableTypeSymbol; 2 6861 orig 80 0 0 0 0 0 0 0 0 0 0 0 0 179 1 0 0 0 0 0 0 0 0 0 0 0 0 0 0 0 0 0 0 0 0 0 0 0 0 0 0 0 0 0 0 0 0 0 0 0 0 0 0 0 0 0 0 0 0 0 0 0 0 0 0 0 0 0 0 0 0 0 0 0 0 0 0 0 0 0 0 data 15 0x100002 0x1acd 0x0 0x0 0x9 0x9 0x0 0x0 0x0 0x0 0x0 0x0 0x0 0x0 0x0 oops 0 methods 0
ciMethodData org/wso2/ballerinalang/compiler/semantics/model/types/BAnyType newImmutableBAnyType ()Lorg/wso2/ballerinalang/compiler/semantics/model/types/BAnyType; 1 2 orig 80 0 0 0 0 0 0 0 0 0 0 0 0 179 1 0 0 0 0 0 0 0 0 0 0 0 0 0 0 0 0 0 0 0 0 0 0 0 0 0 0 0 0 0 0 0 0 0 0 0 0 0 0 0 0 0 0 0 0 0 0 0 0 0 0 0 0 0 0 0 0 0 0 0 0 0 0 0 0 0 0 data 19 0x70005 0x2 0x0 0x0 0x0 0x0 0x0 0xa0002 0x2 0x100002 0x2 0x0 0x0 0x0 0x0 0x0 0x0 0x9 0x0 oops 0 methods 0
ciMethodData org/wso2/ballerinalang/compiler/semantics/model/types/BType addFlags (J)V 2 2845 orig 80 0 0 0 0 0 0 0 0 0 0 0 0 179 1 0 0 0 0 0 0 0 0 0 0 0 0 0 0 0 0 0 0 0 0 0 0 0 0 0 0 0 0 0 0 0 0 0 0 0 0 0 0 0 0 0 0 0 0 0 0 0 0 0 0 0 0 0 0 0 0 0 0 0 0 0 0 0 0 0 0 data 18 0xb0005 0x2 0x0 0x1b37f66df98 0xb05 0x1b37ed87d28 0x16 0x0 0x0 0x0 0x0 0x0 0x0 0x9 0x3 0x0 0x0 0x0 oops 2 3 org/wso2/ballerinalang/compiler/semantics/model/types/BUnionType 5 org/wso2/ballerinalang/compiler/semantics/model/types/BAnydataType methods 0
ciMethodData org/wso2/ballerinalang/compiler/semantics/model/SymbolTable typeEnv ()Lio/ballerina/types/Env; 2 6942 orig 80 0 0 0 0 0 0 0 0 0 0 0 0 179 1 0 0 0 0 0 0 0 0 0 0 0 0 0 0 0 0 0 0 0 0 0 0 0 0 0 0 0 0 0 0 0 0 0 0 0 0 0 0 0 0 0 0 0 0 0 0 0 0 0 0 0 0 0 0 0 0 0 0 0 0 0 0 0 0 0 0 data 33 0x30007 0x1b1e 0x88 0x0 0xa0005 0x0 0x0 0x0 0x0 0x0 0x0 0xd0007 0x0 0x30 0x0 0x140002 0x0 0x1c0005 0x0 0x0 0x1b37f66dee8 0x1b1e 0x0 0x0 0x0 0x0 0x0 0x0 0x0 0x0 0x9 0x1 0x0 oops 1 20 org/wso2/ballerinalang/compiler/semantics/analyzer/Types methods 0
ciMethodData org/wso2/ballerinalang/compiler/semantics/model/symbols/BTypeSymbol <init> (JJLorg/wso2/ballerinalang/compiler/util/Name;Lorg/wso2/ballerinalang/compiler/util/Name;Lorg/ballerinalang/model/elements/PackageID;Lorg/wso2/ballerinalang/compiler/semantics/model/types/BType;Lorg/wso2/ballerinalang/compiler/semantics/model/symbols/BSymbol;Lio/ballerina/tools/diagnostics/Location;Lorg/ballerinalang/model/symbols/SymbolOrigin;)V 2 17714 orig 80 0 0 0 0 0 0 0 0 0 0 0 0 0 0 0 0 0 0 0 0 0 0 0 0 0 0 0 0 0 0 0 0 0 0 0 0 0 0 0 0 0 0 0 0 0 0 0 0 0 0 0 0 0 0 0 0 0 0 0 0 0 0 0 0 0 0 0 0 0 0 0 0 0 0 0 0 0 0 0 0 data 18 0x110002 0x4533 0x0 0x0 0x9 0xc 0x1fc 0x0 0x0 0x0 0x0 0x0 0x0 0x0 0x0 0x0 0x0 0x0 oops 0 methods 0
ciMethodData org/wso2/ballerinalang/compiler/semantics/model/types/BTableType <init> (Lio/ballerina/types/Env;Lorg/wso2/ballerinalang/compiler/semantics/model/types/BType;Lorg/wso2/ballerinalang/compiler/semantics/model/symbols/BTypeSymbol;J)V 1 150 orig 80 0 0 0 0 0 0 0 0 0 0 0 0 179 1 0 0 0 0 0 0 0 0 0 0 0 0 0 0 0 0 0 0 0 0 0 0 0 0 0 0 0 0 0 0 0 0 0 0 0 0 0 0 0 0 0 0 0 0 0 0 0 0 0 0 0 0 0 0 0 0 0 0 0 0 0 0 0 0 0 0 data 16 0x60002 0x96 0xe0002 0x96 0x0 0x0 0x0 0x0 0x9 0x6 0x17e 0x0 0x0 0x0 0x0 0x0 oops 0 methods 0
ciMethodData org/wso2/ballerinalang/util/Flags asMask (Ljava/util/Set;)J 2 6174 orig 80 0 0 0 0 0 0 0 0 0 0 0 0 179 1 0 0 0 0 0 0 0 0 0 0 0 0 0 0 0 0 0 0 0 0 0 0 0 0 0 0 0 0 0 0 0 0 0 0 0 0 0 0 0 0 0 0 0 0 0 0 0 0 0 0 0 0 0 0 0 0 0 0 0 0 0 0 0 0 0 0 data 253 0x30005 0x0 0x0 0x1b37e0d4350 0x181e 0x0 0x0 0xa0005 0x0 0x0 0x1b37e144178 0x307d 0x0 0x0 0xf0007 0x181e 0x700 0x185f 0x130005 0x0 0x0 0x1b37e144178 0x185f 0x0 0x0 0x180004 0x0 0x0 0x1b37ed839f8 0x185f 0x0 0x0 0x220005 0x185f 0x0 0x0 0x0 0x0 0x0 0x260008 0x50 0x0 0x620 0x181e 0x290 0x0 0x2a8 0x0 0x2c0 0x0 0x2d8 0x0 0x2f0 0x0 0x308 0x41 0x320 0x0 0x338 0x0 0x350 0x0 0x368 0x0 0x380 0x0 0x398 0x0 0x3b0 0x0 0x3c8 0x0 0x3e0 0x0 0x3f8 0x0 0x410 0x0 0x428 0x0 0x440 0x0 0x458 0x0 0x470 0x0 0x488 0x0 0x4a0 0x0 0x4b8 0x0 0x4d0 0x0 0x4e8 0x0 0x500 0x0 0x518 0x0 0x530 0x0 0x548 0x0 0x560 0x0 0x578 0x0 0x590 0x0 0x5a8 0x0 0x5c0 0x0 0x5d8 0x0 0x5f0 0x0 0x608 0x0 0x620 0xd40003 0x181e 0x390 0xdd0003 0x0 0x378 0xe60003 0x0 0x360 0xef0003 0x0 0x348 0xf80003 0x0 0x330 0x1010003 0x0 0x318 0x10a0003 0x41 0x300 0x1130003 0x0 0x2e8 0x11c0003 0x0 0x2d0 0x1250003 0x0 0x2b8 0x12e0003 0x0 0x2a0 0x1370003 0x0 0x288 0x1400003 0x0 0x270 0x1490003 0x0 0x258 0x1520003 0x0 0x240 0x15b0003 0x0 0x228 0x1640003 0x0 0x210 0x16d0003 0x0 0x1f8 0x1760003 0x0 0x1e0 0x17f0003 0x0 0x1c8 0x1880003 0x0 0x1b0 0x1910003 0x0 0x198 0x19a0003 0x0 0x180 0x1a30003 0x0 0x168 0x1ac0003 0x0 0x150 0x1b50003 0x0 0x138 0x1be0003 0x0 0x120 0x1c70003 0x0 0x108 0x1d00003 0x0 0xf0 0x1d90003 0x0 0xd8 0x1e20003 0x0 0xc0 0x1eb0003 0x0 0xa8 0x1f40003 0x0 0x90 0x1fd0003 0x0 0x78 0x2060003 0x0 0x60 0x20f0003 0x0 0x48 0x2180003 0x0 0x30 0x2210003 0x0 0x18 0x22a0003 0x185f 0xfffffffffffff8e0 0x0 0x0 0x0 0x0 0x0 0x0 0x0 0x0 0x0 0x0 0x0 0x0 0x9 0x1 0x0 oops 4 3 java/util/RegularEnumSet 10 java/util/RegularEnumSet$EnumSetIterator 21 java/util/RegularEnumSet$EnumSetIterator 28 org/ballerinalang/model/elements/Flag methods 0
ciMethodData org/wso2/ballerinalang/compiler/BIRPackageSymbolEnter readDocBytes (Ljava/io/DataInputStream;)[B 2 15408 orig 80 0 0 0 0 0 0 0 0 0 0 0 0 0 0 0 0 0 0 0 0 0 0 0 0 0 0 0 0 0 0 0 0 0 0 0 0 0 0 0 0 0 0 0 0 0 0 0 0 0 0 0 0 0 0 0 0 0 0 0 0 0 0 0 0 0 0 0 0 0 0 0 0 0 0 0 0 0 0 0 0 data 30 0x10005 0x3c30 0x0 0x0 0x0 0x0 0x0 0xb0005 0x3c30 0x0 0x0 0x0 0x0 0x0 0x130007 0x3c30 0x30 0x0 0x1d0002 0x0 0x0 0x0 0x0 0x0 0x0 0x0 0x9 0x2 0x0 0x0 oops 0 methods 0
ciMethodData org/wso2/ballerinalang/compiler/BIRPackageSymbolEnter defineMarkDownDocAttachment (Lorg/wso2/ballerinalang/compiler/semantics/model/symbols/BSymbol;[B)V 2 18289 orig 80 0 0 0 0 0 0 0 0 0 0 0 0 0 0 0 0 0 0 0 0 0 0 0 0 0 0 0 0 0 0 0 0 0 0 0 0 0 0 0 0 0 0 0 0 0 0 0 0 0 0 0 0 0 0 0 0 0 0 0 0 0 0 0 0 0 0 0 0 0 0 0 0 0 0 0 0 0 0 0 0 data 119 0x90002 0x4772 0xc0002 0x4772 0x110005 0x4772 0x0 0x0 0x0 0x0 0x0 0x180007 0x2788 0x20 0x1fea 0x1d0005 0x2788 0x0 0x0 0x0 0x0 0x0 0x230005 0x2788 0x0 0x0 0x0 0x0 0x0 0x290005 0x2788 0x0 0x0 0x0 0x0 0x0 0x340002 0x2788 0x3d0007 0x1d93 0x70 0x9f5 0x430005 0x9f5 0x0 0x0 0x0 0x0 0x0 0x460003 0x9f5 0x18 0x510007 0x2390 0x70 0x3f8 0x570005 0x3f8 0x0 0x0 0x0 0x0 0x0 0x5a0003 0x3f8 0x18 0x6a0005 0x2788 0x0 0x0 0x0 0x0 0x0 0x6e0005 0x2788 0x0 0x0 0x0 0x0 0x0 0x740005 0x2788 0x0 0x0 0x0 0x0 0x0 0x7d0007 0x2784 0x70 0x4 0x830005 0x4 0x0 0x0 0x0 0x0 0x0 0x860003 0x4 0x18 0x960005 0x2788 0x0 0x0 0x0 0x0 0x0 0x0 0x0 0x0 0x0 0x0 0x0 0x9 0x3 0x0 0x0 0x0 oops 0 methods 0
ciMethodData org/wso2/ballerinalang/compiler/semantics/model/symbols/Symbols createTypeSymbol (JJLorg/wso2/ballerinalang/compiler/util/Name;Lorg/ballerinalang/model/elements/PackageID;Lorg/wso2/ballerinalang/compiler/semantics/model/types/BType;Lorg/wso2/ballerinalang/compiler/semantics/model/symbols/BSymbol;Lio/ballerina/tools/diagnostics/Location;Lorg/ballerinalang/model/symbols/SymbolOrigin;)Lorg/wso2/ballerinalang/compiler/semantics/model/symbols/BTypeSymbol; 2 7132 orig 80 0 0 0 0 0 0 0 0 0 0 0 0 179 1 0 0 0 0 0 0 0 0 0 0 0 0 0 0 0 0 0 0 0 0 0 0 0 0 0 0 0 0 0 0 0 0 0 0 0 0 0 0 0 0 0 0 0 0 0 0 0 0 0 0 0 0 0 0 0 0 0 0 0 0 0 0 0 0 0 0 data 20 0x100002 0x1bdc 0x0 0x0 0x0 0x0 0x0 0x0 0x9 0xa 0x0 0x0 0x0 0x0 0x0 0x0 0x0 0x0 0x0 0x0 oops 0 methods 0
ciMethodData org/wso2/ballerinalang/compiler/BIRPackageSymbolEnter getEffectiveImmutableType (Lorg/wso2/ballerinalang/compiler/semantics/model/types/BType;Lorg/ballerinalang/model/elements/PackageID;Lorg/wso2/ballerinalang/compiler/semantics/model/symbols/BSymbol;)Lorg/wso2/ballerinalang/compiler/semantics/model/types/BType; 1 11 orig 80 0 0 0 0 0 0 0 0 0 0 0 0 179 1 0 0 0 0 0 0 0 0 0 0 0 0 0 0 0 0 0 0 0 0 0 0 0 0 0 0 0 0 0 0 0 0 0 0 0 0 0 0 0 0 0 0 0 0 0 0 0 0 0 0 0 0 0 0 0 0 0 0 0 0 0 0 0 0 0 0 data 14 0x110002 0xb 0x0 0x0 0x0 0x0 0x0 0x0 0x9 0x4 0x0 0xffffffffffffffff 0xffffffffffffffff 0xffffffffffffffff oops 0 methods 0
ciMethodData org/wso2/ballerinalang/compiler/BIRPackageSymbolEnter getPackageId (I)Lorg/ballerinalang/model/elements/PackageID; 2 7112 orig 80 0 0 0 0 0 0 0 0 0 0 0 0 179 1 0 0 0 0 0 0 0 0 0 0 0 0 0 0 0 0 0 0 0 0 0 0 0 0 0 0 0 0 0 0 0 0 0 0 0 0 0 0 0 0 0 0 0 0 0 0 0 0 0 0 0 0 0 0 0 0 0 0 0 0 0 0 0 0 0 0 data 58 0x90004 0x0 0x0 0x1b37e3e1ef0 0x1bc8 0x0 0x0 0x190004 0x0 0x0 0x1b37ca26cc8 0x1bc8 0x0 0x0 0x2c0004 0x0 0x0 0x1b37ca26cc8 0x1bc8 0x0 0x0 0x400004 0x0 0x0 0x1b37ca26cc8 0x1bc8 0x0 0x0 0x540004 0x0 0x0 0x1b37ca26cc8 0x1bc8 0x0 0x0 0x610002 0x1bc8 0x660002 0x1bc8 0x6b0002 0x1bc8 0x700002 0x1bc8 0x740002 0x1bc8 0x0 0x0 0x0 0x0 0x0 0x0 0x0 0x0 0x0 0x9 0x2 0x0 0x0 oops 5 3 org/wso2/ballerinalang/compiler/bir/writer/CPEntry$PackageCPEntry 10 org/wso2/ballerinalang/compiler/bir/writer/CPEntry$StringCPEntry 17 org/wso2/ballerinalang/compiler/bir/writer/CPEntry$StringCPEntry 24 org/wso2/ballerinalang/compiler/bir/writer/CPEntry$StringCPEntry 31 org/wso2/ballerinalang/compiler/bir/writer/CPEntry$StringCPEntry methods 0
ciMethodData org/wso2/ballerinalang/compiler/BIRPackageSymbolEnter defineAnnotAttachmentSymbols (Ljava/io/DataInputStream;Lorg/ballerinalang/model/symbols/Annotatable;)V 2 17592 orig 80 0 0 0 0 0 0 0 0 0 0 0 0 0 0 0 0 0 0 0 0 0 0 0 0 0 0 0 0 0 0 0 0 0 0 0 0 0 0 0 0 0 0 0 0 0 0 0 0 0 0 0 0 0 0 0 0 0 0 0 0 0 0 0 0 0 0 0 0 0 0 0 0 0 0 0 0 0 0 0 0 data 39 0x10005 0xc56 0x0 0x1b37f49a2d8 0x24a0 0x1b37f498e38 0x13c3 0x90004 0x0 0x0 0x1b37f49a2d8 0x34e 0x1b37f498e38 0x5c7 0xc0005 0x44b9 0x0 0x0 0x0 0x0 0x0 0xf0005 0x0 0x0 0x1b377670b08 0x44b9 0x0 0x0 0x0 0x0 0x0 0x0 0x0 0x0 0x9 0x3 0xffffffffffffffff 0xffffffffffffffff 0xffffffffffffffff oops 5 3 org/wso2/ballerinalang/compiler/semantics/model/symbols/BVarSymbol 5 org/wso2/ballerinalang/compiler/semantics/model/symbols/BInvokableSymbol 10 org/wso2/ballerinalang/compiler/semantics/model/symbols/BVarSymbol 12 org/wso2/ballerinalang/compiler/semantics/model/symbols/BInvokableSymbol 24 java/util/ArrayList methods 0
ciMethodData org/wso2/ballerinalang/compiler/semantics/model/symbols/Symbols createRecordSymbol (JLorg/wso2/ballerinalang/compiler/util/Name;Lorg/ballerinalang/model/elements/PackageID;Lorg/wso2/ballerinalang/compiler/semantics/model/types/BType;Lorg/wso2/ballerinalang/compiler/semantics/model/symbols/BSymbol;Lio/ballerina/tools/diagnostics/Location;Lorg/ballerinalang/model/symbols/SymbolOrigin;)Lorg/wso2/ballerinalang/compiler/semantics/model/symbols/BRecordTypeSymbol; 2 1627 orig 80 0 0 0 0 0 0 0 0 0 0 0 0 179 1 0 0 0 0 0 0 0 0 0 0 0 0 0 0 0 0 0 0 0 0 0 0 0 0 0 0 0 0 0 0 0 0 0 0 0 0 0 0 0 0 0 0 0 0 0 0 0 0 0 0 0 0 0 0 0 0 0 0 0 0 0 0 0 0 0 0 data 16 0x120002 0x65b 0x0 0x0 0x0 0x0 0x9 0x8 0x0 0x0 0x0 0x0 0x0 0x0 0x0 0x0 oops 0 methods 0
ciMethodData org/wso2/ballerinalang/compiler/semantics/model/Scope <init> (Lorg/wso2/ballerinalang/compiler/semantics/model/symbols/BSymbol;)V 2 3561 orig 80 0 0 0 0 0 0 0 0 0 0 0 0 179 1 0 0 0 0 0 0 0 0 0 0 0 0 0 0 0 0 0 0 0 0 0 0 0 0 0 0 0 0 0 0 0 0 0 0 0 0 0 0 0 0 0 0 0 0 0 0 0 0 0 0 0 0 0 0 0 0 0 0 0 0 0 0 0 0 0 0 data 12 0x10002 0xde9 0x100002 0xde9 0x0 0x0 0x0 0x0 0x9 0x2 0x6 0x0 oops 0 methods 0
ciMethodData org/wso2/ballerinalang/compiler/semantics/model/types/BRecordType <init> (Lio/ballerina/types/Env;Lorg/wso2/ballerinalang/compiler/semantics/model/symbols/BTypeSymbol;J)V 2 1627 orig 80 0 0 0 0 0 0 0 0 0 0 0 0 179 1 0 0 0 0 0 0 0 0 0 0 0 0 0 0 0 0 0 0 0 0 0 0 0 0 0 0 0 0 0 0 0 0 0 0 0 0 0 0 0 0 0 0 0 0 0 0 0 0 0 0 0 0 0 0 0 0 0 0 0 0 0 0 0 0 0 0 data 13 0x50002 0x65b 0x0 0x0 0x0 0x0 0x9 0x5 0x1be 0x0 0x0 0x0 0x0 oops 0 methods 0
ciMethodData org/wso2/ballerinalang/compiler/semantics/model/symbols/BVarSymbol <init> (JLorg/wso2/ballerinalang/compiler/util/Name;Lorg/ballerinalang/model/elements/PackageID;Lorg/wso2/ballerinalang/compiler/semantics/model/types/BType;Lorg/wso2/ballerinalang/compiler/semantics/model/symbols/BSymbol;Lio/ballerina/tools/diagnostics/Location;Lorg/ballerinalang/model/symbols/SymbolOrigin;)V 2 13826 orig 80 0 0 0 0 0 0 0 0 0 0 0 0 179 1 0 0 0 0 0 0 0 0 0 0 0 0 0 0 0 0 0 0 0 0 0 0 0 0 0 0 0 0 0 0 0 0 0 0 0 0 0 0 0 0 0 0 0 0 0 0 0 0 0 0 0 0 0 0 0 0 0 0 0 0 0 0 0 0 0 0 data 15 0xe0002 0x3602 0x0 0x0 0x9 0x9 0x7fe 0x0 0x0 0x0 0x0 0x0 0x0 0x0 0x0 oops 0 methods 0
ciMethodData org/wso2/ballerinalang/compiler/semantics/model/types/BField <init> (Lorg/wso2/ballerinalang/compiler/util/Name;Lio/ballerina/tools/diagnostics/Location;Lorg/wso2/ballerinalang/compiler/semantics/model/symbols/BVarSymbol;)V 2 4177 orig 80 0 0 0 0 0 0 0 0 0 0 0 0 179 1 0 0 0 0 0 0 0 0 0 0 0 0 0 0 0 0 0 0 0 0 0 0 0 0 0 0 0 0 0 0 0 0 0 0 0 0 0 0 0 0 0 0 0 0 0 0 0 0 0 0 0 0 0 0 0 0 0 0 0 0 0 0 0 0 0 0 data 12 0x10002 0x1051 0x0 0x0 0x0 0x0 0x9 0x4 0xe 0x0 0x0 0x0 oops 0 methods 0
ciMethodData org/wso2/ballerinalang/compiler/semantics/model/Scope define (Lorg/wso2/ballerinalang/compiler/util/Name;Lorg/wso2/ballerinalang/compiler/semantics/model/symbols/BSymbol;)V 2 16297 orig 80 0 0 0 0 0 0 0 0 0 0 0 0 179 1 0 0 0 0 0 0 0 0 0 0 0 0 0 0 0 0 0 0 0 0 0 0 0 0 0 0 0 0 0 0 0 0 0 0 0 0 0 0 0 0 0 0 0 0 0 0 0 0 0 0 0 0 0 0 0 0 0 0 0 0 0 0 0 0 0 0 data 38 0x50005 0x0 0x0 0x1b37f66d808 0x3fa9 0x0 0x0 0xa0104 0x0 0x0 0x1b37d044738 0x1011 0x0 0x0 0xf0007 0x1011 0x20 0x2f98 0x1c0002 0x3fa9 0x280005 0x0 0x0 0x1b37f66d808 0x3fa9 0x0 0x0 0x0 0x0 0x0 0x0 0x0 0x0 0x9 0x3 0x0 0xffffffffffffffff 0x0 oops 3 3 java/util/LinkedHashMap 10 org/wso2/ballerinalang/compiler/semantics/model/Scope$ScopeEntry 23 java/util/LinkedHashMap methods 0
ciMethodData org/wso2/ballerinalang/compiler/BIRPackageSymbolEnter$BIRTypeReader readTypeInclusions ()Ljava/util/List; 2 1651 orig 80 0 0 0 0 0 0 0 0 0 0 0 0 179 1 0 0 0 0 0 0 0 0 0 0 0 0 0 0 0 0 0 0 0 0 0 0 0 0 0 0 0 0 0 0 0 0 0 0 0 0 0 0 0 0 0 0 0 0 0 0 0 0 0 0 0 0 0 0 0 0 0 0 0 0 0 0 0 0 0 0 data 39 0x40005 0x673 0x0 0x0 0x0 0x0 0x0 0xd0002 0x673 0x150007 0x673 0xa8 0x11d 0x190005 0x11d 0x0 0x0 0x0 0x0 0x0 0x210005 0x0 0x0 0x1b377670b08 0x11d 0x0 0x0 0x2a0003 0x11d 0xffffffffffffff70 0x0 0x0 0x0 0x0 0x0 0x0 0x9 0x1 0x0 oops 1 23 java/util/ArrayList methods 0
ciMethodData org/wso2/ballerinalang/compiler/BIRPackageSymbolEnter$BIRTypeReader getSymbolOfClosure ()Lorg/wso2/ballerinalang/compiler/semantics/model/symbols/BInvokableSymbol; 2 1375 orig 80 0 0 0 0 0 0 0 0 0 0 0 0 179 1 0 0 0 0 0 0 0 0 0 0 0 0 0 0 0 0 0 0 0 0 0 0 0 0 0 0 0 0 0 0 0 0 0 0 0 0 0 0 0 0 0 0 0 0 0 0 0 0 0 0 0 0 0 0 0 0 0 0 0 0 0 0 0 0 0 0 data 123 0x80005 0x55f 0x0 0x0 0x0 0x0 0x0 0x100005 0x55f 0x0 0x0 0x0 0x0 0x0 0x150005 0x55f 0x0 0x0 0x0 0x0 0x0 0x1e0005 0x55f 0x0 0x0 0x0 0x0 0x0 0x290005 0x55f 0x0 0x0 0x0 0x0 0x0 0x300002 0x55f 0x340002 0x55f 0x4a0002 0x55f 0x560005 0x0 0x0 0x1b37f66de38 0x55f 0x0 0x0 0x600005 0x55f 0x0 0x0 0x0 0x0 0x0 0x6c0007 0x55f 0x1a8 0x46c 0x770005 0x46c 0x0 0x0 0x0 0x0 0x0 0x800005 0x46c 0x0 0x0 0x0 0x0 0x0 0x8d0005 0x46c 0x0 0x0 0x0 0x0 0x0 0x930005 0x46c 0x0 0x0 0x0 0x0 0x0 0xa00002 0x46c 0xb50002 0x46c 0xc20005 0x46c 0x0 0x0 0x0 0x0 0x0 0xcc0005 0x0 0x0 0x1b377670b08 0x46c 0x0 0x0 0xd50003 0x46c 0xfffffffffffffe70 0x0 0x0 0x0 0x0 0x0 0x0 0x0 0x0 0x0 0x0 0x0 0x0 0x9 0x1 0x0 oops 2 44 org/wso2/ballerinalang/compiler/semantics/model/types/BInvokableType 101 java/util/ArrayList methods 0
ciMethodData org/ballerinalang/model/elements/PackageID equals (Ljava/lang/Object;)Z 2 3095 orig 80 0 0 0 0 0 0 0 0 0 0 0 0 179 1 0 0 0 0 0 0 0 0 0 0 0 0 0 0 0 0 0 0 0 0 0 0 0 0 0 0 0 0 0 0 0 0 0 0 0 0 0 0 0 0 0 0 0 0 0 0 0 0 0 0 0 0 0 0 0 0 0 0 0 0 0 0 0 0 0 0 data 117 0x20007 0xbff 0x20 0x18 0x80007 0x0 0xb0 0xbff 0xc0005 0xbff 0x0 0x0 0x0 0x0 0x0 0x100005 0xbff 0x0 0x0 0x0 0x0 0x0 0x130007 0xbff 0x20 0x0 0x190004 0x0 0x0 0x1b37f66da18 0xbff 0x0 0x0 0x270007 0x0 0xb0 0xbff 0x2e0007 0xbff 0x78 0x0 0x390005 0x0 0x0 0x0 0x0 0x0 0x0 0x3c0007 0x0 0x38 0x0 0x400003 0xbff 0x18 0x460007 0x0 0x198 0xbff 0x510005 0x0 0x0 0x1b37f66d5f8 0xbff 0x0 0x0 0x540007 0x2e 0x140 0xbd1 0x5f0005 0x0 0x0 0x1b37f66d5f8 0xbd1 0x0 0x0 0x620007 0x2dc 0xe8 0x8f5 0x6d0005 0x0 0x0 0x1b37f66d5f8 0x8f5 0x0 0x0 0x700007 0xb 0x90 0x8ea 0x7b0005 0x0 0x0 0x1b37f66d5f8 0x8ea 0x0 0x0 0x7e0007 0x0 0x38 0x8ea 0x820003 0x8ea 0x18 0x0 0x0 0x0 0x0 0x0 0x0 0x0 0x9 0x2 0x0 0x0 oops 5 29 org/ballerinalang/model/elements/PackageID 62 org/wso2/ballerinalang/compiler/util/Name 73 org/wso2/ballerinalang/compiler/util/Name 84 org/wso2/ballerinalang/compiler/util/Name 95 org/wso2/ballerinalang/compiler/util/Name methods 0
ciMethodData org/wso2/ballerinalang/compiler/PackageCache getSymbol (Lorg/ballerinalang/model/elements/PackageID;)Lorg/wso2/ballerinalang/compiler/semantics/model/symbols/BPackageSymbol; 1 933 orig 80 0 0 0 0 0 0 0 0 0 0 0 0 179 1 0 0 0 0 0 0 0 0 0 0 0 0 0 0 0 0 0 0 0 0 0 0 0 0 0 0 0 0 0 0 0 0 0 0 0 0 0 0 0 0 0 0 0 0 0 0 0 0 0 0 0 0 0 0 0 0 0 0 0 0 0 0 0 0 0 0 data 24 0x20005 0x0 0x0 0x1b37f66da18 0x3a5 0x0 0x0 0x50005 0x0 0x0 0x1b37f66dac8 0x3a5 0x0 0x0 0x0 0x0 0x0 0x0 0x0 0x0 0x9 0x2 0x0 0x0 oops 2 3 org/ballerinalang/model/elements/PackageID 10 org/wso2/ballerinalang/compiler/PackageCache methods 0
ciMethodData org/ballerinalang/model/elements/PackageID toString ()Ljava/lang/String; 2 1374 orig 80 0 0 0 0 0 0 0 0 0 0 0 0 179 1 0 0 0 0 0 0 0 0 0 0 0 0 0 0 0 0 0 0 0 0 0 0 0 0 0 0 0 0 0 0 0 0 0 0 0 0 0 0 0 0 0 0 0 0 0 0 0 0 0 0 0 0 0 0 0 0 0 0 0 0 0 0 0 0 0 0 data 79 0x70005 0x0 0x0 0x1b37f66d5f8 0x55e 0x0 0x0 0xa0007 0x55e 0x20 0x0 0x1c0007 0x0 0xc8 0x55e 0x260005 0x0 0x0 0x1b37f66d5f8 0x55e 0x0 0x0 0x290007 0x0 0x70 0x55e 0x300002 0x55e 0x39000a 0x55e 0x5 0x0 0x1b37766d0a8 0x1 0x1b37766d0a8 0x1b37766d0a8 0x460005 0x0 0x0 0x1b37f66d5f8 0x55e 0x0 0x0 0x490007 0x55e 0x60 0x0 0x54000a 0x0 0x5 0x0 0x0 0x1 0x0 0x1b37766d0a8 0x5f0002 0x55e 0x6c0002 0x55e 0x6f000a 0x55e 0x5 0x0 0x1b37766d0a8 0x1 0x1b37766d0a8 0x1b37766d0a8 0x0 0x0 0x0 0x0 0x0 0x0 0x0 0x0 0x0 0x9 0x1 0x0 oops 10 3 org/wso2/ballerinalang/compiler/util/Name 18 org/wso2/ballerinalang/compiler/util/Name 32 java/lang/String 34 java/lang/String 35 java/lang/String 39 org/wso2/ballerinalang/compiler/util/Name 54 java/lang/String 63 java/lang/String 65 java/lang/String 66 java/lang/String methods 0
ciMethodData org/wso2/ballerinalang/compiler/PackageCache getSymbol (Ljava/lang/String;)Lorg/wso2/ballerinalang/compiler/semantics/model/symbols/BPackageSymbol; 1 933 orig 80 0 0 0 0 0 0 0 0 0 0 0 0 179 1 0 0 0 0 0 0 0 0 0 0 0 0 0 0 0 0 0 0 0 0 0 0 0 0 0 0 0 0 0 0 0 0 0 0 0 0 0 0 0 0 0 0 0 0 0 0 0 0 0 0 0 0 0 0 0 0 0 0 0 0 0 0 0 0 0 0 data 94 0x70005 0x3a5 0x0 0x0 0x0 0x0 0x0 0x120005 0x0 0x0 0x1b37f66d968 0x3a5 0x0 0x0 0x170104 0x0 0x0 0x1b37f66d808 0x294 0x0 0x0 0x1c0007 0x111 0x1f8 0x294 0x220007 0x0 0xa0 0x294 0x290002 0x294 0x2c0005 0x0 0x0 0x1b37f66d808 0x294 0x0 0x0 0x310004 0x0 0x0 0x1b37ed84548 0x294 0x0 0x0 0x360005 0x0 0x0 0x0 0x0 0x0 0x0 0x3b0005 0x0 0x0 0x0 0x0 0x0 0x0 0x440005 0x0 0x0 0x0 0x0 0x0 0x0 0x490007 0x0 0x90 0x0 0x4e0005 0x0 0x0 0x0 0x0 0x0 0x0 0x530004 0x0 0x0 0x0 0x0 0x0 0x0 0x0 0x0 0x0 0x0 0x0 0x0 0x9 0x2 0x0 0xffffffffffffffff oops 4 10 java/util/HashMap 17 java/util/LinkedHashMap 34 java/util/LinkedHashMap 41 org/wso2/ballerinalang/compiler/semantics/model/symbols/BPackageSymbol methods 0
ciMethodData org/wso2/ballerinalang/compiler/BIRPackageSymbolEnter$BIRTypeReader readType (I)Lorg/wso2/ballerinalang/compiler/semantics/model/types/BType; 2 12369 orig 80 0 0 0 0 0 0 0 0 0 0 0 0 179 1 0 0 0 0 0 0 0 0 0 0 0 0 0 0 0 0 0 0 0 0 0 0 0 0 0 0 0 0 0 0 0 0 0 0 0 0 0 0 0 0 0 0 0 0 0 0 0 0 0 0 0 0 0 0 0 0 0 0 0 0 0 0 0 0 0 0 data 2220 0x40005 0x303a 0x0 0x0 0x0 0x0 0x0 0x100005 0x303a 0x0 0x0 0x0 0x0 0x0 0x130002 0x303a 0x1b0005 0x303a 0x0 0x0 0x0 0x0 0x0 0x210008 0x6c 0x0 0x3bd0 0x22 0x370 0xd 0x3a8 0xb 0x3e0 0x10 0x418 0x29 0x450 0x1e 0x488 0xc 0x4c0 0x54 0x568 0x78 0x1538 0x2a 0x6c0 0x22 0x6c0 0x582 0x868 0x41 0x1008 0x241 0x10c0 0x60 0x1448 0x225 0x1850 0xaa8 0x18d0 0x36 0x1b80 0x0 0x1c10 0x347 0x1c28 0x71f 0x1d58 0x1c5 0x24f8 0x0 0x2660 0x2cf 0x2678 0x0 0x2678 0x0 0x2690 0x0 0x26a8 0x0 0x26c0 0x152 0x26d8 0x0 0x2a90 0x1c 0x2aa8 0x1 0x2db0 0x69b 0x2e68 0xfd 0x3030 0x0 0x39a8 0x0 0x39c0 0x3 0x1c10 0x2a 0x1c10 0x1 0x39d8 0x1 0x39d8 0x1 0x39d8 0x2 0x39d8 0x2 0x39d8 0x2 0x39d8 0x1 0x39d8 0x2e 0x39d8 0x2e 0x3a80 0x2e 0x3b28 0x2a 0x3bd0 0x5 0x6c0 0x0 0x3bd0 0x2a 0x1390 0x3 0x3bd0 0x1180005 0x0 0x0 0x1b37f66d548 0x22 0x0 0x0 0x1300005 0x0 0x0 0x1b37f66d548 0xd 0x0 0x0 0x1480005 0x0 0x0 0x1b37f66d548 0xb 0x0 0x0 0x1600005 0x0 0x0 0x1b37f66d548 0x10 0x0 0x0 0x1780005 0x0 0x0 0x1b37f66d548 0x29 0x0 0x0 0x1900005 0x0 0x0 0x1b37f66d548 0x1e 0x0 0x0 0x19a0005 0xc 0x0 0x0 0x0 0x0 0x0 0x19d0007 0x9 0x70 0x3 0x1ae0005 0x3 0x0 0x0 0x0 0x0 0x0 0x1b10003 0x3 0x18 0x1c00005 0x54 0x0 0x0 0x0 0x0 0x0 0x1d80002 0x54 0x1e20002 0x54 0x1e50007 0x54 0x58 0x0 0x1ed0005 0x0 0x0 0x0 0x0 0x0 0x0 0x1f60005 0x54 0x0 0x0 0x0 0x0 0x0 0x1f90007 0x50 0x70 0x4 0x2020005 0x4 0x0 0x0 0x0 0x0 0x0 0x2050003 0x4 0x18 0x2220005 0x0 0x0 0x1b37f66d5f8 0x22 0x0 0x0 0x2280005 0x0 0x0 0x1b37f66d5f8 0x22 0x0 0x0 0x22b0005 0x22 0x0 0x0 0x0 0x0 0x0 0x22e0007 0xc 0x20 0x16 0x2490005 0x0 0x0 0x1b37f66d548 0x22 0x0 0x0 0x2540005 0x22 0x0 0x0 0x0 0x0 0x0 0x2570007 0x18 0x70 0xa 0x2800005 0xa 0x0 0x0 0x0 0x0 0x0 0x2830003 0xa 0x18 0x28d0005 0x582 0x0 0x0 0x0 0x0 0x0 0x2980005 0x582 0x0 0x0 0x0 0x0 0x0 0x2a50005 0x582 0x0 0x0 0x0 0x0 0x0 0x2ad0002 0x582 0x2b00002 0x582 0x2b50002 0x582 0x2dd0002 0x582 0x2ea0002 0x582 0x2fb0005 0x0 0x0 0x1b37f66d6a8 0x582 0x0 0x0 0x3020002 0x582 0x3170005 0x0 0x0 0x1b37f66d758 0x582 0x0 0x0 0x3210005 0x582 0x0 0x0 0x0 0x0 0x0 0x32a0005 0x582 0x0 0x0 0x0 0x0 0x0 0x3330005 0x582 0x0 0x0 0x0 0x0 0x0 0x33d0005 0x582 0x0 0x0 0x0 0x0 0x0 0x3490007 0x582 0x228 0xed5 0x3540005 0xed5 0x0 0x0 0x0 0x0 0x0 0x35d0005 0xed5 0x0 0x0 0x0 0x0 0x0 0x36a0005 0xed5 0x0 0x0 0x0 0x0 0x0 0x3700005 0xed5 0x0 0x0 0x0 0x0 0x0 0x37d0002 0xed5 0x39c0002 0xed5 0x3ab0005 0xed5 0x0 0x0 0x0 0x0 0x0 0x3b60005 0xed5 0x0 0x0 0x0 0x0 0x0 0x3c90002 0xed5 0x3dd0005 0x0 0x0 0x1b37f66d808 0xed5 0x0 0x0 0x3ed0005 0x0 0x0 0x1b37f66d8b8 0xed5 0x0 0x0 0x3f30003 0xed5 0xfffffffffffffdf0 0x3f90005 0x582 0x0 0x0 0x0 0x0 0x0 0x4030005 0x582 0x0 0x0 0x0 0x0 0x0 0x40f0007 0x582 0xe0 0x2c3 0x41f0005 0x2c3 0x0 0x0 0x0 0x0 0x0 0x4230005 0x2c3 0x0 0x0 0x0 0x0 0x0 0x4260005 0x0 0x0 0x1b37f66d968 0x2c3 0x0 0x0 0x42f0003 0x2c3 0xffffffffffffff38 0x4390005 0x0 0x0 0x1b37f66d758 0x582 0x0 0x0 0x4410007 0x582 0x50 0x0 0x4480007 0x0 0x30 0x0 0x44f0002 0x0 0x4620005 0x0 0x0 0x1b37f66da18 0x582 0x0 0x0 0x4650007 0x59 0x20 0x529 0x47e0005 0x0 0x0 0x1b37f66dac8 0x59 0x0 0x0 0x4810005 0x0 0x0 0x1b37f66d968 0x59 0x0 0x0 0x4860004 0x0 0x0 0x1b37f66db78 0x59 0x0 0x0 0x4930002 0x59 0x4960005 0x59 0x0 0x0 0x0 0x0 0x0 0x4a50005 0x0 0x0 0x1b37f66d6a8 0x41 0x0 0x0 0x4b60002 0x41 0x4be0005 0x41 0x0 0x0 0x0 0x0 0x0 0x4c80005 0x0 0x0 0x1b37f66dc28 0x41 0x0 0x0 0x4d20005 0x241 0x0 0x0 0x0 0x0 0x0 0x4dd0005 0x241 0x0 0x0 0x0 0x0 0x0 0x4f10005 0x0 0x0 0x1b37f66da18 0x241 0x0 0x0 0x4f40007 0xa6 0x38 0x19b 0x5010003 0x19b 0x50 0x50d0005 0x0 0x0 0x1b37f66dac8 0xa6 0x0 0x0 0x51a0005 0x241 0x0 0x0 0x0 0x0 0x0 0x5250002 0x241 0x5280002 0x241 0x52d0002 0x241 0x5420002 0x241 0x5500002 0x241 0x55c0005 0x241 0x0 0x0 0x0 0x0 0x0 0x5680005 0x0 0x0 0x1b37f66d758 0x241 0x0 0x0 0x56e0005 0x241 0x0 0x0 0x0 0x0 0x0 0x57b0005 0x0 0x0 0x1b37f66d758 0x241 0x0 0x0 0x5830007 0x241 0x50 0x0 0x58a0007 0x0 0x30 0x0 0x5910002 0x0 0x5a10002 0x2a 0x5a90005 0x2a 0x0 0x0 0x0 0x0 0x0 0x5b30005 0x0 0x0 0x1b37f66dcd8 0x2a 0x0 0x0 0x5bc0005 0x2a 0x0 0x0 0x0 0x0 0x0 0x5d00005 0x0 0x0 0x1b37f66d6a8 0x60 0x0 0x0 0x5e40002 0x60 0x5ec0005 0x60 0x0 0x0 0x0 0x0 0x0 0x5f50005 0x60 0x0 0x0 0x0 0x0 0x0 0x5ff0005 0x0 0x0 0x1b37f66dd88 0x60 0x0 0x0 0x6100005 0x0 0x0 0x1b37f66d6a8 0x78 0x0 0x0 0x6230002 0x78 0x62b0005 0x78 0x0 0x0 0x0 0x0 0x0 0x6350005 0x78 0x0 0x0 0x0 0x0 0x0 0x6390007 0x72 0x38 0x6 0x63d0003 0x6 0x18 0x6450007 0x72 0x110 0x6 0x64c0005 0x6 0x0 0x0 0x0 0x0 0x0 0x6590002 0x6 0x6660007 0x6 0xa8 0x6 0x6710005 0x6 0x0 0x0 0x0 0x0 0x0 0x67d0005 0x0 0x0 0x1b377670b08 0x6 0x0 0x0 0x6860003 0x6 0xffffffffffffff70 0x68d0005 0x78 0x0 0x0 0x0 0x0 0x0 0x6910007 0x6f 0x38 0x9 0x6950003 0x9 0x18 0x69d0007 0x6f 0xa8 0x9 0x6a30005 0x9 0x0 0x0 0x0 0x0 0x0 0x6b10007 0x9 0x50 0x0 0x6bf0002 0x0 0x6c20002 0x0 0x6f40002 0x0 0x7080005 0x0 0x0 0x1b37f66d6a8 0x226 0x0 0x0 0x71d0002 0x226 0x7250005 0x226 0x0 0x0 0x0 0x0 0x0 0x7390002 0xaa8 0x73f0002 0xaa8 0x7730002 0xaa8 0x77d0005 0x0 0x0 0x1b37f66de38 0xaa8 0x0 0x0 0x7840005 0xaa8 0x0 0x0 0x0 0x0 0x0 0x7870007 0xaa7 0x20 0x1 0x7910005 0xaa7 0x0 0x0 0x0 0x0 0x0 0x79c0002 0xaa7 0x7a80007 0xaa5 0xa8 0xb52 0x7ae0005 0xb52 0x0 0x0 0x0 0x0 0x0 0x7b10005 0x0 0x0 0x1b377670b08 0xb50 0x0 0x0 0x7ba0003 0xb50 0xffffffffffffff70 0x7c80005 0xaa5 0x0 0x0 0x0 0x0 0x0 0x7cb0007 0xa7e 0x58 0x27 0x7d10005 0x27 0x0 0x0 0x0 0x0 0x0 0x7da0005 0xaa5 0x0 0x0 0x0 0x0 0x0 0x7e80005 0xaa5 0x0 0x0 0x0 0x0 0x0 0x7f20005 0x36 0x0 0x0 0x0 0x0 0x0 0x7f50007 0x34 0x48 0x2 0x7f80002 0x2 0x7fb0003 0x2 0x28 0x8050002 0x34 0x81f0003 0x0 0x1fc0 0x8260005 0x347 0x0 0x0 0x0 0x0 0x0 0x82f0005 0x347 0x0 0x0 0x0 0x0 0x0 0x83a0002 0x347 0x83d0002 0x347 0x86b0002 0x347 0x87b0005 0x0 0x0 0x1b37f66d6a8 0x347 0x0 0x0 0x8850002 0x347 0x88a0002 0x347 0x8920005 0x347 0x0 0x0 0x0 0x0 0x0 0x89f0005 0x720 0x0 0x0 0x0 0x0 0x0 0x8a30007 0x6d1 0x38 0x4f 0x8a70003 0x4f 0x18 0x8b10005 0x720 0x0 0x0 0x0 0x0 0x0 0x8b50007 0x6d1 0x38 0x4f 0x8b90003 0x4f 0x18 0x8d50007 0x6d1 0xd8 0x4f 0x8dc0005 0x4f 0x0 0x0 0x0 0x0 0x0 0x8e70005 0x4f 0x0 0x0 0x0 0x0 0x0 0x8f40005 0x4f 0x0 0x0 0x0 0x0 0x0 0x8fb0002 0x4f 0x9060002 0x720 0x9090002 0x720 0x9280002 0x720 0x9310005 0x720 0x0 0x0 0x0 0x0 0x0 0x93d0005 0x0 0x0 0x1b37f66dee8 0x720 0x0 0x0 0x9480002 0x720 0x94b0002 0x720 0x95e0005 0x720 0x0 0x0 0x0 0x0 0x0 0x96a0005 0x0 0x0 0x1b37f66d758 0x71f 0x0 0x0 0x9710005 0x0 0x0 0x1b37f66df98 0x71f 0x0 0x0 0x9820007 0x71d 0xa8 0x1278 0x9880005 0x1278 0x0 0x0 0x0 0x0 0x0 0x98b0005 0x0 0x0 0x1b37f66df98 0x1276 0x0 0x0 0x9910003 0x1276 0xffffffffffffff70 0x9980005 0x71d 0x0 0x0 0x0 0x0 0x0 0x9a30002 0x71d 0x9af0007 0x71d 0xa8 0x110b 0x9b50005 0x110b 0x0 0x0 0x0 0x0 0x0 0x9b80005 0x0 0x0 0x1b37f66e048 0x110b 0x0 0x0 0x9bf0003 0x110b 0xffffffffffffff70 0x9c60005 0x0 0x0 0x1b37f66df98 0x71d 0x0 0x0 0x9d00005 0x0 0x0 0x1b37f66d758 0x71d 0x0 0x0 0x9d80007 0x71d 0x50 0x0 0x9df0007 0x0 0x30 0x0 0x9e60002 0x0 0x9ee0005 0x71d 0x0 0x0 0x0 0x0 0x0 0x9f50007 0x6f5 0x58 0x28 0x9fd0005 0x28 0x0 0x0 0x0 0x0 0x0 0xa020007 0x6ce 0x198 0x4f 0xa140005 0x0 0x0 0x1b37f66da18 0x4f 0x0 0x0 0xa170007 0x40 0x20 0xf 0xa300005 0x0 0x0 0x1b37f66dac8 0x40 0x0 0x0 0xa330005 0x0 0x0 0x1b37f66d968 0x40 0x0 0x0 0xa380004 0x0 0x0 0x1b37f66db78 0x40 0x0 0x0 0xa3f0007 0x0 0x78 0x40 0xa4a0005 0x40 0x0 0x0 0x0 0x0 0x0 0xa5b0007 0x10 0x20 0x30 0xa6a0002 0x1c5 0xa6d0002 0x1c5 0xa980002 0x1c5 0xaa10005 0x1c5 0x0 0x0 0x0 0x0 0x0 0xaac0002 0x1c5 0xab80007 0x1c5 0xa8 0x392 0xabe0005 0x392 0x0 0x0 0x0 0x0 0x0 0xac10005 0x0 0x0 0x1b37f66e048 0x392 0x0 0x0 0xac80003 0x392 0xffffffffffffff70 0xacc0005 0x1c5 0x0 0x0 0x0 0x0 0x0 0xadd0002 0x1c5 0xae10003 0x0 0x1570 0xaef0003 0x0 0x1558 0xaf20003 0x0 0x1540 0xaf50003 0x0 0x1528 0xaf80003 0x0 0x1510 0xaff0005 0x152 0x0 0x0 0x0 0x0 0x0 0xb0a0005 0x152 0x0 0x0 0x0 0x0 0x0 0xb180005 0x0 0x0 0x1b37f66dac8 0x152 0x0 0x0 0xb1f0007 0xe2 0x48 0x70 0xb420002 0x70 0xb470003 0x70 0x28 0xb7a0002 0xe2 0xb8a0005 0x0 0x0 0x1b37f66d6a8 0x152 0x0 0x0 0xb8f0002 0x152 0xb9b0005 0x152 0x0 0x0 0x0 0x0 0x0 0xba70005 0x0 0x0 0x1b37f66d758 0x152 0x0 0x0 0xbb20005 0x152 0x0 0x0 0x0 0x0 0x0 0xbb80005 0x152 0x0 0x0 0x0 0x0 0x0 0xbc80005 0x0 0x0 0x1b37f66e0f8 0x152 0x0 0x0 0xbdf0002 0x152 0xbf00005 0x0 0x0 0x1b37f66d758 0x152 0x0 0x0 0xbf80007 0x152 0x50 0x0 0xbff0007 0x0 0x30 0x0 0xc060002 0x0 0xc1a0005 0x0 0x0 0x1b37f66da18 0x152 0x0 0x0 0xc1d0007 0x0 0x50 0x152 0xc250002 0x152 0xc280007 0x152 0x20 0x0 0xc3d0005 0x152 0x0 0x0 0x0 0x0 0x0 0xc460003 0x0 0x1140 0xc4f0002 0x1c 0xc520002 0x1c 0xc800002 0x1c 0xc890005 0x1c 0x0 0x0 0x0 0x0 0x0 0xc940002 0x1c 0xcae0007 0x1c 0x180 0x34 0xcb90005 0x34 0x0 0x0 0x0 0x0 0x0 0xcc20005 0x34 0x0 0x0 0x0 0x0 0x0 0xcc80005 0x34 0x0 0x0 0x0 0x0 0x0 0xcd50002 0x34 0xceb0002 0x34 0xcfa0005 0x34 0x0 0x0 0x0 0x0 0x0 0xd070002 0x34 0xd0a0005 0x0 0x0 0x1b377670b08 0x34 0x0 0x0 0xd130003 0x34 0xfffffffffffffe98 0xd210005 0x0 0x0 0x1b37f66d6a8 0x1c 0x0 0x0 0xd280002 0x1c 0xd310005 0x0 0x0 0x1b37f66e1a8 0x1c 0x0 0x0 0xd380005 0x1c 0x0 0x0 0x0 0x0 0x0 0xd3b0007 0x1a 0x58 0x2 0xd410005 0x2 0x0 0x0 0x0 0x0 0x0 0xd550005 0x0 0x0 0x1b37f66d6a8 0x1 0x0 0x0 0xd660002 0x1 0xd6e0005 0x1 0x0 0x0 0x0 0x0 0x0 0xd780005 0x0 0x0 0x1b37f66e258 0x1 0x0 0x0 0xd860005 0x69b 0x0 0x0 0x0 0x0 0x0 0xd8f0005 0x69b 0x0 0x0 0x0 0x0 0x0 0xd9b0002 0x69b 0xdc30002 0x69b 0xdd00002 0x69b 0xdda0005 0x69b 0x0 0x0 0x0 0x0 0x0 0xded0007 0x69b 0xa8 0x6a3 0xdf50005 0x6a3 0x0 0x0 0x0 0x0 0x0 0xdf80004 0x0 0x0 0x1b37f66e308 0x6a3 0x0 0x0 0xdfc0003 0x6a3 0xffffffffffffff70 0xe070002 0x69b 0xe100005 0x0 0x0 0x1b37f66e3b8 0x69b 0x0 0x0 0xe210005 0xfd 0x0 0x0 0x0 0x0 0x0 0xe2c0005 0xfd 0x0 0x0 0x0 0x0 0x0 0xe390005 0xfd 0x0 0x0 0x0 0x0 0x0 0xe420005 0xfd 0x0 0x0 0x0 0x0 0x0 0xe4c0002 0xfd 0xe4f0007 0x53 0x58 0xaa 0xe560002 0xaa 0xe7f0002 0xaa 0xe840003 0xaa 0x38 0xe8b0002 0x53 0xeb30002 0x53 0xec00002 0xfd 0xed10005 0x0 0x0 0x1b37f66d6a8 0xfd 0x0 0x0 0xed60002 0xfd 0xedf0005 0x0 0x0 0x1b37f66e468 0xfd 0x0 0x0 0xef00005 0xfd 0x0 0x0 0x0 0x0 0x0 0xefc0005 0x0 0x0 0x1b37f66d758 0xfd 0x0 0x0 0xf030005 0xfd 0x0 0x0 0x0 0x0 0x0 0xf0f0007 0xfd 0x228 0x15e 0xf1a0005 0x15e 0x0 0x0 0x0 0x0 0x0 0xf230005 0x15e 0x0 0x0 0x0 0x0 0x0 0xf2c0005 0x15e 0x0 0x0 0x0 0x0 0x0 0xf390005 0x15e 0x0 0x0 0x0 0x0 0x0 0xf3f0005 0x15e 0x0 0x0 0x0 0x0 0x0 0xf4c0002 0x15e 0xf6b0002 0x15e 0xf7f0005 0x15e 0x0 0x0 0x0 0x0 0x0 0xf8e0002 0x15e 0xfa20005 0x0 0x0 0x1b37f66d808 0x15e 0x0 0x0 0xfb20005 0x0 0x0 0x1b37f66d8b8 0x15e 0x0 0x0 0xfb80003 0x15e 0xfffffffffffffdf0 0xfbf0005 0xfd 0x0 0x0 0x0 0x0 0x0 0xfc60007 0x53 0x58 0xaa 0xfca0005 0xaa 0x0 0x0 0x0 0x0 0x0 0xfd10005 0xfd 0x0 0x0 0x0 0x0 0x0 0xfd80007 0xa1 0x58 0x5c 0xfdc0005 0x5c 0x0 0x0 0x0 0x0 0x0 0xfe30005 0xfd 0x0 0x0 0x0 0x0 0x0 0xff10005 0xfd 0x0 0x0 0x0 0x0 0x0 0xffd0007 0xfb 0xe0 0x271 0x10020007 0x264 0x70 0xd 0x100c0005 0xd 0x0 0x0 0x0 0x0 0x0 0x100f0003 0xd 0x50 0x10130005 0x264 0x0 0x0 0x0 0x0 0x0 0x10190003 0x26f 0xffffffffffffff38 0x101f0005 0xfb 0x0 0x0 0x0 0x0 0x0 0x102c0005 0xfb 0x0 0x0 0x0 0x0 0x0 0x10390005 0x0 0x0 0x1b37f66d758 0xfb 0x0 0x0 0x10410007 0xfb 0x50 0x0 0x10480007 0x0 0x30 0x0 0x104f0002 0x0 0x10620005 0x0 0x0 0x1b37f66da18 0xfb 0x0 0x0 0x10650007 0x20 0x20 0xdb 0x107e0005 0x0 0x0 0x1b37f66dac8 0x20 0x0 0x0 0x10810005 0x0 0x0 0x1b37f66d968 0x20 0x0 0x0 0x10860004 0x0 0x0 0x1b37f66db78 0x20 0x0 0x0 0x10930002 0x20 0x10960005 0x20 0x0 0x0 0x0 0x0 0x0 0x109a0003 0x0 0x228 0x109d0003 0x0 0x210 0x10f30005 0x2e 0x0 0x0 0x0 0x0 0x0 0x10f60007 0x2a 0x70 0x4 0x11070005 0x4 0x0 0x0 0x0 0x0 0x0 0x110a0003 0x4 0x18 0x111e0005 0x2e 0x0 0x0 0x0 0x0 0x0 0x11210007 0x2a 0x70 0x4 0x11320005 0x4 0x0 0x0 0x0 0x0 0x0 0x11350003 0x4 0x18 0x11490005 0x2e 0x0 0x0 0x0 0x0 0x0 0x114c0007 0x2a 0x70 0x4 0x115d0005 0x4 0x0 0x0 0x0 0x0 0x0 0x11600003 0x4 0x18 0x0 0x0 0x0 0x0 0x0 0x0 0x0 0x0 0x0 0x0 0x0 0x0 0x0 0x0 0x0 0x0 0x0 0x0 0x0 0x0 0x0 0x0 0x0 0x0 0x0 0x0 0x0 0x0 0x0 0x0 0x0 0x0 0x0 0x0 0x0 0x0 0x0 0x0 0x0 0x0 0x0 0x0 0x0 0x0 0x0 0x0 0x0 0x0 0x0 0x0 0x0 0x0 0x0 0x0 0x0 0x0 0x0 0x0 0x0 0x0 0x0 0x0 0x0 0x0 0x0 0x0 0x0 0x0 0x0 0x0 0x0 0x0 0x0 0x0 0x0 0x0 0x0 0x0 0x0 0x0 0x0 0x0 0x0 0x0 0x0 0x0 0x0 0x0 0x0 0x0 0x0 0x0 0x0 0x0 0x0 0x0 0x0 0x0 0x0 0x0 0x0 0x0 0x0 0x0 0x0 0x0 0x0 0x0 0x0 0x0 0x0 0x0 0x0 0x0 0x0 0x0 0x0 0x0 0x0 0x0 0x0 0x0 0x0 0x0 0x0 0x0 0x0 0x0 0x0 0x0 0x0 0x0 0x0 0x0 0x0 0x0 0x0 0x0 0x0 0x0 0x0 0x0 0x0 0x0 0x0 0x0 0x0 0x0 0x0 0x0 0x0 0x0 0x0 0x0 0x0 0x0 0x0 0x0 0x0 0x0 0x0 0x0 0x0 0x0 0x0 0x0 0x0 0x0 0x0 0x0 0x0 0x0 0x0 0x0 0x0 0x0 0x0 0x0 0x0 0x0 0x0 0x0 0x0 0x0 0x0 0x0 0x0 0x0 0x0 0x0 0x0 0x0 0x0 0x0 0x0 0x0 0x0 0x0 0x0 0x0 0x0 0x0 0x0 0x0 0x0 0x0 0x0 0x0 0x0 0x0 0x0 0x0 0x0 0x0 0x0 0x0 0x0 0x0 0x0 0x0 0x0 0x0 0x0 0x0 0x0 0x0 0x0 0x0 0x0 0x0 0x0 0x0 0x0 0x0 0x0 0x0 0x0 0x0 0x0 0x0 0x0 0x0 0x0 0x0 0x0 0x0 0x0 0x0 0x0 0x0 0x0 0x0 0x0 0x0 0x0 0x0 0x0 0x0 0x0 0x0 0x0 0x0 0x0 0x0 0x0 0x0 0x0 0x0 0x0 0x0 0x0 0x0 0x0 0x0 0x0 0x0 0x0 0x0 0x0 0x9 0x2 0x0 0x0 oops 69 136 org/wso2/ballerinalang/compiler/semantics/analyzer/TypeParamAnalyzer 143 org/wso2/ballerinalang/compiler/semantics/analyzer/TypeParamAnalyzer 150 org/wso2/ballerinalang/compiler/semantics/analyzer/TypeParamAnalyzer 157 org/wso2/ballerinalang/compiler/semantics/analyzer/TypeParamAnalyzer 164 org/wso2/ballerinalang/compiler/semantics/analyzer/TypeParamAnalyzer 171 org/wso2/ballerinalang/compiler/semantics/analyzer/TypeParamAnalyzer 242 org/wso2/ballerinalang/compiler/util/Name 249 org/wso2/ballerinalang/compiler/util/Name 267 org/wso2/ballerinalang/compiler/semantics/analyzer/TypeParamAnalyzer 326 org/wso2/ballerinalang/compiler/semantics/model/SymbolTable 335 java/util/LinkedList 422 java/util/LinkedHashMap 429 org/wso2/ballerinalang/compiler/semantics/model/Scope 471 java/util/HashMap 481 java/util/LinkedList 498 org/ballerinalang/model/elements/PackageID 509 org/wso2/ballerinalang/compiler/PackageCache 516 java/util/HashMap 523 org/wso2/ballerinalang/compiler/semantics/model/SymbolEnv 539 org/wso2/ballerinalang/compiler/semantics/model/SymbolTable 555 org/wso2/ballerinalang/compiler/semantics/model/types/BTypedescType 576 org/ballerinalang/model/elements/PackageID 590 org/wso2/ballerinalang/compiler/PackageCache 621 java/util/LinkedList 635 java/util/LinkedList 661 org/wso2/ballerinalang/compiler/semantics/model/types/BParameterizedType 675 org/wso2/ballerinalang/compiler/semantics/model/SymbolTable 698 org/wso2/ballerinalang/compiler/semantics/model/types/BStreamType 705 org/wso2/ballerinalang/compiler/semantics/model/SymbolTable 759 java/util/ArrayList 804 org/wso2/ballerinalang/compiler/semantics/model/SymbolTable 826 org/wso2/ballerinalang/compiler/semantics/model/types/BInvokableType 864 java/util/ArrayList 947 org/wso2/ballerinalang/compiler/semantics/model/SymbolTable 1033 org/wso2/ballerinalang/compiler/semantics/analyzer/Types 1051 java/util/LinkedList 1058 org/wso2/ballerinalang/compiler/semantics/model/types/BUnionType 1076 org/wso2/ballerinalang/compiler/semantics/model/types/BUnionType 1106 java/util/LinkedHashSet 1116 org/wso2/ballerinalang/compiler/semantics/model/types/BUnionType 1123 java/util/LinkedList 1162 org/ballerinalang/model/elements/PackageID 1173 org/wso2/ballerinalang/compiler/PackageCache 1180 java/util/HashMap 1187 org/wso2/ballerinalang/compiler/semantics/model/SymbolEnv 1235 java/util/LinkedHashSet 1283 org/wso2/ballerinalang/compiler/PackageCache 1301 org/wso2/ballerinalang/compiler/semantics/model/SymbolTable 1317 java/util/LinkedList 1338 org/wso2/ballerinalang/compiler/semantics/model/types/BErrorType 1347 java/util/LinkedList 1364 org/ballerinalang/model/elements/PackageID 1444 java/util/ArrayList 1454 org/wso2/ballerinalang/compiler/semantics/model/SymbolTable 1463 org/wso2/ballerinalang/compiler/semantics/model/types/BTupleType 1488 org/wso2/ballerinalang/compiler/semantics/model/SymbolTable 1504 org/wso2/ballerinalang/compiler/semantics/model/types/BFutureType 1549 org/wso2/ballerinalang/compiler/semantics/model/types/SemNamedType 1561 org/wso2/ballerinalang/compiler/semantics/model/types/BFiniteType 1615 org/wso2/ballerinalang/compiler/semantics/model/SymbolTable 1624 org/wso2/ballerinalang/compiler/semantics/model/types/BObjectType 1638 java/util/LinkedList 1704 java/util/LinkedHashMap 1711 org/wso2/ballerinalang/compiler/semantics/model/Scope 1813 java/util/LinkedList 1830 org/ballerinalang/model/elements/PackageID 1841 org/wso2/ballerinalang/compiler/PackageCache 1848 java/util/HashMap 1855 org/wso2/ballerinalang/compiler/semantics/model/SymbolEnv methods 0
ciMethodData org/wso2/ballerinalang/compiler/BIRPackageSymbolEnter readAnnotAttachmentSymbols (Ljava/io/DataInputStream;Lorg/wso2/ballerinalang/compiler/semantics/model/symbols/BSymbol;)Ljava/util/List; 2 12945 orig 80 0 0 0 0 0 0 0 0 0 0 0 0 0 0 0 0 0 0 0 0 0 0 0 0 0 0 0 0 0 0 0 0 0 0 0 0 0 0 0 0 0 0 0 0 0 0 0 0 0 0 0 0 0 0 0 0 0 0 0 0 0 0 0 0 0 0 0 0 0 0 0 0 0 0 0 0 0 0 0 0 data 54 0x10005 0x3291 0x0 0x0 0x0 0x0 0x0 0x60005 0x3291 0x0 0x0 0x0 0x0 0x0 0xb0007 0x49d 0x30 0x2df4 0x130002 0x2df4 0x1c0002 0x49d 0x270007 0x49d 0xa8 0x49e 0x2f0005 0x49e 0x0 0x0 0x0 0x0 0x0 0x320005 0x0 0x0 0x1b377670b08 0x49e 0x0 0x0 0x3b0003 0x49e 0xffffffffffffff70 0x0 0x0 0x0 0x0 0x0 0x0 0x9 0x3 0xffffffffffffffff 0xffffffffffffffff 0xffffffffffffffff oops 1 36 java/util/ArrayList methods 0
ciMethodData org/wso2/ballerinalang/compiler/BIRPackageSymbolEnter defineAnnotationAttachmentSymbol (Ljava/io/DataInputStream;Lorg/wso2/ballerinalang/compiler/semantics/model/symbols/BSymbol;)Lorg/wso2/ballerinalang/compiler/semantics/model/symbols/BAnnotationAttachmentSymbol; 2 1740 orig 80 0 0 0 0 0 0 0 0 0 0 0 0 179 1 0 0 0 0 0 0 0 0 0 0 0 0 0 0 0 0 0 0 0 0 0 0 0 0 0 0 0 0 0 0 0 0 0 0 0 0 0 0 0 0 0 0 0 0 0 0 0 0 0 0 0 0 0 0 0 0 0 0 0 0 0 0 0 0 0 0 data 82 0x20005 0x6cc 0x0 0x0 0x0 0x0 0x0 0x50005 0x6cc 0x0 0x0 0x0 0x0 0x0 0xb0005 0x6cc 0x0 0x0 0x0 0x0 0x0 0x120005 0x6cc 0x0 0x0 0x0 0x0 0x0 0x150005 0x6cc 0x0 0x0 0x0 0x0 0x0 0x180002 0x6cc 0x1e0005 0x6cc 0x0 0x0 0x0 0x0 0x0 0x250007 0x6bc 0x30 0x10 0x400002 0x10 0x460005 0x6bc 0x0 0x0 0x0 0x0 0x0 0x690002 0x6bc 0x740005 0x6bc 0x0 0x0 0x0 0x0 0x0 0xa10002 0x6bc 0x0 0x0 0x0 0x0 0x0 0x0 0x0 0x0 0x0 0x9 0x3 0x0 0x0 0x0 oops 0 methods 0
ciMethodData org/wso2/ballerinalang/compiler/semantics/model/symbols/BVarSymbol <init> (JLorg/wso2/ballerinalang/compiler/util/Name;Lorg/wso2/ballerinalang/compiler/util/Name;Lorg/ballerinalang/model/elements/PackageID;Lorg/wso2/ballerinalang/compiler/semantics/model/types/BType;Lorg/wso2/ballerinalang/compiler/semantics/model/symbols/BSymbol;Lio/ballerina/tools/diagnostics/Location;Lorg/ballerinalang/model/symbols/SymbolOrigin;)V 2 18847 orig 80 0 0 0 0 0 0 0 0 0 0 0 0 0 0 0 0 0 0 0 0 0 0 0 0 0 0 0 0 0 0 0 0 0 0 0 0 0 0 0 0 0 0 0 0 0 0 0 0 0 0 0 0 0 0 0 0 0 0 0 0 0 0 0 0 0 0 0 0 0 0 0 0 0 0 0 0 0 0 0 0 data 20 0x120002 0x499f 0x2b0002 0x499f 0x0 0x0 0x0 0x0 0x9 0xa 0x7fe 0x0 0x0 0x0 0x0 0x0 0x0 0x0 0x0 0x0 oops 0 methods 0
ciMethodData org/wso2/ballerinalang/compiler/semantics/model/types/BType <init> (ILorg/wso2/ballerinalang/compiler/semantics/model/symbols/BTypeSymbol;Lorg/ballerinalang/model/Name;JLio/ballerina/types/SemType;)V 2 16958 orig 80 0 0 0 0 0 0 0 0 0 0 0 0 0 0 0 0 0 0 0 0 0 0 0 0 0 0 0 0 0 0 0 0 0 0 0 0 0 0 0 0 0 0 0 0 0 0 0 0 0 0 0 0 0 0 0 0 0 0 0 0 0 0 0 0 0 0 0 0 0 0 0 0 0 0 0 0 0 0 0 0 data 15 0x10002 0x423f 0x0 0x0 0x0 0x0 0x9 0x7 0x1e 0x0 0x0 0x0 0x0 0x0 0x0 oops 0 methods 0
ciMethodData org/wso2/ballerinalang/compiler/semantics/analyzer/TypeParamAnalyzer getNominalType (Lorg/wso2/ballerinalang/compiler/semantics/model/types/BType;Lorg/ballerinalang/model/Name;J)Lorg/wso2/ballerinalang/compiler/semantics/model/types/BType; 1 193 orig 80 0 0 0 0 0 0 0 0 0 0 0 0 179 1 0 0 0 0 0 0 0 0 0 0 0 0 0 0 0 0 0 0 0 0 0 0 0 0 0 0 0 0 0 0 0 0 0 0 0 0 0 0 0 0 0 0 0 0 0 0 0 0 0 0 0 0 0 0 0 0 0 0 0 0 0 0 0 0 0 0 data 24 0x40007 0xb 0x20 0xb6 0xd0005 0xb 0x0 0x0 0x0 0x0 0x0 0x0 0x0 0x0 0x0 0x0 0x0 0x9 0x5 0x0 0x0 0x0 0x0 0x0 oops 0 methods 0
ciMethodData org/wso2/ballerinalang/compiler/BIRPackageSymbolEnter isImmutable (J)Z 1 576 orig 80 0 0 0 0 0 0 0 0 0 0 0 0 179 1 0 0 0 0 0 0 0 0 0 0 0 0 0 0 0 0 0 0 0 0 0 0 0 0 0 0 0 0 0 0 0 0 0 0 0 0 0 0 0 0 0 0 0 0 0 0 0 0 0 0 0 0 0 0 0 0 0 0 0 0 0 0 0 0 0 0 data 13 0x40002 0x240 0x0 0x0 0x0 0x0 0x0 0x0 0x9 0x3 0x0 0x0 0x0 oops 0 methods 0
ciMethodData org/wso2/ballerinalang/compiler/BIRPackageSymbolEnter getEffectiveImmutableType (Lorg/wso2/ballerinalang/compiler/semantics/model/types/BType;)Lorg/wso2/ballerinalang/compiler/semantics/model/types/BType; 1 19 orig 80 0 0 0 0 0 0 0 0 0 0 0 0 179 1 0 0 0 0 0 0 0 0 0 0 0 0 0 0 0 0 0 0 0 0 0 0 0 0 0 0 0 0 0 0 0 0 0 0 0 0 0 0 0 0 0 0 0 0 0 0 0 0 0 0 0 0 0 0 0 0 0 0 0 0 0 0 0 0 0 0 data 12 0x1d0002 0x13 0x0 0x0 0x0 0x0 0x0 0x0 0x9 0x2 0x0 0xffffffffffffffff oops 0 methods 0
ciMethodData org/wso2/ballerinalang/compiler/semantics/model/types/BXMLType <init> (Lorg/wso2/ballerinalang/compiler/semantics/model/types/BType;Lorg/wso2/ballerinalang/compiler/semantics/model/symbols/BTypeSymbol;)V 1 86 orig 80 0 0 0 0 0 0 0 0 0 0 0 0 179 1 0 0 0 0 0 0 0 0 0 0 0 0 0 0 0 0 0 0 0 0 0 0 0 0 0 0 0 0 0 0 0 0 0 0 0 0 0 0 0 0 0 0 0 0 0 0 0 0 0 0 0 0 0 0 0 0 0 0 0 0 0 0 0 0 0 0 data 11 0x40002 0x56 0x0 0x0 0x0 0x0 0x9 0x3 0x3e 0x0 0x0 oops 0 methods 0
ciMethodData org/wso2/ballerinalang/compiler/semantics/model/types/BType <init> (ILorg/wso2/ballerinalang/compiler/semantics/model/symbols/BTypeSymbol;)V 2 3061 orig 80 0 0 0 0 0 0 0 0 0 0 0 0 179 1 0 0 0 0 0 0 0 0 0 0 0 0 0 0 0 0 0 0 0 0 0 0 0 0 0 0 0 0 0 0 0 0 0 0 0 0 0 0 0 0 0 0 0 0 0 0 0 0 0 0 0 0 0 0 0 0 0 0 0 0 0 0 0 0 0 0 data 10 0x80002 0xbf5 0x0 0x0 0x0 0x9 0x3 0x1e 0x0 0x0 oops 0 methods 0
ciMethodData org/wso2/ballerinalang/compiler/semantics/analyzer/Types typeEnv ()Lio/ballerina/types/Env; 2 9253 orig 80 0 0 0 0 0 0 0 0 0 0 0 0 179 1 0 0 0 0 0 0 0 0 0 0 0 0 0 0 0 0 0 0 0 0 0 0 0 0 0 0 0 0 0 0 0 0 0 0 0 0 0 0 0 0 0 0 0 0 0 0 0 0 0 0 0 0 0 0 0 0 0 0 0 0 0 0 0 0 0 0 data 7 0x0 0x0 0x0 0x0 0x9 0x1 0x0 oops 0 methods 0
ciMethodData org/wso2/ballerinalang/compiler/semantics/model/types/BArrayType <init> (Lio/ballerina/types/Env;Lorg/wso2/ballerinalang/compiler/semantics/model/types/BType;Lorg/wso2/ballerinalang/compiler/semantics/model/symbols/BTypeSymbol;ILorg/wso2/ballerinalang/compiler/util/BArrayState;J)V 2 1128 orig 80 0 0 0 0 0 0 0 0 0 0 0 0 179 1 0 0 0 0 0 0 0 0 0 0 0 0 0 0 0 0 0 0 0 0 0 0 0 0 0 0 0 0 0 0 0 0 0 0 0 0 0 0 0 0 0 0 0 0 0 0 0 0 0 0 0 0 0 0 0 0 0 0 0 0 0 0 0 0 0 0 data 17 0x60002 0x468 0x0 0x0 0x0 0x0 0x0 0x9 0x8 0xfe 0x0 0x0 0x0 0x0 0x0 0x0 0x0 oops 0 methods 0
ciMethodData org/wso2/ballerinalang/compiler/semantics/model/types/BUnionType create (Lio/ballerina/types/Env;Lorg/wso2/ballerinalang/compiler/semantics/model/symbols/BTypeSymbol;Ljava/util/LinkedHashSet;)Lorg/wso2/ballerinalang/compiler/semantics/model/types/BUnionType; 2 2641 orig 80 0 0 0 0 0 0 0 0 0 0 0 0 179 1 0 0 0 0 0 0 0 0 0 0 0 0 0 0 0 0 0 0 0 0 0 0 0 0 0 0 0 0 0 0 0 0 0 0 0 0 0 0 0 0 0 0 0 0 0 0 0 0 0 0 0 0 0 0 0 0 0 0 0 0 0 0 0 0 0 0 data 124 0x50005 0x0 0x0 0x1b37f66e048 0xa51 0x0 0x0 0x80002 0xa51 0xd0005 0x0 0x0 0x1b37f66e048 0xa51 0x0 0x0 0x100007 0x60 0x30 0x9f1 0x1b0002 0x9f1 0x230002 0x60 0x260005 0x0 0x0 0x1b37f66e048 0x60 0x0 0x0 0x2d0005 0x0 0x0 0x1b37ec759a8 0x120 0x0 0x0 0x320007 0x60 0x198 0xc0 0x370005 0x0 0x0 0x1b37ec759a8 0xc0 0x0 0x0 0x3c0004 0x0 0x0 0x1b37ed87d28 0x2 0x1b37ec75a58 0x1 0x430002 0xc0 0x460007 0x0 0x58 0xc0 0x4c0005 0x0 0x0 0x1b37f66e048 0xc0 0x0 0x0 0x520007 0x3 0x88 0xbd 0x570005 0xbd 0x0 0x0 0x0 0x0 0x0 0x5d0002 0xbd 0x600007 0xba 0x20 0x3 0x660003 0xc0 0xfffffffffffffe48 0x6a0005 0x0 0x0 0x1b37f66e048 0x60 0x0 0x0 0x6d0007 0x60 0x78 0x0 0x710002 0x0 0x740005 0x0 0x0 0x0 0x0 0x0 0x0 0x810002 0x0 0x8f0002 0x60 0x0 0x0 0x0 0x0 0x0 0x0 0x9 0x3 0x0 0x0 0x0 oops 9 3 java/util/LinkedHashSet 12 java/util/LinkedHashSet 27 java/util/LinkedHashSet 34 java/util/LinkedHashMap$LinkedKeyIterator 45 java/util/LinkedHashMap$LinkedKeyIterator 52 org/wso2/ballerinalang/compiler/semantics/model/types/BAnydataType 54 org/wso2/ballerinalang/compiler/semantics/model/types/BReadonlyType 65 java/util/LinkedHashSet 92 java/util/LinkedHashSet methods 0
ciMethodData org/wso2/ballerinalang/compiler/semantics/model/types/BUnionType add (Lorg/wso2/ballerinalang/compiler/semantics/model/types/BType;)V 2 7832 orig 80 0 0 0 0 0 0 0 0 0 0 0 0 179 1 0 0 0 0 0 0 0 0 0 0 0 0 0 0 0 0 0 0 0 0 0 0 0 0 0 0 0 0 0 0 0 0 0 0 0 0 0 0 0 0 0 0 0 0 0 0 0 0 0 0 0 0 0 0 0 0 0 0 0 0 0 0 0 0 0 0 data 139 0x60007 0x1e98 0x218 0x0 0xa0002 0x0 0xd0007 0x0 0x1e8 0x0 0x130007 0x0 0x88 0x0 0x170004 0x0 0x0 0x0 0x0 0x0 0x0 0x1a0007 0x0 0x30 0x0 0x210002 0x0 0x260004 0x0 0x0 0x0 0x0 0x0 0x0 0x2e0007 0x0 0x70 0x0 0x330005 0x0 0x0 0x0 0x0 0x0 0x0 0x360003 0x0 0x98 0x3e0005 0x0 0x0 0x0 0x0 0x0 0x0 0x4a0002 0x0 0x4d0005 0x0 0x0 0x0 0x0 0x0 0x0 0x510003 0x0 0x88 0x590005 0x0 0x0 0x1b37f66e048 0x1e98 0x0 0x0 0x620005 0x0 0x0 0x1b37f66e048 0x1e98 0x0 0x0 0x670005 0x1e98 0x0 0x0 0x0 0x0 0x0 0x6d0002 0x1e98 0x700007 0x146d 0xf8 0xa2b 0x740005 0xa2b 0x0 0x0 0x0 0x0 0x0 0x7a0002 0xa2b 0x7d0007 0xa2b 0x90 0x0 0x820005 0x0 0x0 0x0 0x0 0x0 0x0 0x890005 0x0 0x0 0x0 0x0 0x0 0x0 0x8e0005 0x1e98 0x0 0x0 0x0 0x0 0x0 0x0 0x0 0x0 0x0 0x0 0x0 0x0 0x9 0x2 0x0 0x0 oops 2 70 java/util/LinkedHashSet 77 java/util/LinkedHashSet methods 0
ciMethodData org/wso2/ballerinalang/compiler/semantics/model/types/BUnionType setOriginalMemberTypes (Ljava/util/LinkedHashSet;)V 2 2714 orig 80 0 0 0 0 0 0 0 0 0 0 0 0 179 1 0 0 0 0 0 0 0 0 0 0 0 0 0 0 0 0 0 0 0 0 0 0 0 0 0 0 0 0 0 0 0 0 0 0 0 0 0 0 0 0 0 0 0 0 0 0 0 0 0 0 0 0 0 0 0 0 0 0 0 0 0 0 0 0 0 0 data 10 0x60002 0xa9a 0x0 0x0 0x0 0x0 0x9 0x2 0x40 0xffffffffffffffff oops 0 methods 0
ciMethodData org/wso2/ballerinalang/compiler/BIRPackageSymbolEnter$BIRTypeReader readAndSetEnumSymbol (Lorg/wso2/ballerinalang/compiler/semantics/model/types/BUnionType;J)V 1 40 orig 80 0 0 0 0 0 0 0 0 0 0 0 0 179 1 0 0 0 0 0 0 0 0 0 0 0 0 0 0 0 0 0 0 0 0 0 0 0 0 0 0 0 0 0 0 0 0 0 0 0 0 0 0 0 0 0 0 0 0 0 0 0 0 0 0 0 0 0 0 0 0 0 0 0 0 0 0 0 0 0 0 data 120 0x80005 0x28 0x0 0x0 0x0 0x0 0x0 0xb0005 0x28 0x0 0x0 0x0 0x0 0x0 0x180005 0x28 0x0 0x0 0x0 0x0 0x0 0x210005 0x28 0x0 0x0 0x0 0x0 0x0 0x2f0005 0x0 0x0 0x1b37f66dac8 0x28 0x0 0x0 0x360007 0x8 0x20 0x20 0x510005 0x0 0x0 0x1b37f66d968 0x28 0x0 0x0 0x560104 0x0 0x0 0x1b37f66db78 0x8 0x0 0x0 0x5d0007 0x8 0x30 0x20 0x6f0002 0x20 0x780002 0x28 0x840007 0x28 0x128 0x78 0x8f0005 0x78 0x0 0x0 0x0 0x0 0x0 0x9f0002 0x78 0xa20005 0x0 0x0 0x1b37cf76398 0x78 0x0 0x0 0xab0004 0x0 0x0 0x1b37e700360 0x78 0x0 0x0 0xae0005 0x0 0x0 0x1b377670b08 0x78 0x0 0x0 0xb70003 0x78 0xfffffffffffffef0 0xc40002 0x28 0xdc0002 0x28 0x0 0x0 0x0 0x0 0x0 0x0 0x0 0x0 0x0 0x0 0x0 0x0 0x9 0x4 0x0 0x0 0x0 0x0 oops 6 31 org/wso2/ballerinalang/compiler/PackageCache 42 java/util/HashMap 49 org/wso2/ballerinalang/compiler/semantics/model/SymbolEnv 77 org/wso2/ballerinalang/compiler/semantics/analyzer/SymbolResolver 84 org/wso2/ballerinalang/compiler/semantics/model/symbols/BConstantSymbol 91 java/util/ArrayList methods 0
ciMethodData org/wso2/ballerinalang/compiler/semantics/model/types/BIntersectionType <init> (Lorg/wso2/ballerinalang/compiler/semantics/model/symbols/BTypeSymbol;Ljava/util/LinkedHashSet;Lorg/wso2/ballerinalang/compiler/semantics/model/types/BType;J)V 1 615 orig 80 0 0 0 0 0 0 0 0 0 0 0 0 179 1 0 0 0 0 0 0 0 0 0 0 0 0 0 0 0 0 0 0 0 0 0 0 0 0 0 0 0 0 0 0 0 0 0 0 0 0 0 0 0 0 0 0 0 0 0 0 0 0 0 0 0 0 0 0 0 0 0 0 0 0 0 0 0 0 0 0 data 18 0x60002 0x267 0xb0002 0x267 0x0 0x0 0x0 0x0 0x0 0x0 0x9 0x6 0x0 0x0 0x0 0x0 0x0 0x0 oops 0 methods 0
ciMethodData org/wso2/ballerinalang/compiler/semantics/model/symbols/BErrorTypeSymbol <init> (JJLorg/wso2/ballerinalang/compiler/util/Name;Lorg/ballerinalang/model/elements/PackageID;Lorg/wso2/ballerinalang/compiler/semantics/model/types/BType;Lorg/wso2/ballerinalang/compiler/semantics/model/symbols/BSymbol;Lio/ballerina/tools/diagnostics/Location;Lorg/ballerinalang/model/symbols/SymbolOrigin;)V 1 352 orig 80 0 0 0 0 0 0 0 0 0 0 0 0 179 1 0 0 0 0 0 0 0 0 0 0 0 0 0 0 0 0 0 0 0 0 0 0 0 0 0 0 0 0 0 0 0 0 0 0 0 0 0 0 0 0 0 0 0 0 0 0 0 0 0 0 0 0 0 0 0 0 0 0 0 0 0 0 0 0 0 0 data 19 0xf0002 0x160 0x0 0x0 0x0 0x0 0x9 0xb 0x1fc 0x0 0x0 0x0 0x0 0x0 0x0 0x0 0x0 0x0 0x0 oops 0 methods 0
ciMethodData org/wso2/ballerinalang/compiler/semantics/model/types/BErrorType <init> (Lio/ballerina/types/Env;Lorg/wso2/ballerinalang/compiler/semantics/model/symbols/BTypeSymbol;)V 1 351 orig 80 0 0 0 0 0 0 0 0 0 0 0 0 179 1 0 0 0 0 0 0 0 0 0 0 0 0 0 0 0 0 0 0 0 0 0 0 0 0 0 0 0 0 0 0 0 0 0 0 0 0 0 0 0 0 0 0 0 0 0 0 0 0 0 0 0 0 0 0 0 0 0 0 0 0 0 0 0 0 0 0 data 17 0x70002 0x15f 0x100002 0x15f 0x220002 0x15f 0x0 0x0 0x0 0x0 0x0 0x0 0x9 0x3 0xfe 0x0 0x0 oops 0 methods 0
ciMethodData org/wso2/ballerinalang/compiler/BIRPackageSymbolEnter$BIRTypeReader readTypeIdSet (Ljava/io/DataInputStream;)Lorg/wso2/ballerinalang/compiler/semantics/model/types/BTypeIdSet; 1 596 orig 80 0 0 0 0 0 0 0 0 0 0 0 0 179 1 0 0 0 0 0 0 0 0 0 0 0 0 0 0 0 0 0 0 0 0 0 0 0 0 0 0 0 0 0 0 0 0 0 0 0 0 0 0 0 0 0 0 0 0 0 0 0 0 0 0 0 0 0 0 0 0 0 0 0 0 0 0 0 0 0 0 data 72 0x40002 0x254 0x90005 0x254 0x0 0x0 0x0 0x0 0x0 0x130007 0x254 0xa8 0x180 0x190005 0x180 0x0 0x0 0x0 0x0 0x0 0x1c0005 0x0 0x0 0x1b37d174020 0x180 0x0 0x0 0x250003 0x180 0xffffffffffffff70 0x2c0002 0x254 0x320005 0x254 0x0 0x0 0x0 0x0 0x0 0x3e0007 0x254 0xa8 0x207 0x450005 0x207 0x0 0x0 0x0 0x0 0x0 0x480005 0x0 0x0 0x1b37d174020 0x207 0x0 0x0 0x510003 0x207 0xffffffffffffff70 0x5b0002 0x254 0x0 0x0 0x0 0x0 0x0 0x0 0x9 0x2 0x0 0x0 oops 2 23 java/util/HashSet 53 java/util/HashSet methods 0
ciMethodData org/wso2/ballerinalang/compiler/semantics/model/types/BTupleMember <init> (Lorg/wso2/ballerinalang/compiler/semantics/model/types/BType;Lorg/wso2/ballerinalang/compiler/semantics/model/symbols/BVarSymbol;)V 1 66 orig 80 0 0 0 0 0 0 0 0 0 0 0 0 179 1 0 0 0 0 0 0 0 0 0 0 0 0 0 0 0 0 0 0 0 0 0 0 0 0 0 0 0 0 0 0 0 0 0 0 0 0 0 0 0 0 0 0 0 0 0 0 0 0 0 0 0 0 0 0 0 0 0 0 0 0 0 0 0 0 0 0 data 11 0x10002 0x42 0x0 0x0 0x0 0x0 0x9 0x3 0x6 0x0 0x0 oops 0 methods 0
ciMethodData org/wso2/ballerinalang/compiler/semantics/model/types/BTupleType <init> (Lio/ballerina/types/Env;Lorg/wso2/ballerinalang/compiler/semantics/model/symbols/BTypeSymbol;Ljava/util/List;)V 1 35 orig 80 0 0 0 0 0 0 0 0 0 0 0 0 179 1 0 0 0 0 0 0 0 0 0 0 0 0 0 0 0 0 0 0 0 0 0 0 0 0 0 0 0 0 0 0 0 0 0 0 0 0 0 0 0 0 0 0 0 0 0 0 0 0 0 0 0 0 0 0 0 0 0 0 0 0 0 0 0 0 0 0 data 12 0x40002 0x23 0x0 0x0 0x0 0x0 0x9 0x4 0x1be 0x0 0x0 0x0 oops 0 methods 0
ciMethodData org/wso2/ballerinalang/compiler/semantics/model/types/BTupleType setFlags (J)V 1 35 orig 80 0 0 0 0 0 0 0 0 0 0 0 0 179 1 0 0 0 0 0 0 0 0 0 0 0 0 0 0 0 0 0 0 0 0 0 0 0 0 0 0 0 0 0 0 0 0 0 0 0 0 0 0 0 0 0 0 0 0 0 0 0 0 0 0 0 0 0 0 0 0 0 0 0 0 0 0 0 0 0 0 data 20 0x20002 0x23 0x60005 0x0 0x0 0x1b37f66e1a8 0x23 0x0 0x0 0x0 0x0 0x0 0x0 0x0 0x0 0x9 0x3 0x0 0x0 0x0 oops 1 5 org/wso2/ballerinalang/compiler/semantics/model/types/BTupleType methods 0
ciMethodData org/wso2/ballerinalang/compiler/semantics/model/types/BTupleType restLd ()V 1 35 orig 80 0 0 0 0 0 0 0 0 0 0 0 0 179 1 0 0 0 0 0 0 0 0 0 0 0 0 0 0 0 0 0 0 0 0 0 0 0 0 0 0 0 0 0 0 0 0 0 0 0 0 0 0 0 0 0 0 0 0 0 0 0 0 0 0 0 0 0 0 0 0 0 0 0 0 0 0 0 0 0 0 data 6 0x0 0x0 0x0 0x9 0x1 0x180 oops 0 methods 0
ciMethodData org/wso2/ballerinalang/compiler/semantics/model/types/BFutureType <init> (Lio/ballerina/types/Env;Lorg/wso2/ballerinalang/compiler/semantics/model/types/BType;Lorg/wso2/ballerinalang/compiler/semantics/model/symbols/BTypeSymbol;)V 1 1 orig 80 0 0 0 0 0 0 0 0 0 0 0 0 179 1 0 0 0 0 0 0 0 0 0 0 0 0 0 0 0 0 0 0 0 0 0 0 0 0 0 0 0 0 0 0 0 0 0 0 0 0 0 0 0 0 0 0 0 0 0 0 0 0 0 0 0 0 0 0 0 0 0 0 0 0 0 0 0 0 0 0 data 12 0x40002 0x1 0x0 0x0 0x0 0x0 0x9 0x4 0x7e 0x0 0x0 0x0 oops 0 methods 0
ciMethodData org/wso2/ballerinalang/compiler/BIRPackageSymbolEnter$BIRTypeReader readSemNamedType ()Lorg/wso2/ballerinalang/compiler/semantics/model/types/SemNamedType; 2 1913 orig 80 0 0 0 0 0 0 0 0 0 0 0 0 179 1 0 0 0 0 0 0 0 0 0 0 0 0 0 0 0 0 0 0 0 0 0 0 0 0 0 0 0 0 0 0 0 0 0 0 0 0 0 0 0 0 0 0 0 0 0 0 0 0 0 0 0 0 0 0 0 0 0 0 0 0 0 0 0 0 0 0 data 25 0x10005 0x779 0x0 0x0 0x0 0x0 0x0 0x60005 0x779 0x0 0x0 0x0 0x0 0x0 0x100002 0x779 0x0 0x0 0x0 0x0 0x0 0x0 0x9 0x1 0xffffffffffffffff oops 0 methods 0
ciMethodData org/wso2/ballerinalang/compiler/semantics/model/types/BFiniteType <init> (Lorg/wso2/ballerinalang/compiler/semantics/model/symbols/BTypeSymbol;[Lorg/wso2/ballerinalang/compiler/semantics/model/types/SemNamedType;)V 2 1905 orig 80 0 0 0 0 0 0 0 0 0 0 0 0 179 1 0 0 0 0 0 0 0 0 0 0 0 0 0 0 0 0 0 0 0 0 0 0 0 0 0 0 0 0 0 0 0 0 0 0 0 0 0 0 0 0 0 0 0 0 0 0 0 0 0 0 0 0 0 0 0 0 0 0 0 0 0 0 0 0 0 0 data 30 0x70002 0x771 0x120007 0x771 0x88 0x0 0x170005 0x0 0x0 0x0 0x0 0x0 0x0 0x1a0007 0x0 0x30 0x0 0x210002 0x0 0x0 0x0 0x0 0x0 0x0 0x0 0x9 0x3 0x3e 0x0 0x0 oops 0 methods 0
ciMethodData org/wso2/ballerinalang/compiler/semantics/model/symbols/Symbols createClassSymbol (JLorg/wso2/ballerinalang/compiler/util/Name;Lorg/ballerinalang/model/elements/PackageID;Lorg/wso2/ballerinalang/compiler/semantics/model/types/BType;Lorg/wso2/ballerinalang/compiler/semantics/model/symbols/BSymbol;Lio/ballerina/tools/diagnostics/Location;Lorg/ballerinalang/model/symbols/SymbolOrigin;Z)Lorg/wso2/ballerinalang/compiler/semantics/model/symbols/BClassSymbol; 1 210 orig 80 0 0 0 0 0 0 0 0 0 0 0 0 179 1 0 0 0 0 0 0 0 0 0 0 0 0 0 0 0 0 0 0 0 0 0 0 0 0 0 0 0 0 0 0 0 0 0 0 0 0 0 0 0 0 0 0 0 0 0 0 0 0 0 0 0 0 0 0 0 0 0 0 0 0 0 0 0 0 0 0 data 17 0x120002 0xd2 0x0 0x0 0x0 0x0 0x9 0x9 0x0 0x0 0x0 0x0 0x0 0x0 0x0 0x0 0x0 oops 0 methods 0
ciMethodData org/wso2/ballerinalang/compiler/semantics/model/symbols/Symbols createObjectSymbol (JLorg/wso2/ballerinalang/compiler/util/Name;Lorg/ballerinalang/model/elements/PackageID;Lorg/wso2/ballerinalang/compiler/semantics/model/types/BType;Lorg/wso2/ballerinalang/compiler/semantics/model/symbols/BSymbol;Lio/ballerina/tools/diagnostics/Location;Lorg/ballerinalang/model/symbols/SymbolOrigin;)Lorg/wso2/ballerinalang/compiler/semantics/model/symbols/BObjectTypeSymbol; 1 72 orig 80 0 0 0 0 0 0 0 0 0 0 0 0 179 1 0 0 0 0 0 0 0 0 0 0 0 0 0 0 0 0 0 0 0 0 0 0 0 0 0 0 0 0 0 0 0 0 0 0 0 0 0 0 0 0 0 0 0 0 0 0 0 0 0 0 0 0 0 0 0 0 0 0 0 0 0 0 0 0 0 0 data 16 0x120002 0x48 0x0 0x0 0x0 0x0 0x9 0x8 0x0 0x0 0x0 0x0 0x0 0x0 0x0 0x0 oops 0 methods 0
ciMethodData org/wso2/ballerinalang/compiler/semantics/model/types/BObjectType <init> (Lio/ballerina/types/Env;Lorg/wso2/ballerinalang/compiler/semantics/model/symbols/BTypeSymbol;)V 1 257 orig 80 0 0 0 0 0 0 0 0 0 0 0 0 179 1 0 0 0 0 0 0 0 0 0 0 0 0 0 0 0 0 0 0 0 0 0 0 0 0 0 0 0 0 0 0 0 0 0 0 0 0 0 0 0 0 0 0 0 0 0 0 0 0 0 0 0 0 0 0 0 0 0 0 0 0 0 0 0 0 0 0 data 27 0x40002 0x101 0x160002 0x101 0x240007 0x101 0x50 0x0 0x280007 0x0 0x30 0x0 0x2f0002 0x0 0x3f0002 0x101 0x0 0x0 0x0 0x0 0x0 0x0 0x9 0x3 0x3fe 0x0 0x0 oops 0 methods 0
ciMethodData org/wso2/ballerinalang/compiler/BIRPackageSymbolEnter$BIRTypeReader ignoreAttachedFunc ()V 2 1343 orig 80 0 0 0 0 0 0 0 0 0 0 0 0 179 1 0 0 0 0 0 0 0 0 0 0 0 0 0 0 0 0 0 0 0 0 0 0 0 0 0 0 0 0 0 0 0 0 0 0 0 0 0 0 0 0 0 0 0 0 0 0 0 0 0 0 0 0 0 0 0 0 0 0 0 0 0 0 0 0 0 0 data 37 0x80005 0x53f 0x0 0x0 0x0 0x0 0x0 0x140005 0x53f 0x0 0x0 0x0 0x0 0x0 0x1c0005 0x53f 0x0 0x0 0x0 0x0 0x0 0x210005 0x53f 0x0 0x0 0x0 0x0 0x0 0x0 0x0 0x0 0x0 0x0 0x0 0x9 0x1 0x0 oops 0 methods 0
ciMethodData org/wso2/ballerinalang/compiler/BIRPackageSymbolEnter$BIRTypeReader populateIntersectionTypeReferencedFunctions (Ljava/io/DataInputStream;Lorg/wso2/ballerinalang/compiler/semantics/model/symbols/BObjectTypeSymbol;)V 1 12 orig 80 0 0 0 0 0 0 0 0 0 0 0 0 179 1 0 0 0 0 0 0 0 0 0 0 0 0 0 0 0 0 0 0 0 0 0 0 0 0 0 0 0 0 0 0 0 0 0 0 0 0 0 0 0 0 0 0 0 0 0 0 0 0 0 0 0 0 0 0 0 0 0 0 0 0 0 0 0 0 0 0 data 112 0x50005 0xc 0x0 0x0 0x0 0x0 0x0 0xe0005 0xc 0x0 0x0 0x0 0x0 0x0 0x140005 0xc 0x0 0x0 0x0 0x0 0x0 0x1a0005 0xc 0x0 0x0 0x0 0x0 0x0 0x1d0004 0x0 0x0 0x1b37f66de38 0xc 0x0 0x0 0x2a0002 0xc 0x2d0002 0xc 0x340002 0xc 0x660002 0xc 0x700002 0xc 0x810002 0xc 0x8c0005 0xc 0x0 0x0 0x0 0x0 0x0 0x910005 0xc 0x0 0x0 0x0 0x0 0x0 0x970002 0xc 0x9a0007 0x0 0x58 0xc 0xa20004 0x0 0x0 0x1b37ed32a10 0xc 0x0 0x0 0xcb0005 0x0 0x0 0x1b377670b08 0xc 0x0 0x0 0xd70005 0x0 0x0 0x1b377670b08 0xc 0x0 0x0 0xe50005 0x0 0x0 0x1b37f66d8b8 0xc 0x0 0x0 0x0 0x0 0x0 0x0 0x0 0x0 0x0 0x0 0x0 0x0 0x0 0x0 0x9 0x3 0x0 0x0 0x0 oops 5 31 org/wso2/ballerinalang/compiler/semantics/model/types/BInvokableType 70 org/wso2/ballerinalang/compiler/semantics/model/symbols/BInvokableTypeSymbol 77 java/util/ArrayList 84 java/util/ArrayList 91 org/wso2/ballerinalang/compiler/semantics/model/Scope methods 0
ciMethodData org/wso2/ballerinalang/compiler/semantics/model/types/BParameterizedType <init> (Lorg/wso2/ballerinalang/compiler/semantics/model/types/BType;Lorg/wso2/ballerinalang/compiler/semantics/model/symbols/BVarSymbol;Lorg/wso2/ballerinalang/compiler/semantics/model/symbols/BTypeSymbol;Lorg/wso2/ballerinalang/compiler/util/Name;I)V 1 97 orig 80 0 0 0 0 0 0 0 0 0 0 0 0 179 1 0 0 0 0 0 0 0 0 0 0 0 0 0 0 0 0 0 0 0 0 0 0 0 0 0 0 0 0 0 0 0 0 0 0 0 0 0 0 0 0 0 0 0 0 0 0 0 0 0 0 0 0 0 0 0 0 0 0 0 0 0 0 0 0 0 0 data 14 0x40002 0x61 0x0 0x0 0x0 0x0 0x9 0x6 0x0 0x0 0x0 0x0 0x0 0x0 oops 0 methods 0
ciMethodData org/wso2/ballerinalang/compiler/semantics/model/types/BType <init> (ILorg/wso2/ballerinalang/compiler/semantics/model/symbols/BTypeSymbol;J)V 2 15351 orig 80 0 0 0 0 0 0 0 0 0 0 0 0 0 0 0 0 0 0 0 0 0 0 0 0 0 0 0 0 0 0 0 0 0 0 0 0 0 0 0 0 0 0 0 0 0 0 0 0 0 0 0 0 0 0 0 0 0 0 0 0 0 0 0 0 0 0 0 0 0 0 0 0 0 0 0 0 0 0 0 0 data 12 0x80002 0x3bf8 0x0 0x0 0x0 0x9 0x5 0x1e 0x0 0x0 0x0 0x0 oops 0 methods 0
ciMethodData org/wso2/ballerinalang/compiler/semantics/model/Scope$ScopeEntry <init> (Lorg/wso2/ballerinalang/compiler/semantics/model/symbols/BSymbol;Lorg/wso2/ballerinalang/compiler/semantics/model/Scope$ScopeEntry;)V 2 16186 orig 80 0 0 0 0 0 0 0 0 0 0 0 0 0 0 0 0 0 0 0 0 0 0 0 0 0 0 0 0 0 0 0 0 0 0 0 0 0 0 0 0 0 0 0 0 0 0 0 0 0 0 0 0 0 0 0 0 0 0 0 0 0 0 0 0 0 0 0 0 0 0 0 0 0 0 0 0 0 0 0 0 data 11 0x10002 0x3f3b 0x0 0x0 0x0 0x0 0x9 0x3 0x6 0x0 0x0 oops 0 methods 0
ciMethodData org/wso2/ballerinalang/compiler/semantics/model/symbols/Symbols createTypeSymbol (JJLorg/wso2/ballerinalang/compiler/util/Name;Lorg/wso2/ballerinalang/compiler/util/Name;Lorg/ballerinalang/model/elements/PackageID;Lorg/wso2/ballerinalang/compiler/semantics/model/types/BType;Lorg/wso2/ballerinalang/compiler/semantics/model/symbols/BSymbol;Lio/ballerina/tools/diagnostics/Location;Lorg/ballerinalang/model/symbols/SymbolOrigin;)Lorg/wso2/ballerinalang/compiler/semantics/model/symbols/BTypeSymbol; 2 6870 orig 80 0 0 0 0 0 0 0 0 0 0 0 0 179 1 0 0 0 0 0 0 0 0 0 0 0 0 0 0 0 0 0 0 0 0 0 0 0 0 0 0 0 0 0 0 0 0 0 0 0 0 0 0 0 0 0 0 0 0 0 0 0 0 0 0 0 0 0 0 0 0 0 0 0 0 0 0 0 0 0 0 data 40 0x20007 0x1ad6 0x98 0x0 0x70002 0x0 0xf0007 0x0 0x68 0x0 0x1e0002 0x0 0x270004 0x0 0x0 0x0 0x0 0x0 0x0 0x470002 0x1ad6 0x0 0x0 0x0 0x0 0x0 0x0 0x9 0xb 0x0 0x0 0x0 0x0 0x0 0x0 0x0 0x0 0x0 0x0 0x0 oops 0 methods 0
ciMethodData org/wso2/ballerinalang/compiler/semantics/analyzer/Types getImpliedType (Lorg/wso2/ballerinalang/compiler/semantics/model/types/BType;)Lorg/wso2/ballerinalang/compiler/semantics/model/types/BType; 2 5787 orig 80 0 0 0 0 0 0 0 0 0 0 0 0 179 1 0 0 0 0 0 0 0 0 0 0 0 0 0 0 0 0 0 0 0 0 0 0 0 0 0 0 0 0 0 0 0 0 0 0 0 0 0 0 0 0 0 0 0 0 0 0 0 0 0 0 0 0 0 0 0 0 0 0 0 0 0 0 0 0 0 0 data 28 0x10002 0x169b 0x60007 0x0 0x88 0x169b 0xf0007 0x164d 0x68 0x4e 0x130004 0x0 0x0 0x1b37d1754c0 0x4e 0x0 0x0 0x190002 0x4e 0x0 0x0 0x0 0x0 0x0 0x0 0x9 0x1 0x0 oops 1 13 org/wso2/ballerinalang/compiler/semantics/model/types/BIntersectionType methods 0
ciMethodData org/wso2/ballerinalang/compiler/semantics/analyzer/Types getReferredType (Lorg/wso2/ballerinalang/compiler/semantics/model/types/BType;)Lorg/wso2/ballerinalang/compiler/semantics/model/types/BType; 2 6084 orig 80 0 0 0 0 0 0 0 0 0 0 0 0 179 1 0 0 0 0 0 0 0 0 0 0 0 0 0 0 0 0 0 0 0 0 0 0 0 0 0 0 0 0 0 0 0 0 0 0 0 0 0 0 0 0 0 0 0 0 0 0 0 0 0 0 0 0 0 0 0 0 0 0 0 0 0 0 0 0 0 0 data 26 0x10007 0x0 0x88 0x17c4 0xa0007 0x16f0 0x68 0xd4 0xe0004 0x0 0x0 0x1b37ed304a8 0xd4 0x0 0x0 0x140002 0xd4 0x0 0x0 0x0 0x0 0x0 0x0 0x9 0x1 0x0 oops 1 11 org/wso2/ballerinalang/compiler/semantics/model/types/BTypeReferenceType methods 0
ciMethodData org/wso2/ballerinalang/compiler/semantics/model/types/BUnionType toFlatTypeSet (Ljava/util/LinkedHashSet;)Ljava/util/LinkedHashSet; 1 92 orig 80 0 0 0 0 0 0 0 0 0 0 0 0 179 1 0 0 0 0 0 0 0 0 0 0 0 0 0 0 0 0 0 0 0 0 0 0 0 0 0 0 0 0 0 0 0 0 0 0 0 0 0 0 0 0 0 0 0 0 0 0 0 0 0 0 0 0 0 0 0 0 0 0 0 0 0 0 0 0 0 0 data 47 0x10005 0x0 0x0 0x1b37f66e048 0x5c 0x0 0x0 0x4000a 0x5c 0x1 0x1b37f287c20 0x90005 0x0 0x0 0x1b37f287cd0 0x5c 0x0 0x0 0xe000a 0x5c 0x1 0x1b37f287d80 0x130002 0x5c 0x160005 0x0 0x0 0x1b37f287e30 0x5c 0x0 0x0 0x1b0004 0x0 0x0 0x1b37f66e048 0x5c 0x0 0x0 0x0 0x0 0x0 0x0 0x0 0x0 0x9 0x1 0xffffffffffffffff oops 6 3 java/util/LinkedHashSet 10  @bci org/wso2/ballerinalang/compiler/semantics/model/types/BUnionType toFlatTypeSet (Ljava/util/LinkedHashSet;)Ljava/util/LinkedHashSet; 4 <appendix> argL0 ; 14 java/util/stream/ReferencePipeline$Head 21  @bci org/wso2/ballerinalang/compiler/semantics/model/types/BUnionType toFlatTypeSet (Ljava/util/LinkedHashSet;)Ljava/util/LinkedHashSet; 14 <appendix> argL0 ; 27 java/util/stream/ReferencePipeline$7 34 java/util/LinkedHashSet methods 0
ciMethodData org/wso2/ballerinalang/compiler/semantics/model/symbols/BInvokableTypeSymbol <init> (JJLorg/ballerinalang/model/elements/PackageID;Lorg/wso2/ballerinalang/compiler/semantics/model/types/BType;Lorg/wso2/ballerinalang/compiler/semantics/model/symbols/BSymbol;Lio/ballerina/tools/diagnostics/Location;Lorg/ballerinalang/model/symbols/SymbolOrigin;)V 2 6573 orig 80 0 0 0 0 0 0 0 0 0 0 0 0 0 0 0 0 0 0 0 0 0 0 0 0 0 0 0 0 0 0 0 0 0 0 0 0 0 0 0 0 0 0 0 0 0 0 0 0 0 0 0 0 0 0 0 0 0 0 0 0 0 0 0 0 0 0 0 0 0 0 0 0 0 0 0 0 0 0 0 0 data 24 0x130002 0x19ad 0x1b0002 0x19ad 0x260002 0x19ad 0x310002 0x19ad 0x0 0x0 0x0 0x0 0x9 0xa 0x1dfc 0x0 0x0 0x0 0x0 0x0 0x0 0x0 0x0 0x0 oops 0 methods 0
ciMethodData org/wso2/ballerinalang/compiler/semantics/model/symbols/BTypeSymbol <init> (JJLorg/wso2/ballerinalang/compiler/util/Name;Lorg/ballerinalang/model/elements/PackageID;Lorg/wso2/ballerinalang/compiler/semantics/model/types/BType;Lorg/wso2/ballerinalang/compiler/semantics/model/symbols/BSymbol;Lio/ballerina/tools/diagnostics/Location;Lorg/ballerinalang/model/symbols/SymbolOrigin;)V 2 3304 orig 80 0 0 0 0 0 0 0 0 0 0 0 0 0 0 0 0 0 0 0 0 0 0 0 0 0 0 0 0 0 0 0 0 0 0 0 0 0 0 0 0 0 0 0 0 0 0 0 0 0 0 0 0 0 0 0 0 0 0 0 0 0 0 0 0 0 0 0 0 0 0 0 0 0 0 0 0 0 0 0 0 data 17 0x110002 0xce8 0x0 0x0 0x9 0xb 0x1fc 0x0 0x0 0x0 0x0 0x0 0x0 0x0 0x0 0x0 0x0 oops 0 methods 0
ciMethodData org/wso2/ballerinalang/compiler/BIRPackageSymbolEnter$BIRTypeReader readSemType ()Lio/ballerina/types/SemType; 2 1633 orig 80 0 0 0 0 0 0 0 0 0 0 0 0 179 1 0 0 0 0 0 0 0 0 0 0 0 0 0 0 0 0 0 0 0 0 0 0 0 0 0 0 0 0 0 0 0 0 0 0 0 0 0 0 0 0 0 0 0 0 0 0 0 0 0 0 0 0 0 0 0 0 0 0 0 0 0 0 0 0 0 0 data 84 0x40005 0x661 0x0 0x0 0x0 0x0 0x0 0x70007 0x661 0x20 0x0 0x100005 0x661 0x0 0x0 0x0 0x0 0x0 0x130007 0x660 0x68 0x1 0x1a0005 0x1 0x0 0x0 0x0 0x0 0x0 0x1f0002 0x1 0x270005 0x660 0x0 0x0 0x0 0x0 0x0 0x2f0005 0x660 0x0 0x0 0x0 0x0 0x0 0x370005 0x660 0x0 0x0 0x0 0x0 0x0 0x470007 0x660 0xa8 0x660 0x4f0005 0x660 0x0 0x0 0x0 0x0 0x0 0x520004 0x0 0x0 0x1b37f54d970 0x5f4 0x1b37f54da20 0x63 0x560003 0x660 0xffffffffffffff70 0x5d0002 0x660 0x0 0x0 0x0 0x0 0x0 0x0 0x9 0x1 0xffffffffffffffff oops 2 66 io/ballerina/types/subtypedata/StringSubtype 68 io/ballerina/types/subtypedata/IntSubtype methods 0
ciMethodData org/wso2/ballerinalang/compiler/BIRPackageSymbolEnter$BIRTypeReader readProperSubtypeData ()Lio/ballerina/types/ProperSubtypeData; 2 1596 orig 80 0 0 0 0 0 0 0 0 0 0 0 0 0 0 0 0 0 0 0 0 0 0 0 0 0 0 0 0 0 0 0 0 0 0 0 0 0 0 0 0 0 0 0 0 0 0 0 0 0 0 0 0 0 0 0 0 0 0 0 0 0 0 0 0 0 0 0 0 0 0 0 0 0 0 0 0 0 0 0 0 data 87 0x40005 0x63c 0x0 0x0 0x0 0x0 0x0 0x70008 0x10 0x0 0x228 0x0 0x90 0x63 0xc8 0x2 0x100 0x0 0x148 0x7 0x180 0x5d0 0x1b8 0x0 0x1f0 0x310005 0x0 0x0 0x0 0x0 0x0 0x0 0x360005 0x63 0x0 0x0 0x0 0x0 0x0 0x3e0005 0x2 0x0 0x0 0x0 0x0 0x0 0x410002 0x2 0x460005 0x0 0x0 0x0 0x0 0x0 0x0 0x4b0005 0x7 0x0 0x0 0x0 0x0 0x0 0x500005 0x5d0 0x0 0x0 0x0 0x0 0x0 0x550005 0x0 0x0 0x0 0x0 0x0 0x0 0x600002 0x0 0x0 0x0 0x0 0x0 0x0 0x0 0x9 0x1 0xffffffffffffffff oops 0 methods 0
ciMethodData org/wso2/ballerinalang/compiler/BIRPackageSymbolEnter$BIRTypeReader readBdd ()Lio/ballerina/types/Bdd; 1 0 orig 80 0 0 0 0 0 0 0 0 0 0 0 0 179 1 0 0 0 0 0 0 0 0 0 0 0 0 0 0 0 0 0 0 0 0 0 0 0 0 0 0 0 0 0 0 0 0 0 0 0 0 0 0 0 0 0 0 0 0 0 0 0 0 0 0 0 0 0 0 0 0 0 0 0 0 0 0 0 0 0 0 data 45 0x40005 0x0 0x0 0x0 0x0 0x0 0x0 0x90007 0x0 0x58 0x0 0xd0005 0x0 0x0 0x0 0x0 0x0 0x0 0x150005 0x0 0x0 0x0 0x0 0x0 0x0 0x1a0007 0x0 0x48 0x0 0x1d0002 0x0 0x200003 0x0 0x28 0x230002 0x0 0x0 0x0 0x0 0x0 0x0 0x0 0x9 0x1 0xffffffffffffffff oops 0 methods 0
ciMethodData org/wso2/ballerinalang/compiler/semantics/model/types/BUnionType <init> (Lio/ballerina/types/Env;Lorg/wso2/ballerinalang/compiler/semantics/model/symbols/BTypeSymbol;Ljava/util/LinkedHashSet;Ljava/util/LinkedHashSet;ZZ)V 2 2669 orig 80 0 0 0 0 0 0 0 0 0 0 0 0 0 0 0 0 0 0 0 0 0 0 0 0 0 0 0 0 0 0 0 0 0 0 0 0 0 0 0 0 0 0 0 0 0 0 0 0 0 0 0 0 0 0 0 0 0 0 0 0 0 0 0 0 0 0 0 0 0 0 0 0 0 0 0 0 0 0 0 0 data 32 0x40002 0xa6d 0x130007 0x16 0x78 0xa57 0x1a0005 0x0 0x0 0x1b37f66df98 0xa56 0x1b37f1d2dc0 0x1 0x1e0007 0x5c 0x20 0x9fb 0x0 0x0 0x0 0x0 0x0 0x0 0x9 0x7 0xffffffffffffffff 0x0 0x0 0x0 0x0 0x0 0x0 oops 2 9 org/wso2/ballerinalang/compiler/semantics/model/types/BUnionType 11 org/wso2/ballerinalang/compiler/semantics/model/types/BJSONType methods 0
ciMethodData org/wso2/ballerinalang/compiler/semantics/model/types/BUnionType <init> (Lio/ballerina/types/Env;Lorg/wso2/ballerinalang/compiler/semantics/model/symbols/BTypeSymbol;Ljava/util/LinkedHashSet;Z)V 2 2384 orig 80 0 0 0 0 0 0 0 0 0 0 0 0 179 1 0 0 0 0 0 0 0 0 0 0 0 0 0 0 0 0 0 0 0 0 0 0 0 0 0 0 0 0 0 0 0 0 0 0 0 0 0 0 0 0 0 0 0 0 0 0 0 0 0 0 0 0 0 0 0 0 0 0 0 0 0 0 0 0 0 0 data 11 0x80002 0x950 0x0 0x0 0x9 0x5 0xffffffffffffffff 0x0 0x0 0x0 0x0 oops 0 methods 0
ciMethodData org/wso2/ballerinalang/compiler/semantics/model/types/BUnionType <init> (Lio/ballerina/types/Env;Lorg/wso2/ballerinalang/compiler/semantics/model/symbols/BTypeSymbol;Ljava/util/LinkedHashSet;Ljava/util/LinkedHashSet;Z)V 1 42 orig 80 0 0 0 0 0 0 0 0 0 0 0 0 179 1 0 0 0 0 0 0 0 0 0 0 0 0 0 0 0 0 0 0 0 0 0 0 0 0 0 0 0 0 0 0 0 0 0 0 0 0 0 0 0 0 0 0 0 0 0 0 0 0 0 0 0 0 0 0 0 0 0 0 0 0 0 0 0 0 0 0 data 12 0x90002 0x2a 0x0 0x0 0x9 0x6 0xffffffffffffffff 0x0 0x0 0x0 0x0 0x0 oops 0 methods 0
ciMethodData org/wso2/ballerinalang/compiler/semantics/model/symbols/BRecordTypeSymbol <init> (JJLorg/wso2/ballerinalang/compiler/util/Name;Lorg/ballerinalang/model/elements/PackageID;Lorg/wso2/ballerinalang/compiler/semantics/model/types/BType;Lorg/wso2/ballerinalang/compiler/semantics/model/symbols/BSymbol;Lio/ballerina/tools/diagnostics/Location;Lorg/ballerinalang/model/symbols/SymbolOrigin;)V 2 1359 orig 80 0 0 0 0 0 0 0 0 0 0 0 0 179 1 0 0 0 0 0 0 0 0 0 0 0 0 0 0 0 0 0 0 0 0 0 0 0 0 0 0 0 0 0 0 0 0 0 0 0 0 0 0 0 0 0 0 0 0 0 0 0 0 0 0 0 0 0 0 0 0 0 0 0 0 0 0 0 0 0 0 data 21 0x120002 0x54f 0x1a0002 0x54f 0x0 0x0 0x0 0x0 0x9 0xb 0xdfc 0x0 0x0 0x0 0x0 0x0 0x0 0x0 0x0 0x0 0x0 oops 0 methods 0
ciMethodData org/wso2/ballerinalang/compiler/semantics/model/types/BStructureType <init> (ILorg/wso2/ballerinalang/compiler/semantics/model/symbols/BTypeSymbol;J)V 2 1359 orig 80 0 0 0 0 0 0 0 0 0 0 0 0 179 1 0 0 0 0 0 0 0 0 0 0 0 0 0 0 0 0 0 0 0 0 0 0 0 0 0 0 0 0 0 0 0 0 0 0 0 0 0 0 0 0 0 0 0 0 0 0 0 0 0 0 0 0 0 0 0 0 0 0 0 0 0 0 0 0 0 0 data 17 0x40002 0x54f 0xc0002 0x54f 0x170002 0x54f 0x0 0x0 0x0 0x0 0x9 0x5 0x3e 0x0 0x0 0x0 0x0 oops 0 methods 0
ciMethodData org/wso2/ballerinalang/compiler/semantics/model/symbols/BStructureTypeSymbol <init> (Lorg/ballerinalang/model/symbols/SymbolKind;JJLorg/wso2/ballerinalang/compiler/util/Name;Lorg/ballerinalang/model/elements/PackageID;Lorg/wso2/ballerinalang/compiler/semantics/model/types/BType;Lorg/wso2/ballerinalang/compiler/semantics/model/symbols/BSymbol;Lio/ballerina/tools/diagnostics/Location;Lorg/ballerinalang/model/symbols/SymbolOrigin;)V 2 1589 orig 80 0 0 0 0 0 0 0 0 0 0 0 0 0 0 0 0 0 0 0 0 0 0 0 0 0 0 0 0 0 0 0 0 0 0 0 0 0 0 0 0 0 0 0 0 0 0 0 0 0 0 0 0 0 0 0 0 0 0 0 0 0 0 0 0 0 0 0 0 0 0 0 0 0 0 0 0 0 0 0 0 data 22 0x100002 0x635 0x190002 0x635 0x0 0x0 0x0 0x0 0x9 0xc 0x5fc 0x0 0x0 0x0 0x0 0x0 0x0 0x0 0x0 0x0 0x0 0x0 oops 0 methods 0
ciMethodData java/io/BufferedInputStream getBufIfOpen ()[B 2 4614 orig 80 0 0 0 0 0 0 0 0 0 0 0 0 0 0 0 0 0 0 0 0 0 0 0 0 0 0 0 0 0 0 0 0 0 0 0 0 0 0 0 0 0 0 0 0 0 0 0 0 0 0 0 0 0 0 0 0 0 0 0 0 0 0 0 0 0 0 0 0 0 0 0 0 0 0 0 0 0 0 0 0 data 16 0x20005 0x1206 0x0 0x0 0x0 0x0 0x0 0x0 0x0 0x0 0x0 0x0 0x0 0x9 0x1 0xffffffffffffffff oops 0 methods 0
ciMethodData java/io/BufferedInputStream getBufIfOpen (Z)[B 2 4616 orig 80 0 0 0 0 0 0 0 0 0 0 0 0 179 1 0 0 0 0 0 0 0 0 0 0 0 0 0 0 0 0 0 0 0 0 0 0 0 0 0 0 0 0 0 0 0 0 0 0 0 0 0 0 0 0 0 0 0 0 0 0 0 0 0 0 0 0 0 0 0 0 0 0 0 0 0 0 0 0 0 0 data 35 0x60007 0x16 0x98 0x11f2 0xd0007 0x11f0 0x78 0x2 0x220005 0x0 0x0 0x0 0x0 0x0 0x0 0x250007 0x2 0x20 0x0 0x2e0007 0x1208 0x30 0x0 0x370002 0x0 0x0 0x0 0x0 0x0 0x0 0x0 0x9 0x2 0xffffffffffffffff 0x0 oops 0 methods 0
ciMethodData java/io/BufferedInputStream read ([BII)I 2 3129 orig 80 0 0 0 0 0 0 0 0 0 0 0 0 0 0 0 0 0 0 0 0 0 0 0 0 0 0 0 0 0 0 0 0 0 0 0 0 0 0 0 0 0 0 0 0 0 0 0 0 0 0 0 0 0 0 0 0 0 0 0 0 0 0 0 0 0 0 0 0 0 0 0 0 0 0 0 0 0 0 0 0 data 51 0x40007 0x0 0x100 0xc3a 0xb0005 0x0 0x0 0x1b37da5cad8 0xc3a 0x0 0x0 0x120005 0xc3a 0x0 0x0 0x0 0x0 0x0 0x1b0005 0x0 0x0 0x1b37da5cad8 0xc3a 0x0 0x0 0x270005 0x0 0x0 0x0 0x0 0x0 0x0 0x360005 0x0 0x0 0x0 0x0 0x0 0x0 0x0 0x0 0x0 0x0 0x0 0x0 0x9 0x4 0x0 0x0 0x0 0x0 oops 2 7 jdk/internal/misc/InternalLock 21 jdk/internal/misc/InternalLock methods 0
ciMethodData java/io/BufferedInputStream implRead ([BII)I 2 4399 orig 80 0 0 0 0 0 0 0 0 0 0 0 0 0 0 0 0 0 0 0 0 0 0 0 0 0 0 0 0 0 0 0 0 0 0 0 0 0 0 0 0 0 0 0 0 0 0 0 0 0 0 0 0 0 0 0 0 0 0 0 0 0 0 0 0 0 0 0 0 0 0 0 0 0 0 0 0 0 0 0 0 data 69 0x10005 0x1130 0x0 0x0 0x0 0x0 0x0 0x120007 0x1130 0x30 0x0 0x190002 0x0 0x1e0007 0x1123 0x20 0xd 0x300005 0x1134 0x0 0x0 0x0 0x0 0x0 0x370007 0x1132 0x58 0x2 0x3c0007 0x0 0x38 0x2 0x410003 0x2 0x18 0x510007 0x13 0x20 0x111f 0x5f0007 0x0 0x78 0x13 0x640005 0x0 0x0 0x1b37f45cfc0 0x11 0x1b37f45d050 0x2 0x670007 0x11 0x20 0x2 0x6d0003 0x11 0xfffffffffffffed8 0x0 0x0 0x0 0x0 0x0 0x0 0x9 0x4 0x0 0x0 0x0 0x0 oops 2 46 java/io/FileInputStream 48 sun/nio/ch/ChannelInputStream methods 0
ciMethodData java/io/BufferedInputStream ensureOpen ()V 2 4400 orig 80 0 0 0 0 0 0 0 0 0 0 0 0 0 0 0 0 0 0 0 0 0 0 0 0 0 0 0 0 0 0 0 0 0 0 0 0 0 0 0 0 0 0 0 0 0 0 0 0 0 0 0 0 0 0 0 0 0 0 0 0 0 0 0 0 0 0 0 0 0 0 0 0 0 0 0 0 0 0 0 0 data 15 0x40007 0x1131 0x30 0x0 0xd0002 0x0 0x0 0x0 0x0 0x0 0x0 0x0 0x9 0x1 0x0 oops 0 methods 0
ciMethodData java/io/BufferedInputStream read1 ([BII)I 2 4403 orig 80 0 0 0 0 0 0 0 0 0 0 0 0 0 0 0 0 0 0 0 0 0 0 0 0 0 0 0 0 0 0 0 0 0 0 0 0 0 0 0 0 0 0 0 0 0 0 0 0 0 0 0 0 0 0 0 0 0 0 0 0 0 0 0 0 0 0 0 0 0 0 0 0 0 0 0 0 0 0 0 0 data 75 0xd0007 0x111e 0x170 0x16 0x120005 0x16 0x0 0x0 0x0 0x0 0x0 0x1a0002 0x16 0x220007 0x11 0xb0 0x5 0x2a0007 0x1 0x90 0x4 0x2e0005 0x4 0x0 0x0 0x0 0x0 0x0 0x340005 0x0 0x0 0x1b37f45d050 0x4 0x0 0x0 0x390005 0x12 0x0 0x0 0x0 0x0 0x0 0x490007 0x12 0x20 0x0 0x510007 0x111f 0x38 0x11 0x560003 0x11 0x18 0x5d0005 0x1130 0x0 0x0 0x0 0x0 0x0 0x680002 0x1130 0x0 0x0 0x0 0x0 0x0 0x0 0x0 0x9 0x4 0x0 0x0 0x0 0x0 oops 1 31 sun/nio/ch/ChannelInputStream methods 0
ciMethodData java/io/BufferedInputStream getInIfOpen ()Ljava/io/InputStream; 1 13 orig 80 0 0 0 0 0 0 0 0 0 0 0 0 179 1 0 0 0 0 0 0 0 0 0 0 0 0 0 0 0 0 0 0 0 0 0 0 0 0 0 0 0 0 0 0 0 0 0 0 0 0 0 0 0 0 0 0 0 0 0 0 0 0 0 0 0 0 0 0 0 0 0 0 0 0 0 0 0 0 0 0 data 15 0x60007 0xd 0x30 0x0 0xf0002 0x0 0x0 0x0 0x0 0x0 0x0 0x0 0x9 0x1 0x0 oops 0 methods 0
ciMethodData java/io/BufferedInputStream fill ()V 1 7 orig 80 0 0 0 0 0 0 0 0 0 0 0 0 179 1 0 0 0 0 0 0 0 0 0 0 0 0 0 0 0 0 0 0 0 0 0 0 0 0 0 0 0 0 0 0 0 0 0 0 0 0 0 0 0 0 0 0 0 0 0 0 0 0 0 0 0 0 0 0 0 0 0 0 0 0 0 0 0 0 0 0 data 93 0x10005 0x7 0x0 0x0 0x0 0x0 0x0 0xa0007 0x6 0x38 0x1 0x120003 0x1 0x160 0x1b0007 0x1 0x148 0x5 0x220007 0x5 0x48 0x0 0x370002 0x0 0x440003 0x0 0xf8 0x4d0007 0x5 0x38 0x0 0x5a0003 0x0 0xc0 0x660002 0x5 0x6f0007 0x5 0x20 0x0 0x830002 0x5 0x8f0005 0x5 0x0 0x0 0x0 0x0 0x0 0x920007 0x5 0x30 0x0 0x9b0002 0x0 0xaa0005 0x7 0x0 0x0 0x0 0x0 0x0 0xb90005 0x0 0x0 0x1b37f45cfc0 0x6 0x1b377670378 0x1 0xbe0007 0x0 0x20 0x7 0x0 0x0 0x0 0x0 0x0 0x0 0x0 0x0 0x0 0x0 0x0 0x0 0x0 0x0 0x0 0x0 0x0 0x9 0x1 0x0 oops 2 65 java/io/FileInputStream 67 java/io/ByteArrayInputStream methods 0
ciMethodData sun/nio/ch/ChannelInputStream available ()I 2 1634 orig 80 0 0 0 0 0 0 0 0 0 0 0 0 0 0 0 0 0 0 0 0 0 0 0 0 0 0 0 0 0 0 0 0 0 0 0 0 0 0 0 0 0 0 0 0 0 0 0 0 0 0 0 0 0 0 0 0 0 0 0 0 0 0 0 0 0 0 0 0 0 0 0 0 0 0 0 0 0 0 0 0 data 50 0x60004 0x0 0x0 0x1b37cff02f0 0x662 0x0 0x0 0x90007 0x0 0x110 0x662 0xd0004 0x0 0x0 0x1b37cff02f0 0x662 0x0 0x0 0x130005 0x0 0x0 0x1b37cff02f0 0x662 0x0 0x0 0x190005 0x0 0x0 0x1b37cff02f0 0x662 0x0 0x0 0x1f0002 0x662 0x280007 0x662 0x38 0x0 0x2d0003 0x0 0x18 0x0 0x0 0x0 0x0 0x0 0x0 0x9 0x1 0x0 oops 4 3 sun/nio/ch/FileChannelImpl 14 sun/nio/ch/FileChannelImpl 21 sun/nio/ch/FileChannelImpl 28 sun/nio/ch/FileChannelImpl methods 0
ciMethodData java/util/Collections$SynchronizedMap putIfAbsent (Ljava/lang/Object;Ljava/lang/Object;)Ljava/lang/Object; 1 157 orig 80 0 0 0 0 0 0 0 0 0 0 0 0 0 0 0 0 0 0 0 0 0 0 0 0 0 0 0 0 0 0 0 0 0 0 0 0 0 0 0 0 0 0 0 0 0 0 0 0 0 0 0 0 0 0 0 0 0 0 0 0 0 0 0 0 0 0 0 0 0 0 0 0 0 0 0 0 0 0 0 0 data 18 0xd0005 0x0 0x0 0x1b37ea70ad8 0x9e 0x0 0x0 0x0 0x0 0x0 0x0 0x0 0x0 0x9 0x3 0x0 0xffffffffffffffff 0xffffffffffffffff oops 1 3 java/util/WeakHashMap methods 0
ciMethodData org/wso2/ballerinalang/compiler/semantics/model/types/BIntersectionType toFlatTypeSet (Ljava/util/LinkedHashSet;)Ljava/util/LinkedHashSet; 1 153 orig 80 0 0 0 0 0 0 0 0 0 0 0 0 0 0 0 0 0 0 0 0 0 0 0 0 0 0 0 0 0 0 0 0 0 0 0 0 0 0 0 0 0 0 0 0 0 0 0 0 0 0 0 0 0 0 0 0 0 0 0 0 0 0 0 0 0 0 0 0 0 0 0 0 0 0 0 0 0 0 0 0 data 74 0x40002 0x99 0x90005 0x0 0x0 0x1b37f66e048 0x94 0x1b37ddeafd0 0x5 0xe0005 0x0 0x0 0x1b37ec759a8 0x1d3 0x0 0x0 0x130007 0x99 0x188 0x13a 0x170005 0x0 0x0 0x1b37ec759a8 0x13a 0x0 0x0 0x1c0004 0x0 0x0 0x1b37ed304a8 0xb9 0x1b37f66e0f8 0x5 0x260007 0x0 0x70 0x13a 0x2b0005 0x0 0x0 0x1b37f66e048 0x13a 0x0 0x0 0x2f0003 0x13a 0xfffffffffffffee0 0x340004 0x0 0x0 0x0 0x0 0x0 0x0 0x3a0005 0x0 0x0 0x0 0x0 0x0 0x0 0x3e0003 0x0 0xfffffffffffffe58 0x0 0x0 0x0 0x0 0x0 0x0 0x9 0x1 0x0 oops 7 5 java/util/LinkedHashSet 7 org/wso2/ballerinalang/compiler/util/ImmutableTypeCloner$1 12 java/util/LinkedHashMap$LinkedKeyIterator 23 java/util/LinkedHashMap$LinkedKeyIterator 30 org/wso2/ballerinalang/compiler/semantics/model/types/BTypeReferenceType 32 org/wso2/ballerinalang/compiler/semantics/model/types/BErrorType 41 java/util/LinkedHashSet methods 0
ciMethodData org/wso2/ballerinalang/compiler/semantics/model/symbols/BObjectTypeSymbol <init> (JJLorg/wso2/ballerinalang/compiler/util/Name;Lorg/ballerinalang/model/elements/PackageID;Lorg/wso2/ballerinalang/compiler/semantics/model/types/BType;Lorg/wso2/ballerinalang/compiler/semantics/model/symbols/BSymbol;Lio/ballerina/tools/diagnostics/Location;Lorg/ballerinalang/model/symbols/SymbolOrigin;)V 1 45 orig 80 0 0 0 0 0 0 0 0 0 0 0 0 0 0 0 0 0 0 0 0 0 0 0 0 0 0 0 0 0 0 0 0 0 0 0 0 0 0 0 0 0 0 0 0 0 0 0 0 0 0 0 0 0 0 0 0 0 0 0 0 0 0 0 0 0 0 0 0 0 0 0 0 0 0 0 0 0 0 0 0 data 23 0x120002 0x2d 0x1a0002 0x2d 0x260002 0x2d 0x0 0x0 0x0 0x0 0x9 0xb 0x3dfc 0x0 0x0 0x0 0x0 0x0 0x0 0x0 0x0 0x0 0x0 oops 0 methods 0
ciMethodData org/wso2/ballerinalang/compiler/semantics/model/types/BObjectType$DistinctIdSupplier <init> (Lorg/wso2/ballerinalang/compiler/semantics/model/types/BObjectType;Lio/ballerina/types/Env;)V 1 20 orig 80 0 0 0 0 0 0 0 0 0 0 0 0 0 0 0 0 0 0 0 0 0 0 0 0 0 0 0 0 0 0 0 0 0 0 0 0 0 0 0 0 0 0 0 0 0 0 0 0 0 0 0 0 0 0 0 0 0 0 0 0 0 0 0 0 0 0 0 0 0 0 0 0 0 0 0 0 0 0 0 0 data 22 0x60002 0x14 0x1b0002 0x14 0x1e0005 0x0 0x0 0x1b37cf08678 0x14 0x0 0x0 0x0 0x0 0x0 0x0 0x0 0x0 0x9 0x3 0xe 0x0 0x0 oops 1 7 java/util/Collections$SynchronizedMap methods 0
ciMethodData org/wso2/ballerinalang/compiler/semantics/model/Scope lookup (Lorg/wso2/ballerinalang/compiler/util/Name;)Lorg/wso2/ballerinalang/compiler/semantics/model/Scope$ScopeEntry; 1 93 orig 80 0 0 0 0 0 0 0 0 0 0 0 0 0 0 0 0 0 0 0 0 0 0 0 0 0 0 0 0 0 0 0 0 0 0 0 0 0 0 0 0 0 0 0 0 0 0 0 0 0 0 0 0 0 0 0 0 0 0 0 0 0 0 0 0 0 0 0 0 0 0 0 0 0 0 0 0 0 0 0 0 data 28 0x50005 0x0 0x0 0x1b37f66d808 0x5d 0x0 0x0 0xa0004 0x0 0x0 0x1b37d044738 0x5d 0x0 0x0 0xf0007 0x5d 0x20 0x0 0x0 0x0 0x0 0x0 0x0 0x0 0x9 0x2 0x0 0xffffffffffffffff oops 2 3 java/util/LinkedHashMap 10 org/wso2/ballerinalang/compiler/semantics/model/Scope$ScopeEntry methods 0
ciMethodData org/wso2/ballerinalang/compiler/semantics/model/types/BTypeIdSet <init> ()V 1 854 orig 80 0 0 0 0 0 0 0 0 0 0 0 0 0 0 0 0 0 0 0 0 0 0 0 0 0 0 0 0 0 0 0 0 0 0 0 0 0 0 0 0 0 0 0 0 0 0 0 0 0 0 0 0 0 0 0 0 0 0 0 0 0 0 0 0 0 0 0 0 0 0 0 0 0 0 0 0 0 0 0 0 data 13 0x10002 0x356 0x180002 0x356 0x230002 0x356 0x0 0x0 0x0 0x0 0x9 0x1 0x1e oops 0 methods 0
ciMethodData org/wso2/ballerinalang/compiler/semantics/analyzer/Types getPackageIdString (Lorg/ballerinalang/model/elements/PackageID;)Ljava/lang/String; 1 125 orig 80 0 0 0 0 0 0 0 0 0 0 0 0 0 0 0 0 0 0 0 0 0 0 0 0 0 0 0 0 0 0 0 0 0 0 0 0 0 0 0 0 0 0 0 0 0 0 0 0 0 0 0 0 0 0 0 0 0 0 0 0 0 0 0 0 0 0 0 0 0 0 0 0 0 0 0 0 0 0 0 0 data 36 0x40007 0x7d 0xa0 0x0 0x80005 0x0 0x0 0x0 0x0 0x0 0x0 0xb000a 0x0 0x3 0x0 0x0 0x1b37766d0a8 0x100003 0x0 0x50 0x140005 0x0 0x0 0x1b37f66da18 0x7d 0x0 0x0 0x0 0x0 0x0 0x0 0x0 0x0 0x9 0x1 0x0 oops 2 16 java/lang/String 23 org/ballerinalang/model/elements/PackageID methods 0
ciMethodData org/wso2/ballerinalang/compiler/BIRPackageSymbolEnter$BIRTypeReader readTypeId (Ljava/io/DataInputStream;)Lorg/wso2/ballerinalang/compiler/semantics/model/types/BTypeIdSet$BTypeId; 1 808 orig 80 0 0 0 0 0 0 0 0 0 0 0 0 179 1 0 0 0 0 0 0 0 0 0 0 0 0 0 0 0 0 0 0 0 0 0 0 0 0 0 0 0 0 0 0 0 0 0 0 0 0 0 0 0 0 0 0 0 0 0 0 0 0 0 0 0 0 0 0 0 0 0 0 0 0 0 0 0 0 0 0 data 40 0x10005 0x328 0x0 0x0 0x0 0x0 0x0 0xa0005 0x328 0x0 0x0 0x0 0x0 0x0 0x130005 0x328 0x0 0x0 0x0 0x0 0x0 0x190005 0x328 0x0 0x0 0x0 0x0 0x0 0x270002 0x328 0x0 0x0 0x0 0x0 0x0 0x0 0x9 0x2 0x0 0x0 oops 0 methods 0
ciMethodData org/wso2/ballerinalang/compiler/semantics/model/types/BStructureType <init> (ILorg/wso2/ballerinalang/compiler/semantics/model/symbols/BTypeSymbol;)V 1 21 orig 80 0 0 0 0 0 0 0 0 0 0 0 0 0 0 0 0 0 0 0 0 0 0 0 0 0 0 0 0 0 0 0 0 0 0 0 0 0 0 0 0 0 0 0 0 0 0 0 0 0 0 0 0 0 0 0 0 0 0 0 0 0 0 0 0 0 0 0 0 0 0 0 0 0 0 0 0 0 0 0 0 data 15 0x30002 0x15 0xb0002 0x15 0x160002 0x15 0x0 0x0 0x0 0x0 0x9 0x3 0x3e 0x0 0x0 oops 0 methods 0
compile org/wso2/ballerinalang/compiler/BIRPackageSymbolEnter$BIRTypeReader readType (I)Lorg/wso2/ballerinalang/compiler/semantics/model/types/BType; -1 4 inline 206 0 -1 0 org/wso2/ballerinalang/compiler/BIRPackageSymbolEnter$BIRTypeReader readType (I)Lorg/wso2/ballerinalang/compiler/semantics/model/types/BType; 1 4 0 java/io/DataInputStream readByte ()B 2 1 0 java/io/DataInputStream readUnsignedByte ()I 3 4 0 java/io/ByteArrayInputStream read ()I 3 4 0 java/io/BufferedInputStream read ()I 1 16 0 org/wso2/ballerinalang/compiler/BIRPackageSymbolEnter getStringCPEntryValue (Ljava/io/DataInputStream;)Ljava/lang/String; 2 1 0 java/io/DataInputStream readInt ()I 3 15 0 jdk/internal/util/ByteArray getInt ([BI)I 4 5 0 java/lang/invoke/VarHandleGuards guard_LI_I (Ljava/lang/invoke/VarHandle;Ljava/lang/Object;ILjava/lang/invoke/VarHandle$AccessDescriptor;)I 5 2 0 java/lang/invoke/VarHandle checkAccessModeThenIsDirect (Ljava/lang/invoke/VarHandle$AccessDescriptor;)Z 5 42 0 java/lang/invoke/VarForm getMemberName (I)Ljava/lang/invoke/MemberName; 5 45 0 java/lang/invoke/VarHandleByteArrayAsInts$ArrayHandle get (Ljava/lang/invoke/VarHandle;Ljava/lang/Object;I)I 6 19 0 java/lang/invoke/VarHandleByteArrayAsInts$ArrayHandle index ([BI)I 6 32 0 jdk/internal/misc/Unsafe getIntUnaligned (Ljava/lang/Object;JZ)I 7 8 0 jdk/internal/misc/Unsafe convEndian (ZI)I 1 19 0 org/wso2/ballerinalang/compiler/util/Names fromString (Ljava/lang/String;)Lorg/wso2/ballerinalang/compiler/util/Name; 2 1 0 java/lang/String isEmpty ()Z 2 14 0 java/lang/String equals (Ljava/lang/Object;)Z 2 29 0 org/wso2/ballerinalang/compiler/util/Name <init> (Ljava/lang/String;)V 3 1 0 java/lang/Object <init> ()V 1 27 0 java/io/DataInputStream readLong ()J 2 16 0 jdk/internal/util/ByteArray getLong ([BI)J 3 5 0 java/lang/invoke/VarHandleGuards guard_LI_J (Ljava/lang/invoke/VarHandle;Ljava/lang/Object;ILjava/lang/invoke/VarHandle$AccessDescriptor;)J 4 2 0 java/lang/invoke/VarHandle checkAccessModeThenIsDirect (Ljava/lang/invoke/VarHandle$AccessDescriptor;)Z 4 42 0 java/lang/invoke/VarForm getMemberName (I)Ljava/lang/invoke/MemberName; 4 45 0 java/lang/invoke/VarHandleByteArrayAsLongs$ArrayHandle get (Ljava/lang/invoke/VarHandle;Ljava/lang/Object;I)J 5 19 0 java/lang/invoke/VarHandleByteArrayAsLongs$ArrayHandle index ([BI)I 5 32 0 jdk/internal/misc/Unsafe getLongUnaligned (Ljava/lang/Object;JZ)J 6 8 0 jdk/internal/misc/Unsafe convEndian (ZJ)J 1 1441 0 org/wso2/ballerinalang/compiler/semantics/model/types/BParameterizedType <init> (Lorg/wso2/ballerinalang/compiler/semantics/model/types/BType;Lorg/wso2/ballerinalang/compiler/semantics/model/symbols/BVarSymbol;Lorg/wso2/ballerinalang/compiler/semantics/model/symbols/BTypeSymbol;Lorg/wso2/ballerinalang/compiler/util/Name;I)V 2 4 0 org/wso2/ballerinalang/compiler/semantics/model/types/BType <init> (ILorg/wso2/ballerinalang/compiler/semantics/model/symbols/BTypeSymbol;)V 3 8 0 org/wso2/ballerinalang/compiler/semantics/model/types/BType <init> (ILorg/wso2/ballerinalang/compiler/semantics/model/symbols/BTypeSymbol;Lorg/ballerinalang/model/Name;JLio/ballerina/types/SemType;)V 4 1 0 java/lang/Object <init> ()V 1 1459 0 org/wso2/ballerinalang/compiler/semantics/model/types/BType setFlags (J)V 1 3617 0 java/io/DataInputStream readInt ()I 2 15 0 jdk/internal/util/ByteArray getInt ([BI)I 3 5 0 java/lang/invoke/VarHandleGuards guard_LI_I (Ljava/lang/invoke/VarHandle;Ljava/lang/Object;ILjava/lang/invoke/VarHandle$AccessDescriptor;)I 4 2 0 java/lang/invoke/VarHandle checkAccessModeThenIsDirect (Ljava/lang/invoke/VarHandle$AccessDescriptor;)Z 4 42 0 java/lang/invoke/VarForm getMemberName (I)Ljava/lang/invoke/MemberName; 4 45 0 java/lang/invoke/VarHandleByteArrayAsInts$ArrayHandle get (Ljava/lang/invoke/VarHandle;Ljava/lang/Object;I)I 5 19 0 java/lang/invoke/VarHandleByteArrayAsInts$ArrayHandle index ([BI)I 5 32 0 jdk/internal/misc/Unsafe getIntUnaligned (Ljava/lang/Object;JZ)I 6 8 0 jdk/internal/misc/Unsafe convEndian (ZI)I 1 3660 0 org/wso2/ballerinalang/compiler/semantics/model/symbols/Symbols isFlagOn (JJ)Z 1 3670 0 org/wso2/ballerinalang/compiler/util/Names fromString (Ljava/lang/String;)Lorg/wso2/ballerinalang/compiler/util/Name; 2 1 0 java/lang/String isEmpty ()Z 2 14 0 java/lang/String equals (Ljava/lang/Object;)Z 2 29 0 org/wso2/ballerinalang/compiler/util/Name <init> (Ljava/lang/String;)V 3 1 0 java/lang/Object <init> ()V 1 3776 0 org/wso2/ballerinalang/compiler/semantics/model/Scope <init> (Lorg/wso2/ballerinalang/compiler/semantics/model/symbols/BSymbol;)V 2 1 0 java/lang/Object <init> ()V 2 16 0 java/util/LinkedHashMap <init> (I)V 3 2 0 java/util/HashMap <init> (I)V 4 4 0 java/util/HashMap <init> (IF)V 5 1 0 java/util/AbstractMap <init> ()V 6 1 0 java/lang/Object <init> ()V 5 51 0 java/lang/Float isNaN (F)Z 5 91 0 java/util/HashMap tableSizeFor (I)I 1 3793 0 org/wso2/ballerinalang/compiler/semantics/model/SymbolTable typeEnv ()Lio/ballerina/types/Env; 2 28 0 org/wso2/ballerinalang/compiler/semantics/analyzer/Types typeEnv ()Lio/ballerina/types/Env; 1 3798 0 org/wso2/ballerinalang/compiler/semantics/model/types/BObjectType <init> (Lio/ballerina/types/Env;Lorg/wso2/ballerinalang/compiler/semantics/model/symbols/BTypeSymbol;)V 2 4 0 org/wso2/ballerinalang/compiler/semantics/model/types/BStructureType <init> (ILorg/wso2/ballerinalang/compiler/semantics/model/symbols/BTypeSymbol;)V 3 3 0 org/wso2/ballerinalang/compiler/semantics/model/types/BType <init> (ILorg/wso2/ballerinalang/compiler/semantics/model/symbols/BTypeSymbol;)V 4 8 0 org/wso2/ballerinalang/compiler/semantics/model/types/BType <init> (ILorg/wso2/ballerinalang/compiler/semantics/model/symbols/BTypeSymbol;Lorg/ballerinalang/model/Name;JLio/ballerina/types/SemType;)V 5 1 0 java/lang/Object <init> ()V 3 11 0 java/util/LinkedHashMap <init> ()V 4 1 0 java/util/HashMap <init> ()V 5 1 0 java/util/AbstractMap <init> ()V 6 1 0 java/lang/Object <init> ()V 3 22 0 java/util/ArrayList <init> ()V 4 1 0 java/util/AbstractList <init> ()V 5 1 0 java/util/AbstractCollection <init> ()V 6 1 0 java/lang/Object <init> ()V 2 22 0 org/wso2/ballerinalang/compiler/semantics/model/types/BTypeIdSet <init> ()V 3 1 0 java/lang/Object <init> ()V 3 24 0 java/util/ArrayList <init> ()V 4 1 0 java/util/AbstractList <init> ()V 5 1 0 java/util/AbstractCollection <init> ()V 6 1 0 java/lang/Object <init> ()V 3 35 0 java/util/ArrayList <init> ()V 4 1 0 java/util/AbstractList <init> ()V 5 1 0 java/util/AbstractCollection <init> ()V 6 1 0 java/lang/Object <init> ()V 2 63 0 org/wso2/ballerinalang/compiler/semantics/model/types/BObjectType$DistinctIdSupplier <init> (Lorg/wso2/ballerinalang/compiler/semantics/model/types/BObjectType;Lio/ballerina/types/Env;)V 3 6 0 java/lang/Object <init> ()V 3 27 0 java/util/concurrent/ConcurrentHashMap <init> ()V 4 1 0 java/util/AbstractMap <init> ()V 5 1 0 java/lang/Object <init> ()V 1 3807 0 org/wso2/ballerinalang/compiler/semantics/model/types/BType setFlags (J)V 1 3824 0 org/wso2/ballerinalang/compiler/BIRPackageSymbolEnter addShapeCP (Lorg/wso2/ballerinalang/compiler/semantics/model/types/BType;I)V 2 13 0 org/wso2/ballerinalang/compiler/bir/writer/CPEntry$ShapeCPEntry <init> (Lorg/wso2/ballerinalang/compiler/semantics/model/types/BType;)V 3 4 0 org/wso2/ballerinalang/compiler/bir/writer/CPEntry <init> (Lorg/wso2/ballerinalang/compiler/bir/writer/CPEntry$Type;)V 4 1 0 java/lang/Object <init> ()V 1 3836 0 java/util/LinkedList push (Ljava/lang/Object;)V 2 2 0 java/util/LinkedList addFirst (Ljava/lang/Object;)V 3 2 0 java/util/LinkedList linkFirst (Ljava/lang/Object;)V 4 12 0 java/util/LinkedList$Node <init> (Ljava/util/LinkedList$Node;Ljava/lang/Object;Ljava/util/LinkedList$Node;)V 5 1 0 java/lang/Object <init> ()V 1 3843 0 java/io/DataInputStream readInt ()I 2 15 0 jdk/internal/util/ByteArray getInt ([BI)I 3 5 0 java/lang/invoke/VarHandleGuards guard_LI_I (Ljava/lang/invoke/VarHandle;Ljava/lang/Object;ILjava/lang/invoke/VarHandle$AccessDescriptor;)I 4 2 0 java/lang/invoke/VarHandle checkAccessModeThenIsDirect (Ljava/lang/invoke/VarHandle$AccessDescriptor;)Z 4 42 0 java/lang/invoke/VarForm getMemberName (I)Ljava/lang/invoke/MemberName; 4 45 0 java/lang/invoke/VarHandleByteArrayAsInts$ArrayHandle get (Ljava/lang/invoke/VarHandle;Ljava/lang/Object;I)I 5 19 0 java/lang/invoke/VarHandleByteArrayAsInts$ArrayHandle index ([BI)I 5 32 0 jdk/internal/misc/Unsafe getIntUnaligned (Ljava/lang/Object;JZ)I 6 8 0 jdk/internal/misc/Unsafe convEndian (ZI)I 1 3884 0 java/io/DataInputStream readBoolean ()Z 2 1 0 java/io/DataInputStream readUnsignedByte ()I 3 4 0 java/io/ByteArrayInputStream read ()I 3 4 0 java/io/BufferedInputStream read ()I 1 3897 0 org/wso2/ballerinalang/compiler/BIRPackageSymbolEnter readDocBytes (Ljava/io/DataInputStream;)[B 2 1 0 java/io/DataInputStream readInt ()I 3 15 0 jdk/internal/util/ByteArray getInt ([BI)I 4 5 0 java/lang/invoke/VarHandleGuards guard_LI_I (Ljava/lang/invoke/VarHandle;Ljava/lang/Object;ILjava/lang/invoke/VarHandle$AccessDescriptor;)I 5 2 0 java/lang/invoke/VarHandle checkAccessModeThenIsDirect (Ljava/lang/invoke/VarHandle$AccessDescriptor;)Z 5 42 0 java/lang/invoke/VarForm getMemberName (I)Ljava/lang/invoke/MemberName; 5 45 0 java/lang/invoke/VarHandleByteArrayAsInts$ArrayHandle get (Ljava/lang/invoke/VarHandle;Ljava/lang/Object;I)I 6 19 0 java/lang/invoke/VarHandleByteArrayAsInts$ArrayHandle index ([BI)I 6 32 0 jdk/internal/misc/Unsafe getIntUnaligned (Ljava/lang/Object;JZ)I 7 8 0 jdk/internal/misc/Unsafe convEndian (ZI)I 2 11 0 java/io/DataInputStream read ([B)I 3 8 0 java/io/ByteArrayInputStream read ([BII)I 4 4 0 java/util/Objects checkFromIndexSize (III)I 5 4 0 jdk/internal/util/Preconditions checkFromIndexSize (IIILjava/util/function/BiFunction;)I 3 8 0 java/io/BufferedInputStream read ([BII)I 4 11 0 jdk/internal/misc/InternalLock lock ()V 5 4 0 java/util/concurrent/locks/ReentrantLock lock ()V 6 4 0 java/util/concurrent/locks/ReentrantLock$Sync lock ()V 7 1 0 java/util/concurrent/locks/ReentrantLock$NonfairSync initialTryLock ()Z 8 7 0 java/util/concurrent/locks/AbstractQueuedSynchronizer compareAndSetState (II)Z 8 15 0 java/util/concurrent/locks/AbstractOwnableSynchronizer setExclusiveOwnerThread (Ljava/lang/Thread;)V 8 21 0 java/util/concurrent/locks/AbstractOwnableSynchronizer getExclusiveOwnerThread ()Ljava/lang/Thread; 8 29 0 java/util/concurrent/locks/AbstractQueuedSynchronizer getState ()I 8 51 0 java/util/concurrent/locks/AbstractQueuedSynchronizer setState (I)V 4 18 0 java/io/BufferedInputStream implRead ([BII)I 5 1 0 java/io/BufferedInputStream ensureOpen ()V 5 48 0 java/io/BufferedInputStream read1 ([BII)I 6 93 0 java/io/BufferedInputStream getBufIfOpen ()[B 7 2 0 java/io/BufferedInputStream getBufIfOpen (Z)[B 4 27 0 jdk/internal/misc/InternalLock unlock ()V 5 4 0 java/util/concurrent/locks/ReentrantLock unlock ()V 6 5 0 java/util/concurrent/locks/AbstractQueuedSynchronizer release (I)Z 7 2 0 java/util/concurrent/locks/ReentrantLock$Sync tryRelease (I)Z 8 1 0 java/util/concurrent/locks/AbstractQueuedSynchronizer getState ()I 8 8 0 java/util/concurrent/locks/AbstractOwnableSynchronizer getExclusiveOwnerThread ()Ljava/lang/Thread; 8 41 0 java/util/concurrent/locks/AbstractOwnableSynchronizer setExclusiveOwnerThread (Ljava/lang/Thread;)V 8 46 0 java/util/concurrent/locks/AbstractQueuedSynchronizer setState (I)V 7 12 0 java/util/concurrent/locks/AbstractQueuedSynchronizer signalNext (Ljava/util/concurrent/locks/AbstractQueuedSynchronizer$Node;)V 1 3903 0 org/wso2/ballerinalang/compiler/BIRPackageSymbolEnter$BIRTypeReader readTypeFromCp ()Lorg/wso2/ballerinalang/compiler/semantics/model/types/BType; 1 3916 0 org/wso2/ballerinalang/compiler/util/Names fromString (Ljava/lang/String;)Lorg/wso2/ballerinalang/compiler/util/Name; 2 1 0 java/lang/String isEmpty ()Z 2 14 0 java/lang/String equals (Ljava/lang/Object;)Z 2 29 0 org/wso2/ballerinalang/compiler/util/Name <init> (Ljava/lang/String;)V 3 1 0 java/lang/Object <init> ()V 1 3947 0 org/wso2/ballerinalang/compiler/semantics/model/symbols/BVarSymbol <init> (JLorg/wso2/ballerinalang/compiler/util/Name;Lorg/ballerinalang/model/elements/PackageID;Lorg/wso2/ballerinalang/compiler/semantics/model/types/BType;Lorg/wso2/ballerinalang/compiler/semantics/model/symbols/BSymbol;Lio/ballerina/tools/diagnostics/Location;Lorg/ballerinalang/model/symbols/SymbolOrigin;)V 2 14 0 org/wso2/ballerinalang/compiler/semantics/model/symbols/BVarSymbol <init> (JLorg/wso2/ballerinalang/compiler/util/Name;Lorg/wso2/ballerinalang/compiler/util/Name;Lorg/ballerinalang/model/elements/PackageID;Lorg/wso2/ballerinalang/compiler/semantics/model/types/BType;Lorg/wso2/ballerinalang/compiler/semantics/model/symbols/BSymbol;Lio/ballerina/tools/diagnostics/Location;Lorg/ballerinalang/model/symbols/SymbolOrigin;)V 3 18 0 org/wso2/ballerinalang/compiler/semantics/model/symbols/BSymbol <init> (JJLorg/wso2/ballerinalang/compiler/util/Name;Lorg/wso2/ballerinalang/compiler/util/Name;Lorg/ballerinalang/model/elements/PackageID;Lorg/wso2/ballerinalang/compiler/semantics/model/types/BType;Lorg/wso2/ballerinalang/compiler/semantics/model/symbols/BSymbol;Lio/ballerina/tools/diagnostics/Location;Lorg/ballerinalang/model/symbols/SymbolOrigin;)V 4 1 0 java/lang/Object <init> ()V 3 43 0 java/util/ArrayList <init> ()V 4 1 0 java/util/AbstractList <init> ()V 5 1 0 java/util/AbstractCollection <init> ()V 6 1 0 java/lang/Object <init> ()V 1 3982 0 org/wso2/ballerinalang/compiler/semantics/model/types/BField <init> (Lorg/wso2/ballerinalang/compiler/util/Name;Lio/ballerina/tools/diagnostics/Location;Lorg/wso2/ballerinalang/compiler/semantics/model/symbols/BVarSymbol;)V 2 1 0 java/lang/Object <init> ()V 1 4031 0 java/io/DataInputStream readBoolean ()Z 2 1 0 java/io/DataInputStream readUnsignedByte ()I 3 4 0 java/io/ByteArrayInputStream read ()I 3 4 0 java/io/BufferedInputStream read ()I 1 4049 0 java/io/DataInputStream readBoolean ()Z 2 1 0 java/io/DataInputStream readUnsignedByte ()I 3 4 0 java/io/ByteArrayInputStream read ()I 3 4 0 java/io/BufferedInputStream read ()I 1 4067 0 java/io/DataInputStream readInt ()I 2 15 0 jdk/internal/util/ByteArray getInt ([BI)I 3 5 0 java/lang/invoke/VarHandleGuards guard_LI_I (Ljava/lang/invoke/VarHandle;Ljava/lang/Object;ILjava/lang/invoke/VarHandle$AccessDescriptor;)I 4 2 0 java/lang/invoke/VarHandle checkAccessModeThenIsDirect (Ljava/lang/invoke/VarHandle$AccessDescriptor;)Z 4 42 0 java/lang/invoke/VarForm getMemberName (I)Ljava/lang/invoke/MemberName; 4 45 0 java/lang/invoke/VarHandleByteArrayAsInts$ArrayHandle get (Ljava/lang/invoke/VarHandle;Ljava/lang/Object;I)I 5 19 0 java/lang/invoke/VarHandleByteArrayAsInts$ArrayHandle index ([BI)I 5 32 0 jdk/internal/misc/Unsafe getIntUnaligned (Ljava/lang/Object;JZ)I 6 8 0 jdk/internal/misc/Unsafe convEndian (ZI)I 1 4081 0 org/wso2/ballerinalang/compiler/BIRPackageSymbolEnter isImmutable (J)Z 1 4153 0 java/util/LinkedList pop ()Ljava/lang/Object; 1 3600 0 org/wso2/ballerinalang/compiler/semantics/model/types/BType setFlags (J)V 1 3448 0 org/wso2/ballerinalang/compiler/semantics/model/types/BType setFlags (J)V 1 2983 0 java/util/LinkedList push (Ljava/lang/Object;)V 2 2 0 java/util/LinkedList addFirst (Ljava/lang/Object;)V 1 3016 0 org/wso2/ballerinalang/compiler/semantics/model/types/BType setFlags (J)V 1 3056 0 java/util/LinkedList pop ()Ljava/lang/Object; 1 2410 0 java/util/LinkedList push (Ljava/lang/Object;)V 2 2 0 java/util/LinkedList addFirst (Ljava/lang/Object;)V 1 2417 0 org/wso2/ballerinalang/compiler/semantics/model/types/BType setFlags (J)V 1 2512 0 java/util/LinkedList pop ()Ljava/lang/Object; 1 1849 0 java/util/List of ()Ljava/util/List; 1 1917 0 org/wso2/ballerinalang/compiler/semantics/model/types/BType setFlags (J)V 1 1535 0 org/wso2/ballerinalang/compiler/semantics/model/types/BType setFlags (J)V 1 1384 0 java/util/LinkedList push (Ljava/lang/Object;)V 2 2 0 java/util/LinkedList addFirst (Ljava/lang/Object;)V 1 1403 0 java/util/LinkedList pop ()Ljava/lang/Object; 1 1224 0 org/wso2/ballerinalang/compiler/semantics/model/types/BType setFlags (J)V 1 791 0 java/util/LinkedList push (Ljava/lang/Object;)V 2 2 0 java/util/LinkedList addFirst (Ljava/lang/Object;)V 1 1081 0 java/util/LinkedList pop ()Ljava/lang/Object; 1 546 0 org/wso2/ballerinalang/compiler/util/Name getValue ()Ljava/lang/String; 1 552 0 org/wso2/ballerinalang/compiler/util/Name getValue ()Ljava/lang/String;
